experiment,run_id,parameter_key,category,in_inventory,current_value,decision,suggested_value,rationale
real_gpt54mini_med_50,run_001,profile.basal.00_00,profile,True,0.6 U/h,keep,0.6 U/h,"Overnight lows exist, but they are confounded by IOB, SMB/UAM, and missing meal context. A change here would not isolate cause and could worsen low risk."
real_gpt54mini_med_50,run_001,profile.basal.05_00,profile,True,0.7 U/h,keep,0.7 U/h,"Morning glucose rises are not separable from meal timing or corrections, and low-risk burden is already present. No supported reason to edit this segment alone."
real_gpt54mini_med_50,run_001,profile.basal.06_00,profile,True,0.8 U/h,keep,0.8 U/h,"This segment sits near the rising morning window, but the data do not separate basal from breakfast effects. Recurrent lows argue against increasing insulin without a fasting verification."
real_gpt54mini_med_50,run_001,profile.basal.10_00,profile,True,0.7 U/h,keep,0.7 U/h,"Late-morning rises could reflect basal need, but the absence of carb logs prevents a basal-only conclusion. Keeping this avoids trading unexplained highs for more lows."
real_gpt54mini_med_50,run_001,profile.basal.16_00,profile,True,0.5 U/h,keep,0.5 U/h,"The afternoon rise may suggest more insulin need, but there are also substantial low-risk episodes and mixed correction outcomes. No single supported change is separable here."
real_gpt54mini_med_50,run_001,profile.basal.18_00,profile,True,0.6 U/h,keep,0.6 U/h,Evening lows recur and the surrounding period is confounded by correction activity. Increasing basal here could worsen hypoglycemia.
real_gpt54mini_med_50,run_001,profile.basal.19_00,profile,True,0.7 U/h,keep,0.7 U/h,"The evening window already shows low exposure in the trace, so a change is not safety-supported without a fasting comparison."
real_gpt54mini_med_50,run_001,profile.cr.00_00,profile,True,13 g/U,keep,13 g/U,"No meal logs exist to test this ratio, and correction responses are confounded by IOB and automation. Changing it now would be speculative."
real_gpt54mini_med_50,run_001,profile.cr.04_00,profile,True,11.1 g/U,keep,11.1 g/U,"Early-morning behavior may be meal-related, but there is no carb-linked evidence to support a ratio change. Low-risk burden favors holding steady."
real_gpt54mini_med_50,run_001,profile.cr.08_00,profile,True,13.2 g/U,keep,13.2 g/U,"Late-morning and noon rises could reflect breakfast or lunch coverage, but the package does not separate meals from basal drift. Keep until a documented meal trace exists."
real_gpt54mini_med_50,run_001,profile.cr.16_00,profile,True,10.5 g/U,keep,10.5 g/U,"Afternoon highs are not cleanly post-meal, and some evening periods are already low. A stronger ratio could raise hypoglycemia risk."
real_gpt54mini_med_50,run_001,profile.cr.20_00,profile,True,12.6 g/U,keep,12.6 g/U,Nighttime lows and the lack of carb data make this segment unsafe to tighten. There is no clean meal-linked evidence to justify a change.
real_gpt54mini_med_50,run_001,profile.isf.00_00,profile,True,56 mg/dL/U,keep,56 mg/dL/U,"Correction responses are mixed, but they are heavily confounded by timing, IOB, and SMB/UAM activity. The evidence does not support an ISF change yet."
real_gpt54mini_med_50,run_001,profile.target.00_00,profile,True,90 mg/dL,keep,90 mg/dL,"Given recurrent lows, there is no safety case for lowering targets. Higher targets might reduce lows but are not supported as a primary next step without separating basal causes."
real_gpt54mini_med_50,run_001,profile.target.08_00,profile,True,100 mg/dL,keep,100 mg/dL,The daytime rise is not clearly a target problem; meals and basal remain unresolved. Changing the target would not clarify the underlying issue.
real_gpt54mini_med_50,run_001,profile.target.23_00,profile,True,90 mg/dL,keep,90 mg/dL,Nighttime lows already argue for caution. No supported reason exists to alter the overnight target before verifying fasting behavior.
real_gpt54mini_med_50,run_001,profile.dia,profile,True,10 h,keep,10 h,"Correction windows are variable, but the data do not isolate insulin action cleanly from meals, SMB/UAM, and IOB. There is no basis to alter DIA first."
real_gpt54mini_med_50,run_001,aaps.core.smb_uam,aaps,True,smb_enabled=true; uam_enabled=true,keep,smb_enabled=true; uam_enabled=true,SMB/UAM is active and appears to be working as a correction layer. The current trace does not support disabling or escalating it as the first change.
real_gpt54mini_med_50,run_001,aaps.core.smb_activation,aaps,True,smb_always_enabled=true; smb_with_cob_enabled=false; smb_after_carbs_enabled=false; smb_with_temp_target_enabled=true; smb_with_high_temp_target_enabled=false,keep,smb_always_enabled=true; smb_with_cob_enabled=false; smb_after_carbs_enabled=false; smb_with_temp_target_enabled=true; smb_with_high_temp_target_enabled=false,"The activation logic is internally consistent and conservative. With no carb logs and recurrent lows, changing activation conditions would add risk without separating the cause of highs or lows."
real_gpt54mini_med_50,run_001,aaps.core.smb_delivery,aaps,True,smb_interval_minutes=3 min; max_smb_basal_minutes=15 min; max_uam_smb_basal_minutes=20 min,keep,smb_interval_minutes=3 min; max_smb_basal_minutes=15 min; max_uam_smb_basal_minutes=20 min,"The current SMB cadence is not obviously limiting, and the documented lows argue against making insulin delivery more aggressive before meal and fasting evidence is available."
real_gpt54mini_med_50,run_001,aaps.core.safety_limits,aaps,True,max_basal_u_per_hour=12 U/h; max_iob_units=25 U,keep,max_basal_u_per_hour=12 U/h; max_iob_units=25 U,"Observed basal rates and IOB remain well below these caps. The limits are not the bottleneck, and raising them would not resolve the unresolved pattern safely."
real_gpt54mini_med_50,run_001,aaps.core.sensitivity,aaps,True,autosens_enabled=false; dynamic_sensitivity_enabled=true; autosens_raises_target=false; autosens_lowers_target=false; dynamic_isf_adjustment_factor_percent=70 %,keep,autosens_enabled=false; dynamic_sensitivity_enabled=true; autosens_raises_target=false; autosens_lowers_target=false; dynamic_isf_adjustment_factor_percent=70 %,"Dynamic sensitivity is active and sensitivity_ratio values near 1 are neutral, not a disabled state. The data do not support changing this layer before meal and basal questions are separated."
real_gpt54mini_med_50,run_001,aaps.core.carb_absorption,aaps,True,min_5m_carbimpact=8 mg/dL/5 min; meal_max_absorption_hours=7 h,keep,min_5m_carbimpact=8 mg/dL/5 min; meal_max_absorption_hours=7 h,"There are no carb entries or extended carb entries to validate absorption behavior, so a change would be speculative. The current trace does not document a recurring delayed-absorption pattern."
real_gpt54mini_med_50,run_002,profile.basal.00_00,profile,True,0.6 U/h,keep,0.6 U/h,"Overnight glucose is often near range but sometimes low, so there is no safe evidence to increase this segment; meals, SMB/UAM, and IOB remain confounders."
real_gpt54mini_med_50,run_002,profile.basal.05_00,profile,True,0.7 U/h,keep,0.7 U/h,"Early morning data do not isolate this segment as a defect, and the stronger issue is later daytime rise rather than a clear dawn pattern."
real_gpt54mini_med_50,run_002,profile.basal.06_00,profile,True,0.8 U/h,keep,0.8 U/h,"The morning rise could reflect meals or delayed insulin action, but the evidence is not separated enough to justify a basal change while lows are also present."
real_gpt54mini_med_50,run_002,profile.basal.10_00,profile,True,0.7 U/h,keep,0.7 U/h,"Afternoon hyperglycemia exists, but it overlaps with meal, correction, and automation effects, so this segment cannot be confidently identified as too low."
real_gpt54mini_med_50,run_002,profile.basal.16_00,profile,True,0.5 U/h,keep,0.5 U/h,"Late-afternoon highs are followed by evening lows on some days, so increasing this segment would risk worsening hypoglycemia without proving the cause."
real_gpt54mini_med_50,run_002,profile.basal.18_00,profile,True,0.6 U/h,keep,0.6 U/h,"Evening lows are a recurring safety concern, and the pattern is not cleanly separable from residual insulin or automation, so a basal increase is not supported."
real_gpt54mini_med_50,run_002,profile.basal.19_00,profile,True,0.7 U/h,keep,0.7 U/h,"Local 19:00 has notable below-range time, so the safer action is to keep this segment until a no-meal observation shows a reproducible basal problem."
real_gpt54mini_med_50,run_002,profile.cr.00_00,profile,True,13 g/U,keep,13 g/U,"There are no carb logs or meal-linked traces to validate this CR, and correction windows are too confounded to justify a change."
real_gpt54mini_med_50,run_002,profile.cr.04_00,profile,True,11.1 g/U,keep,11.1 g/U,"No meal-specific evidence isolates early morning carb handling, and the observed glucose pattern does not separate CR from basal or automation effects."
real_gpt54mini_med_50,run_002,profile.cr.08_00,profile,True,13.2 g/U,keep,13.2 g/U,"The late-morning rise could be meal related, but without carb entries or prebolus timing it is not safe to change this CR yet."
real_gpt54mini_med_50,run_002,profile.cr.16_00,profile,True,10.5 g/U,keep,10.5 g/U,"This period overlaps with the strongest daytime highs, but also with highs and lows from IOB, SMB/UAM, and possible delayed absorption, so a CR change is unsupported."
real_gpt54mini_med_50,run_002,profile.cr.20_00,profile,True,12.6 g/U,keep,12.6 g/U,"Evening lows limit the safety margin for more aggressive meal dosing, and the dataset does not provide meal-linked evidence for a CR change."
real_gpt54mini_med_50,run_002,profile.isf.00_00,profile,True,56 mg/dL/U,keep,56 mg/dL/U,"Correction responses are highly confounded by IOB, SMB/UAM, temp targets, and changing glucose direction, so there is no clean basis to alter ISF."
real_gpt54mini_med_50,run_002,profile.target.00_00,profile,True,90 mg/dL,keep,90 mg/dL,"Overnight lows make lower targets less attractive, but the evidence does not support a target change as the first safe step."
real_gpt54mini_med_50,run_002,profile.target.08_00,profile,True,100 mg/dL,keep,100 mg/dL,"The daytime rise does not prove that the target is the cause, and the higher target is already a modest safety buffer compared with the overnight lows."
real_gpt54mini_med_50,run_002,profile.target.23_00,profile,True,90 mg/dL,keep,90 mg/dL,"Late-evening lows argue against making this target more aggressive, and the current pattern is too confounded for a target-driven explanation."
real_gpt54mini_med_50,run_002,profile.dia,profile,True,10 h,keep,10 h,"DIA effects cannot be isolated from meal timing, SMB/UAM, and corrections, so there is no supported reason to change it first."
real_gpt54mini_med_50,run_002,aaps.core.smb_uam,aaps,True,smb_enabled=true; uam_enabled=true,keep,smb_enabled=true; uam_enabled=true,"SMB/UAM is active and appears to be compensating for real excursions; no safety or consistency problem is demonstrated, and hypoglycemia risk argues against increasing aggressiveness."
real_gpt54mini_med_50,run_002,aaps.core.smb_activation,aaps,True,smb_always_enabled=true; smb_with_cob_enabled=false; smb_after_carbs_enabled=false; smb_with_temp_target_enabled=true; smb_with_high_temp_target_enabled=false,keep,smb_always_enabled=true; smb_with_cob_enabled=false; smb_after_carbs_enabled=false; smb_with_temp_target_enabled=true; smb_with_high_temp_target_enabled=false,The settings are internally consistent and match the absence of carb logs; no material inconsistency or safer alternative is established by the telemetry.
real_gpt54mini_med_50,run_002,aaps.core.smb_delivery,aaps,True,smb_interval_minutes=3 min; max_smb_basal_minutes=15 min; max_uam_smb_basal_minutes=20 min,keep,smb_interval_minutes=3 min; max_smb_basal_minutes=15 min; max_uam_smb_basal_minutes=20 min,"Observed loop behavior shows SMB/UAM already active within these limits, and the data do not show a ceiling problem that would justify changing strength or frequency first."
real_gpt54mini_med_50,run_002,aaps.core.safety_limits,aaps,True,max_basal_u_per_hour=12 U/h; max_iob_units=25 U,keep,max_basal_u_per_hour=12 U/h; max_iob_units=25 U,"The observed enacted rates and IOB are well below these ceilings, so they do not appear to be the cause of the pattern or a current safety bottleneck."
real_gpt54mini_med_50,run_002,aaps.core.sensitivity,aaps,True,autosens_enabled=false; dynamic_sensitivity_enabled=true; autosens_raises_target=false; autosens_lowers_target=false; dynamic_isf_adjustment_factor_percent=70 %,keep,autosens_enabled=false; dynamic_sensitivity_enabled=true; autosens_raises_target=false; autosens_lowers_target=false; dynamic_isf_adjustment_factor_percent=70 %,"Dynamic sensitivity is active even with autosens off, and sensitivity_ratio=1 is neutral rather than disabled. The package does not isolate a sensitivity fault, and hypoglycemia risk limits any push toward more aggressiveness."
real_gpt54mini_med_50,run_002,aaps.core.carb_absorption,aaps,True,min_5m_carbimpact=8 mg/dL/5 min; meal_max_absorption_hours=7 h,keep,min_5m_carbimpact=8 mg/dL/5 min; meal_max_absorption_hours=7 h,"No carb entries or e-carb trials exist in the package, so absorption settings cannot be validated against meal-linked evidence and should not be changed first."
real_gpt54mini_med_50,run_003,profile.basal.00_00,profile,True,0.6 U/h,keep,0.6 U/h,"Keep because midnight and early-night lows are present, but they are not isolated from late corrections, SMB/UAM, temp targets, or device events. A basal change would be premature without one quiet overnight verification."
real_gpt54mini_med_50,run_003,profile.basal.05_00,profile,True,0.7 U/h,keep,0.7 U/h,"Keep because the 03:00-07:00 local window is mostly stable or near range, and there is no fasting-like window proving this basal is too high or too low."
real_gpt54mini_med_50,run_003,profile.basal.06_00,profile,True,0.8 U/h,keep,0.8 U/h,"Keep because morning data are not separated from breakfast and correction effects, and the package does not show a clean dawn-pattern failure that would justify a change."
real_gpt54mini_med_50,run_003,profile.basal.10_00,profile,True,0.7 U/h,keep,0.7 U/h,"Keep because the daytime rise is likely meal- and automation-driven rather than a proven basal defect, and there is no meal-linked fasting baseline to support a change."
real_gpt54mini_med_50,run_003,profile.basal.16_00,profile,True,0.5 U/h,keep,0.5 U/h,"Keep because this window overlaps the strongest afternoon hyperglycemia, but it also overlaps meal, correction, and SMB/UAM activity. The same period also borders a low-prone evening window, so a change is not yet separable."
real_gpt54mini_med_50,run_003,profile.basal.18_00,profile,True,0.6 U/h,keep,0.6 U/h,"Keep because the 18:00-19:00 local period has notable low exposure, which argues against raising basal without more evidence. The lows may still be correction or IOB related."
real_gpt54mini_med_50,run_003,profile.basal.19_00,profile,True,0.7 U/h,keep,0.7 U/h,Keep because evening lows are present and are not cleanly attributable to basal alone. Reducing or raising this segment would be speculative without one quiet evening observation.
real_gpt54mini_med_50,run_003,profile.cr.00_00,profile,True,13 g/U,keep,13 g/U,Keep because there are no carb entries or meal-linked responses to validate a change. Overnight patterns alone do not separate CR from correction carryover or automation effects.
real_gpt54mini_med_50,run_003,profile.cr.04_00,profile,True,11.1 g/U,keep,11.1 g/U,"Keep because no meal composition or bolus timing is available, and the available data cannot show whether this segment is too weak or too strong."
real_gpt54mini_med_50,run_003,profile.cr.08_00,profile,True,13.2 g/U,keep,13.2 g/U,"Keep because the morning highs could reflect breakfast timing, delayed absorption, or missed bolus timing rather than a proven CR mismatch. The package lacks carb-linked evidence."
real_gpt54mini_med_50,run_003,profile.cr.16_00,profile,True,10.5 g/U,keep,10.5 g/U,"Keep because the afternoon highs are real, but the evidence does not separate meal size, delayed absorption, correction stacking, or SMB/UAM effects from CR. Changing this now would be dependent and unsupported."
real_gpt54mini_med_50,run_003,profile.cr.20_00,profile,True,12.6 g/U,keep,12.6 g/U,"Keep because evening data are confounded by lows and IOB, and there is no meal-linked evidence proving that the ratio needs to be stronger or weaker."
real_gpt54mini_med_50,run_003,profile.isf.00_00,profile,True,56 mg/dL/U,keep,56 mg/dL/U,"Keep because correction responses are mixed and confounded by SMB, temp basal, and varying IOB. There is no isolated correction test showing that the ISF is materially wrong."
real_gpt54mini_med_50,run_003,profile.target.00_00,profile,True,90 mg/dL,keep,90 mg/dL,"Keep because the overnight low risk argues against lowering targets, while the daytime highs are not a clean target problem. The current target is already relatively tight."
real_gpt54mini_med_50,run_003,profile.target.08_00,profile,True,100 mg/dL,keep,100 mg/dL,"Keep because the daytime highs look more like meal/correction/automation issues than a target-setting problem, and lowering the target without cleaner evidence could increase low risk."
real_gpt54mini_med_50,run_003,profile.target.23_00,profile,True,90 mg/dL,keep,90 mg/dL,"Keep because late-evening and overnight lows are already a concern, so there is no support for a tighter target. A higher target would be a separate decision and is not proven here."
real_gpt54mini_med_50,run_003,profile.dia,profile,True,10 h,keep,10 h,Keep because the data do not separate insulin action time from meal timing or automation responses. There is no clear evidence that DIA is causing premature backout or excess IOB in this trace.
real_gpt54mini_med_50,run_003,aaps.core.smb_uam,aaps,True,smb_enabled=true; uam_enabled=true,keep,smb_enabled=true; uam_enabled=true,"Keep because SMB/UAM is actively functioning and appears to be compensating for variable meal timing or delayed rises rather than causing clear unsafe behavior. No component is null, so verify is not applicable."
real_gpt54mini_med_50,run_003,aaps.core.smb_activation,aaps,True,smb_always_enabled=true; smb_with_cob_enabled=false; smb_after_carbs_enabled=false; smb_with_temp_target_enabled=true; smb_with_high_temp_target_enabled=false,keep,smb_always_enabled=true; smb_with_cob_enabled=false; smb_after_carbs_enabled=false; smb_with_temp_target_enabled=true; smb_with_high_temp_target_enabled=false,Keep because the activation logic is internally coherent and matches the observed loop behavior. There is no material inconsistency or safety concern that warrants a change.
real_gpt54mini_med_50,run_003,aaps.core.smb_delivery,aaps,True,smb_interval_minutes=3 min; max_smb_basal_minutes=15 min; max_uam_smb_basal_minutes=20 min,keep,smb_interval_minutes=3 min; max_smb_basal_minutes=15 min; max_uam_smb_basal_minutes=20 min,Keep because the trace does not show the configured delivery limits being exceeded or obviously unsafe. The current limits appear to provide a reasonable safety guard while SMB/UAM compensates for variable rises.
real_gpt54mini_med_50,run_003,aaps.core.safety_limits,aaps,True,max_basal_u_per_hour=12 U/h; max_iob_units=25 U,keep,max_basal_u_per_hour=12 U/h; max_iob_units=25 U,"Keep because observed dosing and IOB remain within these ceilings, and there is no evidence that these limits are constraining therapy in a harmful way."
real_gpt54mini_med_50,run_003,aaps.core.sensitivity,aaps,True,autosens_enabled=false; dynamic_sensitivity_enabled=true; autosens_raises_target=false; autosens_lowers_target=false; dynamic_isf_adjustment_factor_percent=70 %,keep,autosens_enabled=false; dynamic_sensitivity_enabled=true; autosens_raises_target=false; autosens_lowers_target=false; dynamic_isf_adjustment_factor_percent=70 %,"Keep because the configuration is coherent and the telemetry does not isolate a reason to switch Autosens on or off. A sensitivity_ratio of 1 is a neutral adjustment, not evidence of a fault."
real_gpt54mini_med_50,run_003,aaps.core.carb_absorption,aaps,True,min_5m_carbimpact=8 mg/dL/5 min; meal_max_absorption_hours=7 h,keep,min_5m_carbimpact=8 mg/dL/5 min; meal_max_absorption_hours=7 h,Keep because there are no carb entries or e-carb traces to validate any change. The package cannot distinguish slow absorption from late bolusing or correction stacking.
real_gpt54mini_med_50,run_004,profile.basal.00_00,profile,True,0.6 U/h,keep,0.6 U/h,"Overnight lows are present, but the package does not isolate basal from SMB, correction, or delayed meal effects. A basal change is not supported without a cleaner fasting window."
real_gpt54mini_med_50,run_004,profile.basal.05_00,profile,True,0.7 U/h,keep,0.7 U/h,"Early-morning data are not clearly a basal excess problem, and the evidence remains confounded by overall overnight variability and automation activity."
real_gpt54mini_med_50,run_004,profile.basal.06_00,profile,True,0.8 U/h,keep,0.8 U/h,"The morning rise begins later and could reflect meals or rising insulin needs, but the package does not separate those from basal. A change is unsupported."
real_gpt54mini_med_50,run_004,profile.basal.10_00,profile,True,0.7 U/h,keep,0.7 U/h,"Late morning hyperglycemia is visible, but it is plausibly meal-related and heavily confounded by corrections and automation. No isolated basal evidence supports a change."
real_gpt54mini_med_50,run_004,profile.basal.16_00,profile,True,0.5 U/h,keep,0.5 U/h,"The afternoon is the strongest high window, but the data do not separate basal deficiency from meal timing or dynamic sensitivity effects. Keep until a cleaner trace exists."
real_gpt54mini_med_50,run_004,profile.basal.18_00,profile,True,0.6 U/h,keep,0.6 U/h,"Late-evening lows are present, but the effect may come from correction or SMB stacking rather than basal alone. The evidence is insufficient for a basal change."
real_gpt54mini_med_50,run_004,profile.basal.19_00,profile,True,0.7 U/h,keep,0.7 U/h,The pattern around 19:00 remains mixed and not separable from meal or automation effects. Changing this segment now would be premature.
real_gpt54mini_med_50,run_004,profile.cr.00_00,profile,True,13 g/U,keep,13 g/U,There are no carb entries or meal-linked windows to test this ratio. The correction windows do not isolate CR.
real_gpt54mini_med_50,run_004,profile.cr.04_00,profile,True,11.1 g/U,keep,11.1 g/U,"No meal data exist to justify a CR change, and overnight/early-morning lows increase the risk of overcorrecting this segment."
real_gpt54mini_med_50,run_004,profile.cr.08_00,profile,True,13.2 g/U,keep,13.2 g/U,"The daytime rise could suggest meal coverage needs review, but no carb-linked evidence separates CR from basal or automation. Keep for now."
real_gpt54mini_med_50,run_004,profile.cr.16_00,profile,True,10.5 g/U,keep,10.5 g/U,"Afternoon highs exist, yet the package cannot separate a weak CR from rising insulin needs, late bolus timing, or dynamic sensitivity. No change is supported."
real_gpt54mini_med_50,run_004,profile.cr.20_00,profile,True,12.6 g/U,keep,12.6 g/U,Evening lows and automation activity make it unsafe to intensify this segment without meal-linked evidence. The current data do not support a change.
real_gpt54mini_med_50,run_004,profile.isf.00_00,profile,True,56 mg/dL/U,keep,56 mg/dL/U,"Correction responses are too confounded to estimate a better ISF. Dynamic sensitivity may already be affecting effective response, so a manual ISF change is unsupported."
real_gpt54mini_med_50,run_004,profile.target.00_00,profile,True,90 mg/dL,keep,90 mg/dL,"The overnight lows argue against lowering targets, and there is not enough evidence to justify raising them as a profile fix."
real_gpt54mini_med_50,run_004,profile.target.08_00,profile,True,100 mg/dL,keep,100 mg/dL,"The daytime highs are real, but the package does not show that the target is the main cause. A target change would be a dependent move that is not yet supported."
real_gpt54mini_med_50,run_004,profile.target.23_00,profile,True,90 mg/dL,keep,90 mg/dL,"Late-evening lows make it unsafe to tighten this target, and the current data do not justify a target revision."
real_gpt54mini_med_50,run_004,profile.dia,profile,True,10 h,keep,10 h,"The correction windows are confounded by SMB, temp basals, and likely meals, so DIA cannot be independently validated. No supported change exists."
real_gpt54mini_med_50,run_004,aaps.core.smb_uam,aaps,True,smb_enabled=true; uam_enabled=true,keep,smb_enabled=true; uam_enabled=true,SMB/UAM is active and internally consistent. The evidence does not support changing these core modes before separating basal and meal effects.
real_gpt54mini_med_50,run_004,aaps.core.smb_activation,aaps,True,smb_always_enabled=true; smb_with_cob_enabled=false; smb_after_carbs_enabled=false; smb_with_temp_target_enabled=true; smb_with_high_temp_target_enabled=false,keep,smb_always_enabled=true; smb_with_cob_enabled=false; smb_after_carbs_enabled=false; smb_with_temp_target_enabled=true; smb_with_high_temp_target_enabled=false,"The activation rules are coherent with the observed closed-loop behavior. They may contribute to low risk if predictions are optimistic, but the package does not isolate a setting fault."
real_gpt54mini_med_50,run_004,aaps.core.smb_delivery,aaps,True,smb_interval_minutes=3 min; max_smb_basal_minutes=15 min; max_uam_smb_basal_minutes=20 min,keep,smb_interval_minutes=3 min; max_smb_basal_minutes=15 min; max_uam_smb_basal_minutes=20 min,"The cadence is tight, but there is no evidence that the interval or minute caps are misconfigured. Remaining time in an SMB waiting message is not the configured SMB interval."
real_gpt54mini_med_50,run_004,aaps.core.safety_limits,aaps,True,max_basal_u_per_hour=12 U/h; max_iob_units=25 U,keep,max_basal_u_per_hour=12 U/h; max_iob_units=25 U,"Observed dosing does not approach these ceilings, so they are not the active source of the glucose pattern and do not require adjustment."
real_gpt54mini_med_50,run_004,aaps.core.sensitivity,aaps,True,autosens_enabled=false; dynamic_sensitivity_enabled=true; autosens_raises_target=false; autosens_lowers_target=false; dynamic_isf_adjustment_factor_percent=70 %,keep,autosens_enabled=false; dynamic_sensitivity_enabled=true; autosens_raises_target=false; autosens_lowers_target=false; dynamic_isf_adjustment_factor_percent=70 %,"A sensitivity_ratio near 1 is neutral, not evidence of disabled Autosens. Dynamic ISF may be compensating for profile or meal effects, but the package does not justify changing it separately."
real_gpt54mini_med_50,run_004,aaps.core.carb_absorption,aaps,True,min_5m_carbimpact=8 mg/dL/5 min; meal_max_absorption_hours=7 h,keep,min_5m_carbimpact=8 mg/dL/5 min; meal_max_absorption_hours=7 h,There are no carb entries or extended-carb records to validate absorption behavior against. No evidence supports changing this model now.
real_gpt54mini_med_50,run_005,profile.basal.00_00,profile,True,0.6 U/h,keep,0.6 U/h,"Keep because overnight lows are present, but the pattern is confounded by IOB, corrections, and missing meal data. Evidence is insufficient to separate a true basal excess from carryover insulin or algorithmic responses, so changing the midnight basal now would be premature."
real_gpt54mini_med_50,run_005,profile.basal.05_00,profile,True,0.7 U/h,keep,0.7 U/h,"Keep because the early-morning period is comparatively stable and does not show a clean, isolated defect. Any change would have to account for overnight lows, meal timing, and automation effects that are not separated in the telemetry."
real_gpt54mini_med_50,run_005,profile.basal.06_00,profile,True,0.8 U/h,keep,0.8 U/h,"Keep because the morning rise begins later and is likely influenced by meals, target changes, or automation rather than this single segment alone. The evidence does not support a basal adjustment without meal-linked verification."
real_gpt54mini_med_50,run_005,profile.basal.10_00,profile,True,0.7 U/h,keep,0.7 U/h,"Keep because the late-morning to afternoon rise could reflect meals, target behavior, or basal insufficiency, but the data do not isolate basal as the primary driver. Dependency on missing carb logs and active SMB/UAM lowers confidence in any direct change."
real_gpt54mini_med_50,run_005,profile.basal.16_00,profile,True,0.5 U/h,keep,0.5 U/h,"Keep because this lower afternoon basal sits in the same window as the highest averages, but the rise is still confounded by meal timing, temp targets, and correction insulin. The recurrent lows elsewhere make an unverified increase risky."
real_gpt54mini_med_50,run_005,profile.basal.18_00,profile,True,0.6 U/h,keep,0.6 U/h,"Keep because evening glucose includes recurrent lows and there is no clean evidence that this segment is underdosed. Raising it could worsen the existing hypoglycemia burden, and the available data do not separate basal from IOB effects."
real_gpt54mini_med_50,run_005,profile.basal.19_00,profile,True,0.7 U/h,keep,0.7 U/h,"Keep because the evening lows argue against making this block more insulin-heavy without a meal-linked test. The evidence supports caution, not a basal increase."
real_gpt54mini_med_50,run_005,profile.cr.00_00,profile,True,13 g/U,keep,13 g/U,"Keep because there are no carb logs or meal-linked windows to assess the ratio. Any CR change would be speculative given the confounding from corrections, IOB, and automation."
real_gpt54mini_med_50,run_005,profile.cr.04_00,profile,True,11.1 g/U,keep,11.1 g/U,Keep because no meal data exist to show whether breakfast or early-morning carb coverage is actually off. The observed glucose pattern cannot distinguish CR from timing or basal effects.
real_gpt54mini_med_50,run_005,profile.cr.08_00,profile,True,13.2 g/U,keep,13.2 g/U,"Keep because the late-morning highs are not meal-attributed and could reflect delayed bolusing, basal shortfall, or target effects. Without meal-linked evidence, changing this ratio would be unsupported."
real_gpt54mini_med_50,run_005,profile.cr.16_00,profile,True,10.5 g/U,keep,10.5 g/U,"Keep because the afternoon rise occurs in a window heavily confounded by target changes, automation, and IOB, so CR cannot be isolated. A weaker ratio may or may not be involved, but the data do not prove it."
real_gpt54mini_med_50,run_005,profile.cr.20_00,profile,True,12.6 g/U,keep,12.6 g/U,Keep because there are no documented evening meals or carb responses to test this ratio. The safer choice is to avoid an unsupported change in a window that also shows low risk.
real_gpt54mini_med_50,run_005,profile.isf.00_00,profile,True,56 mg/dL/U,keep,56 mg/dL/U,"Keep because correction responses are mixed and heavily confounded by dynamic sensitivity, SMB/UAM, and IOB. There is not enough evidence to justify altering ISF from correction-only windows."
real_gpt54mini_med_50,run_005,profile.target.00_00,profile,True,90 mg/dL,keep,90 mg/dL,"Keep because the overnight lows argue against making the overnight target more aggressive, while the lows are not clearly caused by the current target alone. Any target change would need cleaner separation from IOB and corrections."
real_gpt54mini_med_50,run_005,profile.target.08_00,profile,True,100 mg/dL,keep,100 mg/dL,"Keep because the late-morning rise is not cleanly attributable to the target, and lowering it now could increase hypoglycemia risk in a period already showing variability. The current evidence is insufficient to justify a change."
real_gpt54mini_med_50,run_005,profile.target.23_00,profile,True,90 mg/dL,keep,90 mg/dL,Keep because evening and overnight lows already limit insulin aggressiveness. Raising or lowering this target is unsupported without a clearer overnight pattern separated from IOB and correction effects.
real_gpt54mini_med_50,run_005,profile.dia,profile,True,10 h,keep,10 h,"Keep because the insulin action picture is mixed and cannot be separated from automation and correction behavior. While a long DIA may contribute to conservative dosing, the dataset does not isolate DIA as the primary cause of the observed pattern."
real_gpt54mini_med_50,run_005,aaps.core.smb_uam,aaps,True,smb_enabled=true; uam_enabled=true,keep,smb_enabled=true; uam_enabled=true,"Keep because the loop is actively using SMB/UAM and the behavior is consistent with the observed telemetry. The main unresolved issue is not activation but confounding from missing meal data and recurrent lows, so changing this now is unsupported."
real_gpt54mini_med_50,run_005,aaps.core.smb_activation,aaps,True,smb_always_enabled=true; smb_with_cob_enabled=false; smb_after_carbs_enabled=false; smb_with_temp_target_enabled=true; smb_with_high_temp_target_enabled=false,keep,smb_always_enabled=true; smb_with_cob_enabled=false; smb_after_carbs_enabled=false; smb_with_temp_target_enabled=true; smb_with_high_temp_target_enabled=false,"Keep because the only material nuance is that SMB is suppressed during high temp targets, which may blunt insulin response during those periods but is not itself unsafe in this dataset. The evidence does not justify changing activation rules before meal-linked verification."
real_gpt54mini_med_50,run_005,aaps.core.smb_delivery,aaps,True,smb_interval_minutes=3 min; max_smb_basal_minutes=15 min; max_uam_smb_basal_minutes=20 min,keep,smb_interval_minutes=3 min; max_smb_basal_minutes=15 min; max_uam_smb_basal_minutes=20 min,Keep because the observed SMB cadence and temporary basal behavior fit within these limits and do not show a ceiling problem. The period is more limited by interpretation uncertainty than by a delivery setting failure.
real_gpt54mini_med_50,run_005,aaps.core.safety_limits,aaps,True,max_basal_u_per_hour=12 U/h; max_iob_units=25 U,keep,max_basal_u_per_hour=12 U/h; max_iob_units=25 U,"Keep because observed temp basal rates and IOB remain well below these ceilings, so the limits are not the apparent cause of the glucose pattern. The primary risk is insulin stacking in a low-prone period, not a limit being too low."
real_gpt54mini_med_50,run_005,aaps.core.sensitivity,aaps,True,autosens_enabled=false; dynamic_sensitivity_enabled=true; autosens_raises_target=false; autosens_lowers_target=false; dynamic_isf_adjustment_factor_percent=70 %,keep,autosens_enabled=false; dynamic_sensitivity_enabled=true; autosens_raises_target=false; autosens_lowers_target=false; dynamic_isf_adjustment_factor_percent=70 %,"Keep because a sensitivity_ratio near 1 is a neutral current adjustment, not evidence that Autosens is disabled incorrectly. The dynamic layer appears to be functioning and compensating for changing sensitivity, while the unresolved issue remains pattern attribution rather than a settings fault."
real_gpt54mini_med_50,run_005,aaps.core.carb_absorption,aaps,True,min_5m_carbimpact=8 mg/dL/5 min; meal_max_absorption_hours=7 h,keep,min_5m_carbimpact=8 mg/dL/5 min; meal_max_absorption_hours=7 h,Keep because there are no carb treatment entries or meal-linked response windows to validate absorption behavior. The telemetry does not support changing the carb absorption model without inventing meal timing or composition.
real_gpt54mini_med_50,run_006,profile.basal.00_00,profile,True,0.6 U/h,keep,0.6 U/h,"No fasting-only evidence isolates this segment. Overnight lows and lows near midnight are real, but they are confounded by IOB, temp targets, and missing meal data, so a basal reduction is not yet supported."
real_gpt54mini_med_50,run_006,profile.basal.05_00,profile,True,0.7 U/h,keep,0.7 U/h,"Early-morning glucose is generally stable, and there is no clean data showing this block is the primary cause of lows or highs. The evidence is too mixed to justify changing a dependent basal block now."
real_gpt54mini_med_50,run_006,profile.basal.06_00,profile,True,0.8 U/h,keep,0.8 U/h,"This segment overlaps with a period that is usually reasonable but not cleanly fasting. The later rise pattern could be meal-driven or target-driven, so this block should not be changed without a cleaner test."
real_gpt54mini_med_50,run_006,profile.basal.10_00,profile,True,0.7 U/h,keep,0.7 U/h,"The late-morning rise is real, but meal, correction, and temp-target effects are all plausible. A basal increase here would be premature without linked meal data and fasting-like verification."
real_gpt54mini_med_50,run_006,profile.basal.16_00,profile,True,0.5 U/h,keep,0.5 U/h,"This block sits inside the main afternoon high window, but the same window also includes likely meal and automation effects. The evidence is insufficient to separate underbasalization from post-meal timing."
real_gpt54mini_med_50,run_006,profile.basal.18_00,profile,True,0.6 U/h,keep,0.6 U/h,"Evening lows appear in the data, so changing this block without a clean fasting block could worsen safety. The existing data do not isolate this segment as the cause."
real_gpt54mini_med_50,run_006,profile.basal.19_00,profile,True,0.7 U/h,keep,0.7 U/h,"There is a local-time low signal around this period, but it is not separated from activity, IOB, or correction effects. A change would be speculative and potentially unsafe."
real_gpt54mini_med_50,run_006,profile.cr.00_00,profile,True,13 g/U,keep,13 g/U,"No meal-linked carb data exist, and no stable meal strategy is declared. The correction and CGM patterns are too confounded to justify altering midnight CR."
real_gpt54mini_med_50,run_006,profile.cr.04_00,profile,True,11.1 g/U,keep,11.1 g/U,"This ratio cannot be validated without meal records. Overnight and early-morning readings do not separate meal effects from basal or IOB, so changing CR now is unsupported."
real_gpt54mini_med_50,run_006,profile.cr.08_00,profile,True,13.2 g/U,keep,13.2 g/U,"The late-morning rise could reflect meal timing, but there are no carb entries. The evidence supports watchful verification, not a change to the morning CR segment."
real_gpt54mini_med_50,run_006,profile.cr.16_00,profile,True,10.5 g/U,keep,10.5 g/U,"This is the most suspicious CR segment only because highs cluster later in the day, but there is still no carb-linked confirmation. Changing it now would risk overcorrecting a pattern that may be meal timing, not ratio strength."
real_gpt54mini_med_50,run_006,profile.cr.20_00,profile,True,12.6 g/U,keep,12.6 g/U,"Evening data include both lows and highs, and no meal records exist. The current evidence does not justify revising this CR segment."
real_gpt54mini_med_50,run_006,profile.isf.00_00,profile,True,56 mg/dL/U,keep,56 mg/dL/U,"Correction responses are highly variable and confounded by IOB, meals, and temp targets. There is no isolated correction evidence showing the ISF must change."
real_gpt54mini_med_50,run_006,profile.target.00_00,profile,True,90 mg/dL,keep,90 mg/dL,The data do not support target changes before basal and meal timing are separated. Lowering or raising target would interact with SMB/UAM and could worsen either lows or highs.
real_gpt54mini_med_50,run_006,profile.target.08_00,profile,True,100 mg/dL,keep,100 mg/dL,"This daytime target interacts with the main higher-glucose window, but the evidence cannot distinguish intended target behavior from incomplete meal strategy. No change is justified yet."
real_gpt54mini_med_50,run_006,profile.target.23_00,profile,True,90 mg/dL,keep,90 mg/dL,"Nighttime lows are present, but the target is not the only plausible driver. Because SMB/UAM and IOB also contribute, changing target now would be premature."
real_gpt54mini_med_50,run_006,profile.dia,profile,True,10 h,keep,10 h,"Correction behavior is mixed, but not enough to prove the DIA is wrong. The long DIA is compatible with the observed conservative loop behavior and should be revisited only after meal-link evidence is available."
real_gpt54mini_med_50,run_006,aaps.core.smb_uam,aaps,True,smb_enabled=true; uam_enabled=true,keep,smb_enabled=true; uam_enabled=true,"SMB and UAM are clearly active in the loop output, and there is no evidence they are disabled or malfunctioning. The remaining uncertainty is what they are compensating for, not whether they are on."
real_gpt54mini_med_50,run_006,aaps.core.smb_activation,aaps,True,smb_always_enabled=true; smb_with_cob_enabled=false; smb_after_carbs_enabled=false; smb_with_temp_target_enabled=true; smb_with_high_temp_target_enabled=false,keep,smb_always_enabled=true; smb_with_cob_enabled=false; smb_after_carbs_enabled=false; smb_with_temp_target_enabled=true; smb_with_high_temp_target_enabled=false,"The only material nuance is that high temp targets can suppress SMB because smb_with_high_temp_target_enabled is false. That is a safety choice, not a proven defect, and there is no evidence yet that changing it is needed."
real_gpt54mini_med_50,run_006,aaps.core.smb_delivery,aaps,True,smb_interval_minutes=3 min; max_smb_basal_minutes=15 min; max_uam_smb_basal_minutes=20 min,keep,smb_interval_minutes=3 min; max_smb_basal_minutes=15 min; max_uam_smb_basal_minutes=20 min,"The loop is already delivering SMBs and temp basals. There is no clear signal that cadence or duration caps are the bottleneck, so dependent SMB timing should not be changed now."
real_gpt54mini_med_50,run_006,aaps.core.safety_limits,aaps,True,max_basal_u_per_hour=12 U/h; max_iob_units=25 U,keep,max_basal_u_per_hour=12 U/h; max_iob_units=25 U,"Observed enacted rates do not suggest the ceilings are being hit, and no event clearly shows the limits are preventing needed dosing. Lowering or raising these limits is unsupported."
real_gpt54mini_med_50,run_006,aaps.core.sensitivity,aaps,True,autosens_enabled=false; dynamic_sensitivity_enabled=true; autosens_raises_target=false; autosens_lowers_target=false; dynamic_isf_adjustment_factor_percent=70 %,keep,autosens_enabled=false; dynamic_sensitivity_enabled=true; autosens_raises_target=false; autosens_lowers_target=false; dynamic_isf_adjustment_factor_percent=70 %,"A neutral sensitivity_ratio of 1 is not a sign of disabled behavior by itself. The package does not show a misconfiguration, and sensitivity effects remain confounded by IOB, meals, and temp targets."
real_gpt54mini_med_50,run_006,aaps.core.carb_absorption,aaps,True,min_5m_carbimpact=8 mg/dL/5 min; meal_max_absorption_hours=7 h,keep,min_5m_carbimpact=8 mg/dL/5 min; meal_max_absorption_hours=7 h,"No carb entries or e-carb examples exist, so absorption assumptions cannot be validated. Changing these without meal-linked evidence would be speculative."
real_gpt54mini_med_50,run_007,profile.basal.00_00,profile,True,0.6 U/h,keep,0.6 U/h,"Overnight glucose is lower and includes below-range exposure, but the data do not isolate a fasting-only basal effect. Changing this together with daytime segments would be unsafe given the low history and the lack of carb logs."
real_gpt54mini_med_50,run_007,profile.basal.05_00,profile,True,0.7 U/h,keep,0.7 U/h,"Early-morning data are not cleanly separated from meal, correction, or automation effects. The observed lows elsewhere make an increase unsupported."
real_gpt54mini_med_50,run_007,profile.basal.06_00,profile,True,0.8 U/h,keep,0.8 U/h,"This is the highest basal segment and could matter for morning control, but the package lacks fasting-only evidence and includes hypoglycemia risk. No safe change is supported."
real_gpt54mini_med_50,run_007,profile.basal.10_00,profile,True,0.7 U/h,keep,0.7 U/h,"Late-morning highs are more plausibly meal or bolus-related than a proven basal deficiency, because carb logging is absent and automation is active."
real_gpt54mini_med_50,run_007,profile.basal.16_00,profile,True,0.5 U/h,keep,0.5 U/h,"This segment coincides with the highest local-hour averages, but the rise is confounded by meals, corrections, and SMB/UAM. A basal increase would be speculative and could worsen the documented lows."
real_gpt54mini_med_50,run_007,profile.basal.18_00,profile,True,0.6 U/h,keep,0.6 U/h,"Evening lows appear in the dataset, so strengthening this segment would be risky without a cleaner separation from correction and activity effects."
real_gpt54mini_med_50,run_007,profile.basal.19_00,profile,True,0.7 U/h,keep,0.7 U/h,The evening profile should not be adjusted on the current evidence because the lows and mixed correction responses reduce confidence in any basal inference.
real_gpt54mini_med_50,run_007,profile.cr.00_00,profile,True,13 g/U,keep,13 g/U,"No meal-linked evidence supports a change. The observed problems are not isolated to this time block, and broad CR changes could worsen hypoglycemia."
real_gpt54mini_med_50,run_007,profile.cr.04_00,profile,True,11.1 g/U,keep,11.1 g/U,The package has no carb entries or meal-specific evidence to support a more aggressive or weaker ratio. Any change would be speculative.
real_gpt54mini_med_50,run_007,profile.cr.08_00,profile,True,13.2 g/U,keep,13.2 g/U,"Late-morning hyperglycemia may be meal-related, but the data do not separate meal timing from automation or correction effects well enough to revise CR safely."
real_gpt54mini_med_50,run_007,profile.cr.16_00,profile,True,10.5 g/U,keep,10.5 g/U,"This is the most likely future CR candidate if a meal-logged day confirms repeated post-meal rises, but current evidence is still confounded and does not justify change."
real_gpt54mini_med_50,run_007,profile.cr.20_00,profile,True,12.6 g/U,keep,12.6 g/U,The current data do not provide a clean evening meal pattern. Lows in the record make a CR tightening unsafe without a documented meal test.
real_gpt54mini_med_50,run_007,profile.isf.00_00,profile,True,56 mg/dL/U,keep,56 mg/dL/U,"Correction responses are mixed and confounded by IOB, temp basals, and automation. There is no clean evidence that ISF is the primary problem."
real_gpt54mini_med_50,run_007,profile.target.00_00,profile,True,90 mg/dL,keep,90 mg/dL,"The presence of lows argues against tightening targets now, and the daytime highs are not isolated enough to justify changing target structure before meal verification."
real_gpt54mini_med_50,run_007,profile.target.08_00,profile,True,100 mg/dL,keep,100 mg/dL,"The late-morning rise could tempt a lower target, but automation and meal confounding make that unsupported, especially with documented lows."
real_gpt54mini_med_50,run_007,profile.target.23_00,profile,True,90 mg/dL,keep,90 mg/dL,Overnight lows make target tightening inappropriate without cleaner evidence. Keeping the current target is the safer choice.
real_gpt54mini_med_50,run_007,profile.dia,profile,True,10 h,keep,10 h,The correction windows are too confounded to support a DIA revision. The observed pattern is more consistent with meal/bolus timing uncertainty than with a clear DIA mismatch.
real_gpt54mini_med_50,run_007,aaps.core.smb_uam,aaps,True,smb_enabled=true; uam_enabled=true,keep,smb_enabled=true; uam_enabled=true,Automation is active and compensatory within limits. The data do not show a safety reason to disable or intensify it before meal timing is clarified.
real_gpt54mini_med_50,run_007,aaps.core.smb_activation,aaps,True,smb_always_enabled=true; smb_with_cob_enabled=false; smb_after_carbs_enabled=false; smb_with_temp_target_enabled=true; smb_with_high_temp_target_enabled=false,keep,smb_always_enabled=true; smb_with_cob_enabled=false; smb_after_carbs_enabled=false; smb_with_temp_target_enabled=true; smb_with_high_temp_target_enabled=false,The configuration is internally consistent and the high-temp-target SMB restriction is a meaningful safety limiter. No change is supported without clearer meal-linked evidence.
real_gpt54mini_med_50,run_007,aaps.core.smb_delivery,aaps,True,smb_interval_minutes=3 min; max_smb_basal_minutes=15 min; max_uam_smb_basal_minutes=20 min,keep,smb_interval_minutes=3 min; max_smb_basal_minutes=15 min; max_uam_smb_basal_minutes=20 min,"The loop is already active, and there is no proof that increasing SMB frequency would solve the pattern without increasing stacking risk in a person with documented lows."
real_gpt54mini_med_50,run_007,aaps.core.safety_limits,aaps,True,max_basal_u_per_hour=12 U/h; max_iob_units=25 U,keep,max_basal_u_per_hour=12 U/h; max_iob_units=25 U,No telemetry shows these limits are being breached. Keeping them unchanged preserves safety while the unresolved pattern is tested one step at a time.
real_gpt54mini_med_50,run_007,aaps.core.sensitivity,aaps,True,autosens_enabled=false; dynamic_sensitivity_enabled=true; autosens_raises_target=false; autosens_lowers_target=false; dynamic_isf_adjustment_factor_percent=70 %,keep,autosens_enabled=false; dynamic_sensitivity_enabled=true; autosens_raises_target=false; autosens_lowers_target=false; dynamic_isf_adjustment_factor_percent=70 %,"Classic Autosens is off but dynamic sensitivity is active, and the observed sensitivity_ratio is generally neutral. There is no evidence that this group needs adjustment before the meal pattern is separated."
real_gpt54mini_med_50,run_007,aaps.core.carb_absorption,aaps,True,min_5m_carbimpact=8 mg/dL/5 min; meal_max_absorption_hours=7 h,keep,min_5m_carbimpact=8 mg/dL/5 min; meal_max_absorption_hours=7 h,There are no carb entries or e-carb records to justify retuning absorption settings. Changing this now would be unsupported and could mask the true source of the glucose pattern.
real_gpt54mini_med_50,run_008,profile.basal.00_00,profile,True,0.6 U/h,keep,0.6 U/h,"Overnight lows exist, but the data do not isolate this segment from IOB, corrections, or unlogged meal effects. A basal change would be unsupported on the current evidence."
real_gpt54mini_med_50,run_008,profile.basal.05_00,profile,True,0.7 U/h,keep,0.7 U/h,"Early morning glucose is not clearly showing a basal-specific defect, and the observed pattern is confounded by broader overnight variability and missing meal context."
real_gpt54mini_med_50,run_008,profile.basal.06_00,profile,True,0.8 U/h,keep,0.8 U/h,"Morning values are comparatively stable and the daytime rise begins later, so this segment is not clearly implicated by the available evidence."
real_gpt54mini_med_50,run_008,profile.basal.10_00,profile,True,0.7 U/h,keep,0.7 U/h,The late-morning rise could reflect meals or corrections rather than basal insufficiency. No clean basal-only evidence supports changing this segment now.
real_gpt54mini_med_50,run_008,profile.basal.16_00,profile,True,0.5 U/h,keep,0.5 U/h,"This is the time of the highest afternoon averages, but meal and correction effects remain plausible. Lowering or raising this segment would be premature without meal-linked logs."
real_gpt54mini_med_50,run_008,profile.basal.18_00,profile,True,0.6 U/h,keep,0.6 U/h,"Evening lows are present, but the segment cannot be isolated from prior IOB, corrections, temporary targets, or unlogged meals. Change is not supported."
real_gpt54mini_med_50,run_008,profile.basal.19_00,profile,True,0.7 U/h,keep,0.7 U/h,"The local 19:00 window shows low risk, but evidence is still not specific enough to justify a dependent profile change."
real_gpt54mini_med_50,run_008,profile.cr.00_00,profile,True,13 g/U,keep,13 g/U,No carb entries or meal timing exist to validate carb ratio performance. Correction windows do not isolate CR effects.
real_gpt54mini_med_50,run_008,profile.cr.04_00,profile,True,11.1 g/U,keep,11.1 g/U,"Meal-specific evidence is absent, and the available data do not separate CR effects from basal, corrections, or automation."
real_gpt54mini_med_50,run_008,profile.cr.08_00,profile,True,13.2 g/U,keep,13.2 g/U,The late-morning rise is not enough to infer a weaker or stronger CR because no meal-linked response data are available.
real_gpt54mini_med_50,run_008,profile.cr.16_00,profile,True,10.5 g/U,keep,10.5 g/U,"Afternoon highs are real, but there is no meal log to prove this CR is too weak rather than meals being late, large, or poorly matched."
real_gpt54mini_med_50,run_008,profile.cr.20_00,profile,True,12.6 g/U,keep,12.6 g/U,Evening lows and variability make an unsupervised CR change risky. Current data do not support a clean adjustment.
real_gpt54mini_med_50,run_008,profile.isf.00_00,profile,True,56 mg/dL/U,keep,56 mg/dL/U,"Correction responses are mixed and frequently confounded by IOB and automation changes, so ISF cannot be validated well enough to change."
real_gpt54mini_med_50,run_008,profile.target.00_00,profile,True,90 mg/dL,keep,90 mg/dL,"Lowering targets could worsen the existing low-risk signal, and raising them would be a dependent change not justified by current evidence."
real_gpt54mini_med_50,run_008,profile.target.08_00,profile,True,100 mg/dL,keep,100 mg/dL,The daytime rise does not by itself justify altering the target because meals and corrections remain plausible explanations.
real_gpt54mini_med_50,run_008,profile.target.23_00,profile,True,90 mg/dL,keep,90 mg/dL,"Overnight lows are concerning, but changing target without isolating basal and IOB effects would be an unsupported dependent change."
real_gpt54mini_med_50,run_008,profile.dia,profile,True,10 h,keep,10 h,No clean insulin-on-board or correction-only evidence supports shortening or lengthening DIA in this package.
real_gpt54mini_med_50,run_008,aaps.core.smb_uam,aaps,True,smb_enabled=true; uam_enabled=true,keep,smb_enabled=true; uam_enabled=true,SMB and UAM are active and internally consistent with observed loop behavior. There is no material configuration conflict to correct.
real_gpt54mini_med_50,run_008,aaps.core.smb_activation,aaps,True,smb_always_enabled=true; smb_with_cob_enabled=false; smb_after_carbs_enabled=false; smb_with_temp_target_enabled=true; smb_with_high_temp_target_enabled=false,keep,smb_always_enabled=true; smb_with_cob_enabled=false; smb_after_carbs_enabled=false; smb_with_temp_target_enabled=true; smb_with_high_temp_target_enabled=false,The activation logic is coherent and does not show an obvious safety problem. UAM is not being treated as duplicate COB counting.
real_gpt54mini_med_50,run_008,aaps.core.smb_delivery,aaps,True,smb_interval_minutes=3 min; max_smb_basal_minutes=15 min; max_uam_smb_basal_minutes=20 min,keep,smb_interval_minutes=3 min; max_smb_basal_minutes=15 min; max_uam_smb_basal_minutes=20 min,"The SMB cadence is assertive but not obviously unsafe, and the observed lows argue against making it more aggressive."
real_gpt54mini_med_50,run_008,aaps.core.safety_limits,aaps,True,max_basal_u_per_hour=12 U/h; max_iob_units=25 U,keep,max_basal_u_per_hour=12 U/h; max_iob_units=25 U,"Observed enacted rates and IOB remain well below these limits, so they are not the current bottleneck."
real_gpt54mini_med_50,run_008,aaps.core.sensitivity,aaps,True,autosens_enabled=false; dynamic_sensitivity_enabled=true; autosens_raises_target=false; autosens_lowers_target=false; dynamic_isf_adjustment_factor_percent=70 %,keep,autosens_enabled=false; dynamic_sensitivity_enabled=true; autosens_raises_target=false; autosens_lowers_target=false; dynamic_isf_adjustment_factor_percent=70 %,"Sensitivity_ratio values around 1 are neutral, not a sign of a disabled adjustment. Dynamic sensitivity is functioning as the active sensitivity layer."
real_gpt54mini_med_50,run_008,aaps.core.carb_absorption,aaps,True,min_5m_carbimpact=8 mg/dL/5 min; meal_max_absorption_hours=7 h,keep,min_5m_carbimpact=8 mg/dL/5 min; meal_max_absorption_hours=7 h,"There are no carb or extended-carb entries to validate absorption assumptions, so changing these settings would be speculative."
real_gpt54mini_med_50,run_009,profile.basal.00_00,profile,True,0.6 U/h,keep,0.6 U/h,Keep for now because overnight lows are already present and the data do not separate basal from correction and IOB effects. A change is not cleanly supported until a fasting overnight window confirms the pattern.
real_gpt54mini_med_50,run_009,profile.basal.05_00,profile,True,0.7 U/h,keep,0.7 U/h,"The early-morning pattern is not isolated from dawn effects, automation, or prior IOB. Daytime highs do not justify changing this segment without cleaner fasting evidence."
real_gpt54mini_med_50,run_009,profile.basal.06_00,profile,True,0.8 U/h,keep,0.8 U/h,"Morning glucose rises could reflect meals or automation compensation rather than basal insufficiency. Because lows also occur in adjacent windows, a change here is not yet well supported."
real_gpt54mini_med_50,run_009,profile.basal.10_00,profile,True,0.7 U/h,keep,0.7 U/h,"Late-morning highs are present, but no meal log separates basal from post-meal effects. Keeping avoids a potentially unsafe basal increase while lows remain unresolved."
real_gpt54mini_med_50,run_009,profile.basal.16_00,profile,True,0.5 U/h,keep,0.5 U/h,"Afternoon highs exist, but late-day lows and correction/SMB confounding make a basal increase unsafe to support from this package alone."
real_gpt54mini_med_50,run_009,profile.basal.18_00,profile,True,0.6 U/h,keep,0.6 U/h,Evening lows and automation overlap make this segment too uncertain for a change. The evidence does not isolate a clean basal defect here.
real_gpt54mini_med_50,run_009,profile.basal.19_00,profile,True,0.7 U/h,keep,0.7 U/h,"Keep because late-evening lows could worsen if basal were raised, and the observed glucose pattern is confounded by corrections, IOB, and temp targets."
real_gpt54mini_med_50,run_009,profile.cr.00_00,profile,True,13 g/U,keep,13 g/U,No carb entries or meal-linked response windows exist to validate a change. The observed correction windows do not support a CR revision.
real_gpt54mini_med_50,run_009,profile.cr.04_00,profile,True,11.1 g/U,keep,11.1 g/U,"CR cannot be isolated without meal logs. The data are dominated by correction and automation effects, so a change would be speculative."
real_gpt54mini_med_50,run_009,profile.cr.08_00,profile,True,13.2 g/U,keep,13.2 g/U,"Morning and midday highs may reflect meals, but no meal timing or carb count is available. Keep until a logged meal shows repeatable under-coverage."
real_gpt54mini_med_50,run_009,profile.cr.16_00,profile,True,10.5 g/U,keep,10.5 g/U,"Afternoon hyperglycemia could be meal-related, but the same hours also show automation and IOB effects. The package does not isolate CR as the cause."
real_gpt54mini_med_50,run_009,profile.cr.20_00,profile,True,12.6 g/U,keep,12.6 g/U,Evening lows and corrections make this segment unsafe to adjust without meal-linked evidence. No supported signal for change is present.
real_gpt54mini_med_50,run_009,profile.isf.00_00,profile,True,56 mg/dL/U,keep,56 mg/dL/U,"Correction responses are mixed and heavily confounded by IOB, SMB/UAM, and changing glucose trends. The data do not support a reliable ISF change."
real_gpt54mini_med_50,run_009,profile.target.00_00,profile,True,90 mg/dL,keep,90 mg/dL,Targets are already fairly tight and changing them would alter automation behavior before the basal question is resolved. No clear need to shift target is demonstrated.
real_gpt54mini_med_50,run_009,profile.target.08_00,profile,True,100 mg/dL,keep,100 mg/dL,Daytime highs alone are not enough to justify target changes because meal and automation confounding remains high. Keep until basal and meal timing are clearer.
real_gpt54mini_med_50,run_009,profile.target.23_00,profile,True,90 mg/dL,keep,90 mg/dL,"Night lows are the main safety issue, so raising or lowering target now would be premature without a clean fasting test. The current value should be retained for review."
real_gpt54mini_med_50,run_009,profile.dia,profile,True,10 h,keep,10 h,DIA cannot be validated from these confounded correction windows. The observed IOB and automation behavior do not justify a DIA change.
real_gpt54mini_med_50,run_009,aaps.core.smb_uam,aaps,True,smb_enabled=true; uam_enabled=true,keep,smb_enabled=true; uam_enabled=true,"SMB and UAM are active and appear to be compensating for glycemic variability rather than causing a clear safety problem. No component is missing, so verification is not required."
real_gpt54mini_med_50,run_009,aaps.core.smb_activation,aaps,True,smb_always_enabled=true; smb_with_cob_enabled=false; smb_after_carbs_enabled=false; smb_with_temp_target_enabled=true; smb_with_high_temp_target_enabled=false,keep,smb_always_enabled=true; smb_with_cob_enabled=false; smb_after_carbs_enabled=false; smb_with_temp_target_enabled=true; smb_with_high_temp_target_enabled=false,"The activation conditions are internally consistent and do not show a material safety conflict. UAM is not duplicate COB counting, and no null components require verification."
real_gpt54mini_med_50,run_009,aaps.core.smb_delivery,aaps,True,smb_interval_minutes=3 min; max_smb_basal_minutes=15 min; max_uam_smb_basal_minutes=20 min,keep,smb_interval_minutes=3 min; max_smb_basal_minutes=15 min; max_uam_smb_basal_minutes=20 min,The SMB timing and caps are plausible for an active automated system and do not appear to be the primary bottleneck in the reviewed data. A change is not supported without meal-linked evidence.
real_gpt54mini_med_50,run_009,aaps.core.safety_limits,aaps,True,max_basal_u_per_hour=12 U/h; max_iob_units=25 U,keep,max_basal_u_per_hour=12 U/h; max_iob_units=25 U,"There is no evidence that these limits are constraining the observed loop responses. Excess IOB is not demonstrated as a settings problem here, so no change is supported."
real_gpt54mini_med_50,run_009,aaps.core.sensitivity,aaps,True,autosens_enabled=false; dynamic_sensitivity_enabled=true; autosens_raises_target=false; autosens_lowers_target=false; dynamic_isf_adjustment_factor_percent=70 %,keep,autosens_enabled=false; dynamic_sensitivity_enabled=true; autosens_raises_target=false; autosens_lowers_target=false; dynamic_isf_adjustment_factor_percent=70 %,"Dynamic sensitivity is active and a sensitivity_ratio near 1 is neutral, not disabled Autosens. The package does not isolate a sensitivity setting problem from basal or meal timing."
real_gpt54mini_med_50,run_009,aaps.core.carb_absorption,aaps,True,min_5m_carbimpact=8 mg/dL/5 min; meal_max_absorption_hours=7 h,keep,min_5m_carbimpact=8 mg/dL/5 min; meal_max_absorption_hours=7 h,"There is no carb or e-carb evidence to validate a change to the absorption model. Without meal-linked data, adjusting these values would be speculative."
real_gpt54mini_med_50,run_010,profile.basal.00_00,profile,True,0.6 U/h,keep,0.6 U/h,"Overnight lows exist, but the data do not separate basal effect from IOB and late corrections. Changing this together with other basal blocks would be unsafe without fasting confirmation, so keep for now."
real_gpt54mini_med_50,run_010,profile.basal.05_00,profile,True,0.7 U/h,keep,0.7 U/h,"Morning and afternoon patterns are mixed, and there is no clean fasting block showing that this segment is wrong. Meal and automation confounding prevents a supported change."
real_gpt54mini_med_50,run_010,profile.basal.06_00,profile,True,0.8 U/h,keep,0.8 U/h,"The package shows later daytime highs but also significant lows elsewhere, so a morning increase would be speculative. No meal-linked or fasting-only evidence separates basal from correction effects."
real_gpt54mini_med_50,run_010,profile.basal.10_00,profile,True,0.7 U/h,keep,0.7 U/h,"Late morning and midday highs may reflect meal timing, but carb data are absent and SMB/UAM is active. That makes a basal change unsupported at this stage."
real_gpt54mini_med_50,run_010,profile.basal.16_00,profile,True,0.5 U/h,keep,0.5 U/h,"Afternoon local-time glucose is highest, but the same period is likely influenced by meals, corrections, and automation. Because lows also occur in adjacent windows, the evidence is not clean enough to increase this basal segment."
real_gpt54mini_med_50,run_010,profile.basal.18_00,profile,True,0.6 U/h,keep,0.6 U/h,"Late-evening lows argue for caution, but the contribution of recent insulin and loop response cannot be separated. Keep until fasting overnight behavior is clearer."
real_gpt54mini_med_50,run_010,profile.basal.19_00,profile,True,0.7 U/h,keep,0.7 U/h,"This window overlaps with documented below-range exposure, yet the package cannot separate basal from IOB and correction effects. A change would risk worsening lows without stronger evidence."
real_gpt54mini_med_50,run_010,profile.cr.00_00,profile,True,13 g/U,keep,13 g/U,"There are no meal carb records to validate overnight or evening CR performance. Correction windows are mixed, so changing CR would be unsupported."
real_gpt54mini_med_50,run_010,profile.cr.04_00,profile,True,11.1 g/U,keep,11.1 g/U,"Early-morning glucose behavior is confounded by IOB, low exposure, and absent meal logs. No meal-linked evidence justifies a CR edit."
real_gpt54mini_med_50,run_010,profile.cr.08_00,profile,True,13.2 g/U,keep,13.2 g/U,"Midmorning and afternoon highs may be meal-related, but without carb entries the CR cannot be tested. Keep until meal-linked observation is available."
real_gpt54mini_med_50,run_010,profile.cr.16_00,profile,True,10.5 g/U,keep,10.5 g/U,"This is the most plausible meal window for the afternoon rise, but the package still cannot separate meal, correction, and automation effects. Changing CR now would be speculative."
real_gpt54mini_med_50,run_010,profile.cr.20_00,profile,True,12.6 g/U,keep,12.6 g/U,"Evening lows and corrections make this window especially vulnerable to over-insulinization. The data do not support a safer, better CR value yet."
real_gpt54mini_med_50,run_010,profile.isf.00_00,profile,True,56 mg/dL/U,keep,56 mg/dL/U,"Correction response is mixed rather than clearly too weak or too strong, and dynamic sensitivity is already active. No clean correction-only dataset shows that this ISF needs revision."
real_gpt54mini_med_50,run_010,profile.target.00_00,profile,True,90 mg/dL,keep,90 mg/dL,"Overnight lows argue against lowering targets, while overall control is already good. Keep until fasting overnight stability is better verified."
real_gpt54mini_med_50,run_010,profile.target.08_00,profile,True,100 mg/dL,keep,100 mg/dL,"Morning highs alone do not justify a lower target because meal and automation effects remain unresolved, and hypoglycemia risk is present. Keep."
real_gpt54mini_med_50,run_010,profile.target.23_00,profile,True,90 mg/dL,keep,90 mg/dL,Late-evening and overnight lows make target reductions inappropriate. The current target should remain until a clearer fasting pattern is observed.
real_gpt54mini_med_50,run_010,profile.dia,profile,True,10 h,keep,10 h,The long insulin tail is consistent with the mixed late effects seen in therapy-response windows. There is no direct evidence that a different DIA would better fit the observed pattern.
real_gpt54mini_med_50,run_010,aaps.core.smb_uam,aaps,True,smb_enabled=true; uam_enabled=true,keep,smb_enabled=true; uam_enabled=true,The active SMB/UAM setup appears coherent and is likely helping compensate for delayed or unlogged rises. No settings conflict or safety failure is visible.
real_gpt54mini_med_50,run_010,aaps.core.smb_activation,aaps,True,smb_always_enabled=true; smb_with_cob_enabled=false; smb_after_carbs_enabled=false; smb_with_temp_target_enabled=true; smb_with_high_temp_target_enabled=false,keep,smb_always_enabled=true; smb_with_cob_enabled=false; smb_after_carbs_enabled=false; smb_with_temp_target_enabled=true; smb_with_high_temp_target_enabled=false,The activation conditions are internally consistent and match the observed loop behavior. No material inconsistency or safety concern requires a change.
real_gpt54mini_med_50,run_010,aaps.core.smb_delivery,aaps,True,smb_interval_minutes=3 min; max_smb_basal_minutes=15 min; max_uam_smb_basal_minutes=20 min,keep,smb_interval_minutes=3 min; max_smb_basal_minutes=15 min; max_uam_smb_basal_minutes=20 min,"The package does not show excessive SMB ceilings or an obvious timing defect. Because lows already occur, increasing SMB frequency or duration would be unsafe without better meal linkage."
real_gpt54mini_med_50,run_010,aaps.core.safety_limits,aaps,True,max_basal_u_per_hour=12 U/h; max_iob_units=25 U,keep,max_basal_u_per_hour=12 U/h; max_iob_units=25 U,"Observed loop rates and IOB are well below these ceilings. The package does not show a limit problem, only physiologic risk from insulin exposure in some windows."
real_gpt54mini_med_50,run_010,aaps.core.sensitivity,aaps,True,autosens_enabled=false; dynamic_sensitivity_enabled=true; autosens_raises_target=false; autosens_lowers_target=false; dynamic_isf_adjustment_factor_percent=70 %,keep,autosens_enabled=false; dynamic_sensitivity_enabled=true; autosens_raises_target=false; autosens_lowers_target=false; dynamic_isf_adjustment_factor_percent=70 %,"Dynamic sensitivity is functioning and the current sensitivity_ratio of 1 is neutral, not a fault. No evidence supports changing sensitivity controls while meal and correction effects remain unresolved."
real_gpt54mini_med_50,run_010,aaps.core.carb_absorption,aaps,True,min_5m_carbimpact=8 mg/dL/5 min; meal_max_absorption_hours=7 h,keep,min_5m_carbimpact=8 mg/dL/5 min; meal_max_absorption_hours=7 h,There is no logged carb data or recurring e-carb pattern to justify changing the absorption model. The delayed-response context is plausible but not proven well enough for a profile change.
real_gpt54mini_med_50,run_011,profile.basal.00_00,profile,True,0.6 U/h,keep,0.6 U/h,"Overnight lows are present, but the dataset does not isolate fasting basal effect from corrections, temp targets, or residual IOB. A change is unsupported without a cleaner overnight test."
real_gpt54mini_med_50,run_011,profile.basal.05_00,profile,True,0.7 U/h,keep,0.7 U/h,"Morning glucose rises are visible, but they may reflect meal timing or automation rather than basal insufficiency. The evidence is not specific enough for a dependent basal change."
real_gpt54mini_med_50,run_011,profile.basal.06_00,profile,True,0.8 U/h,keep,0.8 U/h,The morning segment is mixed and confounded by transition effects. There is no isolated fasting evidence that supports changing this segment now.
real_gpt54mini_med_50,run_011,profile.basal.10_00,profile,True,0.7 U/h,keep,0.7 U/h,"Late-morning rises occur, but meal and correction effects are not separable, so a basal edit would be speculative."
real_gpt54mini_med_50,run_011,profile.basal.16_00,profile,True,0.5 U/h,keep,0.5 U/h,"This segment overlaps the strongest hyperglycemia window, but the same hours also include temp targets, SMB activity, and likely meal effects. The evidence is insufficient to change a dependent basal setting."
real_gpt54mini_med_50,run_011,profile.basal.18_00,profile,True,0.6 U/h,keep,0.6 U/h,"Evening lows recur in this broader period, so increasing basal would be unsafe. A reduction is also not supported without a fasting or meal-separated trace."
real_gpt54mini_med_50,run_011,profile.basal.19_00,profile,True,0.7 U/h,keep,0.7 U/h,Late-evening glucose is variable and confounded by IOB and corrections. There is no clean basis for a profile change.
real_gpt54mini_med_50,run_011,profile.cr.00_00,profile,True,13 g/U,keep,13 g/U,"No carb treatment entries are present, so meal sensitivity cannot be evaluated. Keeping the existing ratio avoids an unsupported change."
real_gpt54mini_med_50,run_011,profile.cr.04_00,profile,True,11.1 g/U,keep,11.1 g/U,"There is no meal-linked evidence for early-morning carb handling, and corrections dominate the available response windows."
real_gpt54mini_med_50,run_011,profile.cr.08_00,profile,True,13.2 g/U,keep,13.2 g/U,"The late-morning rise may be meal-related, but the package lacks carb records and prebolus data. A CR change is not supported."
real_gpt54mini_med_50,run_011,profile.cr.16_00,profile,True,10.5 g/U,keep,10.5 g/U,"Afternoon highs occur, yet the same window is confounded by SMB/UAM, temp targets, and several correction effects. A CR change would be premature."
real_gpt54mini_med_50,run_011,profile.cr.20_00,profile,True,12.6 g/U,keep,12.6 g/U,"The evening period includes both lows and highs, but no meal-linked data exist to justify changing evening carb ratio."
real_gpt54mini_med_50,run_011,profile.isf.00_00,profile,True,56 mg/dL/U,keep,56 mg/dL/U,"Correction responses are variable and strongly influenced by IOB, automation, and likely meal timing. The evidence does not support a static ISF change."
real_gpt54mini_med_50,run_011,profile.target.00_00,profile,True,90 mg/dL,keep,90 mg/dL,"Overnight lows are a safety concern, so lowering targets would be unsafe. Raising them is not supported without a cleaner overnight pattern."
real_gpt54mini_med_50,run_011,profile.target.08_00,profile,True,100 mg/dL,keep,100 mg/dL,"The daytime rise is real, but the data do not prove that target reduction would be the right lever because meals and automation effects are not separated."
real_gpt54mini_med_50,run_011,profile.target.23_00,profile,True,90 mg/dL,keep,90 mg/dL,"Late-day lows are already present, so lowering the target is not supported. A change would be unsafe without more structured overnight evidence."
real_gpt54mini_med_50,run_011,profile.dia,profile,True,10 h,keep,10 h,"The correction-response data are too confounded to justify changing DIA, especially with Dynamic ISF active and no meal data available."
real_gpt54mini_med_50,run_011,aaps.core.smb_uam,aaps,True,smb_enabled=true; uam_enabled=true,keep,smb_enabled=true; uam_enabled=true,SMB/UAM is active and coherent with the observed loop behavior. There is no evidence that it is misconfigured or should be changed before basal and meal separation is improved.
real_gpt54mini_med_50,run_011,aaps.core.smb_activation,aaps,True,smb_always_enabled=true; smb_with_cob_enabled=false; smb_after_carbs_enabled=false; smb_with_temp_target_enabled=true; smb_with_high_temp_target_enabled=false,keep,smb_always_enabled=true; smb_with_cob_enabled=false; smb_after_carbs_enabled=false; smb_with_temp_target_enabled=true; smb_with_high_temp_target_enabled=false,"The activation rules match the observed use of temp targets and SMB behavior. No material inconsistency is shown by the telemetry, and changing these rules would be dependent on clearer meal data."
real_gpt54mini_med_50,run_011,aaps.core.smb_delivery,aaps,True,smb_interval_minutes=3 min; max_smb_basal_minutes=15 min; max_uam_smb_basal_minutes=20 min,keep,smb_interval_minutes=3 min; max_smb_basal_minutes=15 min; max_uam_smb_basal_minutes=20 min,The observed insulin delivery fits a functioning SMB system. There is no telemetry-based reason to modify interval or limits before the underlying glucose pattern is better separated.
real_gpt54mini_med_50,run_011,aaps.core.safety_limits,aaps,True,max_basal_u_per_hour=12 U/h; max_iob_units=25 U,keep,max_basal_u_per_hour=12 U/h; max_iob_units=25 U,"Observed rates and IOB do not show the limits being the active bottleneck. The raw safety-multiplier mismatch should be confirmed in the UI, but this item itself does not justify a change."
real_gpt54mini_med_50,run_011,aaps.core.sensitivity,aaps,True,autosens_enabled=false; dynamic_sensitivity_enabled=true; autosens_raises_target=false; autosens_lowers_target=false; dynamic_isf_adjustment_factor_percent=70 %,keep,autosens_enabled=false; dynamic_sensitivity_enabled=true; autosens_raises_target=false; autosens_lowers_target=false; dynamic_isf_adjustment_factor_percent=70 %,"Dynamic ISF is active and Autosens is intentionally off. A sensitivity_ratio of 1 is neutral, not evidence of a disabled feature, and the current data do not support a change."
real_gpt54mini_med_50,run_011,aaps.core.carb_absorption,aaps,True,min_5m_carbimpact=8 mg/dL/5 min; meal_max_absorption_hours=7 h,keep,min_5m_carbimpact=8 mg/dL/5 min; meal_max_absorption_hours=7 h,"No carb or e-carb entries are present, so there is no meal-linked evidence to tune absorption modeling. Keeping the current settings avoids inventing a pattern that is not shown in the package."
real_gpt54mini_med_50,run_012,profile.basal.00_00,profile,True,0.6 U/h,keep,0.6 U/h,"Overnight glucose is comparatively stable, so there is no supported reason to change the midnight basal segment. The daytime rise is the main issue, but it is not attributable to this segment alone."
real_gpt54mini_med_50,run_012,profile.basal.05_00,profile,True,0.7 U/h,keep,0.7 U/h,"Early-morning control is generally stable, and the available data do not isolate this segment as a problem. Any change would be speculative because meal and target effects remain confounded."
real_gpt54mini_med_50,run_012,profile.basal.06_00,profile,True,0.8 U/h,keep,0.8 U/h,The early-day profile is not clearly failing in the supplied telemetry. The later daytime rise could reflect meal or delivery effects rather than this basal segment.
real_gpt54mini_med_50,run_012,profile.basal.10_00,profile,True,0.7 U/h,keep,0.7 U/h,"There is a daytime rise in the local trace, but it is not separable from meals, temporary targets, and correction/automation behavior. Changing this segment now would be premature."
real_gpt54mini_med_50,run_012,profile.basal.16_00,profile,True,0.5 U/h,keep,0.5 U/h,"This is near the period of strongest highs, but the highs are confounded by meal strategy, IOB, temporary targets, and a pump event. The evidence is not specific enough to justify a change."
real_gpt54mini_med_50,run_012,profile.basal.18_00,profile,True,0.6 U/h,keep,0.6 U/h,"Evening control includes both lows and recoveries, so the segment should not be adjusted without clearer meal-linked evidence. The current dataset does not isolate this basal from correction and SMB effects."
real_gpt54mini_med_50,run_012,profile.basal.19_00,profile,True,0.7 U/h,keep,0.7 U/h,"There are recurrent lower-glucose periods later in the day, so increasing this segment would raise hypoglycemia risk. No supported evidence shows the current rate is too low in isolation."
real_gpt54mini_med_50,run_012,profile.cr.00_00,profile,True,13 g/U,keep,13 g/U,"No carb entries are available, so there is no direct meal evidence to support changing this ratio. Correction windows alone are not enough to retune CR."
real_gpt54mini_med_50,run_012,profile.cr.04_00,profile,True,11.1 g/U,keep,11.1 g/U,"Meal-linked evidence is absent, and the observed glucose pattern does not isolate this early-morning ratio. Changing CR without meal timing would be unsupported."
real_gpt54mini_med_50,run_012,profile.cr.08_00,profile,True,13.2 g/U,keep,13.2 g/U,"The late-morning rise could involve this time block, but there are no carb records to separate meal coverage from basal or automation effects. The evidence is insufficient for a CR change."
real_gpt54mini_med_50,run_012,profile.cr.16_00,profile,True,10.5 g/U,keep,10.5 g/U,"This segment coincides with the afternoon rise, but the same period also contains lows, temp targets, and a pump event. Without meal logs, changing CR would be speculative and could worsen hypoglycemia risk."
real_gpt54mini_med_50,run_012,profile.cr.20_00,profile,True,12.6 g/U,keep,12.6 g/U,"Evening glucose includes both lows and mixed correction responses, but no meal data separate CR effects from automation and IOB. No supported change is available."
real_gpt54mini_med_50,run_012,profile.isf.00_00,profile,True,56 mg/dL/U,keep,56 mg/dL/U,"The correction response windows are variable and sometimes confounded by lows, rebounds, and delivery events. That variability does not isolate a flat ISF change as the best next step."
real_gpt54mini_med_50,run_012,profile.target.00_00,profile,True,90 mg/dL,keep,90 mg/dL,"The profile already uses temporary targets tactically, and overnight control is comparatively stable. A target change is not supported by the data."
real_gpt54mini_med_50,run_012,profile.target.08_00,profile,True,100 mg/dL,keep,100 mg/dL,"The daytime rise is not cleanly attributable to the target segment because meals, automation, and temporary targets remain confounded. Changing target now would be premature."
real_gpt54mini_med_50,run_012,profile.target.23_00,profile,True,90 mg/dL,keep,90 mg/dL,"Nighttime control is relatively stable, so the late-night target does not need adjustment on the current evidence."
real_gpt54mini_med_50,run_012,profile.dia,profile,True,10 h,keep,10 h,"The correction and IOB behavior does not clearly prove that DIA is too short or too long. The dataset lacks meal-linked bolus timing, so no DIA change is supported."
real_gpt54mini_med_50,run_012,aaps.core.smb_uam,aaps,True,smb_enabled=true; uam_enabled=true,keep,smb_enabled=true; uam_enabled=true,SMB and UAM are active and consistent with the observed closed-loop behavior. There is no evidence that disabling or changing them would better explain the pattern.
real_gpt54mini_med_50,run_012,aaps.core.smb_activation,aaps,True,smb_always_enabled=true; smb_with_cob_enabled=false; smb_after_carbs_enabled=false; smb_with_temp_target_enabled=true; smb_with_high_temp_target_enabled=false,keep,smb_always_enabled=true; smb_with_cob_enabled=false; smb_after_carbs_enabled=false; smb_with_temp_target_enabled=true; smb_with_high_temp_target_enabled=false,The activation logic matches the observed loop behavior and does not appear to be suppressing needed insulin. Meal-linked evidence is still insufficient to justify altering activation rules.
real_gpt54mini_med_50,run_012,aaps.core.smb_delivery,aaps,True,smb_interval_minutes=3 min; max_smb_basal_minutes=15 min; max_uam_smb_basal_minutes=20 min,keep,smb_interval_minutes=3 min; max_smb_basal_minutes=15 min; max_uam_smb_basal_minutes=20 min,The supplied logs do not show the configured interval or SMB duration limits as the limiting factor. Waiting messages in loop text are not evidence that the SMB interval is mis-set.
real_gpt54mini_med_50,run_012,aaps.core.safety_limits,aaps,True,max_basal_u_per_hour=12 U/h; max_iob_units=25 U,keep,max_basal_u_per_hour=12 U/h; max_iob_units=25 U,"Observed enacted rates and IOB remain below these ceilings, so they are not binding in the supplied period. No data support changing these limits."
real_gpt54mini_med_50,run_012,aaps.core.sensitivity,aaps,True,autosens_enabled=false; dynamic_sensitivity_enabled=true; autosens_raises_target=false; autosens_lowers_target=false; dynamic_isf_adjustment_factor_percent=70 %,keep,autosens_enabled=false; dynamic_sensitivity_enabled=true; autosens_raises_target=false; autosens_lowers_target=false; dynamic_isf_adjustment_factor_percent=70 %,A sensitivity_ratio of 1 is neutral and does not imply a disabled adjustment system. Dynamic ISF is active and the data do not show that enabling Autosens would clearly solve the observed pattern.
real_gpt54mini_med_50,run_012,aaps.core.carb_absorption,aaps,True,min_5m_carbimpact=8 mg/dL/5 min; meal_max_absorption_hours=7 h,keep,min_5m_carbimpact=8 mg/dL/5 min; meal_max_absorption_hours=7 h,"There are no carb treatment entries or extended-carb patterns in the dataset, so there is no basis for retuning carb absorption assumptions."
real_gpt54mini_med_50,run_013,profile.basal.00_00,profile,True,0.6 U/h,keep,0.6 U/h,Overnight glucose is broadly stable and there is no fasting-like window proving this segment is too low or too high. The observed lows are not isolated to this segment and may be driven by corrections or automation. Changing basal together with other settings would be unsafe without cleaner attribution.
real_gpt54mini_med_50,run_013,profile.basal.05_00,profile,True,0.7 U/h,keep,0.7 U/h,Early-morning glucose is acceptable overall and there is no isolated dawn-pattern evidence that this segment needs adjustment. Later rises and lows remain confounded by meal and correction effects.
real_gpt54mini_med_50,run_013,profile.basal.06_00,profile,True,0.8 U/h,keep,0.8 U/h,"Morning values do not show a clear basal failure separate from meal and automation effects. Because recurrent lows are present elsewhere, increasing basal here without a cleaner test could worsen safety."
real_gpt54mini_med_50,run_013,profile.basal.10_00,profile,True,0.7 U/h,keep,0.7 U/h,Late-morning patterns do not isolate basal need from meal timing. The available data do not justify changing this segment independently.
real_gpt54mini_med_50,run_013,profile.basal.16_00,profile,True,0.5 U/h,keep,0.5 U/h,"Although local-time glucose rises in the afternoon, the rise overlaps with corrections, temp targets, SMB/UAM, and a profile switch, so it cannot be assigned to this segment alone. The later 18:00-19:00 lows also argue against an unverified increase."
real_gpt54mini_med_50,run_013,profile.basal.18_00,profile,True,0.6 U/h,keep,0.6 U/h,The 18:00 local window already shows substantial below-range exposure. Raising this segment would increase low risk without clean evidence that basal is the cause of the evening pattern.
real_gpt54mini_med_50,run_013,profile.basal.19_00,profile,True,0.7 U/h,keep,0.7 U/h,Evening glucose trends lower and below-range time is elevated around this window. A stronger basal here would be difficult to justify and could worsen hypoglycemia.
real_gpt54mini_med_50,run_013,profile.cr.00_00,profile,True,13 g/U,keep,13 g/U,There are no carb logs or meal-linked responses to validate a change. The mixed correction windows and active SMB/UAM make it impossible to separate CR from other influences.
real_gpt54mini_med_50,run_013,profile.cr.04_00,profile,True,11.1 g/U,keep,11.1 g/U,"No meal data are available to test this ratio, and the observed pattern does not isolate early-morning meal handling from corrections or overnight variability."
real_gpt54mini_med_50,run_013,profile.cr.08_00,profile,True,13.2 g/U,keep,13.2 g/U,Morning and mid-day responses are confounded by missing meal logs. The current evidence does not support a safe CR change.
real_gpt54mini_med_50,run_013,profile.cr.16_00,profile,True,10.5 g/U,keep,10.5 g/U,"Afternoon hyperglycemia is present, but it is not cleanly attributable to a meal ratio because corrections, automation, and temp targets overlap that period. Changing this CR now would be speculative."
real_gpt54mini_med_50,run_013,profile.cr.20_00,profile,True,12.6 g/U,keep,12.6 g/U,"No evening meal data were provided. The late-evening lows make a stronger ratio potentially risky, and there is no direct evidence that this segment is wrong."
real_gpt54mini_med_50,run_013,profile.isf.00_00,profile,True,56 mg/dL/U,keep,56 mg/dL/U,"Correction responses are mixed and dynamic sensitivity is already active. There is no isolated correction challenge that supports changing ISF safely, especially with recurrent lows."
real_gpt54mini_med_50,run_013,profile.target.00_00,profile,True,90 mg/dL,keep,90 mg/dL,The overnight target is already modest and overnight control is broadly acceptable. Raising or lowering the target would not be the first safe move given the current low exposure and confounding.
real_gpt54mini_med_50,run_013,profile.target.08_00,profile,True,100 mg/dL,keep,100 mg/dL,"The daytime target is not clearly the cause of the afternoon highs, and the current data do not justify changing it before meal and correction causes are separated."
real_gpt54mini_med_50,run_013,profile.target.23_00,profile,True,90 mg/dL,keep,90 mg/dL,There is no clean evidence that the late-night target is responsible for the observed lows or highs. A target change would be less safe than better observation.
real_gpt54mini_med_50,run_013,profile.dia,profile,True,10 h,keep,10 h,"DIA cannot be validated from the available windows because insulin action is mixed with SMB/UAM, temp basals, and corrections. No data justify changing it now."
real_gpt54mini_med_50,run_013,aaps.core.smb_uam,aaps,True,smb_enabled=true; uam_enabled=true,keep,smb_enabled=true; uam_enabled=true,The telemetry shows SMB and UAM are functioning as intended and are part of the current control strategy. There is no safety reason to disable them based on this dataset.
real_gpt54mini_med_50,run_013,aaps.core.smb_activation,aaps,True,smb_always_enabled=true; smb_with_cob_enabled=false; smb_after_carbs_enabled=false; smb_with_temp_target_enabled=true; smb_with_high_temp_target_enabled=false,keep,smb_always_enabled=true; smb_with_cob_enabled=false; smb_after_carbs_enabled=false; smb_with_temp_target_enabled=true; smb_with_high_temp_target_enabled=false,"This activation logic is internally consistent and matches the observed use of SMB/UAM. The absence of carb entries means COB-gated behavior cannot be tested, but that is not a reason to change the setting."
real_gpt54mini_med_50,run_013,aaps.core.smb_delivery,aaps,True,smb_interval_minutes=3 min; max_smb_basal_minutes=15 min; max_uam_smb_basal_minutes=20 min,keep,smb_interval_minutes=3 min; max_smb_basal_minutes=15 min; max_uam_smb_basal_minutes=20 min,The short SMB interval and limits align with the observed microbolusing behavior and do not appear to be causing a safety ceiling problem. The pattern issues are more likely upstream than in these frequency limits.
real_gpt54mini_med_50,run_013,aaps.core.safety_limits,aaps,True,max_basal_u_per_hour=12 U/h; max_iob_units=25 U,keep,max_basal_u_per_hour=12 U/h; max_iob_units=25 U,Observed delivery never approaches these ceilings. The system is not being held back by max basal or max IOB in the supplied data.
real_gpt54mini_med_50,run_013,aaps.core.sensitivity,aaps,True,autosens_enabled=false; dynamic_sensitivity_enabled=true; autosens_raises_target=false; autosens_lowers_target=false; dynamic_isf_adjustment_factor_percent=70 %,keep,autosens_enabled=false; dynamic_sensitivity_enabled=true; autosens_raises_target=false; autosens_lowers_target=false; dynamic_isf_adjustment_factor_percent=70 %,"Dynamic sensitivity is active, so sensitivity adjustment is not disabled. Sensitivity_ratio values near 1 are neutral rather than a fault. There is no isolated test that supports changing this group."
real_gpt54mini_med_50,run_013,aaps.core.carb_absorption,aaps,True,min_5m_carbimpact=8 mg/dL/5 min; meal_max_absorption_hours=7 h,keep,min_5m_carbimpact=8 mg/dL/5 min; meal_max_absorption_hours=7 h,"The dataset contains no carb entries and no e-carb observations, so there is no evidence to tune absorption settings. Changing this model without meal-linked data would be speculative."
real_gpt54mini_med_50,run_014,profile.basal.00_00,profile,True,0.6 U/h,keep,0.6 U/h,"Overnight lows exist, but they are not isolated from IOB, corrections, or temp targets. A change here would be premature without a quiet overnight verification."
real_gpt54mini_med_50,run_014,profile.basal.05_00,profile,True,0.7 U/h,keep,0.7 U/h,"The early morning window is close to target overall, and the available data do not separate basal need from residual IOB or correction effects."
real_gpt54mini_med_50,run_014,profile.basal.06_00,profile,True,0.8 U/h,keep,0.8 U/h,There is no isolated fasting evidence showing this segment is clearly too high or too low. Daytime patterns are likely meal-related or mixed with automation effects.
real_gpt54mini_med_50,run_014,profile.basal.10_00,profile,True,0.7 U/h,keep,0.7 U/h,"Midday hyperglycemia is present, but the data do not separate meal coverage from basal need. Changing this segment now would risk chasing an unisolated pattern."
real_gpt54mini_med_50,run_014,profile.basal.16_00,profile,True,0.5 U/h,keep,0.5 U/h,"The highest glucose period overlaps this segment, but meals, SMB, and corrections are confounders. The evidence is not strong enough to support a basal increase or decrease here."
real_gpt54mini_med_50,run_014,profile.basal.18_00,profile,True,0.6 U/h,keep,0.6 U/h,"There is some low exposure around 18:00 to 19:00 local, but this could reflect IOB or correction carryover rather than basal excess."
real_gpt54mini_med_50,run_014,profile.basal.19_00,profile,True,0.7 U/h,keep,0.7 U/h,"The evening lows are not cleanly attributable to this segment alone, and changing it together with other settings would be unsafe."
real_gpt54mini_med_50,run_014,profile.cr.00_00,profile,True,13 g/U,keep,13 g/U,"No meal carb data exist, so there is no supported way to judge this ratio separately from bolus timing or automation behavior."
real_gpt54mini_med_50,run_014,profile.cr.04_00,profile,True,11.1 g/U,keep,11.1 g/U,This segment cannot be validated without meal-linked bolus data. Correction responses alone are too confounded to support a change.
real_gpt54mini_med_50,run_014,profile.cr.08_00,profile,True,13.2 g/U,keep,13.2 g/U,"Late morning highs may reflect meal timing, but the available evidence does not isolate carb ratio as the cause."
real_gpt54mini_med_50,run_014,profile.cr.16_00,profile,True,10.5 g/U,keep,10.5 g/U,"This is the most plausible meal-related window for the daytime rise, but there is still no carb entry evidence to justify changing CR now."
real_gpt54mini_med_50,run_014,profile.cr.20_00,profile,True,12.6 g/U,keep,12.6 g/U,"Evening control is mixed, but the lows near night and the correction variability make a CR change unsupported."
real_gpt54mini_med_50,run_014,profile.isf.00_00,profile,True,56 mg/dL/U,keep,56 mg/dL/U,"Correction responses are inconsistent, and dynamic sensitivity is active. The data do not support changing ISF without a cleaner isolated correction test."
real_gpt54mini_med_50,run_014,profile.target.00_00,profile,True,90 mg/dL,keep,90 mg/dL,The overnight target is not clearly the problem; the observed lows are more likely from insulin stacking or timing than from the target alone.
real_gpt54mini_med_50,run_014,profile.target.08_00,profile,True,100 mg/dL,keep,100 mg/dL,"Daytime highs are present, but there is not enough evidence to justify adjusting the target before separating meal and basal effects."
real_gpt54mini_med_50,run_014,profile.target.23_00,profile,True,90 mg/dL,keep,90 mg/dL,"The late-evening lows are safety-relevant, but changing target alongside basal or automation would confound interpretation."
real_gpt54mini_med_50,run_014,profile.dia,profile,True,10 h,keep,10 h,"IOB carryover may be contributing to lows, but the data do not provide an isolated insulin action curve to support changing DIA."
real_gpt54mini_med_50,run_014,aaps.core.smb_uam,aaps,True,smb_enabled=true; uam_enabled=true,keep,smb_enabled=true; uam_enabled=true,SMB and UAM are active and consistent with the observed closed-loop behavior. Changing them now would remove a compensation layer before the root cause is separated.
real_gpt54mini_med_50,run_014,aaps.core.smb_activation,aaps,True,smb_always_enabled=true; smb_with_cob_enabled=false; smb_after_carbs_enabled=false; smb_with_temp_target_enabled=true; smb_with_high_temp_target_enabled=false,keep,smb_always_enabled=true; smb_with_cob_enabled=false; smb_after_carbs_enabled=false; smb_with_temp_target_enabled=true; smb_with_high_temp_target_enabled=false,The configuration is internally consistent and matches the observed SMB use without COB entries. No material inconsistency or safety concern justifies changing it.
real_gpt54mini_med_50,run_014,aaps.core.smb_delivery,aaps,True,smb_interval_minutes=3 min; max_smb_basal_minutes=15 min; max_uam_smb_basal_minutes=20 min,keep,smb_interval_minutes=3 min; max_smb_basal_minutes=15 min; max_uam_smb_basal_minutes=20 min,The cadence is aggressive but standard for AAPS and does not appear to be driving an unsafe signal in the supplied data.
real_gpt54mini_med_50,run_014,aaps.core.safety_limits,aaps,True,max_basal_u_per_hour=12 U/h; max_iob_units=25 U,keep,max_basal_u_per_hour=12 U/h; max_iob_units=25 U,"Observed enactments stay well below these ceilings, so the limits do not appear to be the cause of the glucose pattern and need not be changed."
real_gpt54mini_med_50,run_014,aaps.core.sensitivity,aaps,True,autosens_enabled=false; dynamic_sensitivity_enabled=true; autosens_raises_target=false; autosens_lowers_target=false; dynamic_isf_adjustment_factor_percent=70 %,keep,autosens_enabled=false; dynamic_sensitivity_enabled=true; autosens_raises_target=false; autosens_lowers_target=false; dynamic_isf_adjustment_factor_percent=70 %,"A sensitivity_ratio near 1 is neutral, not evidence of a disabled or misconfigured current adjustment. Dynamic ISF is active, but the data do not support a change."
real_gpt54mini_med_50,run_014,aaps.core.carb_absorption,aaps,True,min_5m_carbimpact=8 mg/dL/5 min; meal_max_absorption_hours=7 h,keep,min_5m_carbimpact=8 mg/dL/5 min; meal_max_absorption_hours=7 h,"There are no carb treatment entries or extended carb entries, so this setting cannot be validated from the supplied telemetry. No change is supported."
real_gpt54mini_med_50,run_015,profile.basal.00_00,profile,True,0.6 U/h,keep,0.6 U/h,"No clear overnight under-basalization is shown, and some overnight lows argue against increasing this segment. The daytime rise is confounded by meals, corrections, and automation, so a change is unsupported."
real_gpt54mini_med_50,run_015,profile.basal.05_00,profile,True,0.7 U/h,keep,0.7 U/h,"The early-morning period is not clearly failing on a fasting-like basis, and the available data do not separate basal from meal or correction effects. No supported change."
real_gpt54mini_med_50,run_015,profile.basal.06_00,profile,True,0.8 U/h,keep,0.8 U/h,"This higher morning basal may be part of a normal dawn-rise pattern, but the evidence cannot prove that it is correct or wrong because meal and automation effects overlap. Keep until a fasting-like test separates causes."
real_gpt54mini_med_50,run_015,profile.basal.10_00,profile,True,0.7 U/h,keep,0.7 U/h,"The late-morning rise is real but confounded by meal timing and corrections, so it cannot be assigned to this basal segment with confidence. No change is supported."
real_gpt54mini_med_50,run_015,profile.basal.16_00,profile,True,0.5 U/h,keep,0.5 U/h,"This is the lowest basal segment and overlaps with the highest average glucose period, but that period is also the most confounded by meals, corrections, and automation. Evidence is insufficient for a change, especially with hypoglycemia present elsewhere."
real_gpt54mini_med_50,run_015,profile.basal.18_00,profile,True,0.6 U/h,keep,0.6 U/h,"Evening glucose improves relative to the afternoon, and some lows appear around this broader window. That does not support increasing basal here."
real_gpt54mini_med_50,run_015,profile.basal.19_00,profile,True,0.7 U/h,keep,0.7 U/h,"The available data do not show a stable evening basal deficit, and overnight lows remain a safety constraint. Keep unchanged."
real_gpt54mini_med_50,run_015,profile.cr.00_00,profile,True,13 g/U,keep,13 g/U,"No carb-linked evidence exists to show that this ratio is too weak or too strong. Correction windows alone cannot isolate CR from meal timing, IOB, or automation."
real_gpt54mini_med_50,run_015,profile.cr.04_00,profile,True,11.1 g/U,keep,11.1 g/U,"The data do not include meal timing or carb amounts, so this ratio cannot be validated. Keep until a documented meal episode can separate CR from basal and automation effects."
real_gpt54mini_med_50,run_015,profile.cr.08_00,profile,True,13.2 g/U,keep,13.2 g/U,"Late-morning highs are real, but they are not clearly attributable to this ratio because prebolus timing and meal composition are absent. Changing CR without meal evidence would be speculative."
real_gpt54mini_med_50,run_015,profile.cr.16_00,profile,True,10.5 g/U,keep,10.5 g/U,"The afternoon window shows the highest glucose, but it is also the least separable from meals, corrections, and temporary targets. Because hypoglycemia also occurs, a stronger CR is not yet justified."
real_gpt54mini_med_50,run_015,profile.cr.20_00,profile,True,12.6 g/U,keep,12.6 g/U,"There is no meal-linked evidence to support changing the evening CR, and overnight lows argue for caution with stronger insulin assumptions."
real_gpt54mini_med_50,run_015,profile.isf.00_00,profile,True,56 mg/dL/U,keep,56 mg/dL/U,"Correction responses are mixed and confounded by IOB, temporary targets, and timing. Dynamic sensitivity is already active, so there is no clear reason to change the fixed ISF yet."
real_gpt54mini_med_50,run_015,profile.target.00_00,profile,True,90 mg/dL,keep,90 mg/dL,"Overnight glucose is not clearly too high or too low to justify changing the target, and hypoglycemia risk remains relevant."
real_gpt54mini_med_50,run_015,profile.target.08_00,profile,True,100 mg/dL,keep,100 mg/dL,"The daytime rise is confounded by meals and automation, so a target change would not be well supported. Keep until a cleaner pattern is observed."
real_gpt54mini_med_50,run_015,profile.target.23_00,profile,True,90 mg/dL,keep,90 mg/dL,"Nighttime lows are a concern, so lowering the nighttime target is not supported. Keep unchanged."
real_gpt54mini_med_50,run_015,profile.dia,profile,True,10 h,keep,10 h,The correction and IOB patterns do not clearly show stacking caused by an obviously wrong DIA. There is insufficient evidence to justify changing DIA.
real_gpt54mini_med_50,run_015,aaps.core.smb_uam,aaps,True,smb_enabled=true; uam_enabled=true,keep,smb_enabled=true; uam_enabled=true,"SMB and UAM are operating coherently and appear to be helping with unannounced rise. No safety issue requires disabling them, and the evidence does not support changing both together."
real_gpt54mini_med_50,run_015,aaps.core.smb_activation,aaps,True,smb_always_enabled=true; smb_with_cob_enabled=false; smb_after_carbs_enabled=false; smb_with_temp_target_enabled=true; smb_with_high_temp_target_enabled=false,keep,smb_always_enabled=true; smb_with_cob_enabled=false; smb_after_carbs_enabled=false; smb_with_temp_target_enabled=true; smb_with_high_temp_target_enabled=false,"The activation rules are internally consistent and conservative. The notable interaction is that high temporary targets can blunt SMB response, which explains some higher-glucose windows without proving a defect."
real_gpt54mini_med_50,run_015,aaps.core.smb_delivery,aaps,True,smb_interval_minutes=3 min; max_smb_basal_minutes=15 min; max_uam_smb_basal_minutes=20 min,keep,smb_interval_minutes=3 min; max_smb_basal_minutes=15 min; max_uam_smb_basal_minutes=20 min,"Observed SMB behavior is consistent with these limits, and there is no evidence that the limits are too restrictive or too aggressive. Safety still requires one change at a time, so no adjustment is justified."
real_gpt54mini_med_50,run_015,aaps.core.safety_limits,aaps,True,max_basal_u_per_hour=12 U/h; max_iob_units=25 U,keep,max_basal_u_per_hour=12 U/h; max_iob_units=25 U,"The observed enacted rates and IOB remain well below these ceilings, so the limits are not binding. No change is supported."
real_gpt54mini_med_50,run_015,aaps.core.sensitivity,aaps,True,autosens_enabled=false; dynamic_sensitivity_enabled=true; autosens_raises_target=false; autosens_lowers_target=false; dynamic_isf_adjustment_factor_percent=70 %,keep,autosens_enabled=false; dynamic_sensitivity_enabled=true; autosens_raises_target=false; autosens_lowers_target=false; dynamic_isf_adjustment_factor_percent=70 %,"Sensitivity_ratio = 1 is neutral, not disabled, and dynamic sensitivity is already active. There is no evidence that the current sensitivity configuration is causing the observed pattern or should be changed now."
real_gpt54mini_med_50,run_015,aaps.core.carb_absorption,aaps,True,min_5m_carbimpact=8 mg/dL/5 min; meal_max_absorption_hours=7 h,keep,min_5m_carbimpact=8 mg/dL/5 min; meal_max_absorption_hours=7 h,"There are no carb treatment entries, no e-carb data, and no meal-linked evidence to validate these absorption settings. Changing them would be unsupported."
real_gpt54mini_med_50,run_016,profile.basal.00_00,profile,True,0.6 U/h,keep,0.6 U/h,"Keep. Overnight lows are a safety constraint, but the data do not isolate basal from IOB, corrections, or temp-target effects well enough to justify a change."
real_gpt54mini_med_50,run_016,profile.basal.05_00,profile,True,0.7 U/h,keep,0.7 U/h,"Keep. Early-morning control is relatively stable, so there is no supported evidence here for a change."
real_gpt54mini_med_50,run_016,profile.basal.06_00,profile,True,0.8 U/h,keep,0.8 U/h,"Keep. Local-time data around 06:00-08:00 show strong stability and good time in range, which does not support changing this segment."
real_gpt54mini_med_50,run_016,profile.basal.10_00,profile,True,0.7 U/h,keep,0.7 U/h,"Keep. The late-morning and afternoon highs are real, but they remain confounded by meals and corrections, so basal-only inference is not strong enough."
real_gpt54mini_med_50,run_016,profile.basal.16_00,profile,True,0.5 U/h,keep,0.5 U/h,"Keep. Afternoon hyperglycemia could be basal-related, but meal timing, correction timing, and temporary targets are still plausible alternative explanations."
real_gpt54mini_med_50,run_016,profile.basal.18_00,profile,True,0.6 U/h,keep,0.6 U/h,"Keep. Evening lows increase safety concern, so making this segment more aggressive is not supported."
real_gpt54mini_med_50,run_016,profile.basal.19_00,profile,True,0.7 U/h,keep,0.7 U/h,"Keep. Late-evening lows argue for caution, and the data do not support a basal increase here."
real_gpt54mini_med_50,run_016,profile.cr.00_00,profile,True,13 g/U,keep,13 g/U,"Keep. No meal-linked data are available, and correction response windows are too mixed to support a CR change."
real_gpt54mini_med_50,run_016,profile.cr.04_00,profile,True,11.1 g/U,keep,11.1 g/U,"Keep. The morning period is relatively stable, but there is no direct meal evidence to justify changing this ratio."
real_gpt54mini_med_50,run_016,profile.cr.08_00,profile,True,13.2 g/U,keep,13.2 g/U,"Keep. Afternoon highs alone do not prove a breakfast CR problem, especially without carb logging and prebolus data."
real_gpt54mini_med_50,run_016,profile.cr.16_00,profile,True,10.5 g/U,keep,10.5 g/U,"Keep. The later-day variability could be meal-related, but the evidence does not separate meal absorption from IOB or target effects."
real_gpt54mini_med_50,run_016,profile.cr.20_00,profile,True,12.6 g/U,keep,12.6 g/U,"Keep. Late-evening lows raise caution, and there is no meal-linked evidence to support a CR change."
real_gpt54mini_med_50,run_016,profile.isf.00_00,profile,True,56 mg/dL/U,keep,56 mg/dL/U,"Keep. Correction responses are mixed, with both large drops and rebounds, so the current data do not support revising ISF."
real_gpt54mini_med_50,run_016,profile.target.00_00,profile,True,90 mg/dL,keep,90 mg/dL,"Keep. Overnight lows argue against tightening the target, and there is no evidence that a lower target would be safer."
real_gpt54mini_med_50,run_016,profile.target.08_00,profile,True,100 mg/dL,keep,100 mg/dL,"Keep. The daytime highs are not clearly target-driven, and lowering or raising this target is not supported by the current evidence."
real_gpt54mini_med_50,run_016,profile.target.23_00,profile,True,90 mg/dL,keep,90 mg/dL,"Keep. Late-evening lows are the main safety signal, so there is no support for increasing aggressiveness here."
real_gpt54mini_med_50,run_016,profile.dia,profile,True,10 h,keep,10 h,"Keep. The response windows are mixed, but not enough to isolate a DIA mismatch from meal timing, correction stacking, or delayed absorption."
real_gpt54mini_med_50,run_016,aaps.core.smb_uam,aaps,True,smb_enabled=true; uam_enabled=true,keep,smb_enabled=true; uam_enabled=true,Keep. SMB and UAM are coherent in the observed loop behavior and there is no evidence of a safety problem or clear misconfiguration.
real_gpt54mini_med_50,run_016,aaps.core.smb_activation,aaps,True,smb_always_enabled=true; smb_with_cob_enabled=false; smb_after_carbs_enabled=false; smb_with_temp_target_enabled=true; smb_with_high_temp_target_enabled=false,keep,smb_always_enabled=true; smb_with_cob_enabled=false; smb_after_carbs_enabled=false; smb_with_temp_target_enabled=true; smb_with_high_temp_target_enabled=false,"Keep. The conditions are internally consistent, and the package does not show a material safety reason to alter them."
real_gpt54mini_med_50,run_016,aaps.core.smb_delivery,aaps,True,smb_interval_minutes=3 min; max_smb_basal_minutes=15 min; max_uam_smb_basal_minutes=20 min,keep,smb_interval_minutes=3 min; max_smb_basal_minutes=15 min; max_uam_smb_basal_minutes=20 min,Keep. The observed loop behavior does not suggest this delivery cadence or the SMB duration limits are causing a clear safety issue.
real_gpt54mini_med_50,run_016,aaps.core.safety_limits,aaps,True,max_basal_u_per_hour=12 U/h; max_iob_units=25 U,keep,max_basal_u_per_hour=12 U/h; max_iob_units=25 U,Keep. There is no evidence of limit saturation or a reason to adjust these safety bounds from the current data.
real_gpt54mini_med_50,run_016,aaps.core.sensitivity,aaps,True,autosens_enabled=false; dynamic_sensitivity_enabled=true; autosens_raises_target=false; autosens_lowers_target=false; dynamic_isf_adjustment_factor_percent=70 %,keep,autosens_enabled=false; dynamic_sensitivity_enabled=true; autosens_raises_target=false; autosens_lowers_target=false; dynamic_isf_adjustment_factor_percent=70 %,"Keep. Sensitivity_ratio near 1 is a neutral adjustment under active dynamic sensitivity, not evidence of disabled automation or a need to change this group."
real_gpt54mini_med_50,run_016,aaps.core.carb_absorption,aaps,True,min_5m_carbimpact=8 mg/dL/5 min; meal_max_absorption_hours=7 h,keep,min_5m_carbimpact=8 mg/dL/5 min; meal_max_absorption_hours=7 h,"Keep. There are no carb entries or extended-carb examples to validate a different absorption setting, so the current values cannot be improved from this dataset."
real_gpt54mini_med_50,run_017,profile.basal.00_00,profile,True,0.6 U/h,keep,0.6 U/h,"Overnight lows exist, but they are confounded by correction insulin, SMB/UAM, and no meal logs. The evidence is not sufficient to justify a single-segment basal change without a fasting-like verification window."
real_gpt54mini_med_50,run_017,profile.basal.05_00,profile,True,0.7 U/h,keep,0.7 U/h,Early-morning glucose is mostly stable enough to keep this segment unchanged. The limited lows around this period do not isolate basal from IOB or automation effects.
real_gpt54mini_med_50,run_017,profile.basal.06_00,profile,True,0.8 U/h,keep,0.8 U/h,"The morning rise could reflect meal timing rather than basal insufficiency. Without carb and bolus timing, changing this basal segment would be speculative."
real_gpt54mini_med_50,run_017,profile.basal.10_00,profile,True,0.7 U/h,keep,0.7 U/h,"Late-morning and midday hyperglycemia are present, but they are highly plausibly meal-related and are also influenced by SMB/UAM and target changes. Basal-only change is not supported."
real_gpt54mini_med_50,run_017,profile.basal.16_00,profile,True,0.5 U/h,keep,0.5 U/h,"The strongest daytime rise occurs in this general window, but the dataset does not separate meals from basal demand. Because some later lows also occur, a direct basal increase would be unsafe without more evidence."
real_gpt54mini_med_50,run_017,profile.basal.18_00,profile,True,0.6 U/h,keep,0.6 U/h,"Evening lows and correction effects make this segment difficult to interpret. The evidence supports observation, not a profile change."
real_gpt54mini_med_50,run_017,profile.basal.19_00,profile,True,0.7 U/h,keep,0.7 U/h,"This period is too confounded by late-day IOB, correction activity, and occasional lows to support a change."
real_gpt54mini_med_50,run_017,profile.cr.00_00,profile,True,13 g/U,keep,13 g/U,"No meal data exist, so the carb ratio cannot be validated. Observed late-day and overnight patterns are not sufficient to isolate CR from basal or automation effects."
real_gpt54mini_med_50,run_017,profile.cr.04_00,profile,True,11.1 g/U,keep,11.1 g/U,"No carb-linked evidence supports changing this early-morning ratio, and overnight lows make empirical strengthening risky."
real_gpt54mini_med_50,run_017,profile.cr.08_00,profile,True,13.2 g/U,keep,13.2 g/U,"The daytime rise could reflect meals, but without meal timing and bolus data the ratio should not be changed. SMB/UAM may already be compensating."
real_gpt54mini_med_50,run_017,profile.cr.16_00,profile,True,10.5 g/U,keep,10.5 g/U,"This is a plausible meal window, but the evidence is not clean enough to tell whether the issue is CR, prebolus timing, delayed absorption, or automation compensation."
real_gpt54mini_med_50,run_017,profile.cr.20_00,profile,True,12.6 g/U,keep,12.6 g/U,"The evening period is affected by correction insulin, IOB, and intermittent lows, so a ratio change is not supported."
real_gpt54mini_med_50,run_017,profile.isf.00_00,profile,True,56 mg/dL/U,keep,56 mg/dL/U,Correction responses were mixed and often confounded by automation and site events. There is no clean enough correction-only dataset to support a global ISF change.
real_gpt54mini_med_50,run_017,profile.target.00_00,profile,True,90 mg/dL,keep,90 mg/dL,Lowering or raising the target could worsen either lows or highs because the main pattern is mixed and confounded. No change is supported before a cleaner basal verification.
real_gpt54mini_med_50,run_017,profile.target.08_00,profile,True,100 mg/dL,keep,100 mg/dL,"Morning and daytime rises are not cleanly separable from meals, so the daytime target should remain unchanged until meal timing is documented."
real_gpt54mini_med_50,run_017,profile.target.23_00,profile,True,90 mg/dL,keep,90 mg/dL,"Overnight lows argue against making nighttime control more aggressive, and no evidence supports changing the target first."
real_gpt54mini_med_50,run_017,profile.dia,profile,True,10 h,keep,10 h,"Correction and IOB patterns are mixed, but the data do not separate DIA from SMB/UAM and site effects well enough to support a change."
real_gpt54mini_med_50,run_017,aaps.core.smb_uam,aaps,True,smb_enabled=true; uam_enabled=true,keep,smb_enabled=true; uam_enabled=true,SMB and UAM are clearly functioning as a compensating layer. There is no evidence that disabling or changing them would improve safety in the absence of meal data.
real_gpt54mini_med_50,run_017,aaps.core.smb_activation,aaps,True,smb_always_enabled=true; smb_with_cob_enabled=false; smb_after_carbs_enabled=false; smb_with_temp_target_enabled=true; smb_with_high_temp_target_enabled=false,keep,smb_always_enabled=true; smb_with_cob_enabled=false; smb_after_carbs_enabled=false; smb_with_temp_target_enabled=true; smb_with_high_temp_target_enabled=false,"These conditions are internally consistent. The 135 mg/dL temp-target periods are a confounder, but not a reason by themselves to change activation rules."
real_gpt54mini_med_50,run_017,aaps.core.smb_delivery,aaps,True,smb_interval_minutes=3 min; max_smb_basal_minutes=15 min; max_uam_smb_basal_minutes=20 min,keep,smb_interval_minutes=3 min; max_smb_basal_minutes=15 min; max_uam_smb_basal_minutes=20 min,Observed SMB behavior matches the configured limits and is not obviously excessive or saturated. The evidence does not support changing strength or frequency.
real_gpt54mini_med_50,run_017,aaps.core.safety_limits,aaps,True,max_basal_u_per_hour=12 U/h; max_iob_units=25 U,keep,max_basal_u_per_hour=12 U/h; max_iob_units=25 U,The reviewed loop examples do not show these limits as the active bottleneck. Changing safety ceilings first would be unsupported and unsafe.
real_gpt54mini_med_50,run_017,aaps.core.sensitivity,aaps,True,autosens_enabled=false; dynamic_sensitivity_enabled=true; autosens_raises_target=false; autosens_lowers_target=false; dynamic_isf_adjustment_factor_percent=70 %,keep,autosens_enabled=false; dynamic_sensitivity_enabled=true; autosens_raises_target=false; autosens_lowers_target=false; dynamic_isf_adjustment_factor_percent=70 %,"Dynamic sensitivity is active even though Autosens is disabled. The neutral sensitivity_ratio of 1 is not disabled behavior, and there is no evidence to adjust this group before clarifying basal and meal patterns."
real_gpt54mini_med_50,run_017,aaps.core.carb_absorption,aaps,True,min_5m_carbimpact=8 mg/dL/5 min; meal_max_absorption_hours=7 h,keep,min_5m_carbimpact=8 mg/dL/5 min; meal_max_absorption_hours=7 h,There are no carb entries or meal-linked response windows to justify a different absorption model. Any change here would be speculative.
real_gpt54mini_med_50,run_018,profile.basal.00_00,profile,True,0.6 U/h,keep,0.6 U/h,"No clean fasting-only evidence supports a change, and recurrent lows argue against increasing insulin exposure without meal-linked confirmation. Dependencies include missing meal data and active automation compensation."
real_gpt54mini_med_50,run_018,profile.basal.05_00,profile,True,0.7 U/h,keep,0.7 U/h,"Early-morning glucose is generally acceptable, and the low-prone pattern makes any basal change unsafe without clearer fasting evidence. The observed lows may reflect IOB or correction effects rather than basal alone."
real_gpt54mini_med_50,run_018,profile.basal.06_00,profile,True,0.8 U/h,keep,0.8 U/h,"This step may contribute to morning control, but the package does not separate basal effect from later meal and automation effects. With recurrent lows, unsupported changes should be avoided."
real_gpt54mini_med_50,run_018,profile.basal.10_00,profile,True,0.7 U/h,keep,0.7 U/h,"Late-morning highs exist, but the evidence does not separate meal, correction, or SMB/UAM effects from basal. The safer interpretation is to keep and verify meal-linked patterns first."
real_gpt54mini_med_50,run_018,profile.basal.16_00,profile,True,0.5 U/h,keep,0.5 U/h,"This lower afternoon basal could matter, but the current data do not isolate it from meal timing and correction stacking. The evidence is insufficient for a supported change."
real_gpt54mini_med_50,run_018,profile.basal.18_00,profile,True,0.6 U/h,keep,0.6 U/h,"Evening lows appear in the package, but they are not cleanly attributable to this segment alone. Without meal and correction detail, a change would be speculative."
real_gpt54mini_med_50,run_018,profile.basal.19_00,profile,True,0.7 U/h,keep,0.7 U/h,No clear evidence shows this step as the primary driver of the observed lows or highs. The safer action is to keep and verify with annotated data before any change.
real_gpt54mini_med_50,run_018,profile.cr.00_00,profile,True,13 g/U,keep,13 g/U,"No meal-entry evidence exists to validate the ratio, and observed correction variability is not enough to infer a CR problem. Changing CR without carb logs would be unsupported."
real_gpt54mini_med_50,run_018,profile.cr.04_00,profile,True,11.1 g/U,keep,11.1 g/U,There is no meal-linked evidence in the early-morning window. The current package cannot distinguish CR from basal or dynamic sensitivity effects.
real_gpt54mini_med_50,run_018,profile.cr.08_00,profile,True,13.2 g/U,keep,13.2 g/U,"Morning and midday highs may be meal related, but the package has no carb entries or bolus timing. The evidence does not support changing CR yet."
real_gpt54mini_med_50,run_018,profile.cr.16_00,profile,True,10.5 g/U,keep,10.5 g/U,"Afternoon glucose is higher on average, but meals, corrections, and SMB/UAM are all plausible explanations. Without meal-linked examples, a CR change would be premature."
real_gpt54mini_med_50,run_018,profile.cr.20_00,profile,True,12.6 g/U,keep,12.6 g/U,"Evening pattern is mixed, with both lows and stable periods, and the package lacks meal detail. The safer choice is to keep the ratio unchanged."
real_gpt54mini_med_50,run_018,profile.isf.00_00,profile,True,56 mg/dL/U,keep,56 mg/dL/U,"Dynamic sensitivity is active, so the base ISF cannot be isolated cleanly. Recurrent lows also argue against changing sensitivity without stronger evidence."
real_gpt54mini_med_50,run_018,profile.target.00_00,profile,True,90 mg/dL,keep,90 mg/dL,"Overnight control is generally acceptable, and the main concern is low risk rather than a consistently high nocturnal target mismatch."
real_gpt54mini_med_50,run_018,profile.target.08_00,profile,True,100 mg/dL,keep,100 mg/dL,"Daytime highs exist, but they are confounded by meals, corrections, and automation. The evidence does not support changing target before better verification."
real_gpt54mini_med_50,run_018,profile.target.23_00,profile,True,90 mg/dL,keep,90 mg/dL,No separate evidence shows this target as the driver of the nighttime lows. Keep and review meal and IOB context first.
real_gpt54mini_med_50,run_018,profile.dia,profile,True,10 h,keep,10 h,"The available response windows do not isolate DIA from SMB/UAM, dynamic sensitivity, and correction behavior. Changing DIA would not be supported by this package."
real_gpt54mini_med_50,run_018,aaps.core.smb_uam,aaps,True,smb_enabled=true; uam_enabled=true,keep,smb_enabled=true; uam_enabled=true,"SMB and UAM appear to be helping manage rises, but they also interact with low risk. The package does not show a reason to disable them now."
real_gpt54mini_med_50,run_018,aaps.core.smb_activation,aaps,True,smb_always_enabled=true; smb_with_cob_enabled=false; smb_after_carbs_enabled=false; smb_with_temp_target_enabled=true; smb_with_high_temp_target_enabled=false,keep,smb_always_enabled=true; smb_with_cob_enabled=false; smb_after_carbs_enabled=false; smb_with_temp_target_enabled=true; smb_with_high_temp_target_enabled=false,The activation rules are internally consistent and do not show a clear safety breach. There is no evidence that a different activation rule would better explain the observed patterns.
real_gpt54mini_med_50,run_018,aaps.core.smb_delivery,aaps,True,smb_interval_minutes=3 min; max_smb_basal_minutes=15 min; max_uam_smb_basal_minutes=20 min,keep,smb_interval_minutes=3 min; max_smb_basal_minutes=15 min; max_uam_smb_basal_minutes=20 min,"The current SMB cadence is aggressive but configured, and the package does not prove that it is causing harm or that lowering it would improve control. Low risk is a reason to observe carefully, not to change blindly."
real_gpt54mini_med_50,run_018,aaps.core.safety_limits,aaps,True,max_basal_u_per_hour=12 U/h; max_iob_units=25 U,keep,max_basal_u_per_hour=12 U/h; max_iob_units=25 U,Observed dosing does not appear to be routinely constrained by these ceilings. The data do not support changing the hard limits.
real_gpt54mini_med_50,run_018,aaps.core.sensitivity,aaps,True,autosens_enabled=false; dynamic_sensitivity_enabled=true; autosens_raises_target=false; autosens_lowers_target=false; dynamic_isf_adjustment_factor_percent=70 %,keep,autosens_enabled=false; dynamic_sensitivity_enabled=true; autosens_raises_target=false; autosens_lowers_target=false; dynamic_isf_adjustment_factor_percent=70 %,"Autosens is intentionally off while dynamic sensitivity is on, and the logs show neutral sensitivity_ratio values rather than disabled adjustment. No clear evidence supports changing this system."
real_gpt54mini_med_50,run_018,aaps.core.carb_absorption,aaps,True,min_5m_carbimpact=8 mg/dL/5m; meal_max_absorption_hours=7 h,keep,min_5m_carbimpact=8 mg/dL/5m; meal_max_absorption_hours=7 h,There are no carb entries or e-carb events to validate absorption assumptions. The package does not support changing the absorption model.
real_gpt54mini_med_50,run_019,profile.basal.00_00,profile,True,0.6 U/h,keep,0.6 U/h,"Overnight lows are present, but they are not isolated to this basal segment because corrections, temp targets, and IOB also affect the same period. The data do not support changing this basal rate yet."
real_gpt54mini_med_50,run_019,profile.basal.05_00,profile,True,0.7 U/h,keep,0.7 U/h,"Morning glucose begins rising later in the day, but there is no fasting or meal-free evidence proving this segment is too low or too high. The pattern remains confounded by meals and automation."
real_gpt54mini_med_50,run_019,profile.basal.06_00,profile,True,0.8 U/h,keep,0.8 U/h,"This is near the transition into the daytime rise, but the dataset cannot separate basal need from breakfast or correction effects. No supported change."
real_gpt54mini_med_50,run_019,profile.basal.10_00,profile,True,0.7 U/h,keep,0.7 U/h,"Late morning highs occur in the dataset, but the evidence does not isolate this basal segment because meal timing is absent and SMB/UAM are active. Withhold change."
real_gpt54mini_med_50,run_019,profile.basal.16_00,profile,True,0.5 U/h,keep,0.5 U/h,"This lower afternoon rate coincides with the time of highest glucose, but meals, corrections, and temp targets remain plausible explanations. The evidence is not strong enough to change a dependent basal segment yet."
real_gpt54mini_med_50,run_019,profile.basal.18_00,profile,True,0.6 U/h,keep,0.6 U/h,"Evening lows are a safety concern, but the data do not show that this segment is the sole cause because IOB and correction stacking are confounders. No supported change."
real_gpt54mini_med_50,run_019,profile.basal.19_00,profile,True,0.7 U/h,keep,0.7 U/h,"The evening window contains both lows and correction activity, so the signal is not clean enough to justify a change. Keep until a clean observation confirms a pattern."
real_gpt54mini_med_50,run_019,profile.cr.00_00,profile,True,13 g/U,keep,13 g/U,"There are no carb entries, so meal coverage by time block cannot be tested. Mixed correction windows and recurrent lows argue against changing CR without meal logs."
real_gpt54mini_med_50,run_019,profile.cr.04_00,profile,True,11.1 g/U,keep,11.1 g/U,No meal-linked evidence is available for this early-morning ratio. The observed variability is too confounded to support a change.
real_gpt54mini_med_50,run_019,profile.cr.08_00,profile,True,13.2 g/U,keep,13.2 g/U,"Late morning highs may involve meals, but without carb logs the data cannot separate CR from timing or automation effects. Keep."
real_gpt54mini_med_50,run_019,profile.cr.16_00,profile,True,10.5 g/U,keep,10.5 g/U,"Afternoon highs are present, but the evidence is still insufficient to identify CR as the cause because meals and corrections are not logged. Avoid changing CR from this dataset alone."
real_gpt54mini_med_50,run_019,profile.cr.20_00,profile,True,12.6 g/U,keep,12.6 g/U,"Evening patterns include lows and correction effects, not a clean meal signal. There is no support for changing this ratio now."
real_gpt54mini_med_50,run_019,profile.isf.00_00,profile,True,56 mg/dL/U,keep,56 mg/dL/U,Correction windows are mixed and strongly confounded by IOB and late insulin action. The data do not support changing ISF while dynamic sensitivity is active.
real_gpt54mini_med_50,run_019,profile.target.00_00,profile,True,90 mg/dL,keep,90 mg/dL,"Lowering or raising targets would not resolve the unresolved meal-versus-basal question, and recurrent hypoglycemia argues for caution with target changes."
real_gpt54mini_med_50,run_019,profile.target.08_00,profile,True,100 mg/dL,keep,100 mg/dL,"Daytime highs occur, but target adjustment is not the right first lever because the dataset does not separate meal, correction, and basal effects. Keep until better evidence exists."
real_gpt54mini_med_50,run_019,profile.target.23_00,profile,True,90 mg/dL,keep,90 mg/dL,"Nighttime lows are already a safety concern, so changing this target without clean fasting data would be premature. Keep."
real_gpt54mini_med_50,run_019,profile.dia,profile,True,10 h,keep,10 h,"Therapy response windows show delayed and mixed insulin effects, but not enough to support a DIA change. The evidence is too confounded by IOB and corrections."
real_gpt54mini_med_50,run_019,aaps.core.smb_uam,aaps,True,smb_enabled=true; uam_enabled=true,keep,smb_enabled=true; uam_enabled=true,SMB and UAM are active and coherent with the observed automation behavior. There is no internal inconsistency or safety reason to alter this group.
real_gpt54mini_med_50,run_019,aaps.core.smb_activation,aaps,True,smb_always_enabled=true; smb_with_cob_enabled=false; smb_after_carbs_enabled=false; smb_with_temp_target_enabled=true; smb_with_high_temp_target_enabled=false,keep,smb_always_enabled=true; smb_with_cob_enabled=false; smb_after_carbs_enabled=false; smb_with_temp_target_enabled=true; smb_with_high_temp_target_enabled=false,The activation rules are internally consistent and match the observed SMB/UAM behavior. No material inconsistency or supported optimization change is shown.
real_gpt54mini_med_50,run_019,aaps.core.smb_delivery,aaps,True,smb_interval_minutes=3 min; max_smb_basal_minutes=15 min; max_uam_smb_basal_minutes=20 min,keep,smb_interval_minutes=3 min; max_smb_basal_minutes=15 min; max_uam_smb_basal_minutes=20 min,The SMB cadence and caps are coherent and not shown to be the source of the lows or highs. Changing them would be a dependent automation change without sufficient evidence.
real_gpt54mini_med_50,run_019,aaps.core.safety_limits,aaps,True,max_basal_u_per_hour=12 U/h; max_iob_units=25 U,keep,max_basal_u_per_hour=12 U/h; max_iob_units=25 U,The configured limits are permissive but the logs do not show routine use near the ceilings. There is no evidence-based reason to alter safety limits from this dataset.
real_gpt54mini_med_50,run_019,aaps.core.sensitivity,aaps,True,autosens_enabled=false; dynamic_sensitivity_enabled=true; autosens_raises_target=false; autosens_lowers_target=false; dynamic_isf_adjustment_factor_percent=70 %,keep,autosens_enabled=false; dynamic_sensitivity_enabled=true; autosens_raises_target=false; autosens_lowers_target=false; dynamic_isf_adjustment_factor_percent=70 %,"Dynamic sensitivity is active and compatible with the observed variable sensitivity outputs. A sensitivity_ratio of 1 is neutral, not a sign that Autosens is disabled in a problematic way."
real_gpt54mini_med_50,run_019,aaps.core.carb_absorption,aaps,True,min_5m_carbimpact=8 mg/dL/5 min; meal_max_absorption_hours=7 h,keep,min_5m_carbimpact=8 mg/dL/5 min; meal_max_absorption_hours=7 h,There is no e-carb or meal-linked absorption evidence in the package to justify changing these settings. The current values remain plausible and should be revisited only after meal logging.
real_gpt54mini_med_50,run_020,profile.basal.00_00,profile,True,0.6 U/h,keep,0.6 U/h,"Overnight lows exist, but this segment is not isolated from SMB/UAM, corrections, and missing meal data. The evidence does not support a unilateral basal reduction or increase without a fasting-like comparison window."
real_gpt54mini_med_50,run_020,profile.basal.05_00,profile,True,0.7 U/h,keep,0.7 U/h,"Early-morning hours are generally near range, and there is no clear signal that this segment is the driver of the observed variability. The daytime rise is more plausibly meal or automation related than a 05:00 basal defect."
real_gpt54mini_med_50,run_020,profile.basal.06_00,profile,True,0.8 U/h,keep,0.8 U/h,"The morning rise begins later and is confounded by meals, corrections, and automation. There is insufficient evidence that this specific segment should change before a cleaner observation period exists."
real_gpt54mini_med_50,run_020,profile.basal.10_00,profile,True,0.7 U/h,keep,0.7 U/h,"The late-morning to midafternoon rise could point toward basal, but the same window contains meal, correction, and temp basal activity. Changing this segment now would be speculative."
real_gpt54mini_med_50,run_020,profile.basal.16_00,profile,True,0.5 U/h,keep,0.5 U/h,"This is the most suspicious basal segment because it overlaps with the daytime rise, but the record also contains correction-heavy windows and later lows. The dependency on meal timing is unresolved, so keep it until a clean test separates causes."
real_gpt54mini_med_50,run_020,profile.basal.18_00,profile,True,0.6 U/h,keep,0.6 U/h,"There are recurrent lows in the early evening local window, but they could reflect prior insulin, SMB/UAM, or correction effects rather than this basal segment alone. The evidence is insufficient for a safe change."
real_gpt54mini_med_50,run_020,profile.basal.19_00,profile,True,0.7 U/h,keep,0.7 U/h,"Evening lows recur, yet the data do not cleanly separate basal from stacking, automation, or post-correction effects. The safest action is to keep and verify with a meal-separated window."
real_gpt54mini_med_50,run_020,profile.cr.00_00,profile,True,13 g/U,keep,13 g/U,"No carb entries exist, so this CR cannot be validated. Any change would be unsupported because the current record does not connect carbohydrate amounts to post-meal outcomes."
real_gpt54mini_med_50,run_020,profile.cr.04_00,profile,True,11.1 g/U,keep,11.1 g/U,The record does not contain meal-linked evidence to test this breakfast-adjacent ratio. The observed morning pattern may be timing or automation related rather than a CR issue.
real_gpt54mini_med_50,run_020,profile.cr.08_00,profile,True,13.2 g/U,keep,13.2 g/U,"The late-morning rise could reflect meal coverage, but no carb data or bolus timing are available. Keeping the segment avoids over-attributing an untested pattern to CR."
real_gpt54mini_med_50,run_020,profile.cr.16_00,profile,True,10.5 g/U,keep,10.5 g/U,"Afternoon highs may tempt a CR change, but the same window is confounded by automation and correction insulin. There is no meal-linked evidence to support a safe change."
real_gpt54mini_med_50,run_020,profile.cr.20_00,profile,True,12.6 g/U,keep,12.6 g/U,"Evening data do not isolate meal effect cleanly, and lows later in the day increase the risk of overcorrecting this segment. Keep until meal logs are available."
real_gpt54mini_med_50,run_020,profile.isf.00_00,profile,True,56 mg/dL/U,keep,56 mg/dL/U,"Correction responses are mixed and often overlapped by SMB/UAM, temp basals, and changing glucose trajectories. There is not enough clean correction-only evidence to revise ISF."
real_gpt54mini_med_50,run_020,profile.target.00_00,profile,True,90 mg/dL,keep,90 mg/dL,"Targets are not the dominant unresolved driver here; the main issue is separating meal, correction, and automation effects. Changing target before isolating those effects would not be evidence-based."
real_gpt54mini_med_50,run_020,profile.target.08_00,profile,True,100 mg/dL,keep,100 mg/dL,The daytime rise is not clearly a target problem because the same window contains meals and automation responses. The small target difference alone does not justify change.
real_gpt54mini_med_50,run_020,profile.target.23_00,profile,True,90 mg/dL,keep,90 mg/dL,Overnight lows and early-morning stability do not isolate this target as the cause. Keep it until a cleaner fasting-like comparison is available.
real_gpt54mini_med_50,run_020,profile.dia,profile,True,10 h,keep,10 h,"The correction and automation windows are too confounded to justify changing DIA, and altering DIA would affect SMB/UAM behavior and stacking interpretation. No direct evidence supports a change."
real_gpt54mini_med_50,run_020,aaps.core.smb_uam,aaps,True,smb_enabled=true; uam_enabled=true,keep,smb_enabled=true; uam_enabled=true,"SMB/UAM is active and appears to be compensating for unlogged rises rather than duplicating COB. Recurrent lows are a caution, but the data do not support disabling either feature without a separate test."
real_gpt54mini_med_50,run_020,aaps.core.smb_activation,aaps,True,smb_always_enabled=true; smb_with_cob_enabled=false; smb_after_carbs_enabled=false; smb_with_temp_target_enabled=true; smb_with_high_temp_target_enabled=false,keep,smb_always_enabled=true; smb_with_cob_enabled=false; smb_after_carbs_enabled=false; smb_with_temp_target_enabled=true; smb_with_high_temp_target_enabled=false,The activation logic is internally consistent with the observed unannounced rise handling. No material inconsistency or safety issue is shown by the available data.
real_gpt54mini_med_50,run_020,aaps.core.smb_delivery,aaps,True,smb_interval_minutes=3 min; max_smb_basal_minutes=15 min; max_uam_smb_basal_minutes=20 min,keep,smb_interval_minutes=3 min; max_smb_basal_minutes=15 min; max_uam_smb_basal_minutes=20 min,"The configured delivery cadence is active but not clearly excessive relative to the observed rates, and the record does not show a ceiling problem. The recurrent lows are a caution, but not enough to justify a change here."
real_gpt54mini_med_50,run_020,aaps.core.safety_limits,aaps,True,max_basal_u_per_hour=12 U/h; max_iob_units=25 U,keep,max_basal_u_per_hour=12 U/h; max_iob_units=25 U,The observed enacted insulin does not appear to approach these ceilings in a way that explains the pattern. There is no evidence that safety limits are the cause of the highs or lows.
real_gpt54mini_med_50,run_020,aaps.core.sensitivity,aaps,True,autosens_enabled=false; dynamic_sensitivity_enabled=true; autosens_raises_target=false; autosens_lowers_target=false; dynamic_isf_adjustment_factor_percent=70 %,keep,autosens_enabled=false; dynamic_sensitivity_enabled=true; autosens_raises_target=false; autosens_lowers_target=false; dynamic_isf_adjustment_factor_percent=70 %,"Dynamic sensitivity is active and the neutral sensitivity_ratio of 1 does not indicate a problem. The record does not separate whether this is compensating for profile mismatch, meal timing, or physiologic variation, so a change is unsupported."
real_gpt54mini_med_50,run_020,aaps.core.carb_absorption,aaps,True,min_5m_carbimpact=8 mg/dL/5 min; meal_max_absorption_hours=7 h,keep,min_5m_carbimpact=8 mg/dL/5 min; meal_max_absorption_hours=7 h,There are no carb entries or e-carb records to validate absorption settings against. The available glucose responses do not establish a recurring absorption pattern that would support changing this model.
real_gpt54mini_med_50,run_021,profile.basal.00_00,profile,True,0.6 U/h,keep,0.6 U/h,"Overnight lows exist, but they are confounded by IOB and correction carryover. No fasting-only evidence supports a basal change."
real_gpt54mini_med_50,run_021,profile.basal.05_00,profile,True,0.7 U/h,keep,0.7 U/h,The early-morning period is comparatively stable and there is no clean fasting evidence that this step is too high or too low.
real_gpt54mini_med_50,run_021,profile.basal.06_00,profile,True,0.8 U/h,keep,0.8 U/h,"Morning glucose is not isolated from breakfast timing or automation responses, so a change is unsupported."
real_gpt54mini_med_50,run_021,profile.basal.10_00,profile,True,0.7 U/h,keep,0.7 U/h,"Late-morning highs could reflect meals, prebolus timing, or the daytime target rather than basal alone."
real_gpt54mini_med_50,run_021,profile.basal.16_00,profile,True,0.5 U/h,keep,0.5 U/h,"Although evening lows occur, this cannot be separated from earlier insulin and correction effects."
real_gpt54mini_med_50,run_021,profile.basal.18_00,profile,True,0.6 U/h,keep,0.6 U/h,"Evening lows are present, but meal and IOB confounding is too strong to justify a basal change."
real_gpt54mini_med_50,run_021,profile.basal.19_00,profile,True,0.7 U/h,keep,0.7 U/h,No fasting or meal-linked evidence isolates this step as a problem.
real_gpt54mini_med_50,run_021,profile.cr.00_00,profile,True,13 g/U,keep,13 g/U,No carb data are available to evaluate whether overnight or late-evening eating requires a different ratio.
real_gpt54mini_med_50,run_021,profile.cr.04_00,profile,True,11.1 g/U,keep,11.1 g/U,"Breakfast-related behavior cannot be separated from meal timing, prebolus timing, and automation compensation."
real_gpt54mini_med_50,run_021,profile.cr.08_00,profile,True,13.2 g/U,keep,13.2 g/U,"Late-morning highs are present, but without meal logs it is unclear whether CR, prebolus, or basal timing is the driver."
real_gpt54mini_med_50,run_021,profile.cr.16_00,profile,True,10.5 g/U,keep,10.5 g/U,"The afternoon period is confounded by corrections, temp basals, and IOB, so changing CR would be speculative."
real_gpt54mini_med_50,run_021,profile.cr.20_00,profile,True,12.6 g/U,keep,12.6 g/U,"No meal-linked evidence supports a change, and lows already limit aggressiveness."
real_gpt54mini_med_50,run_021,profile.isf.00_00,profile,True,56 mg/dL/U,keep,56 mg/dL/U,"Dynamic sensitivity is active, autosens is off, and correction responses are mixed. Static ISF cannot be isolated from automation or IOB effects."
real_gpt54mini_med_50,run_021,profile.target.00_00,profile,True,90 mg/dL,keep,90 mg/dL,"Overnight lows are already present, so lowering targets would be unsafe without better separation of basal and IOB effects."
real_gpt54mini_med_50,run_021,profile.target.08_00,profile,True,100 mg/dL,keep,100 mg/dL,"The daytime target may contribute to higher averages, but the data do not show that changing it would be safer than addressing meal timing first."
real_gpt54mini_med_50,run_021,profile.target.23_00,profile,True,90 mg/dL,keep,90 mg/dL,"No evidence supports a target change, and hypoglycemia risk remains a limiting factor."
real_gpt54mini_med_50,run_021,profile.dia,profile,True,10 h,keep,10 h,"DIA cannot be separated from temp basals, IOB, and corrections in this package, so a change would be unsupported."
real_gpt54mini_med_50,run_021,aaps.core.smb_uam,aaps,True,smb_enabled=true; uam_enabled=true,keep,smb_enabled=true; uam_enabled=true,SMB/UAM appear to be providing needed postprandial and correction support. There is no evidence they are misconfigured.
real_gpt54mini_med_50,run_021,aaps.core.smb_activation,aaps,True,smb_always_enabled=true; smb_with_cob_enabled=false; smb_after_carbs_enabled=false; smb_with_temp_target_enabled=true; smb_with_high_temp_target_enabled=false,keep,smb_always_enabled=true; smb_with_cob_enabled=false; smb_after_carbs_enabled=false; smb_with_temp_target_enabled=true; smb_with_high_temp_target_enabled=false,"The activation rules are internally consistent, and no carb log exists to test meal-specific SMB behavior."
real_gpt54mini_med_50,run_021,aaps.core.smb_delivery,aaps,True,smb_interval_minutes=3 min; max_smb_basal_minutes=15 min; max_uam_smb_basal_minutes=20 min,keep,smb_interval_minutes=3 min; max_smb_basal_minutes=15 min; max_uam_smb_basal_minutes=20 min,"Observed delivery fits within these limits, and there is no evidence that changing them would solve the pattern safely."
real_gpt54mini_med_50,run_021,aaps.core.safety_limits,aaps,True,max_basal_u_per_hour=12 U/h; max_iob_units=25 U,keep,max_basal_u_per_hour=12 U/h; max_iob_units=25 U,"The limits are far above observed delivery and IOB peaks, so they are not the current bottleneck."
real_gpt54mini_med_50,run_021,aaps.core.sensitivity,aaps,True,autosens_enabled=false; dynamic_sensitivity_enabled=true; autosens_raises_target=false; autosens_lowers_target=false; dynamic_isf_adjustment_factor_percent=70 %,keep,autosens_enabled=false; dynamic_sensitivity_enabled=true; autosens_raises_target=false; autosens_lowers_target=false; dynamic_isf_adjustment_factor_percent=70 %,"Dynamic sensitivity is active and a sensitivity_ratio of 1 is neutral, not disabled. The data do not support changing sensitivity settings."
real_gpt54mini_med_50,run_021,aaps.core.carb_absorption,aaps,True,min_5m_carbimpact=8 mg/dL/5 min; meal_max_absorption_hours=7 h,keep,min_5m_carbimpact=8 mg/dL/5 min; meal_max_absorption_hours=7 h,"There is no extended-carb evidence and no repeated delayed-absorption pattern, so changing carbohydrate absorption settings is unsupported."
real_gpt54mini_med_50,run_022,profile.basal.00_00,profile,True,0.6 U/h,keep,0.6 U/h,"Overnight glucose is fairly stable overall but includes some lows; however those lows are confounded by residual IOB and occasional corrections, so there is no isolated fasting proof that this basal segment is excessive or insufficient."
real_gpt54mini_med_50,run_022,profile.basal.05_00,profile,True,0.7 U/h,keep,0.7 U/h,"Early morning data do not isolate this segment from dawn effect, IOB, or meal carryover, and the observed values do not provide a safe basis for change."
real_gpt54mini_med_50,run_022,profile.basal.06_00,profile,True,0.8 U/h,keep,0.8 U/h,"Morning glucose is not cleanly fasting and is plausibly shaped by breakfast timing, automation, and residual IOB; the evidence is not strong enough to support a change."
real_gpt54mini_med_50,run_022,profile.basal.10_00,profile,True,0.7 U/h,keep,0.7 U/h,"The later-morning rise may look basal-related, but missing meal data and frequent automation activity prevent separating basal deficiency from meal timing or bolus timing."
real_gpt54mini_med_50,run_022,profile.basal.16_00,profile,True,0.5 U/h,keep,0.5 U/h,"This lower afternoon basal coincides with the strongest daytime rise, but the same window is heavily confounded by meal effects and automated correction behavior, so a change would be premature."
real_gpt54mini_med_50,run_022,profile.basal.18_00,profile,True,0.6 U/h,keep,0.6 U/h,"The evening window also contains meaningful lows, which argues against simply increasing late-day basal without a clean observation separating meals, corrections, and activity."
real_gpt54mini_med_50,run_022,profile.basal.19_00,profile,True,0.7 U/h,keep,0.7 U/h,"Evening patterns remain mixed and likely influenced by IOB and automation, so there is no safe basis for a change."
real_gpt54mini_med_50,run_022,profile.cr.00_00,profile,True,13 g/U,keep,13 g/U,"There is no meal-linked evidence to isolate overnight carb ratio performance, and correction responses are too confounded to justify an edit."
real_gpt54mini_med_50,run_022,profile.cr.04_00,profile,True,11.1 g/U,keep,11.1 g/U,"No logged meal data exist to show this ratio is systematically too weak or too strong, and the observed glucose pattern is not meal-specific enough."
real_gpt54mini_med_50,run_022,profile.cr.08_00,profile,True,13.2 g/U,keep,13.2 g/U,"Morning hyperglycemia could reflect CR mismatch, but it is equally consistent with meal timing, bolus timing, or later basal effects; the evidence is insufficient for a change."
real_gpt54mini_med_50,run_022,profile.cr.16_00,profile,True,10.5 g/U,keep,10.5 g/U,"The afternoon rise could implicate this CR, but without meal logs and with active SMB/UAM compensation, changing CR would be speculative and could worsen lows."
real_gpt54mini_med_50,run_022,profile.cr.20_00,profile,True,12.6 g/U,keep,12.6 g/U,"The evening data include lows and mixed corrections, so there is not enough evidence to support a carb-ratio change at this time."
real_gpt54mini_med_50,run_022,profile.isf.00_00,profile,True,56 mg/dL/U,keep,56 mg/dL/U,"Correction responses are mixed and heavily confounded by automation and IOB, so the static ISF cannot be cleanly validated or safely tightened from these data."
real_gpt54mini_med_50,run_022,profile.target.00_00,profile,True,90 mg/dL,keep,90 mg/dL,The target is reasonable and there is no evidence that target settings are the primary driver of the observed patterns.
real_gpt54mini_med_50,run_022,profile.target.08_00,profile,True,100 mg/dL,keep,100 mg/dL,"The morning target is not shown to be the limiting factor, and lowering or raising it would not resolve the meal/automation confounding."
real_gpt54mini_med_50,run_022,profile.target.23_00,profile,True,90 mg/dL,keep,90 mg/dL,Nighttime lows and good overnight control argue against changing the target without a clearer isolated problem.
real_gpt54mini_med_50,run_022,profile.dia,profile,True,10 h,keep,10 h,"IOB behavior is noisy but not contradictory to a 10-hour DIA, and there is no clean correction-only test to justify altering it."
real_gpt54mini_med_50,run_022,aaps.core.smb_uam,aaps,True,smb_enabled=true; uam_enabled=true,keep,smb_enabled=true; uam_enabled=true,SMB/UAM behavior is coherent with the observed loop activity and appears to be compensating appropriately rather than creating a clear fault.
real_gpt54mini_med_50,run_022,aaps.core.smb_activation,aaps,True,smb_always_enabled=true; smb_with_cob_enabled=false; smb_after_carbs_enabled=false; smb_with_temp_target_enabled=true; smb_with_high_temp_target_enabled=false,keep,smb_always_enabled=true; smb_with_cob_enabled=false; smb_after_carbs_enabled=false; smb_with_temp_target_enabled=true; smb_with_high_temp_target_enabled=false,"The activation logic is internally consistent, matches the temp-target events, and is not shown to be a material cause of the unresolved pattern."
real_gpt54mini_med_50,run_022,aaps.core.smb_delivery,aaps,True,smb_interval_minutes=3 min; max_smb_basal_minutes=15 min; max_uam_smb_basal_minutes=20 min,keep,smb_interval_minutes=3 min; max_smb_basal_minutes=15 min; max_uam_smb_basal_minutes=20 min,"Observed delivery is not constrained by these values, and increasing aggressiveness would be unsafe given the existing low exposure."
real_gpt54mini_med_50,run_022,aaps.core.safety_limits,aaps,True,max_basal_u_per_hour=12 U/h; max_iob_units=25 U,keep,max_basal_u_per_hour=12 U/h; max_iob_units=25 U,"These limits are well above observed use and are not the reason for the afternoon highs, so no change is supported."
real_gpt54mini_med_50,run_022,aaps.core.sensitivity,aaps,True,autosens_enabled=false; dynamic_sensitivity_enabled=true; autosens_raises_target=false; autosens_lowers_target=false; dynamic_isf_adjustment_factor_percent=70 %,keep,autosens_enabled=false; dynamic_sensitivity_enabled=true; autosens_raises_target=false; autosens_lowers_target=false; dynamic_isf_adjustment_factor_percent=70 %,"Dynamic sensitivity is already active and neutral-looking; the data do not separate sensitivity effects from meal timing or basal timing, and overnight lows make tightening riskier."
real_gpt54mini_med_50,run_022,aaps.core.carb_absorption,aaps,True,min_5m_carbimpact=8 mg/dL/5 min; meal_max_absorption_hours=7 h,keep,min_5m_carbimpact=8 mg/dL/5 min; meal_max_absorption_hours=7 h,"There are no carb logs or meal-linked absorption examples, so changing the absorption model would be unsupported and may simply encode missing data."
real_gpt54mini_med_50,run_023,profile.basal.00_00,profile,True,0.6 U/h,keep,0.6 U/h,"Overnight lows exist, but they are not separable from prior IOB and corrections, and the early morning window is broadly stable. Dependencies: safety_overview, basal_targets, and missing meal logs."
real_gpt54mini_med_50,run_023,profile.basal.05_00,profile,True,0.7 U/h,keep,0.7 U/h,"The 03:00 to 07:00 local window is relatively stable, so there is no clean evidence for a change. Dependencies: basal_targets and correction confounding."
real_gpt54mini_med_50,run_023,profile.basal.06_00,profile,True,0.8 U/h,keep,0.8 U/h,Morning rises begin later and are more plausibly meal or target related than a basal defect. Dependencies: absent meal logs and variable correction behavior.
real_gpt54mini_med_50,run_023,profile.basal.10_00,profile,True,0.7 U/h,keep,0.7 U/h,"Midday to afternoon highs are real but not isolated from meals, temp targets, or automation, so a basal change is unsupported. Dependencies: basal_targets and meal_bolus_strategy."
real_gpt54mini_med_50,run_023,profile.basal.16_00,profile,True,0.5 U/h,keep,0.5 U/h,"The afternoon window shows both highs and some surrounding lows, so a basal inference is ambiguous. Dependencies: safety_overview, IOB, and missing meal timing."
real_gpt54mini_med_50,run_023,profile.basal.18_00,profile,True,0.6 U/h,keep,0.6 U/h,"Late-evening lows are present, but they may reflect earlier insulin and correction stacking rather than basal excess. Dependencies: safety_overview and correction-only response windows."
real_gpt54mini_med_50,run_023,profile.basal.19_00,profile,True,0.7 U/h,keep,0.7 U/h,The evidence for a basal change in this segment is still confounded by IOB and automation. Dependencies: basal_targets and safety_overview.
real_gpt54mini_med_50,run_023,profile.cr.00_00,profile,True,13 g/U,keep,13 g/U,"No meal logs or meal bolus outcomes exist to validate overnight CR, and correction windows are not meal data. Dependencies: meal_bolus_strategy and absent carb entries."
real_gpt54mini_med_50,run_023,profile.cr.04_00,profile,True,11.1 g/U,keep,11.1 g/U,There is no repeatable meal-linked pattern that isolates this CR segment from dawn or correction effects. Dependencies: missing meal timing and IOB confounding.
real_gpt54mini_med_50,run_023,profile.cr.08_00,profile,True,13.2 g/U,keep,13.2 g/U,"Late-morning and afternoon highs cannot be assigned to breakfast CR without meal logs. Dependencies: meal_bolus_strategy, SMB support, and variable correction response."
real_gpt54mini_med_50,run_023,profile.cr.16_00,profile,True,10.5 g/U,keep,10.5 g/U,"Afternoon highs are present, but there is not enough meal-linked evidence to distinguish CR mismatch from basal, target, or activity effects. Dependencies: basal_targets and absent carb data."
real_gpt54mini_med_50,run_023,profile.cr.20_00,profile,True,12.6 g/U,keep,12.6 g/U,"Evening and overnight lows argue for caution, but they are not enough to justify changing CR without meal timing and carb amounts. Dependencies: safety_overview and lack of meal logs."
real_gpt54mini_med_50,run_023,profile.isf.00_00,profile,True,56 mg/dL/U,keep,56 mg/dL/U,"Correction outcomes are variable, but the response windows are confounded by IOB, temp targets, and timing, so ISF cannot be cleanly separated. Dependencies: profile_cr_isf_dia and automation_sensitivity_limits."
real_gpt54mini_med_50,run_023,profile.target.00_00,profile,True,90 mg/dL,keep,90 mg/dL,"The target is already relatively tight, and the observed lows and highs are still confounded by other factors. Dependencies: safety overview and lack of clean fasting data."
real_gpt54mini_med_50,run_023,profile.target.08_00,profile,True,100 mg/dL,keep,100 mg/dL,"Daytime highs are not yet cleanly attributable to the target segment, so changing it would be speculative. Dependencies: meal, basal, and automation confounding."
real_gpt54mini_med_50,run_023,profile.target.23_00,profile,True,90 mg/dL,keep,90 mg/dL,"Late evening lows make tighter targets a possible concern, but there is not enough evidence to change the target independently of IOB and corrections. Dependencies: safety overview and basal_targets."
real_gpt54mini_med_50,run_023,profile.dia,profile,True,10 h,keep,10 h,"Correction windows are variable, but there is no clean evidence that DIA alone is wrong. Changing DIA would alter IOB accounting and should not be done without better meal and correction separation. Dependencies: profile_cr_isf_dia and automation_sensitivity_limits."
real_gpt54mini_med_50,run_023,aaps.core.smb_uam,aaps,True,smb_enabled=true; uam_enabled=true,keep,smb_enabled=true; uam_enabled=true,"SMB and UAM appear to be functioning as intended as correction support, and there is no evidence they are causing a safety fault by themselves. Dependencies: automation_smb_uam and safety_overview."
real_gpt54mini_med_50,run_023,aaps.core.smb_activation,aaps,True,smb_always_enabled=true; smb_with_cob_enabled=false; smb_after_carbs_enabled=false; smb_with_temp_target_enabled=true; smb_with_high_temp_target_enabled=false,keep,smb_always_enabled=true; smb_with_cob_enabled=false; smb_after_carbs_enabled=false; smb_with_temp_target_enabled=true; smb_with_high_temp_target_enabled=false,The activation rules are internally consistent with the telemetry and do not present a material inconsistency. Dependencies: automation_smb_uam and absent carb logs.
real_gpt54mini_med_50,run_023,aaps.core.smb_delivery,aaps,True,smb_interval_minutes=3 min; max_smb_basal_minutes=15 min; max_uam_smb_basal_minutes=20 min,keep,smb_interval_minutes=3 min; max_smb_basal_minutes=15 min; max_uam_smb_basal_minutes=20 min,"The SMB pacing is active but not obviously excessive in the observed data, and there is no evidence that changing it would resolve the mixed glucose pattern. Dependencies: automation_smb_uam and IOB variability."
real_gpt54mini_med_50,run_023,aaps.core.safety_limits,aaps,True,max_basal_u_per_hour=12 U/h; max_iob_units=25 U,keep,max_basal_u_per_hour=12 U/h; max_iob_units=25 U,"These are safety rails rather than active tuning levers in the current data, and the observed delivery does not approach them. Dependencies: automation_sensitivity_limits and safety_overview."
real_gpt54mini_med_50,run_023,aaps.core.sensitivity,aaps,True,autosens_enabled=false; dynamic_sensitivity_enabled=true; autosens_raises_target=false; autosens_lowers_target=false; dynamic_isf_adjustment_factor_percent=70 %,keep,autosens_enabled=false; dynamic_sensitivity_enabled=true; autosens_raises_target=false; autosens_lowers_target=false; dynamic_isf_adjustment_factor_percent=70 %,"A neutral sensitivity_ratio of 1 is not disabled Autosens, and the dynamic sensitivity stack appears consistent with the loop behavior. Dependencies: automation_sensitivity_limits and correction/IOB variability."
real_gpt54mini_med_50,run_023,aaps.core.carb_absorption,aaps,True,min_5m_carbimpact=8 mg/dL/5 min; meal_max_absorption_hours=7 h,keep,min_5m_carbimpact=8 mg/dL/5 min; meal_max_absorption_hours=7 h,"There are no carb treatment or e-carb entries to validate absorption assumptions against, so changing them would be speculative. Dependencies: meal_ecarbs_absorption and absent meal logs."
real_gpt54mini_med_50,run_024,profile.basal.00_00,profile,True,0.6 U/h,keep,0.6 U/h,"Overnight lows are present, but this segment cannot be isolated from SMB/UAM, temp targets, corrections, and missing meal timing. Keep until a controlled overnight window separates basal from IOB and automation effects."
real_gpt54mini_med_50,run_024,profile.basal.05_00,profile,True,0.7 U/h,keep,0.7 U/h,"The morning period is mixed with rising glucose later in the day, but the data do not isolate this segment as the source of either lows or highs. Confounding from meals and automation remains unresolved."
real_gpt54mini_med_50,run_024,profile.basal.06_00,profile,True,0.8 U/h,keep,0.8 U/h,"There is no fasting-like evidence proving this segment is too strong or too weak. The observed pattern could reflect breakfast, corrections, or automated response rather than basal alone."
real_gpt54mini_med_50,run_024,profile.basal.10_00,profile,True,0.7 U/h,keep,0.7 U/h,"Late-morning values are near the transition into the afternoon rise, but meal and correction timing are not available. A basal change here would be speculative."
real_gpt54mini_med_50,run_024,profile.basal.16_00,profile,True,0.5 U/h,keep,0.5 U/h,"Afternoon hyperglycemia exists, but this cannot yet be attributed to insufficient basal because meals, temp targets, and automation are all plausible causes. Keep pending controlled comparison."
real_gpt54mini_med_50,run_024,profile.basal.18_00,profile,True,0.6 U/h,keep,0.6 U/h,"Evening lows are a safety concern, but this segment is not separable from SMB/UAM, IOB, and temp-target use. Without a controlled trace, a change would be unsupported."
real_gpt54mini_med_50,run_024,profile.basal.19_00,profile,True,0.7 U/h,keep,0.7 U/h,"Late-evening lows suggest caution, but the available data do not show this segment alone as the cause. Meal, correction, and automation effects remain plausible alternatives."
real_gpt54mini_med_50,run_024,profile.cr.00_00,profile,True,13 g/U,keep,13 g/U,"No meal-linked evidence exists for a nighttime CR change, and the low overnight pattern is more relevant to basal/IOB than to a carb ratio."
real_gpt54mini_med_50,run_024,profile.cr.04_00,profile,True,11.1 g/U,keep,11.1 g/U,The available correction windows do not isolate dawn or early-morning meal behavior. Any CR change would be speculative without meal timing and prebolus data.
real_gpt54mini_med_50,run_024,profile.cr.08_00,profile,True,13.2 g/U,keep,13.2 g/U,"Late-morning and afternoon highs could reflect meal mismatch, but there are no carb entries or meal timestamps to prove this segment needs adjustment."
real_gpt54mini_med_50,run_024,profile.cr.16_00,profile,True,10.5 g/U,keep,10.5 g/U,"The afternoon rise is real, but no meal-linked evidence separates CR need from delayed absorption, temp targets, SMB/UAM, or correction timing."
real_gpt54mini_med_50,run_024,profile.cr.20_00,profile,True,12.6 g/U,keep,12.6 g/U,Evening lows and mixed correction responses do not isolate a carb-ratio problem here. Keep until timed meal data can distinguish meal effect from IOB and automation.
real_gpt54mini_med_50,run_024,profile.isf.00_00,profile,True,56 mg/dL/U,keep,56 mg/dL/U,"The correction-response windows are mixed, and automation plus temp targets confound sensitivity inference. A global ISF change is not supported."
real_gpt54mini_med_50,run_024,profile.target.00_00,profile,True,90 mg/dL,keep,90 mg/dL,"Overnight lows are the main safety issue, so lowering or raising the target without separating basal and IOB effects would be premature."
real_gpt54mini_med_50,run_024,profile.target.08_00,profile,True,100 mg/dL,keep,100 mg/dL,"The afternoon rise could tempt a target change, but the data do not separate meal effects from automation or basal behavior. Keep unchanged until a controlled comparison is available."
real_gpt54mini_med_50,run_024,profile.target.23_00,profile,True,90 mg/dL,keep,90 mg/dL,"Late-night lows already warrant caution, and the available evidence does not show that the target itself is the main driver. Hold steady pending better separation of causes."
real_gpt54mini_med_50,run_024,profile.dia,profile,True,10 h,keep,10 h,"The correction and IOB patterns are too confounded to justify a DIA change. Meal timing, automation, and temp-target use all remain plausible contributors."
real_gpt54mini_med_50,run_024,aaps.core.smb_uam,aaps,True,smb_enabled=true; uam_enabled=true,keep,smb_enabled=true; uam_enabled=true,"SMB/UAM is active and bounded, and the observed behavior fits a reactive system. No evidence shows this group is causing a safety-limit failure, and no dependent setting change is justified yet."
real_gpt54mini_med_50,run_024,aaps.core.smb_activation,aaps,True,smb_always_enabled=true; smb_with_cob_enabled=false; smb_after_carbs_enabled=false; smb_with_temp_target_enabled=true; smb_with_high_temp_target_enabled=false,keep,smb_always_enabled=true; smb_with_cob_enabled=false; smb_after_carbs_enabled=false; smb_with_temp_target_enabled=true; smb_with_high_temp_target_enabled=false,The activation logic is coherent with the rest of the profile and does not show a material inconsistency. Lack of carb entries means COB-gated optimization cannot be validated from this dataset.
real_gpt54mini_med_50,run_024,aaps.core.smb_delivery,aaps,True,smb_interval_minutes=3 min; max_smb_basal_minutes=15 min; max_uam_smb_basal_minutes=20 min,keep,smb_interval_minutes=3 min; max_smb_basal_minutes=15 min; max_uam_smb_basal_minutes=20 min,"The cadence and caps are permissive but still bounded, and the observed doses do not approach runaway behavior. Overnight lows are not clearly explained by these limits."
real_gpt54mini_med_50,run_024,aaps.core.safety_limits,aaps,True,max_basal_u_per_hour=12 U/h; max_iob_units=25 U,keep,max_basal_u_per_hour=12 U/h; max_iob_units=25 U,"Observed dosing stays well below these ceilings, so they are not the current bottleneck. No evidence supports changing them as a fix for the observed pattern."
real_gpt54mini_med_50,run_024,aaps.core.sensitivity,aaps,True,autosens_enabled=false; dynamic_sensitivity_enabled=true; autosens_raises_target=false; autosens_lowers_target=false; dynamic_isf_adjustment_factor_percent=70 %,keep,autosens_enabled=false; dynamic_sensitivity_enabled=true; autosens_raises_target=false; autosens_lowers_target=false; dynamic_isf_adjustment_factor_percent=70 %,"A neutral sensitivity_ratio of 1 is not a defect, because dynamic sensitivity remains enabled even with autosens disabled. The runtime adjustments appear consistent with the configuration rather than contradictory."
real_gpt54mini_med_50,run_024,aaps.core.carb_absorption,aaps,True,min_5m_carbimpact=8 mg/dL/5 min; meal_max_absorption_hours=7 h,keep,min_5m_carbimpact=8 mg/dL/5 min; meal_max_absorption_hours=7 h,"There are no carb or e-carb entries to validate absorption tuning, so a change would be unsupported. GLP-1 use may alter absorption timing, but the package does not provide meal-linked evidence."
real_gpt54mini_med_50,run_025,profile.basal.00_00,profile,True,0.6 U/h,change,0.55 U/h,"Supported by recurrent 00:00-02:00 lows and late-evening low exposure. Daytime highs are confounded by meal, correction, and automation effects, so only one small overnight basal change is justified. Changing this segment alone respects the dependency rule and keeps the action order safe."
real_gpt54mini_med_50,run_025,profile.basal.05_00,profile,True,0.7 U/h,keep,0.7 U/h,"The data do not isolate a clean need to change this segment. Early-night lows point more strongly to the 00:00 segment, and later overnight patterns remain too confounded by IOB and correction timing to justify a second basal change."
real_gpt54mini_med_50,run_025,profile.basal.06_00,profile,True,0.8 U/h,keep,0.8 U/h,"There is not enough fasting evidence to separate this segment from dawn-related variation, IOB, or breakfast effects. The current daytime highs are not sufficient to support a basal increase, and the low burden argues against stacking changes."
real_gpt54mini_med_50,run_025,profile.basal.10_00,profile,True,0.7 U/h,keep,0.7 U/h,"Late-morning highs could reflect meal timing, but the package lacks carb logs and meal bolus context. A basal change here would be speculative and would mix dependent hypotheses with the overnight safety issue."
real_gpt54mini_med_50,run_025,profile.basal.16_00,profile,True,0.5 U/h,keep,0.5 U/h,"Although some afternoon highs occur, this segment is not clearly the driver because correction windows, SMB, and meal effects are all plausible. The data do not support a simultaneous daytime basal adjustment."
real_gpt54mini_med_50,run_025,profile.basal.18_00,profile,True,0.6 U/h,keep,0.6 U/h,"The evening low pattern is present, but the specific contribution of this segment cannot be separated from post-correction or post-meal effects. The first safe step is to reduce the 00:00 segment only and reassess."
real_gpt54mini_med_50,run_025,profile.basal.19_00,profile,True,0.7 U/h,keep,0.7 U/h,"No clean evidence isolates this segment as excessive. Because the overall low pattern is already addressed by the midnight segment and the day profile is confounded, this should remain unchanged for now."
real_gpt54mini_med_50,run_025,profile.cr.00_00,profile,True,13 g/U,keep,13 g/U,"There are no carb entries or meal-linked bolus tests, so a CR change would be speculative. The observed highs may be meal-related, but the available evidence does not distinguish that from automation or correction effects."
real_gpt54mini_med_50,run_025,profile.cr.04_00,profile,True,11.1 g/U,keep,11.1 g/U,"No meal-linked evidence exists to support a change, and the correction-heavy windows do not isolate this ratio from IOB or SMB behavior."
real_gpt54mini_med_50,run_025,profile.cr.08_00,profile,True,13.2 g/U,keep,13.2 g/U,"Morning and midday highs are present, but without carb logs or meal timing, changing the breakfast ratio would mix meal and automation hypotheses. Keep until a repeatable meal test is available."
real_gpt54mini_med_50,run_025,profile.cr.16_00,profile,True,10.5 g/U,keep,10.5 g/U,"Afternoon highs are recurrent but not isolated enough to show a CR mismatch. SMB, temp basal, delayed absorption, and correction timing all remain plausible confounders."
real_gpt54mini_med_50,run_025,profile.cr.20_00,profile,True,12.6 g/U,keep,12.6 g/U,Evening data do not show a clean meal pattern that would justify a ratio change. The current lows argue against more aggressive insulin until meal logs are available.
real_gpt54mini_med_50,run_025,profile.isf.00_00,profile,True,56 mg/dL/U,keep,56 mg/dL/U,"The correction windows are too confounded to support an ISF change. Sensitivity_ratio values are often neutral, and the observed highs and lows are more plausibly explained by basal and meal timing than by a clear ISF defect."
real_gpt54mini_med_50,run_025,profile.target.00_00,profile,True,90 mg/dL,keep,90 mg/dL,The nocturnal low pattern is better addressed by a small basal reduction first. Raising the target would be a broader change that is not as well supported as the single basal adjustment.
real_gpt54mini_med_50,run_025,profile.target.08_00,profile,True,100 mg/dL,keep,100 mg/dL,"The daytime rise is not cleanly a target problem, and changing this alongside basal would violate the one-change-at-a-time rule. Keep until meal attribution is clearer."
real_gpt54mini_med_50,run_025,profile.target.23_00,profile,True,90 mg/dL,keep,90 mg/dL,"Although late-night lows exist, the best-supported isolated action is the midnight basal reduction. A target change is not needed yet and would complicate interpretation of the first change."
real_gpt54mini_med_50,run_025,profile.dia,profile,True,10 h,keep,10 h,"The correction and automation windows do not provide clean evidence that DIA is mis-specified. The current value is plausible in this SMB/UAM context, and there is no support for changing it before basal is tested."
real_gpt54mini_med_50,run_025,aaps.core.smb_uam,aaps,True,smb_enabled=true; uam_enabled=true,keep,smb_enabled=true; uam_enabled=true,SMB and UAM are already active and are helping the system respond. The data do not justify altering core automation while overnight hypoglycemia is still unresolved and meal attribution is weak.
real_gpt54mini_med_50,run_025,aaps.core.smb_activation,aaps,True,smb_always_enabled=true; smb_with_cob_enabled=false; smb_after_carbs_enabled=false; smb_with_temp_target_enabled=true; smb_with_high_temp_target_enabled=false,keep,smb_always_enabled=true; smb_with_cob_enabled=false; smb_after_carbs_enabled=false; smb_with_temp_target_enabled=true; smb_with_high_temp_target_enabled=false,The current activation logic is internally consistent and not contradicted by the telemetry. No material inconsistency or safety concern requires a change.
real_gpt54mini_med_50,run_025,aaps.core.smb_delivery,aaps,True,smb_interval_minutes=3 min; max_smb_basal_minutes=15 min; max_uam_smb_basal_minutes=20 min,keep,smb_interval_minutes=3 min; max_smb_basal_minutes=15 min; max_uam_smb_basal_minutes=20 min,"The SMB cadence and duration caps are already assertive enough to respond to rises. Remaining time in an SMB waiting message is not the configured interval, and there is no evidence that strengthening these limits would improve outcomes without increasing low risk."
real_gpt54mini_med_50,run_025,aaps.core.safety_limits,aaps,True,max_basal_u_per_hour=12 U/h; max_iob_units=25 U,keep,max_basal_u_per_hour=12 U/h; max_iob_units=25 U,There is no sign that safety ceilings are constraining effective therapy in a way that can be separated from meal and correction effects. Excessive IOB risk argues against raising these limits.
real_gpt54mini_med_50,run_025,aaps.core.sensitivity,aaps,True,autosens_enabled=false; dynamic_sensitivity_enabled=true; autosens_raises_target=false; autosens_lowers_target=false; dynamic_isf_adjustment_factor_percent=70 %,keep,autosens_enabled=false; dynamic_sensitivity_enabled=true; autosens_raises_target=false; autosens_lowers_target=false; dynamic_isf_adjustment_factor_percent=70 %,"A sensitivity_ratio of 1 is a neutral current adjustment, not disabled Autosens. The configuration is internally coherent, and the data do not support changing sensitivity controls before the overnight basal trial is evaluated."
real_gpt54mini_med_50,run_025,aaps.core.carb_absorption,aaps,True,min_5m_carbimpact=8 mg/dL/5 min; meal_max_absorption_hours=7 h,keep,min_5m_carbimpact=8 mg/dL/5 min; meal_max_absorption_hours=7 h,"There are no carb treatment entries or e-carb durations to test these settings against. Without meal-linked evidence, the current absorption model cannot be shown to be wrong."
real_gpt54mini_med_50,run_026,profile.basal.00_00,profile,True,0.6 U/h,keep,0.6 U/h,"Overnight lows are present, but basal cannot be isolated from correction, SMB/UAM, or missing meal data. The evidence is not strong enough to support a change to this segment alone."
real_gpt54mini_med_50,run_026,profile.basal.05_00,profile,True,0.7 U/h,keep,0.7 U/h,"Early-morning glucose is low enough at times to demand caution, yet the timing overlaps with other insulin effects and no fasting-only test is available. Changing this segment now would be speculative."
real_gpt54mini_med_50,run_026,profile.basal.06_00,profile,True,0.8 U/h,keep,0.8 U/h,"This segment may contribute to morning control, but the daytime pattern also shows meal and automation confounding. There is no isolated evidence that this basal step is wrong."
real_gpt54mini_med_50,run_026,profile.basal.10_00,profile,True,0.7 U/h,keep,0.7 U/h,"Late-morning highs exist, but they are more plausibly meal or timing related than basal-only. Without carb logs or fasting data, a basal change is not supported."
real_gpt54mini_med_50,run_026,profile.basal.16_00,profile,True,0.5 U/h,keep,0.5 U/h,"Late-afternoon lows and highs both occur in this region, but corrections, IOB, and temp targets make attribution uncertain. The evidence does not isolate this as a basal defect."
real_gpt54mini_med_50,run_026,profile.basal.18_00,profile,True,0.6 U/h,keep,0.6 U/h,"Evening lows are a concern, but the observed lows coincide with confounders and do not prove excessive basal. Keeping the segment unchanged is safer until a cleaner check is available."
real_gpt54mini_med_50,run_026,profile.basal.19_00,profile,True,0.7 U/h,keep,0.7 U/h,"The evening window contains both lows and later recovery periods, so the pattern is not clean enough for a basal edit. Dependent changes should wait until meal and correction effects are separated."
real_gpt54mini_med_50,run_026,profile.cr.00_00,profile,True,13 g/U,keep,13 g/U,"No carb entries are available, so CR cannot be validated per meal. The observed glucose pattern is too confounded to justify changing the overnight ratio."
real_gpt54mini_med_50,run_026,profile.cr.04_00,profile,True,11.1 g/U,keep,11.1 g/U,"Morning control may reflect meal timing, prebolus, or basal interactions rather than CR alone. The record does not provide enough meal-linked evidence for a supported change."
real_gpt54mini_med_50,run_026,profile.cr.08_00,profile,True,13.2 g/U,keep,13.2 g/U,"Midday highs could tempt a stronger ratio, but the package lacks carb logs and includes automation confounding. Changing this would be dependent and unsupported."
real_gpt54mini_med_50,run_026,profile.cr.16_00,profile,True,10.5 g/U,keep,10.5 g/U,"Late-day excursions are mixed, and the record cannot separate meal composition, timing, or SMB/UAM effects. There is insufficient evidence to alter this ratio now."
real_gpt54mini_med_50,run_026,profile.cr.20_00,profile,True,12.6 g/U,keep,12.6 g/U,Evening response windows are too confounded by correction insulin and IOB to validate this ratio. A meal-linked dataset would be needed before a change is justified.
real_gpt54mini_med_50,run_026,profile.isf.00_00,profile,True,56 mg/dL/U,keep,56 mg/dL/U,The correction response windows are mixed and do not isolate static sensitivity cleanly. Lowering or raising ISF now would mix a speculative change with unresolved automation and meal effects.
real_gpt54mini_med_50,run_026,profile.target.00_00,profile,True,90 mg/dL,keep,90 mg/dL,"Overnight hypoglycemia is already the main safety constraint, so lowering target is not supported. Raising target might reduce lows but is not justified by a clean isolated pattern here."
real_gpt54mini_med_50,run_026,profile.target.08_00,profile,True,100 mg/dL,keep,100 mg/dL,"Daytime hyperglycemia is present, but the package cannot show that this target is the main cause. It would be unsafe to treat it as the driver before basal, meal, and automation confounders are separated."
real_gpt54mini_med_50,run_026,profile.target.23_00,profile,True,90 mg/dL,keep,90 mg/dL,"The late-night target is not clearly wrong, and lowering targets would increase hypoglycemia risk. No isolated evidence supports a change."
real_gpt54mini_med_50,run_026,profile.dia,profile,True,10 h,keep,10 h,"DIA cannot be isolated from SMB/UAM and correction-heavy windows, and there is no direct evidence that it is causing a mismatch. A change would be dependent and unsupported."
real_gpt54mini_med_50,run_026,aaps.core.smb_uam,aaps,True,smb_enabled=true; uam_enabled=true,keep,smb_enabled=true; uam_enabled=true,SMB and UAM are coherent with the observed closed-loop behavior and do not show a material configuration conflict. The data do not support changing this before resolving basal and meal questions.
real_gpt54mini_med_50,run_026,aaps.core.smb_activation,aaps,True,smb_always_enabled=true; smb_with_cob_enabled=false; smb_after_carbs_enabled=false; smb_with_temp_target_enabled=true; smb_with_high_temp_target_enabled=false,keep,smb_always_enabled=true; smb_with_cob_enabled=false; smb_after_carbs_enabled=false; smb_with_temp_target_enabled=true; smb_with_high_temp_target_enabled=false,The activation rules are internally consistent and do not show duplicate COB accounting or a clear safety conflict. No material inconsistency justifies changing them now.
real_gpt54mini_med_50,run_026,aaps.core.smb_delivery,aaps,True,smb_interval_minutes=3 min; max_smb_basal_minutes=15 min; max_uam_smb_basal_minutes=20 min,keep,smb_interval_minutes=3 min; max_smb_basal_minutes=15 min; max_uam_smb_basal_minutes=20 min,The observed loop behavior does not demonstrate that the interval or SMB basal limits are the source of lows or highs. The settings are plausible and should remain unchanged until cleaner data are available.
real_gpt54mini_med_50,run_026,aaps.core.safety_limits,aaps,True,max_basal_u_per_hour=12 U/h; max_iob_units=25 U,keep,max_basal_u_per_hour=12 U/h; max_iob_units=25 U,"The observed temp basal and IOB values do not approach these ceilings, so the limits do not appear to be constraining the system. The main concern is safety from lows, not a clearly too-low ceiling."
real_gpt54mini_med_50,run_026,aaps.core.sensitivity,aaps,True,autosens_enabled=false; dynamic_sensitivity_enabled=true; autosens_raises_target=false; autosens_lowers_target=false; dynamic_isf_adjustment_factor_percent=70 %,keep,autosens_enabled=false; dynamic_sensitivity_enabled=true; autosens_raises_target=false; autosens_lowers_target=false; dynamic_isf_adjustment_factor_percent=70 %,"Dynamic sensitivity is active and a sensitivity_ratio near 1 is neutral, not disabled automation. No evidence shows that the sensitivity logic or target adjustment behavior is misconfigured."
real_gpt54mini_med_50,run_026,aaps.core.carb_absorption,aaps,True,min_5m_carbimpact=8 mg/dL/5 min; meal_max_absorption_hours=7 h,keep,min_5m_carbimpact=8 mg/dL/5 min; meal_max_absorption_hours=7 h,There are no carb entries or extended-carb events to validate absorption settings against. Changing the model would be speculative and dependent on meal data that are not present.
real_gpt54mini_med_50,run_027,profile.basal.00_00,profile,True,0.6 U/h,keep,0.6 U/h,"There is an overnight low signal around 00:00-02:00 BST, but it is not isolated from correction IOB or meal timing. Changing this basal segment now would be premature because the evidence does not separate basal from other influences."
real_gpt54mini_med_50,run_027,profile.basal.05_00,profile,True,0.7 U/h,keep,0.7 U/h,"Early-morning glucose is generally more stable than the midnight low window, and there is no isolated fasting-only evidence that this segment is excessive or insufficient."
real_gpt54mini_med_50,run_027,profile.basal.06_00,profile,True,0.8 U/h,keep,0.8 U/h,"The available data do not isolate a 06:00 basal problem. Morning behavior is mixed with likely meal and automation effects, so there is no supported change."
real_gpt54mini_med_50,run_027,profile.basal.10_00,profile,True,0.7 U/h,keep,0.7 U/h,Late-morning data do not separate basal from meal effects. The observed daytime rise is more plausibly a meal-timing issue than a clear 10:00 basal defect.
real_gpt54mini_med_50,run_027,profile.basal.16_00,profile,True,0.5 U/h,keep,0.5 U/h,"Afternoon hyperglycemia could reflect underbasal, but the same window is also compatible with meal timing, delayed bolus, and automation response. Evidence is insufficient for a single basal change."
real_gpt54mini_med_50,run_027,profile.basal.18_00,profile,True,0.6 U/h,keep,0.6 U/h,Evening data are mixed and do not isolate a clean basal effect. No supported change can be made without meal timing and activity context.
real_gpt54mini_med_50,run_027,profile.basal.19_00,profile,True,0.7 U/h,keep,0.7 U/h,The data do not show a distinct 19:00 basal defect. Any adjustment would be speculative because meal and correction effects remain confounded.
real_gpt54mini_med_50,run_027,profile.cr.00_00,profile,True,13 g/U,keep,13 g/U,Correction and meal data are too limited to support a CR change. Overnight low risk also argues against making insulin more aggressive without stronger meal-linked evidence.
real_gpt54mini_med_50,run_027,profile.cr.04_00,profile,True,11.1 g/U,keep,11.1 g/U,No meal-linked evidence isolates this early-morning ratio. The available data are too confounded by automation and IOB to justify a change.
real_gpt54mini_med_50,run_027,profile.cr.08_00,profile,True,13.2 g/U,keep,13.2 g/U,Morning post-meal behavior is not cleanly separable from bolus timing. The data do not support changing this CR yet.
real_gpt54mini_med_50,run_027,profile.cr.16_00,profile,True,10.5 g/U,keep,10.5 g/U,"Afternoon highs could suggest weaker meal coverage, but the evidence is not enough to choose between CR, prebolus timing, and basal/automation effects. Keep unchanged for now."
real_gpt54mini_med_50,run_027,profile.cr.20_00,profile,True,12.6 g/U,keep,12.6 g/U,No meal-linked evidence isolates the evening ratio. The low-risk overnight pattern argues for caution rather than a stronger ratio.
real_gpt54mini_med_50,run_027,profile.isf.00_00,profile,True,56 mg/dL/U,keep,56 mg/dL/U,"Correction response is mixed and often confounded by IOB, temp basals, and SMB/UAM. The lows in the data make a more aggressive ISF unsupported."
real_gpt54mini_med_50,run_027,profile.target.00_00,profile,True,90 mg/dL,keep,90 mg/dL,"The target is already tight, and the main safety issue is hypoglycemia. Lowering the target would increase risk without clear evidence of benefit."
real_gpt54mini_med_50,run_027,profile.target.08_00,profile,True,100 mg/dL,keep,100 mg/dL,There is no isolated evidence that the morning target is driving the daytime rise pattern. The more likely issue is meal timing rather than target selection.
real_gpt54mini_med_50,run_027,profile.target.23_00,profile,True,90 mg/dL,keep,90 mg/dL,"Night-time low exposure argues against a lower target, and there is no evidence to support a target change."
real_gpt54mini_med_50,run_027,profile.dia,profile,True,10 h,keep,10 h,The response windows are too confounded to infer a specific DIA correction. No evidence supports shortening or lengthening DIA at this stage.
real_gpt54mini_med_50,run_027,aaps.core.smb_uam,aaps,True,smb_enabled=true; uam_enabled=true,keep,smb_enabled=true; uam_enabled=true,SMB and UAM appear to be functioning as intended within a closed-loop system. There is no clear evidence that disabling either would improve safety or control.
real_gpt54mini_med_50,run_027,aaps.core.smb_activation,aaps,True,smb_always_enabled=true; smb_with_cob_enabled=false; smb_after_carbs_enabled=false; smb_with_temp_target_enabled=true; smb_with_high_temp_target_enabled=false,keep,smb_always_enabled=true; smb_with_cob_enabled=false; smb_after_carbs_enabled=false; smb_with_temp_target_enabled=true; smb_with_high_temp_target_enabled=false,The activation pattern is internally coherent with the observed loop behavior. No material inconsistency in these activation switches explains the glucose pattern better than meal timing and IOB.
real_gpt54mini_med_50,run_027,aaps.core.smb_delivery,aaps,True,smb_interval_minutes=3 min; max_smb_basal_minutes=15 min; max_uam_smb_basal_minutes=20 min,keep,smb_interval_minutes=3 min; max_smb_basal_minutes=15 min; max_uam_smb_basal_minutes=20 min,"The loop uses SMB/UAM actively, but there is no proof that the cadence or minute limits are causing the observed lows or highs. Changing them would be unsupported and would create a dependent adjustment."
real_gpt54mini_med_50,run_027,aaps.core.safety_limits,aaps,True,max_basal_u_per_hour=12 U/h; max_iob_units=25 U,keep,max_basal_u_per_hour=12 U/h; max_iob_units=25 U,"Observed enacted rates and IOB values remain below these ceilings, so the limits are not the apparent cause of the current pattern. The raw-setting inconsistency with the safety multipliers should be checked separately, but not changed here."
real_gpt54mini_med_50,run_027,aaps.core.sensitivity,aaps,True,autosens_enabled=false; dynamic_sensitivity_enabled=true; autosens_raises_target=false; autosens_lowers_target=false; dynamic_isf_adjustment_factor_percent=70 %,keep,autosens_enabled=false; dynamic_sensitivity_enabled=true; autosens_raises_target=false; autosens_lowers_target=false; dynamic_isf_adjustment_factor_percent=70 %,"Dynamic sensitivity appears neutral-to-adaptive rather than clearly faulty. A sensitivity_ratio of 1 is a neutral adjustment, not evidence of a disabled Autosens state, and no supported change is available."
real_gpt54mini_med_50,run_027,aaps.core.carb_absorption,aaps,True,min_5m_carbimpact=8 mg/dL/5 min; meal_max_absorption_hours=7 h,keep,min_5m_carbimpact=8 mg/dL/5 min; meal_max_absorption_hours=7 h,"Carb treatment entries are absent, extended carb entries are absent, and no meal-linked absorption pattern is available. Tuning absorption settings would be speculative without meal evidence."
real_gpt54mini_med_50,run_028,profile.basal.00_00,profile,True,0.6 U/h,keep,0.6 U/h,"Overnight glucose is comparatively steadier, but lows still occur and the data do not isolate this segment as the cause. Meal, correction, and automation effects remain confounders, so changing this step is unsupported."
real_gpt54mini_med_50,run_028,profile.basal.05_00,profile,True,0.7 U/h,keep,0.7 U/h,"The early morning rise could reflect dawn effect, meals, or loop compensation, but the package does not separate those causes. No fasting test is available, so a change would be speculative."
real_gpt54mini_med_50,run_028,profile.basal.06_00,profile,True,0.8 U/h,keep,0.8 U/h,"This is a plausible morning support segment, but the observed rise through the day is not cleanly attributable to insufficient basal. Lows in the same overall period increase the safety cost of intensifying it without isolation."
real_gpt54mini_med_50,run_028,profile.basal.10_00,profile,True,0.7 U/h,keep,0.7 U/h,"The late-morning rise is confounded by likely meals, corrections, and automation responses. Without a meal-free window, this segment cannot be confidently judged as too low."
real_gpt54mini_med_50,run_028,profile.basal.16_00,profile,True,0.5 U/h,keep,0.5 U/h,"This is the most plausible basal candidate because the local afternoon averages are highest, but the same period also contains correction-heavy windows and safety-relevant lows. The evidence is not clean enough for a change."
real_gpt54mini_med_50,run_028,profile.basal.18_00,profile,True,0.6 U/h,keep,0.6 U/h,"Evening control improves relative to the afternoon, which argues against increasing this step on current evidence. No meal-linked data show that this segment is the driver of residual highs or lows."
real_gpt54mini_med_50,run_028,profile.basal.19_00,profile,True,0.7 U/h,keep,0.7 U/h,"Later evening glucose is not consistently high enough to justify a change, and the period is still influenced by prior IOB and corrections. Changing this together with other basal steps would violate safe sequencing."
real_gpt54mini_med_50,run_028,profile.cr.00_00,profile,True,13 g/U,keep,13 g/U,"There are no carb treatment entries or meal-linked bolus records, so the carb ratio cannot be validated. CR should not be altered based on correction-heavy telemetry alone."
real_gpt54mini_med_50,run_028,profile.cr.04_00,profile,True,11.1 g/U,keep,11.1 g/U,"No meal-linked evidence exists for this segment, and overnight variability is mixed with lows and later daytime compensation. The data do not support a targeted change."
real_gpt54mini_med_50,run_028,profile.cr.08_00,profile,True,13.2 g/U,keep,13.2 g/U,"The late morning rise is not separable from meals or corrections, and no carb logs are available. A CR change here would be unsupported and could worsen hypoglycemia risk."
real_gpt54mini_med_50,run_028,profile.cr.16_00,profile,True,10.5 g/U,keep,10.5 g/U,"Although the afternoon is the highest-glucose period, it is confounded by temp basals, corrections, and possible meals. There is not enough meal-linked evidence to determine whether this ratio is too weak."
real_gpt54mini_med_50,run_028,profile.cr.20_00,profile,True,12.6 g/U,keep,12.6 g/U,"Evening data do not isolate a recurring meal failure pattern, and the package contains no carb entries. Keeping the CR unchanged is the safer choice until meal-linked evidence exists."
real_gpt54mini_med_50,run_028,profile.isf.00_00,profile,True,56 mg/dL/U,keep,56 mg/dL/U,"Dynamic sensitivity is active, so static ISF cannot be interpreted in isolation. The observed highs and lows are too confounded to support a change in the base sensitivity."
real_gpt54mini_med_50,run_028,profile.target.00_00,profile,True,90 mg/dL,keep,90 mg/dL,"The overnight target is already tight, and the data include lows into the low 40s mg/dL. Lowering or raising this target without better attribution would be unsafe or unsupported."
real_gpt54mini_med_50,run_028,profile.target.08_00,profile,True,100 mg/dL,keep,100 mg/dL,Daytime highs do not prove a target problem because they occur with correction activity and likely meals. The safer action is to verify a single basal window before changing target structure.
real_gpt54mini_med_50,run_028,profile.target.23_00,profile,True,90 mg/dL,keep,90 mg/dL,"The late-night target is consistent with the overnight section and does not stand out as a problem. Lows argue against making this tighter, and no evidence supports making it higher yet."
real_gpt54mini_med_50,run_028,profile.dia,profile,True,10 h,keep,10 h,DIA cannot be isolated from the correction-heavy and dynamic-sensitivity context. Changing DIA would affect multiple dependent settings and is not justified by the available evidence.
real_gpt54mini_med_50,run_028,aaps.core.smb_uam,aaps,True,smb_enabled=true; uam_enabled=true,keep,smb_enabled=true; uam_enabled=true,SMB and UAM are active and appear to be part of the compensation layer rather than a clear cause of instability. There are no null values and no material inconsistency that would justify a change.
real_gpt54mini_med_50,run_028,aaps.core.smb_activation,aaps,True,smb_always_enabled=true; smb_with_cob_enabled=false; smb_after_carbs_enabled=false; smb_with_temp_target_enabled=true; smb_with_high_temp_target_enabled=false,keep,smb_always_enabled=true; smb_with_cob_enabled=false; smb_after_carbs_enabled=false; smb_with_temp_target_enabled=true; smb_with_high_temp_target_enabled=false,"The activation rules are internally consistent, and there is no carb-linked evidence to argue that SMB-with-COB or SMB-after-carbs should be enabled. UAM is not being treated as duplicate COB counting."
real_gpt54mini_med_50,run_028,aaps.core.smb_delivery,aaps,True,smb_interval_minutes=3 min; max_smb_basal_minutes=15 min; max_uam_smb_basal_minutes=20 min,keep,smb_interval_minutes=3 min; max_smb_basal_minutes=15 min; max_uam_smb_basal_minutes=20 min,The configured SMB cadence is explicit in the raw settings and is not the same as any countdown text in the loop status messages. The package does not show this cadence as unsafe or clearly limiting.
real_gpt54mini_med_50,run_028,aaps.core.safety_limits,aaps,True,max_basal_u_per_hour=12 U/h; max_iob_units=25 U,keep,max_basal_u_per_hour=12 U/h; max_iob_units=25 U,"Observed IOB is sometimes substantial, but the dataset does not show the caps as the reason for instability. Changing safety limits now would reduce margin without proof of benefit."
real_gpt54mini_med_50,run_028,aaps.core.sensitivity,aaps,True,autosens_enabled=false; dynamic_sensitivity_enabled=true; autosens_raises_target=false; autosens_lowers_target=false; dynamic_isf_adjustment_factor_percent=70 %,keep,autosens_enabled=false; dynamic_sensitivity_enabled=true; autosens_raises_target=false; autosens_lowers_target=false; dynamic_isf_adjustment_factor_percent=70 %,"This is not a disabled-sensitivity state because dynamic_sensitivity_enabled is true. A sensitivity_ratio of 1 is neutral behavior, and the current evidence does not justify changing the sensitivity structure."
real_gpt54mini_med_50,run_028,aaps.core.carb_absorption,aaps,True,min_5m_carbimpact=8 mg/dL/5 min; meal_max_absorption_hours=7 h,keep,min_5m_carbimpact=8 mg/dL/5 min; meal_max_absorption_hours=7 h,There are no extended carb entries and no meal-linked delayed-absorption pattern to validate this model. Do not infer e-carb duration from aggregate averages or from pump extended bolus behavior.
real_gpt54mini_med_50,run_029,profile.basal.00_00,profile,True,0.6 U/h,keep,0.6 U/h,"Overnight lows are present, but they overlap IOB, corrections, SMB, and temp-target windows. There is no fasting-like evidence that this segment alone is too high, so a change is unsupported."
real_gpt54mini_med_50,run_029,profile.basal.05_00,profile,True,0.7 U/h,keep,0.7 U/h,"Morning lows and highs are mixed with automation and likely meal effects. The data do not isolate this basal segment as the main driver, so keeping it is safer than changing it now."
real_gpt54mini_med_50,run_029,profile.basal.06_00,profile,True,0.8 U/h,keep,0.8 U/h,"There are no meal or fasting controls to prove this morning basal is excessive or insufficient. Daytime patterns are more likely to reflect meals, corrections, or dynamic sensitivity than this single basal step."
real_gpt54mini_med_50,run_029,profile.basal.10_00,profile,True,0.7 U/h,keep,0.7 U/h,"Late-morning highs overlap likely meal timing and automation response, so basal cannot be isolated. A change here would be speculative without a logged meal or fasting-like comparison."
real_gpt54mini_med_50,run_029,profile.basal.16_00,profile,True,0.5 U/h,keep,0.5 U/h,"Afternoon highs occur in the same window, but they are confounded by meal and correction behavior. The data do not support a clean basal adjustment yet."
real_gpt54mini_med_50,run_029,profile.basal.18_00,profile,True,0.6 U/h,keep,0.6 U/h,"Evening lows are present, but they may reflect residual IOB, SMB, or temporary targets rather than this basal segment. No clean evidence separates the causes."
real_gpt54mini_med_50,run_029,profile.basal.19_00,profile,True,0.7 U/h,keep,0.7 U/h,"The late-evening low pattern is real, yet the package does not prove basal causality. Keeping this value avoids making a dependent change before the overnight verification step."
real_gpt54mini_med_50,run_029,profile.cr.00_00,profile,True,13 g/U,keep,13 g/U,"There are no carb entries, so this CR cannot be tested against meal outcomes. The lack of meal data makes any change unsupported."
real_gpt54mini_med_50,run_029,profile.cr.04_00,profile,True,11.1 g/U,keep,11.1 g/U,"Meal composition and bolus timing are unknown, so this CR segment cannot be validated. Keep until a logged meal provides evidence."
real_gpt54mini_med_50,run_029,profile.cr.08_00,profile,True,13.2 g/U,keep,13.2 g/U,"The daytime highs could be meal-related, but no carb records exist to isolate CR performance. Changing CR without meal data would be speculative."
real_gpt54mini_med_50,run_029,profile.cr.16_00,profile,True,10.5 g/U,keep,10.5 g/U,Afternoon glucose rises overlap likely meals and active automation. The package does not separate CR from timing or absorption effects.
real_gpt54mini_med_50,run_029,profile.cr.20_00,profile,True,12.6 g/U,keep,12.6 g/U,Evening lows and late corrections do not provide a meal-linked CR signal. A change is not supported without a logged meal and follow-through.
real_gpt54mini_med_50,run_029,profile.isf.00_00,profile,True,56 mg/dL/U,keep,56 mg/dL/U,Static ISF interpretation is confounded by active dynamic sensitivity and mixed correction responses. There is no clean evidence that this ISF value needs changing first.
real_gpt54mini_med_50,run_029,profile.target.00_00,profile,True,90 mg/dL,keep,90 mg/dL,"The overnight target is already low, and the main issue is hypoglycemia risk rather than a need for tighter targeting. Changing targets before isolating basal and IOB would be unsafe."
real_gpt54mini_med_50,run_029,profile.target.08_00,profile,True,100 mg/dL,keep,100 mg/dL,Daytime highs are more likely meal or timing related than target-related. The current target does not show a clear defect that can be separated from other factors.
real_gpt54mini_med_50,run_029,profile.target.23_00,profile,True,90 mg/dL,keep,90 mg/dL,Late-evening lows argue against tightening targets. The safer action is to verify overnight behavior before changing any target segment.
real_gpt54mini_med_50,run_029,profile.dia,profile,True,10 h,keep,10 h,"The response windows show residual IOB, but the data are too mixed to justify shortening or lengthening DIA now. A controlled meal or correction observation would be needed first."
real_gpt54mini_med_50,run_029,aaps.core.smb_uam,aaps,True,smb_enabled=true; uam_enabled=true,keep,smb_enabled=true; uam_enabled=true,"SMB and UAM appear to function as intended and are not clearly causing the main safety pattern. The observed lows and highs are better explained by confounding with IOB, targets, and missing meal data."
real_gpt54mini_med_50,run_029,aaps.core.smb_activation,aaps,True,smb_always_enabled=true; smb_with_cob_enabled=false; smb_after_carbs_enabled=false; smb_with_temp_target_enabled=true; smb_with_high_temp_target_enabled=false,keep,smb_always_enabled=true; smb_with_cob_enabled=false; smb_after_carbs_enabled=false; smb_with_temp_target_enabled=true; smb_with_high_temp_target_enabled=false,"The activation rules are internally consistent and fit the observed temporary-target behavior. The high-temp-target suppression is a plausible safety feature, not a defect."
real_gpt54mini_med_50,run_029,aaps.core.smb_delivery,aaps,True,smb_interval_minutes=3 min; max_smb_basal_minutes=15 min; max_uam_smb_basal_minutes=20 min,keep,smb_interval_minutes=3 min; max_smb_basal_minutes=15 min; max_uam_smb_basal_minutes=20 min,"The observed microbolus behavior is compatible with these limits, and there is no evidence of a delivery-cap problem. Changing these limits before clarifying meal and basal effects would be premature."
real_gpt54mini_med_50,run_029,aaps.core.safety_limits,aaps,True,max_basal_u_per_hour=12 U/h; max_iob_units=25 U,keep,max_basal_u_per_hour=12 U/h; max_iob_units=25 U,"The data do not show the hard safety limits being reached or acting as the primary bottleneck. The issue is localization of insulin effect, not obvious cap exhaustion."
real_gpt54mini_med_50,run_029,aaps.core.sensitivity,aaps,True,autosens_enabled=false; dynamic_sensitivity_enabled=true; autosens_raises_target=false; autosens_lowers_target=false; dynamic_isf_adjustment_factor_percent=70 %,keep,autosens_enabled=false; dynamic_sensitivity_enabled=true; autosens_raises_target=false; autosens_lowers_target=false; dynamic_isf_adjustment_factor_percent=70 %,"Dynamic sensitivity is active and coherent with the observed variable response patterns. A neutral sensitivity_ratio in some records is not evidence of a disabled system, and there is no clear basis for changing this layer first."
real_gpt54mini_med_50,run_029,aaps.core.carb_absorption,aaps,True,min_5m_carbimpact=8 mg/dL/5 min; meal_max_absorption_hours=7 h,keep,min_5m_carbimpact=8 mg/dL/5 min; meal_max_absorption_hours=7 h,"There are no carb or e-carb entries, so the package cannot validate a different absorption model. Keeping the current absorption settings is the only supported review stance."
real_gpt54mini_med_50,run_030,profile.basal.00_00,profile,True,0.6 U/h,keep,0.6 U/h,"Overnight lows are present, but they are confounded by temp targets, corrections, SMB/UAM, and device events. There is no isolated fasting block that supports changing this segment alone."
real_gpt54mini_med_50,run_030,profile.basal.05_00,profile,True,0.7 U/h,keep,0.7 U/h,"The early morning period is not cleanly separable from overnight carryover, and the data do not isolate this segment as the cause of the low or high pattern."
real_gpt54mini_med_50,run_030,profile.basal.06_00,profile,True,0.8 U/h,keep,0.8 U/h,The morning rise could be meal-related or automation-related rather than a basal defect. No fasting evidence isolates this segment.
real_gpt54mini_med_50,run_030,profile.basal.10_00,profile,True,0.7 U/h,keep,0.7 U/h,"Late morning highs exist, but they overlap with meals and correction/automation activity. Basal change is unsupported without meal and correction separation."
real_gpt54mini_med_50,run_030,profile.basal.16_00,profile,True,0.5 U/h,keep,0.5 U/h,"This lower afternoon basal sits in the same period as the strongest high window, but the evidence does not separate basal from meal timing or correction effects."
real_gpt54mini_med_50,run_030,profile.basal.18_00,profile,True,0.6 U/h,keep,0.6 U/h,"Evening lows are a safety concern, but the profile segment is not isolated enough to justify a change while automation and correction behavior remain confounded."
real_gpt54mini_med_50,run_030,profile.basal.19_00,profile,True,0.7 U/h,keep,0.7 U/h,"Late-evening lows are present, but no clean evidence separates this basal segment from corrections, SMB/UAM, or temp-target effects."
real_gpt54mini_med_50,run_030,profile.cr.00_00,profile,True,13 g/U,keep,13 g/U,"No meal-linked carb data exist to test this ratio, and the observed overnight lows make broad strengthening of meal insulin undesirable without clearer evidence."
real_gpt54mini_med_50,run_030,profile.cr.04_00,profile,True,11.1 g/U,keep,11.1 g/U,"There is no meal-specific response data to justify changing this segment, and the correction windows are too confounded for CR inference."
real_gpt54mini_med_50,run_030,profile.cr.08_00,profile,True,13.2 g/U,keep,13.2 g/U,"Morning and late-morning highs may be meal-related, but the package lacks carb logs and bolus timing, so a CR change would be speculative."
real_gpt54mini_med_50,run_030,profile.cr.16_00,profile,True,10.5 g/U,keep,10.5 g/U,"Although the afternoon is the strongest high window, the highs are confounded by device and therapy events and cannot be assigned to this CR segment alone."
real_gpt54mini_med_50,run_030,profile.cr.20_00,profile,True,12.6 g/U,keep,12.6 g/U,"Late-evening low risk argues for caution, and there is no meal-linked evidence to support a CR change in this segment."
real_gpt54mini_med_50,run_030,profile.isf.00_00,profile,True,56 mg/dL/U,keep,56 mg/dL/U,"Correction responses are variable, but they are heavily confounded by IOB, automation, temp targets, and device events. The flat ISF is not clearly the problem."
real_gpt54mini_med_50,run_030,profile.target.00_00,profile,True,90 mg/dL,keep,90 mg/dL,Raising the overnight target could reduce low risk but would be a dependent change and is unsupported until the overnight pattern is separated from corrections and automation. Lowering it would increase low risk.
real_gpt54mini_med_50,run_030,profile.target.08_00,profile,True,100 mg/dL,keep,100 mg/dL,"The daytime highs are more likely driven by meal or timing issues than by this target, and the evidence is not strong enough to support a target change."
real_gpt54mini_med_50,run_030,profile.target.23_00,profile,True,90 mg/dL,keep,90 mg/dL,"Late-evening lows argue against a lower target, but the current evidence does not isolate this segment enough to support a target change."
real_gpt54mini_med_50,run_030,profile.dia,profile,True,10 h,keep,10 h,"Insulin action is confounded by corrections, SMB/UAM, and no meal data. There is no isolated observation showing DIA is too short or too long."
real_gpt54mini_med_50,run_030,aaps.core.smb_uam,aaps,True,smb_enabled=true; uam_enabled=true,keep,smb_enabled=true; uam_enabled=true,SMB and UAM appear to be functioning as intended and are likely helping manage residual rise. No safety issue or inconsistency supports a change.
real_gpt54mini_med_50,run_030,aaps.core.smb_activation,aaps,True,smb_always_enabled=true; smb_with_cob_enabled=false; smb_after_carbs_enabled=false; smb_with_temp_target_enabled=true; smb_with_high_temp_target_enabled=false,keep,smb_always_enabled=true; smb_with_cob_enabled=false; smb_after_carbs_enabled=false; smb_with_temp_target_enabled=true; smb_with_high_temp_target_enabled=false,The conditions are internally consistent with the selected profile and the observed SMB behavior. There is no material inconsistency to justify a change.
real_gpt54mini_med_50,run_030,aaps.core.smb_delivery,aaps,True,smb_interval_minutes=3 min; max_smb_basal_minutes=15 min; max_uam_smb_basal_minutes=20 min,keep,smb_interval_minutes=3 min; max_smb_basal_minutes=15 min; max_uam_smb_basal_minutes=20 min,The observed SMB amounts are modest and bounded. The current settings do not show runaway delivery or a safety-cap problem.
real_gpt54mini_med_50,run_030,aaps.core.safety_limits,aaps,True,max_basal_u_per_hour=12 U/h; max_iob_units=25 U,keep,max_basal_u_per_hour=12 U/h; max_iob_units=25 U,These caps are permissive and do not appear to be binding in the reviewed period. No safety or efficacy signal supports changing them.
real_gpt54mini_med_50,run_030,aaps.core.sensitivity,aaps,True,autosens_enabled=false; dynamic_sensitivity_enabled=true; autosens_raises_target=false; autosens_lowers_target=false; dynamic_isf_adjustment_factor_percent=70 %,keep,autosens_enabled=false; dynamic_sensitivity_enabled=true; autosens_raises_target=false; autosens_lowers_target=false; dynamic_isf_adjustment_factor_percent=70 %,"Dynamic sensitivity is active, and a sensitivity_ratio of 1 is neutral rather than disabled. The data do not isolate a need to alter sensitivity controls before profile and meal timing are clarified."
real_gpt54mini_med_50,run_030,aaps.core.carb_absorption,aaps,True,min_5m_carbimpact=8 mg/dL/5 min; meal_max_absorption_hours=7 h,keep,min_5m_carbimpact=8 mg/dL/5 min; meal_max_absorption_hours=7 h,"There are no carb treatment entries or meal-linked absorption observations in the package, so changing the absorption model would be speculative."
real_gpt54mini_med_50,run_031,profile.basal.00_00,profile,True,0.6 U/h,keep,0.6 U/h,"Keep. Overnight averages are generally acceptable, but lows occur and the data do not isolate fasting basal effect from IOB, corrections, or automation. Changing this segment without a clean overnight test would be speculative."
real_gpt54mini_med_50,run_031,profile.basal.05_00,profile,True,0.7 U/h,keep,0.7 U/h,"Keep. Morning rises could reflect meals or dawn effect, but the package does not provide fasting evidence or carb logs to justify a change. Dependency: separate meal and correction effects first."
real_gpt54mini_med_50,run_031,profile.basal.06_00,profile,True,0.8 U/h,keep,0.8 U/h,"Keep. The morning window is confounded by likely meal activity and automation responses, so increasing or decreasing this basal is not supported from the available evidence."
real_gpt54mini_med_50,run_031,profile.basal.10_00,profile,True,0.7 U/h,keep,0.7 U/h,"Keep. This is the segment most plausibly linked to the daytime rise, but meals, temp basals, and dynamic sensitivity are unresolved alternative explanations. Changing it now would mix dependent factors."
real_gpt54mini_med_50,run_031,profile.basal.16_00,profile,True,0.5 U/h,keep,0.5 U/h,"Keep. The afternoon rise and later lows point in opposite directions, which lowers confidence in a segment change. A basal adjustment here would be hard to validate without a clean meal-free test."
real_gpt54mini_med_50,run_031,profile.basal.18_00,profile,True,0.6 U/h,keep,0.6 U/h,"Keep. Evening lows create safety concern, but the evidence does not isolate this basal segment from correction stacking or IOB. Dependency: avoid changing while lows remain unresolved."
real_gpt54mini_med_50,run_031,profile.basal.19_00,profile,True,0.7 U/h,keep,0.7 U/h,"Keep. Early evening lows exist, but the pattern is not clean enough to support a segment change, and the risk of worsening overnight hypoglycemia is meaningful."
real_gpt54mini_med_50,run_031,profile.cr.00_00,profile,True,13 g/U,keep,13 g/U,"Keep. No carb entries or meal-linked response windows are available, so this ratio cannot be validated or tuned from the package."
real_gpt54mini_med_50,run_031,profile.cr.04_00,profile,True,11.1 g/U,keep,11.1 g/U,"Keep. The data do not separate meal coverage from basal or correction effects, so changing CR would be unsupported and potentially confounded."
real_gpt54mini_med_50,run_031,profile.cr.08_00,profile,True,13.2 g/U,keep,13.2 g/U,"Keep. The morning and late-morning patterns are not meal-attributed, and there is no logged carbohydrate evidence to justify changing this ratio."
real_gpt54mini_med_50,run_031,profile.cr.16_00,profile,True,10.5 g/U,keep,10.5 g/U,"Keep. This is the most likely meal-sensitive time, but the package lacks meal logs and clean 6-hour meal traces, so a CR change would be premature."
real_gpt54mini_med_50,run_031,profile.cr.20_00,profile,True,12.6 g/U,keep,12.6 g/U,"Keep. Evening lows and mixed correction windows do not provide a reliable basis to alter this ratio, and dependent factors remain unresolved."
real_gpt54mini_med_50,run_031,profile.isf.00_00,profile,True,56 mg/dL/U,keep,56 mg/dL/U,"Keep. Therapy response windows are mixed and heavily confounded by IOB, temp basals, and likely meals; dynamic sensitivity is active, so the static ISF is not isolated enough to tune."
real_gpt54mini_med_50,run_031,profile.target.00_00,profile,True,90 mg/dL,keep,90 mg/dL,Keep. Lowering or raising overnight targets would change automation behavior and confound the interpretation of existing lows; the current data do not support a target edit.
real_gpt54mini_med_50,run_031,profile.target.08_00,profile,True,100 mg/dL,keep,100 mg/dL,"Keep. The daytime rise is not yet proven to be target-driven, and changing this would interfere with the main verification question of basal versus meal timing."
real_gpt54mini_med_50,run_031,profile.target.23_00,profile,True,90 mg/dL,keep,90 mg/dL,"Keep. There is no clear evidence that the late-evening target is the cause of the observed lows or highs, and dependent changes should not be made together."
real_gpt54mini_med_50,run_031,profile.dia,profile,True,10 h,keep,10 h,"Keep. The correction windows are too mixed and confounded to justify DIA tuning, and changing DIA would alter IOB interpretation across the whole system."
real_gpt54mini_med_50,run_031,aaps.core.smb_uam,aaps,True,smb_enabled=true; uam_enabled=true,keep,smb_enabled=true; uam_enabled=true,"Keep. SMB and UAM appear coherent and useful in the observed system, and there is no material inconsistency that would justify disabling either component from this package alone."
real_gpt54mini_med_50,run_031,aaps.core.smb_activation,aaps,True,smb_always_enabled=true; smb_with_cob_enabled=false; smb_after_carbs_enabled=false; smb_with_temp_target_enabled=true; smb_with_high_temp_target_enabled=false,keep,smb_always_enabled=true; smb_with_cob_enabled=false; smb_after_carbs_enabled=false; smb_with_temp_target_enabled=true; smb_with_high_temp_target_enabled=false,Keep. The activation flags are internally consistent with the absence of carb entries and with temporary-target behavior. No safety issue or contradiction is demonstrated in the package.
real_gpt54mini_med_50,run_031,aaps.core.smb_delivery,aaps,True,smb_interval_minutes=3 min; max_smb_basal_minutes=15 min; max_uam_smb_basal_minutes=20 min,keep,smb_interval_minutes=3 min; max_smb_basal_minutes=15 min; max_uam_smb_basal_minutes=20 min,"Keep. The observed loop behavior fits these limits, and the package does not show a binding or unsafe SMB frequency problem. Changing this would be a dependent automation adjustment without stronger evidence."
real_gpt54mini_med_50,run_031,aaps.core.safety_limits,aaps,True,max_basal_u_per_hour=12 U/h; max_iob_units=25 U,keep,max_basal_u_per_hour=12 U/h; max_iob_units=25 U,"Keep. Observed temp basal and IOB values are well below these limits, so they are unlikely to explain the patterns or to be currently constraining therapy in a problematic way."
real_gpt54mini_med_50,run_031,aaps.core.sensitivity,aaps,True,autosens_enabled=false; dynamic_sensitivity_enabled=true; autosens_raises_target=false; autosens_lowers_target=false; dynamic_isf_adjustment_factor_percent=70 %,keep,autosens_enabled=false; dynamic_sensitivity_enabled=true; autosens_raises_target=false; autosens_lowers_target=false; dynamic_isf_adjustment_factor_percent=70 %,Keep. Dynamic sensitivity is active and a neutral sensitivity_ratio of 1 is not the same as disabled Autosens. The package does not separate static ISF effects from dynamic adjustment well enough to support a change.
real_gpt54mini_med_50,run_031,aaps.core.carb_absorption,aaps,True,min_5m_carbimpact=8 mg/dL/5 min; meal_max_absorption_hours=7 h,keep,min_5m_carbimpact=8 mg/dL/5 min; meal_max_absorption_hours=7 h,"Keep. There is no documented extended-carb use, no meal-linked delayed-rise pattern strong enough to justify an absorption-model change, and no basis to alter these settings without carb data."
real_gpt54mini_med_50,run_032,profile.basal.00_00,profile,True,0.6 U/h,keep,0.6 U/h,"Overnight lows are present, but they are also confounded by corrections and IOB. The data do not separate basal excess from late insulin action well enough to support a change."
real_gpt54mini_med_50,run_032,profile.basal.05_00,profile,True,0.7 U/h,keep,0.7 U/h,Morning behavior is not cleanly isolated from meal and automation effects. There is no fasting-only evidence to support changing this segment.
real_gpt54mini_med_50,run_032,profile.basal.06_00,profile,True,0.8 U/h,keep,0.8 U/h,"The higher morning basal is plausible, but the package does not provide meal-free evidence to justify a change, and overnight lows argue for caution."
real_gpt54mini_med_50,run_032,profile.basal.10_00,profile,True,0.7 U/h,keep,0.7 U/h,"This is within the window of daytime hyperglycemia, but the rise is confounded by meals, corrections, and temporary targets. A supported basal change is not yet separable."
real_gpt54mini_med_50,run_032,profile.basal.16_00,profile,True,0.5 U/h,keep,0.5 U/h,"The afternoon high could reflect insufficient basal, but the same window also contains meal and correction confounding, so the evidence is not specific enough for a change."
real_gpt54mini_med_50,run_032,profile.basal.18_00,profile,True,0.6 U/h,keep,0.6 U/h,"Late-day lows are present, but their relationship to basal versus IOB and corrections is unclear. A change would be speculative."
real_gpt54mini_med_50,run_032,profile.basal.19_00,profile,True,0.7 U/h,keep,0.7 U/h,There is no meal-free or correction-free evidence to support changing this evening basal segment.
real_gpt54mini_med_50,run_032,profile.cr.00_00,profile,True,13 g/U,keep,13 g/U,"Correction responses are too mixed and there are no carb logs, so CR behavior cannot be isolated from basal, IOB, and automation effects."
real_gpt54mini_med_50,run_032,profile.cr.04_00,profile,True,11.1 g/U,keep,11.1 g/U,"No meal-linked evidence exists to validate this early-morning ratio, and changing it would be dependent on unresolved basal and absorption questions."
real_gpt54mini_med_50,run_032,profile.cr.08_00,profile,True,13.2 g/U,keep,13.2 g/U,"The daytime highs could fit a weaker ratio, but the record cannot separate CR from delayed absorption or basal mismatch. Keep and verify with logged meals first."
real_gpt54mini_med_50,run_032,profile.cr.16_00,profile,True,10.5 g/U,keep,10.5 g/U,"Afternoon excursions are real, but there is no direct meal evidence, and the same period also contains automation and correction confounding."
real_gpt54mini_med_50,run_032,profile.cr.20_00,profile,True,12.6 g/U,keep,12.6 g/U,"There is no meal-specific evidence supporting a change, and late-day lows make aggressive ratio changes less safe."
real_gpt54mini_med_50,run_032,profile.isf.00_00,profile,True,56 mg/dL/U,keep,56 mg/dL/U,Correction windows are mixed and confounded. The available data do not show a clean systematic mismatch strong enough to justify changing ISF.
real_gpt54mini_med_50,run_032,profile.target.00_00,profile,True,90 mg/dL,keep,90 mg/dL,Targets are already fairly tight and the dataset includes lows. Lowering or raising this without separating basal and meal effects would be unsafe.
real_gpt54mini_med_50,run_032,profile.target.08_00,profile,True,100 mg/dL,keep,100 mg/dL,"The daytime pattern is not specific enough to justify target changes, especially given nocturnal low exposure and automation confounding."
real_gpt54mini_med_50,run_032,profile.target.23_00,profile,True,90 mg/dL,keep,90 mg/dL,"The overnight low signal argues against tightening this further, and there is no basis for relaxing it independently."
real_gpt54mini_med_50,run_032,profile.dia,profile,True,10 h,keep,10 h,"The correction and IOB patterns are too mixed to validate a DIA change. Without meal-linked evidence, changing DIA would be dependent on unresolved timing effects."
real_gpt54mini_med_50,run_032,aaps.core.smb_uam,aaps,True,smb_enabled=true; uam_enabled=true,keep,smb_enabled=true; uam_enabled=true,SMB/UAM appears to be helping manage rises without obvious excessive-IOB risk. The dataset does not support changing this before basal and meal separation is improved.
real_gpt54mini_med_50,run_032,aaps.core.smb_activation,aaps,True,smb_always_enabled=true; smb_with_cob_enabled=false; smb_after_carbs_enabled=false; smb_with_temp_target_enabled=true; smb_with_high_temp_target_enabled=false,keep,smb_always_enabled=true; smb_with_cob_enabled=false; smb_after_carbs_enabled=false; smb_with_temp_target_enabled=true; smb_with_high_temp_target_enabled=false,The activation logic is internally consistent and does not create a clear safety concern in the supplied data.
real_gpt54mini_med_50,run_032,aaps.core.smb_delivery,aaps,True,smb_interval_minutes=3 min; max_smb_basal_minutes=15 min; max_uam_smb_basal_minutes=20 min,keep,smb_interval_minutes=3 min; max_smb_basal_minutes=15 min; max_uam_smb_basal_minutes=20 min,"The delivery cadence is permissive but not obviously excessive, and current IOB does not suggest unsafe accumulation from these limits."
real_gpt54mini_med_50,run_032,aaps.core.safety_limits,aaps,True,max_basal_u_per_hour=12 U/h; max_iob_units=25 U,keep,max_basal_u_per_hour=12 U/h; max_iob_units=25 U,The sample does not approach these ceilings. No evidence suggests a limit-related safety or efficacy problem.
real_gpt54mini_med_50,run_032,aaps.core.sensitivity,aaps,True,autosens_enabled=false; dynamic_sensitivity_enabled=true; autosens_raises_target=false; autosens_lowers_target=false; dynamic_isf_adjustment_factor_percent=70 %,keep,autosens_enabled=false; dynamic_sensitivity_enabled=true; autosens_raises_target=false; autosens_lowers_target=false; dynamic_isf_adjustment_factor_percent=70 %,"Dynamic sensitivity appears active and neutral-to-helpful. The neutral sensitivity_ratio of 1 is not a defect, and the pattern does not justify changing this before meal and basal questions are resolved."
real_gpt54mini_med_50,run_032,aaps.core.carb_absorption,aaps,True,min_5m_carbimpact=8 mg/dL/5 min; meal_max_absorption_hours=7 h,keep,min_5m_carbimpact=8 mg/dL/5 min; meal_max_absorption_hours=7 h,"There is no direct meal-linked evidence to validate a different absorption model, and no e-carb data exist. Changing this would be speculative."
real_gpt54mini_med_50,run_033,profile.basal.00_00,profile,True,0.6 U/h,keep,0.6 U/h,"Overnight lows exist, but they are not isolated to this segment and may reflect IOB, dynamic sensitivity, or correction timing. No fasting-only evidence supports a change."
real_gpt54mini_med_50,run_033,profile.basal.05_00,profile,True,0.7 U/h,keep,0.7 U/h,"Early-morning lows are a safety concern, but the data do not separate this segment from overnight carryover and correction effects well enough to justify a change."
real_gpt54mini_med_50,run_033,profile.basal.06_00,profile,True,0.8 U/h,keep,0.8 U/h,"The higher morning basal may relate to daytime rise, but meals and dynamic sensitivity are strong confounders. A change would be premature without meal-linked evidence."
real_gpt54mini_med_50,run_033,profile.basal.10_00,profile,True,0.7 U/h,keep,0.7 U/h,"Late-morning highs exist, but they cannot be cleanly separated from meals or correction timing. No supported basal-only adjustment is available."
real_gpt54mini_med_50,run_033,profile.basal.16_00,profile,True,0.5 U/h,keep,0.5 U/h,"Afternoon hyperglycemia could suggest lower basal, but the later low period around 18:00 to 19:00 and missing meal data make this segment unsafe to change in isolation."
real_gpt54mini_med_50,run_033,profile.basal.18_00,profile,True,0.6 U/h,keep,0.6 U/h,This window sits in a mixed late-day pattern with both highs and lows. The signal is not strong enough to support a segment-specific adjustment.
real_gpt54mini_med_50,run_033,profile.basal.19_00,profile,True,0.7 U/h,keep,0.7 U/h,"Evening lows occur, but they are confounded by IOB and prior delivery. The evidence does not isolate this basal segment."
real_gpt54mini_med_50,run_033,profile.cr.00_00,profile,True,13 g/U,keep,13 g/U,"No carb logs exist, so no meal-based evidence can validate a CR change. Corrections and dynamic sensitivity confound response interpretation."
real_gpt54mini_med_50,run_033,profile.cr.04_00,profile,True,11.1 g/U,keep,11.1 g/U,"This segment cannot be tested against logged meals, and overnight lows raise caution about making insulin stronger without better evidence."
real_gpt54mini_med_50,run_033,profile.cr.08_00,profile,True,13.2 g/U,keep,13.2 g/U,"Late-morning highs might reflect breakfast coverage, but there are no meal data or prebolus data to support a change."
real_gpt54mini_med_50,run_033,profile.cr.16_00,profile,True,10.5 g/U,keep,10.5 g/U,"Afternoon highs exist, but they are not separable from basal timing, corrections, and temp targets. Changing CR without meal logs would be speculative."
real_gpt54mini_med_50,run_033,profile.cr.20_00,profile,True,12.6 g/U,keep,12.6 g/U,"No meal evidence supports a change, and the late-day low risk argues against making this segment more aggressive without logs."
real_gpt54mini_med_50,run_033,profile.isf.00_00,profile,True,56 mg/dL/U,keep,56 mg/dL/U,"Dynamic sensitivity is active, correction windows are variable, and some corrections drop substantially. The static ISF is not clearly wrong, but a change is unsupported."
real_gpt54mini_med_50,run_033,profile.target.00_00,profile,True,90 mg/dL,keep,90 mg/dL,"Overnight lows already limit safety, so lowering targets would be inappropriate. Raising targets is not supported because lows are not clearly target-driven."
real_gpt54mini_med_50,run_033,profile.target.08_00,profile,True,100 mg/dL,keep,100 mg/dL,"Morning highs are present, but the cause is not isolated to target. Changing this without meal and correction separation would be speculative."
real_gpt54mini_med_50,run_033,profile.target.23_00,profile,True,90 mg/dL,keep,90 mg/dL,"The overnight low pattern argues for caution rather than a lower target, and no evidence supports a different overnight target strategy."
real_gpt54mini_med_50,run_033,profile.dia,profile,True,10 h,keep,10 h,"Correction response variability exists, but there is no controlled meal or correction-only evidence to support changing DIA."
real_gpt54mini_med_50,run_033,aaps.core.smb_uam,aaps,True,smb_enabled=true; uam_enabled=true,keep,smb_enabled=true; uam_enabled=true,The SMB/UAM setup is internally consistent and appears to compensate for uncertainty and post-meal rise. No material inconsistency or safety problem is shown.
real_gpt54mini_med_50,run_033,aaps.core.smb_activation,aaps,True,smb_always_enabled=true; smb_with_cob_enabled=false; smb_after_carbs_enabled=false; smb_with_temp_target_enabled=true; smb_with_high_temp_target_enabled=false,keep,smb_always_enabled=true; smb_with_cob_enabled=false; smb_after_carbs_enabled=false; smb_with_temp_target_enabled=true; smb_with_high_temp_target_enabled=false,"The activation rules are coherent with the observed loop behavior. No component is null, and no setting conflict requires a change."
real_gpt54mini_med_50,run_033,aaps.core.smb_delivery,aaps,True,smb_interval_minutes=3 min; max_smb_basal_minutes=15 min; max_uam_smb_basal_minutes=20 min,keep,smb_interval_minutes=3 min; max_smb_basal_minutes=15 min; max_uam_smb_basal_minutes=20 min,The delivery cadence and limits fit the observed microbolusing behavior. There is no evidence that these values are causing the mixed glucose pattern.
real_gpt54mini_med_50,run_033,aaps.core.safety_limits,aaps,True,max_basal_u_per_hour=12 U/h; max_iob_units=25 U,keep,max_basal_u_per_hour=12 U/h; max_iob_units=25 U,Observed temp basal rates and IOB values remain well below these caps. The limits do not appear to be the active bottleneck.
real_gpt54mini_med_50,run_033,aaps.core.sensitivity,aaps,True,autosens_enabled=false; dynamic_sensitivity_enabled=true; autosens_raises_target=false; autosens_lowers_target=false; dynamic_isf_adjustment_factor_percent=70 %,keep,autosens_enabled=false; dynamic_sensitivity_enabled=true; autosens_raises_target=false; autosens_lowers_target=false; dynamic_isf_adjustment_factor_percent=70 %,Dynamic sensitivity is active and likely contributes to varying response. There is no evidence that enabling classic Autosens would safely resolve the pattern.
real_gpt54mini_med_50,run_033,aaps.core.carb_absorption,aaps,True,min_5m_carbimpact=8 mg/dL/5 min; meal_max_absorption_hours=7 h,keep,min_5m_carbimpact=8 mg/dL/5 min; meal_max_absorption_hours=7 h,No carb entries or delayed-rise meal pattern justify changing the absorption model. E-carbs are not supported by the data.
real_gpt54mini_med_50,run_034,profile.basal.00_00,profile,True,0.6 U/h,keep,0.6 U/h,"Overnight lows exist, but this segment is not isolated from IOB, corrections, and temporary targets. The evidence supports verification, not a basal change, until a clean overnight fasting-like window separates basal from carryover."
real_gpt54mini_med_50,run_034,profile.basal.05_00,profile,True,0.7 U/h,keep,0.7 U/h,"Early-morning lows are present, but the window is confounded by overnight insulin activity and the absence of fasting-only validation. A change is not supported without a cleaner test."
real_gpt54mini_med_50,run_034,profile.basal.06_00,profile,True,0.8 U/h,keep,0.8 U/h,"The data show some morning variability, but no clean evidence separates this segment from breakfast timing, correction carryover, or automation response. Keep pending a dedicated basal test."
real_gpt54mini_med_50,run_034,profile.basal.10_00,profile,True,0.7 U/h,keep,0.7 U/h,"Late-morning hyperglycemia is real, but it may reflect meal timing, delayed absorption, or SMB/UAM compensation rather than insufficient basal alone. Basal change is not yet supported."
real_gpt54mini_med_50,run_034,profile.basal.16_00,profile,True,0.5 U/h,keep,0.5 U/h,"The afternoon rise could suggest more basal, but recurrent lows and heavy confounding from meals and automation make a change unsafe to infer. Keep until a meal-tagged or fasting-like comparison exists."
real_gpt54mini_med_50,run_034,profile.basal.18_00,profile,True,0.6 U/h,keep,0.6 U/h,Evening glucose patterns are mixed and influenced by corrections and temporary targets. There is no clean evidence that this segment is mis-set on its own.
real_gpt54mini_med_50,run_034,profile.basal.19_00,profile,True,0.7 U/h,keep,0.7 U/h,"The observed lows and highs do not isolate this segment from IOB and meal effects. With no fasting-only evidence, keeping the current value is the safer review choice."
real_gpt54mini_med_50,run_034,profile.cr.00_00,profile,True,13 g/U,keep,13 g/U,"No carb treatment entries exist, so the overnight CR cannot be validated. The mixed correction windows and overnight lows do not support a CR change from this dataset."
real_gpt54mini_med_50,run_034,profile.cr.04_00,profile,True,11.1 g/U,keep,11.1 g/U,"This CR segment lacks meal-linked evidence. Without carb timing and bolus timing, any change would be speculative and could worsen hypoglycemia risk."
real_gpt54mini_med_50,run_034,profile.cr.08_00,profile,True,13.2 g/U,keep,13.2 g/U,"The late-morning rise might suggest a weaker ratio, but the data also show SMB/UAM compensation and no meal logging. The CR cannot be isolated cleanly, so keeping it is the supported choice."
real_gpt54mini_med_50,run_034,profile.cr.16_00,profile,True,10.5 g/U,keep,10.5 g/U,"Afternoon highs are present, but meal timing and automation response remain unresolved. There is insufficient evidence to alter this CR segment independently."
real_gpt54mini_med_50,run_034,profile.cr.20_00,profile,True,12.6 g/U,keep,12.6 g/U,"No carb-linked testing is available, and overnight lows increase the risk of making evening meal dosing more aggressive than warranted. Keep pending a logged meal observation."
real_gpt54mini_med_50,run_034,profile.isf.00_00,profile,True,56 mg/dL/U,keep,56 mg/dL/U,"Correction responses are noisy and mixed, but not clean enough to justify an ISF change. The observed lows and highs are more plausibly driven by timing and stacking effects than by a clearly wrong ISF."
real_gpt54mini_med_50,run_034,profile.target.00_00,profile,True,90 mg/dL,keep,90 mg/dL,"Overnight lows argue against tightening targets, and daytime highs are not isolated enough to justify a target change. Keep the current overnight target and verify with clean data first."
real_gpt54mini_med_50,run_034,profile.target.08_00,profile,True,100 mg/dL,keep,100 mg/dL,"The late-morning rise could tempt a lower target, but the data do not separate target effects from meals and automation compensation. A target change is not supported."
real_gpt54mini_med_50,run_034,profile.target.23_00,profile,True,90 mg/dL,keep,90 mg/dL,"Nighttime lows make a lower evening target unattractive, and the current target is already conservative. No change is justified from this dataset."
real_gpt54mini_med_50,run_034,profile.dia,profile,True,10 h,keep,10 h,"The IOB and correction patterns are not clean enough to validate a DIA change. The current DIA is not clearly contradicted, and changing it would be dependent on better meal and correction timing data."
real_gpt54mini_med_50,run_034,aaps.core.smb_uam,aaps,True,smb_enabled=true; uam_enabled=true,keep,smb_enabled=true; uam_enabled=true,"The active loop behavior matches an SMB/UAM-enabled system, and there is no evidence that these functions are causing the observed glucose pattern. They appear to be part of the compensation rather than the primary problem."
real_gpt54mini_med_50,run_034,aaps.core.smb_activation,aaps,True,smb_always_enabled=true; smb_with_cob_enabled=false; smb_after_carbs_enabled=false; smb_with_temp_target_enabled=true; smb_with_high_temp_target_enabled=false,keep,smb_always_enabled=true; smb_with_cob_enabled=false; smb_after_carbs_enabled=false; smb_with_temp_target_enabled=true; smb_with_high_temp_target_enabled=false,The activation logic is coherent with the observed loop output and does not appear internally inconsistent. No carb log exists to justify changing SMB activation conditions.
real_gpt54mini_med_50,run_034,aaps.core.smb_delivery,aaps,True,smb_interval_minutes=3 min; max_smb_basal_minutes=15 min; max_uam_smb_basal_minutes=20 min,keep,smb_interval_minutes=3 min; max_smb_basal_minutes=15 min; max_uam_smb_basal_minutes=20 min,"The configured cadence and caps fit the observed AAPS behavior, and there is no evidence that the interval or minute caps are the main driver of lows or highs. A change would be unsupported without meal-linked timing."
real_gpt54mini_med_50,run_034,aaps.core.safety_limits,aaps,True,max_basal_u_per_hour=12 U/h; max_iob_units=25 U,keep,max_basal_u_per_hour=12 U/h; max_iob_units=25 U,"The current limits do not appear to be the binding constraint in the supplied telemetry. The practical issue is episodic IOB accumulation during reactive dosing, not a clearly low safety ceiling."
real_gpt54mini_med_50,run_034,aaps.core.sensitivity,aaps,True,autosens_enabled=false; dynamic_sensitivity_enabled=true; autosens_raises_target=false; autosens_lowers_target=false; dynamic_isf_adjustment_factor_percent=70 %,keep,autosens_enabled=false; dynamic_sensitivity_enabled=true; autosens_raises_target=false; autosens_lowers_target=false; dynamic_isf_adjustment_factor_percent=70 %,"Dynamic sensitivity is active and appears mostly neutral in the loop data, while autosens is off as configured. The evidence supports keeping the current sensitivity setup and reassessing only after meal timing is logged."
real_gpt54mini_med_50,run_034,aaps.core.carb_absorption,aaps,True,min_5m_carbimpact=8 mg/dL/5 min; meal_max_absorption_hours=7 h,keep,min_5m_carbimpact=8 mg/dL/5 min; meal_max_absorption_hours=7 h,"No e-carb or carb-treatment data exist to validate absorption tuning. The current values are not contradicted by the telemetry, and changing them would be speculative."
real_gpt54mini_med_50,run_035,profile.basal.00_00,profile,True,0.6 U/h,keep,0.6 U/h,"Overnight lows suggest caution, but the pattern is still confounded by IOB, SMB/UAM, and missing meal context. No isolated evidence supports changing this segment alone."
real_gpt54mini_med_50,run_035,profile.basal.05_00,profile,True,0.7 U/h,keep,0.7 U/h,"The early morning rise could be dawn-related or meal-related, and the data do not separate those causes. Changing this with the current evidence would risk worsening overnight lows."
real_gpt54mini_med_50,run_035,profile.basal.06_00,profile,True,0.8 U/h,keep,0.8 U/h,"Morning glucose rises were observed, but breakfast timing and automation effects are not separated. The profile should not be tightened on this evidence alone."
real_gpt54mini_med_50,run_035,profile.basal.10_00,profile,True,0.7 U/h,keep,0.7 U/h,Late morning and afternoon highs may reflect meals or bolus timing rather than basal insufficiency. Evidence is insufficient to justify a change.
real_gpt54mini_med_50,run_035,profile.basal.16_00,profile,True,0.5 U/h,keep,0.5 U/h,"This is the period with the highest glucose averages, but meal and correction confounding is strongest here. A basal change would be speculative without logged meal data."
real_gpt54mini_med_50,run_035,profile.basal.18_00,profile,True,0.6 U/h,keep,0.6 U/h,"Evening lows coexist with SMB/UAM activity and IOB, so reducing or raising this segment is not justified yet. Keep until a logged meal day separates causes."
real_gpt54mini_med_50,run_035,profile.basal.19_00,profile,True,0.7 U/h,keep,0.7 U/h,"The data do not isolate this segment from dinner, correction, or automation effects. No stable basis exists for changing it alone."
real_gpt54mini_med_50,run_035,profile.cr.00_00,profile,True,13 g/U,keep,13 g/U,No meal-linked evidence shows a repeatable need for a stronger or weaker ratio at this time. Correction responses are too confounded for a CR change.
real_gpt54mini_med_50,run_035,profile.cr.04_00,profile,True,11.1 g/U,keep,11.1 g/U,The early morning period lacks meal-linked data and may be influenced by dawn effects. There is no basis to change this ratio independently.
real_gpt54mini_med_50,run_035,profile.cr.08_00,profile,True,13.2 g/U,keep,13.2 g/U,"Morning highs may be due to meal timing or delayed absorption, not necessarily CR. The package does not provide meal-by-meal evidence for a change."
real_gpt54mini_med_50,run_035,profile.cr.16_00,profile,True,10.5 g/U,keep,10.5 g/U,"Afternoon highs are present, but SMB/UAM and missing carb logs prevent a clean CR conclusion. Changing this now could amplify hypoglycemia risk."
real_gpt54mini_med_50,run_035,profile.cr.20_00,profile,True,12.6 g/U,keep,12.6 g/U,"Evening glucose exposure includes both lows and highs, so the ratio cannot be attributed confidently to meal size or timing. Keep pending logged meal evidence."
real_gpt54mini_med_50,run_035,profile.isf.00_00,profile,True,56 mg/dL/U,keep,56 mg/dL/U,Dynamic sensitivity is already active and correction responses are mixed. The evidence does not cleanly show that static ISF is the primary problem.
real_gpt54mini_med_50,run_035,profile.target.00_00,profile,True,90 mg/dL,keep,90 mg/dL,"Overnight lows argue against tightening targets, and the current target is already low. Any target change would need a stronger safety case than this dataset provides."
real_gpt54mini_med_50,run_035,profile.target.08_00,profile,True,100 mg/dL,keep,100 mg/dL,"Morning highs are likely confounded by meals and dawn effects, while daytime lows still occur. Raising or lowering this target now is not supported."
real_gpt54mini_med_50,run_035,profile.target.23_00,profile,True,90 mg/dL,keep,90 mg/dL,"Late-night lows make further tightening inappropriate, and the current target already carries safety risk. No change is supported."
real_gpt54mini_med_50,run_035,profile.dia,profile,True,10 h,keep,10 h,"Correction responses are variable, but the dataset does not isolate IOB tail behavior well enough to justify a DIA revision. Keep until meal-linked and correction-linked observations are available."
real_gpt54mini_med_50,run_035,aaps.core.smb_uam,aaps,True,smb_enabled=true; uam_enabled=true,keep,smb_enabled=true; uam_enabled=true,"SMB/UAM are active and appear to be functioning. The main uncertainty is not activation, but whether they are compensating for other profile or meal effects."
real_gpt54mini_med_50,run_035,aaps.core.smb_activation,aaps,True,smb_always_enabled=true; smb_with_cob_enabled=false; smb_after_carbs_enabled=false; smb_with_temp_target_enabled=true; smb_with_high_temp_target_enabled=false,keep,smb_always_enabled=true; smb_with_cob_enabled=false; smb_after_carbs_enabled=false; smb_with_temp_target_enabled=true; smb_with_high_temp_target_enabled=false,"No material inconsistency was found. The settings are coherent with active SMB/UAM behavior, and there is no null field that would require verification-only handling."
real_gpt54mini_med_50,run_035,aaps.core.smb_delivery,aaps,True,smb_interval_minutes=3 min; max_smb_basal_minutes=15 min; max_uam_smb_basal_minutes=20 min,keep,smb_interval_minutes=3 min; max_smb_basal_minutes=15 min; max_uam_smb_basal_minutes=20 min,The evidence does not show SMB timing or basal-window limits are the bottleneck. Safety concerns are more about overall variability and IOB than about these activation windows.
real_gpt54mini_med_50,run_035,aaps.core.safety_limits,aaps,True,max_basal_u_per_hour=12 U/h; max_iob_units=25 U,keep,max_basal_u_per_hour=12 U/h; max_iob_units=25 U,"These ceilings are not appearing to bind routine delivery in the traces. High IOB episodes warrant monitoring, but the limits themselves are not shown to be the problem."
real_gpt54mini_med_50,run_035,aaps.core.sensitivity,aaps,True,autosens_enabled=false; dynamic_sensitivity_enabled=true; autosens_raises_target=false; autosens_lowers_target=false; dynamic_isf_adjustment_factor_percent=70 %,keep,autosens_enabled=false; dynamic_sensitivity_enabled=true; autosens_raises_target=false; autosens_lowers_target=false; dynamic_isf_adjustment_factor_percent=70 %,"Autosens being false does not mean sensitivity adaptation is absent, because dynamic sensitivity is active. The current setting set is internally consistent and does not justify a change."
real_gpt54mini_med_50,run_035,aaps.core.carb_absorption,aaps,True,min_5m_carbimpact=8 mg/dL/5 min; meal_max_absorption_hours=7 h,keep,min_5m_carbimpact=8 mg/dL/5 min; meal_max_absorption_hours=7 h,There is no meal-linked evidence to support changing the absorption model. The data do not show a repeatable delayed-absorption pattern that can be separated from IOB and automation.
real_gpt54mini_med_50,run_036,profile.basal.00_00,profile,True,0.6 U/h,keep,0.6 U/h,"Overnight lows are present, but they overlap with IOB, correction timing, and several safe overnight windows. The evidence does not isolate this segment as the cause, and changing it now could worsen low exposure without proving benefit."
real_gpt54mini_med_50,run_036,profile.basal.05_00,profile,True,0.7 U/h,keep,0.7 U/h,"The early-morning period is not clearly separable from dawn-like rises, meal timing, or residual IOB. There is no supported basis to change this basal without a cleaner fasting window."
real_gpt54mini_med_50,run_036,profile.basal.06_00,profile,True,0.8 U/h,keep,0.8 U/h,"Morning glucose rises exist later in the day, but they are more compatible with meal timing or bolus timing than with an isolated 06:00 basal fault. No supported change is separable from meal effects."
real_gpt54mini_med_50,run_036,profile.basal.10_00,profile,True,0.7 U/h,keep,0.7 U/h,"The strongest daytime highs occur after this time, but meal data are absent and SMB/UAM plus corrections are active. The evidence is insufficient to call this basal too low."
real_gpt54mini_med_50,run_036,profile.basal.16_00,profile,True,0.5 U/h,keep,0.5 U/h,"This lower late-day basal may be helping limit lows, and the data do not separate its effect from meal and correction patterns. Given the low exposure, increasing aggressiveness here would be unsupported."
real_gpt54mini_med_50,run_036,profile.basal.18_00,profile,True,0.6 U/h,keep,0.6 U/h,"Late-evening lows exist, but they are confounded by IOB and correction effects. No isolated basal change is justified."
real_gpt54mini_med_50,run_036,profile.basal.19_00,profile,True,0.7 U/h,keep,0.7 U/h,The evening window shows mixed behavior rather than a clean basal defect. The safer action is to keep this unchanged until meal-linked evidence is available.
real_gpt54mini_med_50,run_036,profile.cr.00_00,profile,True,13 g/U,keep,13 g/U,"There is no meal log to test this ratio, and the overnight period includes low exposure rather than a clear meal-driven requirement. A change would be speculative."
real_gpt54mini_med_50,run_036,profile.cr.04_00,profile,True,11.1 g/U,keep,11.1 g/U,"This ratio could be relevant if early-morning meals are present, but there is no meal-linked evidence to support change. The correction and IOB data are too sparse to isolate it."
real_gpt54mini_med_50,run_036,profile.cr.08_00,profile,True,13.2 g/U,keep,13.2 g/U,"Late-morning highs may reflect lunch timing rather than this CR segment, and no carb entries are available. The evidence is insufficient for a supported change."
real_gpt54mini_med_50,run_036,profile.cr.16_00,profile,True,10.5 g/U,keep,10.5 g/U,"This segment is the most plausible meal-related candidate, but the absence of meal logs prevents confirming undercoverage versus timing effects. Keep until meal-linked data are available."
real_gpt54mini_med_50,run_036,profile.cr.20_00,profile,True,12.6 g/U,keep,12.6 g/U,"Evening lows and overnight lows are more prominent than a consistent evening meal-rise pattern. With no carb data, a CR change is unsupported."
real_gpt54mini_med_50,run_036,profile.isf.00_00,profile,True,56 mg/dL/U,keep,56 mg/dL/U,"Correction responses are mixed and heavily confounded by IOB, temporary targets, and device events. The data do not support a reliable ISF change."
real_gpt54mini_med_50,run_036,profile.target.00_00,profile,True,90 mg/dL,keep,90 mg/dL,The current target is consistent with the observed overnight profile and there is no evidence that target changes would solve the mixed low/high pattern better than meal-linked review.
real_gpt54mini_med_50,run_036,profile.target.08_00,profile,True,100 mg/dL,keep,100 mg/dL,The daytime rise is not clearly target-driven because the highs are more likely meal- or correction-related and the data include low exposure. No supported target change is present.
real_gpt54mini_med_50,run_036,profile.target.23_00,profile,True,90 mg/dL,keep,90 mg/dL,Late-evening and overnight lows argue against making the target more aggressive. The current target is already conservative enough for this dataset.
real_gpt54mini_med_50,run_036,profile.dia,profile,True,10 h,keep,10 h,The DIA is plausible for this loop setup and is not clearly the driver of the mixed response windows. There is no evidence that changing DIA would be safer than resolving meal timing first.
real_gpt54mini_med_50,run_036,aaps.core.smb_uam,aaps,True,smb_enabled=true; uam_enabled=true,keep,smb_enabled=true; uam_enabled=true,"The SMB/UAM system is coherent and not shown to be a material fault. It likely acts as a correction backstop in the presence of meal uncertainty, so changing it now would be unsupported."
real_gpt54mini_med_50,run_036,aaps.core.smb_activation,aaps,True,smb_always_enabled=true; smb_with_cob_enabled=false; smb_after_carbs_enabled=false; smb_with_temp_target_enabled=true; smb_with_high_temp_target_enabled=false,keep,smb_always_enabled=true; smb_with_cob_enabled=false; smb_after_carbs_enabled=false; smb_with_temp_target_enabled=true; smb_with_high_temp_target_enabled=false,"The activation rules are internally consistent. No material conflict or safety issue is visible, and the dataset does not prove that these rules are the source of the highs or lows."
real_gpt54mini_med_50,run_036,aaps.core.smb_delivery,aaps,True,smb_interval_minutes=3 min; max_smb_basal_minutes=15 min; max_uam_smb_basal_minutes=20 min,keep,smb_interval_minutes=3 min; max_smb_basal_minutes=15 min; max_uam_smb_basal_minutes=20 min,The SMB cadence and limits are plausible for the observed loop behavior. There is no evidence that adjusting them would be safer than first clarifying meal and correction patterns.
real_gpt54mini_med_50,run_036,aaps.core.safety_limits,aaps,True,max_basal_u_per_hour=12 U/h; max_iob_units=25 U,keep,max_basal_u_per_hour=12 U/h; max_iob_units=25 U,"These ceilings are not obviously constraining routine action in the supplied telemetry. Because the period includes lows into the low 40s mg/dL, making the system more aggressive would not be supported."
real_gpt54mini_med_50,run_036,aaps.core.sensitivity,aaps,True,autosens_enabled=false; dynamic_sensitivity_enabled=true; autosens_raises_target=false; autosens_lowers_target=false; dynamic_isf_adjustment_factor_percent=70 %,keep,autosens_enabled=false; dynamic_sensitivity_enabled=true; autosens_raises_target=false; autosens_lowers_target=false; dynamic_isf_adjustment_factor_percent=70 %,This configuration is internally consistent. A sensitivity_ratio of 1 is neutral rather than disabled. The data do not justify changing sensitivity settings before meal-linked evidence is available.
real_gpt54mini_med_50,run_036,aaps.core.carb_absorption,aaps,True,min_5m_carbimpact=8 mg/dL/5 min; meal_max_absorption_hours=7 h,keep,min_5m_carbimpact=8 mg/dL/5 min; meal_max_absorption_hours=7 h,There are no carb entries or extended-carb entries to validate this model against. The 6-hour responses are too confounded to support any change.
real_gpt54mini_med_50,run_037,profile.basal.00_00,profile,True,0.6 U/h,keep,0.6 U/h,"Overnight lows and highs are confounded by IOB, corrections, and temp targets, so there is no clean evidence for a basal change at midnight. Data quality is good, but attribution is weak."
real_gpt54mini_med_50,run_037,profile.basal.05_00,profile,True,0.7 U/h,keep,0.7 U/h,Early-morning data do not show a persistent fasting rise that isolates this segment. Safety concerns from lows argue against tightening without a cleaner test window.
real_gpt54mini_med_50,run_037,profile.basal.06_00,profile,True,0.8 U/h,keep,0.8 U/h,The morning period contains mixed effects and no isolated basal signal. A change would be dependent on better separation from meal and correction effects.
real_gpt54mini_med_50,run_037,profile.basal.10_00,profile,True,0.7 U/h,keep,0.7 U/h,Late-morning data are not clean enough to justify a change. Apparent rises could reflect meals rather than basal deficiency.
real_gpt54mini_med_50,run_037,profile.basal.16_00,profile,True,0.5 U/h,keep,0.5 U/h,"Although afternoon glucose is highest, this window is heavily confounded by likely meal effects, automation, and target changes. Lower confidence prevents a dependent profile change."
real_gpt54mini_med_50,run_037,profile.basal.18_00,profile,True,0.6 U/h,keep,0.6 U/h,"Evening lows are present, but they coincide with IOB and correction activity. The pattern is not isolated enough to support a basal adjustment."
real_gpt54mini_med_50,run_037,profile.basal.19_00,profile,True,0.7 U/h,keep,0.7 U/h,There is not enough evidence that this specific evening segment is responsible for the lows or highs. Changes would be premature without a cleaner basal test.
real_gpt54mini_med_50,run_037,profile.cr.00_00,profile,True,13 g/U,keep,13 g/U,No carb entries or meal-linked response data exist to evaluate the midnight carb ratio. The correction windows are not sufficient to separate CR from other effects.
real_gpt54mini_med_50,run_037,profile.cr.04_00,profile,True,11.1 g/U,keep,11.1 g/U,"The available telemetry does not isolate breakfast or early-morning meals. Without meal logs, a CR change would be speculative."
real_gpt54mini_med_50,run_037,profile.cr.08_00,profile,True,13.2 g/U,keep,13.2 g/U,Late-morning and breakfast-related patterns are confounded by missing carb data and automation. No supported change can be justified.
real_gpt54mini_med_50,run_037,profile.cr.16_00,profile,True,10.5 g/U,keep,10.5 g/U,"This is the most suspicious meal-adjacent window because the afternoon rises are strongest, but there is still no meal-linked evidence to distinguish CR from timing, SMB, or target effects."
real_gpt54mini_med_50,run_037,profile.cr.20_00,profile,True,12.6 g/U,keep,12.6 g/U,"Evening glucose is mixed, and the lows around this time are not separable from IOB and correction carryover. No safe change is supported."
real_gpt54mini_med_50,run_037,profile.isf.00_00,profile,True,56 mg/dL/U,keep,56 mg/dL/U,"Correction response windows vary widely and are confounded by IOB, temp targets, and automation. The data do not support a reliable ISF change."
real_gpt54mini_med_50,run_037,profile.target.00_00,profile,True,90 mg/dL,keep,90 mg/dL,"Nighttime lows are safety relevant, but the pattern is not isolated enough to justify a target change from the available data alone."
real_gpt54mini_med_50,run_037,profile.target.08_00,profile,True,100 mg/dL,keep,100 mg/dL,"The morning target may be contributing to conservative control, but there is no isolated evidence that it is the main cause of the afternoon highs. Dependent changes should not be made together."
real_gpt54mini_med_50,run_037,profile.target.23_00,profile,True,90 mg/dL,keep,90 mg/dL,"Overnight lows remain a safety concern, but the telemetry does not separate target effects from IOB and corrections well enough to justify a change."
real_gpt54mini_med_50,run_037,profile.dia,profile,True,10 h,keep,10 h,"Late correction behavior and IOB carryover are confounded by meals, temp targets, and automation. There is no clean evidence that DIA is mis-set."
real_gpt54mini_med_50,run_037,aaps.core.smb_uam,aaps,True,smb_enabled=true; uam_enabled=true,keep,smb_enabled=true; uam_enabled=true,SMB/UAM is clearly active and functioning. The telemetry does not show a reason to disable or alter this base behavior.
real_gpt54mini_med_50,run_037,aaps.core.smb_activation,aaps,True,smb_always_enabled=true; smb_with_cob_enabled=false; smb_after_carbs_enabled=false; smb_with_temp_target_enabled=true; smb_with_high_temp_target_enabled=false,keep,smb_always_enabled=true; smb_with_cob_enabled=false; smb_after_carbs_enabled=false; smb_with_temp_target_enabled=true; smb_with_high_temp_target_enabled=false,The activation conditions are internally consistent with the observed automation behavior. No material inconsistency or safety issue is supported by the data.
real_gpt54mini_med_50,run_037,aaps.core.smb_delivery,aaps,True,smb_interval_minutes=3 min; max_smb_basal_minutes=15 min; max_uam_smb_basal_minutes=20 min,keep,smb_interval_minutes=3 min; max_smb_basal_minutes=15 min; max_uam_smb_basal_minutes=20 min,"Observed SMB behavior matches the configured cadence, and there is no evidence that the interval is being misread. The data are not strong enough to justify a frequency change."
real_gpt54mini_med_50,run_037,aaps.core.safety_limits,aaps,True,max_basal_u_per_hour=12 U/h; max_iob_units=25 U,keep,max_basal_u_per_hour=12 U/h; max_iob_units=25 U,The observed delivery does not approach these ceilings closely enough to imply a binding limit problem. They are not the primary explanation for the visible glucose patterns.
real_gpt54mini_med_50,run_037,aaps.core.sensitivity,aaps,True,autosens_enabled=false; dynamic_sensitivity_enabled=true; autosens_raises_target=false; autosens_lowers_target=false; dynamic_isf_adjustment_factor_percent=70 %,keep,autosens_enabled=false; dynamic_sensitivity_enabled=true; autosens_raises_target=false; autosens_lowers_target=false; dynamic_isf_adjustment_factor_percent=70 %,"Autosens off does not mean the sensitivity pathway is absent when dynamic_sensitivity_enabled is true. Sensitivity_ratio values near 1 are neutral, and no supported adjustment is available."
real_gpt54mini_med_50,run_037,aaps.core.carb_absorption,aaps,True,min_5m_carbimpact=8 mg/dL/5 min; meal_max_absorption_hours=7 h,keep,min_5m_carbimpact=8 mg/dL/5 min; meal_max_absorption_hours=7 h,There are no carb treatment entries or meal-linked absorption traces to justify changing the absorption model. Any change would be unsupported and dependent on missing meal evidence.
real_gpt54mini_med_50,run_038,profile.basal.00_00,profile,True,0.6 U/h,keep,0.6 U/h,"The overnight lows make a basal reduction plausible, but the evidence is not isolated because there are no fasting-only windows and no meal or correction separation. Keep until an overnight verification test can distinguish basal need from other effects."
real_gpt54mini_med_50,run_038,profile.basal.05_00,profile,True,0.7 U/h,keep,0.7 U/h,"Early-morning glucose is not clearly showing a standalone basal defect, and the pattern is confounded by overnight variability and loop interventions. Withholding change avoids worsening lows while the signal remains mixed."
real_gpt54mini_med_50,run_038,profile.basal.06_00,profile,True,0.8 U/h,keep,0.8 U/h,"The early-day profile is not isolated enough to justify a change. The later daytime rise could be meal related rather than a basal shortage, so this segment should be rechecked only after meal logging or fasting confirmation."
real_gpt54mini_med_50,run_038,profile.basal.10_00,profile,True,0.7 U/h,keep,0.7 U/h,"This segment sits near the period where glucose rises, but the rise could be driven by meals or corrections rather than basal. Because changing basal and meal settings together would be unsafe, keep unchanged pending a meal-linked review."
real_gpt54mini_med_50,run_038,profile.basal.16_00,profile,True,0.5 U/h,keep,0.5 U/h,"The late-afternoon and early-evening lows argue against increasing this segment, while the preceding highs are not specific enough to prove underdelivery. Keep and verify with a clean fasting or low-carb afternoon window if needed."
real_gpt54mini_med_50,run_038,profile.basal.18_00,profile,True,0.6 U/h,keep,0.6 U/h,"The local-hour pattern shows more time below range around 18:00 to 19:00, so tightening insulin here would be risky. The data do not isolate whether this is basal, correction, or delayed meal effect."
real_gpt54mini_med_50,run_038,profile.basal.19_00,profile,True,0.7 U/h,keep,0.7 U/h,"Evening lows remain a concern, and the record does not separate basal effect from residual meal or correction action. With limited evidence, keeping the current value is safer than making a concurrent basal and meal change."
real_gpt54mini_med_50,run_038,profile.cr.00_00,profile,True,13 g/U,keep,13 g/U,"There are no carb logs or meal-linked bolus outcomes, so CR cannot be validated. The current value should remain until a logged meal can show whether the issue is timing, ratio, or absorption."
real_gpt54mini_med_50,run_038,profile.cr.04_00,profile,True,11.1 g/U,keep,11.1 g/U,No meal evidence separates this ratio from overlapping basal and sensitivity effects. Keep unchanged rather than infer a change from non-meal correction data.
real_gpt54mini_med_50,run_038,profile.cr.08_00,profile,True,13.2 g/U,keep,13.2 g/U,"The late-morning to afternoon rise could point here, but without carb counts and prebolus timing it is not possible to say whether this ratio is too weak or whether meal timing is the true issue."
real_gpt54mini_med_50,run_038,profile.cr.16_00,profile,True,10.5 g/U,keep,10.5 g/U,"This segment overlaps with a time of greater low risk, so making it stronger would be unsafe without meal-linked proof. The observed glucose pattern is too confounded to support a ratio change."
real_gpt54mini_med_50,run_038,profile.cr.20_00,profile,True,12.6 g/U,keep,12.6 g/U,"There is no direct meal evidence for evening CR evaluation, and the record does not show a clear, recurring meal-specific problem that would support changing this segment now."
real_gpt54mini_med_50,run_038,profile.isf.00_00,profile,True,56 mg/dL/U,keep,56 mg/dL/U,"Dynamic sensitivity is active, so the effective response is already being adjusted. The correction responses are variable, but the data do not isolate static ISF as the cause of either the lows or the afternoon highs."
real_gpt54mini_med_50,run_038,profile.target.00_00,profile,True,90 mg/dL,keep,90 mg/dL,"The target is not the primary inconsistency in the record. The main issue is pattern separation, not an obviously inappropriate target value, so a target change is not supported."
real_gpt54mini_med_50,run_038,profile.target.08_00,profile,True,100 mg/dL,keep,100 mg/dL,"The higher daytime target is not obviously causing the afternoon rise, and there is no evidence that changing it would safely address the mixed pattern without increasing hypoglycemia risk."
real_gpt54mini_med_50,run_038,profile.target.23_00,profile,True,90 mg/dL,keep,90 mg/dL,"Overnight lows make target tightening undesirable, but the current target itself is not proven to be the driver. Keep unchanged until overnight behavior is tested in an isolated window."
real_gpt54mini_med_50,run_038,profile.dia,profile,True,10 h,keep,10 h,The DIA is plausible and not contradicted by the package. The observed variability is more consistent with mixed meal and sensitivity effects than with an obvious DIA error.
real_gpt54mini_med_50,run_038,aaps.core.smb_uam,aaps,True,smb_enabled=true; uam_enabled=true,keep,smb_enabled=true; uam_enabled=true,"SMB and UAM appear internally consistent and are not the source of a material safety conflict. With missing meal logs, disabling or changing these settings would not be supported by the evidence."
real_gpt54mini_med_50,run_038,aaps.core.smb_activation,aaps,True,smb_always_enabled=true; smb_with_cob_enabled=false; smb_after_carbs_enabled=false; smb_with_temp_target_enabled=true; smb_with_high_temp_target_enabled=false,keep,smb_always_enabled=true; smb_with_cob_enabled=false; smb_after_carbs_enabled=false; smb_with_temp_target_enabled=true; smb_with_high_temp_target_enabled=false,The activation mix is coherent and does not show a material inconsistency. The observed variability is better explained by mixed meal and sensitivity effects than by a faulty SMB activation policy.
real_gpt54mini_med_50,run_038,aaps.core.smb_delivery,aaps,True,smb_interval_minutes=3 min; max_smb_basal_minutes=15 min; max_uam_smb_basal_minutes=20 min,keep,smb_interval_minutes=3 min; max_smb_basal_minutes=15 min; max_uam_smb_basal_minutes=20 min,"The values are internally consistent and not shown to be excessive in the sampled loops. Because hypoglycemia risk is already present, there is no support for making SMB more aggressive."
real_gpt54mini_med_50,run_038,aaps.core.safety_limits,aaps,True,max_basal_u_per_hour=12 U/h; max_iob_units=25 U,keep,max_basal_u_per_hour=12 U/h; max_iob_units=25 U,"The sampled enacted rates do not appear to be limited by these caps, and there is no evidence that either limit is currently unsafe or constraining routine delivery."
real_gpt54mini_med_50,run_038,aaps.core.sensitivity,aaps,True,autosens_enabled=false; dynamic_sensitivity_enabled=true; autosens_raises_target=false; autosens_lowers_target=false; dynamic_isf_adjustment_factor_percent=70 %,keep,autosens_enabled=false; dynamic_sensitivity_enabled=true; autosens_raises_target=false; autosens_lowers_target=false; dynamic_isf_adjustment_factor_percent=70 %,"A sensitivity_ratio of 1 is neutral, not disabled. Dynamic sensitivity is active and likely compensating for changing insulin response, so there is no evidence-based reason to alter this group before resolving basal and meal uncertainty."
real_gpt54mini_med_50,run_038,aaps.core.carb_absorption,aaps,True,min_5m_carbimpact=8 mg/dL/5 min; meal_max_absorption_hours=7 h,keep,min_5m_carbimpact=8 mg/dL/5 min; meal_max_absorption_hours=7 h,"These values are plausible, but there are no carb entries or e-carb records to validate them. With no meal-linked evidence, a change would be speculative."
real_gpt54mini_med_50,run_039,profile.basal.00_00,profile,True,0.6 U/h,keep,0.6 U/h,"Overnight lows exist, but this segment cannot be isolated from temp targets, automation, and missing meal data. A change would be premature without a fasting-only verification."
real_gpt54mini_med_50,run_039,profile.basal.05_00,profile,True,0.7 U/h,keep,0.7 U/h,"Early-morning data are fairly stable overall, and the low risk signal is not cleanly attributable to this segment alone. Keep until a fasting block separates basal from automation and IOB."
real_gpt54mini_med_50,run_039,profile.basal.06_00,profile,True,0.8 U/h,keep,0.8 U/h,Morning rises occur later in the day and are confounded by meals and automation; reducing or raising this segment now would couple to unresolved meal effects.
real_gpt54mini_med_50,run_039,profile.basal.10_00,profile,True,0.7 U/h,keep,0.7 U/h,"The late-morning to afternoon rise is more consistent with meal or automation interaction than a basal-only defect, so no isolated basal change is supported."
real_gpt54mini_med_50,run_039,profile.basal.16_00,profile,True,0.5 U/h,keep,0.5 U/h,"Evening lows exist, but they are not separable from accumulated IOB, corrections, and temp basals. A basal change here would be speculative."
real_gpt54mini_med_50,run_039,profile.basal.18_00,profile,True,0.6 U/h,keep,0.6 U/h,"The evening low pattern is safety-relevant, but current evidence does not isolate this segment as the cause versus correction stacking or automation responses."
real_gpt54mini_med_50,run_039,profile.basal.19_00,profile,True,0.7 U/h,keep,0.7 U/h,"There are lows in the evening window, but the data do not distinguish basal excess from IOB or post-meal correction effects well enough to support change."
real_gpt54mini_med_50,run_039,profile.cr.00_00,profile,True,13 g/U,keep,13 g/U,"No carb entries were recorded, so carbohydrate ratio performance cannot be validated. Keep until meal-linked data are available."
real_gpt54mini_med_50,run_039,profile.cr.04_00,profile,True,11.1 g/U,keep,11.1 g/U,CR cannot be judged without meal logs. Changing it now would conflate meal effects with automation and insulin-on-board.
real_gpt54mini_med_50,run_039,profile.cr.08_00,profile,True,13.2 g/U,keep,13.2 g/U,Morning highs are present but not cleanly tied to breakfast because no carb amounts or bolus timing are available. Keep pending meal data.
real_gpt54mini_med_50,run_039,profile.cr.16_00,profile,True,10.5 g/U,keep,10.5 g/U,"Afternoon hyperglycemia exists, but it is more likely meal or automation related than a proven CR defect. No direct meal evidence supports change."
real_gpt54mini_med_50,run_039,profile.cr.20_00,profile,True,12.6 g/U,keep,12.6 g/U,Evening lows and mixed corrections make meal ratio interpretation unsafe without documented carb timing. Keep until direct meal evidence exists.
real_gpt54mini_med_50,run_039,profile.isf.00_00,profile,True,56 mg/dL/U,keep,56 mg/dL/U,"Correction responses are too confounded by IOB, temp basals, and dynamic sensitivity to support an ISF change. Neutral current setting should be preserved."
real_gpt54mini_med_50,run_039,profile.target.00_00,profile,True,90 mg/dL,keep,90 mg/dL,"Targets already interact with SMB/UAM and temporary targets. Given recurrent lows, changing the baseline target without resolving basal and meal uncertainty is not supported."
real_gpt54mini_med_50,run_039,profile.target.08_00,profile,True,100 mg/dL,keep,100 mg/dL,"Morning target is already slightly higher than the overnight target, and the data do not show a clean need for further target adjustment."
real_gpt54mini_med_50,run_039,profile.target.23_00,profile,True,90 mg/dL,keep,90 mg/dL,"Overnight lows are a safety concern, but the cause is not isolated enough to justify target changes ahead of a fasting verification."
real_gpt54mini_med_50,run_039,profile.dia,profile,True,10 h,keep,10 h,Insulin action is confounded by automation and sparse meal data. There is no direct evidence that DIA should change before meal-linked testing.
real_gpt54mini_med_50,run_039,aaps.core.smb_uam,aaps,True,smb_enabled=true; uam_enabled=true,keep,smb_enabled=true; uam_enabled=true,SMB and UAM are coherent with the observed automated response pattern and the missing carb data. No contradiction or safety limit breach is evident.
real_gpt54mini_med_50,run_039,aaps.core.smb_activation,aaps,True,smb_always_enabled=true; smb_with_cob_enabled=false; smb_after_carbs_enabled=false; smb_with_temp_target_enabled=true; smb_with_high_temp_target_enabled=false,keep,smb_always_enabled=true; smb_with_cob_enabled=false; smb_after_carbs_enabled=false; smb_with_temp_target_enabled=true; smb_with_high_temp_target_enabled=false,The activation conditions are internally consistent and safety-oriented. The data do not support changing SMB trigger logic together with other insulin-delivery settings.
real_gpt54mini_med_50,run_039,aaps.core.smb_delivery,aaps,True,smb_interval_minutes=3 min; max_smb_basal_minutes=15 min; max_uam_smb_basal_minutes=20 min,keep,smb_interval_minutes=3 min; max_smb_basal_minutes=15 min; max_uam_smb_basal_minutes=20 min,"Observed IOB and temp basal use do not show a need to increase SMB aggressiveness, and recurrent lows argue against it."
real_gpt54mini_med_50,run_039,aaps.core.safety_limits,aaps,True,max_basal_u_per_hour=12 U/h; max_iob_units=25 U,keep,max_basal_u_per_hour=12 U/h; max_iob_units=25 U,The telemetry does not approach these limits in a way that suggests they are the source of the observed pattern. No safety-limit change is supported.
real_gpt54mini_med_50,run_039,aaps.core.sensitivity,aaps,True,autosens_enabled=false; dynamic_sensitivity_enabled=true; autosens_raises_target=false; autosens_lowers_target=false; dynamic_isf_adjustment_factor_percent=70 %,keep,autosens_enabled=false; dynamic_sensitivity_enabled=true; autosens_raises_target=false; autosens_lowers_target=false; dynamic_isf_adjustment_factor_percent=70 %,"A sensitivity_ratio of 1 is neutral, not disabled. The data do not separate sensitivity from meal and IOB effects well enough to justify changing the sensitivity system."
real_gpt54mini_med_50,run_039,aaps.core.carb_absorption,aaps,True,min_5m_carbimpact=8 mg/dL/5 min; meal_max_absorption_hours=7 h,keep,min_5m_carbimpact=8 mg/dL/5 min; meal_max_absorption_hours=7 h,"No carb events or e-carb durations were recorded, so absorption assumptions cannot be validated or revised from this package."
real_gpt54mini_med_50,run_040,profile.basal.00_00,profile,True,0.6 U/h,keep,0.6 U/h,"The overnight pattern includes some lows, but meal, correction, and IOB separation is missing. A basal change here is not supported yet, and could worsen low risk."
real_gpt54mini_med_50,run_040,profile.basal.05_00,profile,True,0.7 U/h,keep,0.7 U/h,"No isolated fasting evidence shows this segment is too high or too low. The daytime rise starts later, so this segment is not the primary unresolved driver."
real_gpt54mini_med_50,run_040,profile.basal.06_00,profile,True,0.8 U/h,keep,0.8 U/h,"Morning and midday highs may involve meals or delayed absorption, but the dataset does not isolate this basal segment as the cause. Low risk remains a concern."
real_gpt54mini_med_50,run_040,profile.basal.10_00,profile,True,0.7 U/h,keep,0.7 U/h,"This segment overlaps with the late-morning rise, but meal and correction confounding prevents a clean basal conclusion. Keep until a fasting-style test separates effects."
real_gpt54mini_med_50,run_040,profile.basal.16_00,profile,True,0.5 U/h,keep,0.5 U/h,"The strongest afternoon highs occur after this time, but no meal data show whether the rise is basal-related or meal-related. The recurrent lows argue against making insulin exposure stronger without better attribution."
real_gpt54mini_med_50,run_040,profile.basal.18_00,profile,True,0.6 U/h,keep,0.6 U/h,"Evening lows are present, but they are plausibly driven by IOB or correction overlap rather than this segment alone. No supported change emerges."
real_gpt54mini_med_50,run_040,profile.basal.19_00,profile,True,0.7 U/h,keep,0.7 U/h,"Late-evening lows are a safety concern, yet the evidence is not clean enough to isolate this segment from prior insulin action or meal effects. Keep and verify with a fasting-style window."
real_gpt54mini_med_50,run_040,profile.cr.00_00,profile,True,13 g/U,keep,13 g/U,No meal-linked evidence supports changing the overnight carbohydrate ratio. Corrections and automation are more plausible explanations for the observed lows and highs.
real_gpt54mini_med_50,run_040,profile.cr.04_00,profile,True,11.1 g/U,keep,11.1 g/U,"This segment is not isolated from dawn, breakfast, or correction effects. The evidence does not support a ratio change yet."
real_gpt54mini_med_50,run_040,profile.cr.08_00,profile,True,13.2 g/U,keep,13.2 g/U,"Late-morning highs could involve meal coverage, but there is no carb log or bolus timing to prove this ratio is wrong. Keep until a documented meal test exists."
real_gpt54mini_med_50,run_040,profile.cr.16_00,profile,True,10.5 g/U,keep,10.5 g/U,"Afternoon highs are present, but the data do not separate meal coverage from basal or delayed absorption. Changing CR now would be speculative and could worsen lows."
real_gpt54mini_med_50,run_040,profile.cr.20_00,profile,True,12.6 g/U,keep,12.6 g/U,"No documented evening meal pattern is available, and the recurrent lows make aggressive meal changes risky. Keep for now."
real_gpt54mini_med_50,run_040,profile.isf.00_00,profile,True,56 mg/dL/U,keep,56 mg/dL/U,"Correction outcomes are mixed, but not enough to isolate ISF as the main issue. The broader pattern is more consistent with timing and IOB overlap than a clear ISF defect."
real_gpt54mini_med_50,run_040,profile.target.00_00,profile,True,90 mg/dL,keep,90 mg/dL,The overnight low burden argues against making the target more aggressive without a cleaner basal test. No change is supported by the current evidence.
real_gpt54mini_med_50,run_040,profile.target.08_00,profile,True,100 mg/dL,keep,100 mg/dL,"The higher morning target may be part of the intended safety structure, and the data do not prove it is the cause of the daytime highs. Keep until meal and basal effects are separated."
real_gpt54mini_med_50,run_040,profile.target.23_00,profile,True,90 mg/dL,keep,90 mg/dL,"Nighttime lows are already a concern, so there is no support for lowering this target. Keep and verify with a fasting-style overnight window."
real_gpt54mini_med_50,run_040,profile.dia,profile,True,10 h,keep,10 h,"A 10 hour DIA is plausible in a system with lingering insulin action, but the available data do not prove it is too short or too long. No supported change emerges."
real_gpt54mini_med_50,run_040,aaps.core.smb_uam,aaps,True,smb_enabled=true; uam_enabled=true,keep,smb_enabled=true; uam_enabled=true,Both features are enabled and the loop behavior looks internally consistent. The observed pattern does not show a clear configuration error in these core automation switches.
real_gpt54mini_med_50,run_040,aaps.core.smb_activation,aaps,True,smb_always_enabled=true; smb_with_cob_enabled=false; smb_after_carbs_enabled=false; smb_with_temp_target_enabled=true; smb_with_high_temp_target_enabled=false,keep,smb_always_enabled=true; smb_with_cob_enabled=false; smb_after_carbs_enabled=false; smb_with_temp_target_enabled=true; smb_with_high_temp_target_enabled=false,"The activation matrix is consistent with the declared automation style, and no raw-setting inconsistency is visible. The data do not support changing dependent activation logic."
real_gpt54mini_med_50,run_040,aaps.core.smb_delivery,aaps,True,smb_interval_minutes=3 min; max_smb_basal_minutes=15 min; max_uam_smb_basal_minutes=20 min,keep,smb_interval_minutes=3 min; max_smb_basal_minutes=15 min; max_uam_smb_basal_minutes=20 min,The interval and SMB caps are internally consistent and no evidence shows they are the cause of the observed lows or highs. The loop already holds or backs off in lower-risk windows.
real_gpt54mini_med_50,run_040,aaps.core.safety_limits,aaps,True,max_basal_u_per_hour=12 U/h; max_iob_units=25 U,keep,max_basal_u_per_hour=12 U/h; max_iob_units=25 U,"The configured ceilings are not obviously being exceeded by the observed loop outputs, and there is no evidence that the limits themselves are the problem. Keep and avoid dependent changes together."
real_gpt54mini_med_50,run_040,aaps.core.sensitivity,aaps,True,autosens_enabled=false; dynamic_sensitivity_enabled=true; autosens_raises_target=false; autosens_lowers_target=false; dynamic_isf_adjustment_factor_percent=70 %,keep,autosens_enabled=false; dynamic_sensitivity_enabled=true; autosens_raises_target=false; autosens_lowers_target=false; dynamic_isf_adjustment_factor_percent=70 %,"autosens_enabled is false, but dynamic_sensitivity_enabled is true and sensitivity_ratio=1 is neutral rather than disabled. The evidence does not support changing sensitivity settings now."
real_gpt54mini_med_50,run_040,aaps.core.carb_absorption,aaps,True,min_5m_carbimpact=8 mg/dL/5 min; meal_max_absorption_hours=7 h,keep,min_5m_carbimpact=8 mg/dL/5 min; meal_max_absorption_hours=7 h,"There are no carb entries or e-carb records to validate this model against, so the setting cannot be tuned from this dataset. No supported change is available."
real_gpt54mini_med_50,run_041,profile.basal.00_00,profile,True,0.6 U/h,keep,0.6 U/h,"Observed overnight lows suggest caution, but the data do not separate basal effect from correction, IOB, or meal timing. A change would be unsupported without a clean fasting-like window."
real_gpt54mini_med_50,run_041,profile.basal.05_00,profile,True,0.7 U/h,keep,0.7 U/h,The early-morning period is not cleanly isolated from overnight carryover and automation effects. Keep until one isolated morning window can be reviewed.
real_gpt54mini_med_50,run_041,profile.basal.06_00,profile,True,0.8 U/h,keep,0.8 U/h,"There is no fasting-specific evidence that this segment is incorrect. Morning glucose rises may reflect dawn, meal timing, or correction carryover rather than basal alone."
real_gpt54mini_med_50,run_041,profile.basal.10_00,profile,True,0.7 U/h,keep,0.7 U/h,"Late-morning highs are present, but carb intake and bolus timing are absent, so the evidence is insufficient to call this a basal issue."
real_gpt54mini_med_50,run_041,profile.basal.16_00,profile,True,0.5 U/h,keep,0.5 U/h,"This is the most suspicious basal segment because afternoon glucose trends higher, but the same window is also compatible with meal effects and correction dynamics. No isolated evidence supports changing it yet."
real_gpt54mini_med_50,run_041,profile.basal.18_00,profile,True,0.6 U/h,keep,0.6 U/h,"Evening lows are a safety concern, but correction carryover and IOB remain plausible explanations. The current data do not justify a segment-specific change."
real_gpt54mini_med_50,run_041,profile.basal.19_00,profile,True,0.7 U/h,keep,0.7 U/h,"The late-evening low pattern is real, yet not isolated from postprandial or correction insulin. Change is not supported without a cleaner test."
real_gpt54mini_med_50,run_041,profile.cr.00_00,profile,True,13 g/U,keep,13 g/U,"No carb entries exist, so CR performance cannot be judged directly. Keep until one fully logged meal can test this ratio against observed response."
real_gpt54mini_med_50,run_041,profile.cr.04_00,profile,True,11.1 g/U,keep,11.1 g/U,There is no meal-linked evidence to support tightening or weakening this ratio. The observed glucose data are too confounded by corrections and automation.
real_gpt54mini_med_50,run_041,profile.cr.08_00,profile,True,13.2 g/U,keep,13.2 g/U,Morning highs alone do not prove undercoverage because no meal records are available and SMB/UAM may be compensating.
real_gpt54mini_med_50,run_041,profile.cr.16_00,profile,True,10.5 g/U,keep,10.5 g/U,"The afternoon high pattern could point to meal coverage, but without carb logging it is not separable from basal or correction effects."
real_gpt54mini_med_50,run_041,profile.cr.20_00,profile,True,12.6 g/U,keep,12.6 g/U,"Evening lows argue against an automatic increase in upfront insulin, but the data are not sufficient to change the ratio directly."
real_gpt54mini_med_50,run_041,profile.isf.00_00,profile,True,56 mg/dL/U,keep,56 mg/dL/U,"Correction windows are mixed and confounded, so there is not enough evidence to adjust sensitivity. Some large corrections overshoot, but that could reflect timing and IOB rather than ISF alone."
real_gpt54mini_med_50,run_041,profile.target.00_00,profile,True,90 mg/dL,keep,90 mg/dL,Targets are not obviously the main driver of the observed pattern. Recurrent lows and afternoon highs are more consistent with insulin timing or delivery interaction than target mis-setting.
real_gpt54mini_med_50,run_041,profile.target.08_00,profile,True,100 mg/dL,keep,100 mg/dL,"The daytime target is modestly higher already, and no evidence shows that target changes would solve the afternoon rise without increasing low risk elsewhere."
real_gpt54mini_med_50,run_041,profile.target.23_00,profile,True,90 mg/dL,keep,90 mg/dL,"Overnight lows are present, but target changes cannot be isolated from basal, IOB, or correction effects in this dataset."
real_gpt54mini_med_50,run_041,profile.dia,profile,True,10 h,keep,10 h,"DIA is plausible given the long correction carryover seen in therapy windows, but the evidence is not strong enough to shorten or lengthen it from correction-only data."
real_gpt54mini_med_50,run_041,aaps.core.smb_uam,aaps,True,smb_enabled=true; uam_enabled=true,keep,smb_enabled=true; uam_enabled=true,"SMB/UAM is internally coherent and likely compensatory. The lows are not clearly caused by this pair alone, and changing it now would confound interpretation of basal and meal patterns."
real_gpt54mini_med_50,run_041,aaps.core.smb_activation,aaps,True,smb_always_enabled=true; smb_with_cob_enabled=false; smb_after_carbs_enabled=false; smb_with_temp_target_enabled=true; smb_with_high_temp_target_enabled=false,keep,smb_always_enabled=true; smb_with_cob_enabled=false; smb_after_carbs_enabled=false; smb_with_temp_target_enabled=true; smb_with_high_temp_target_enabled=false,The activation rules are consistent with the current automation approach. No material inconsistency or safety-critical mismatch is demonstrated by the available data.
real_gpt54mini_med_50,run_041,aaps.core.smb_delivery,aaps,True,smb_interval_minutes=3 min; max_smb_basal_minutes=15 min; max_uam_smb_basal_minutes=20 min,keep,smb_interval_minutes=3 min; max_smb_basal_minutes=15 min; max_uam_smb_basal_minutes=20 min,"The settings are permissive but not clearly excessive relative to observed delivery. With absent carb logs and existing lows, changing delivery frequency now would be hard to interpret."
real_gpt54mini_med_50,run_041,aaps.core.safety_limits,aaps,True,max_basal_u_per_hour=12 U/h; max_iob_units=25 U,keep,max_basal_u_per_hour=12 U/h; max_iob_units=25 U,"Observed rates and IOB stay well below these caps, so the limits do not appear to be the source of current lows or highs."
real_gpt54mini_med_50,run_041,aaps.core.sensitivity,aaps,True,autosens_enabled=false; dynamic_sensitivity_enabled=true; autosens_raises_target=false; autosens_lowers_target=false; dynamic_isf_adjustment_factor_percent=70 %,keep,autosens_enabled=false; dynamic_sensitivity_enabled=true; autosens_raises_target=false; autosens_lowers_target=false; dynamic_isf_adjustment_factor_percent=70 %,"Dynamic sensitivity appears active and coherent. A sensitivity_ratio of 1 is neutral, not evidence of disabled control, and the data do not support changing this stack before profile verification."
real_gpt54mini_med_50,run_041,aaps.core.carb_absorption,aaps,True,min_5m_carbimpact=8 mg/dL/5 min; meal_max_absorption_hours=7 h,keep,min_5m_carbimpact=8 mg/dL/5 min; meal_max_absorption_hours=7 h,"There is no evidence of routine e-carb use or a distinct delayed-absorption pattern. The values are not contradicted by the data, and changing them would not be supported."
real_gpt54mini_med_50,run_042,profile.basal.00_00,profile,True,0.6 U/h,keep,0.6 U/h,"Overnight lows are present, but the data are still confounded by IOB, corrections, and missing meal logs. A basal change is not yet supported, and dependent changes should not be made together."
real_gpt54mini_med_50,run_042,profile.basal.05_00,profile,True,0.7 U/h,keep,0.7 U/h,There is no fasting-style evidence showing that this segment is clearly too high or too low. Keep while verifying whether early-morning lows recur without recent corrections.
real_gpt54mini_med_50,run_042,profile.basal.06_00,profile,True,0.8 U/h,keep,0.8 U/h,"This segment may contribute to morning control, but the current dataset cannot separate it from breakfast timing, temp targets, or automation effects."
real_gpt54mini_med_50,run_042,profile.basal.10_00,profile,True,0.7 U/h,keep,0.7 U/h,"Late morning and midday highs are present, but meal timing is unknown and the evidence does not isolate a basal deficiency from meal coverage or correction behavior."
real_gpt54mini_med_50,run_042,profile.basal.16_00,profile,True,0.5 U/h,keep,0.5 U/h,"This is the lowest basal segment and could be relevant to afternoon rises, but lows also cluster near 18:00-19:00 and the pattern is confounded by meals, IOB, and temp targets."
real_gpt54mini_med_50,run_042,profile.basal.18_00,profile,True,0.6 U/h,keep,0.6 U/h,"Evening lows are present, but there is not enough clean evidence to attribute them to this segment rather than stacked insulin, corrections, or post-meal effects."
real_gpt54mini_med_50,run_042,profile.basal.19_00,profile,True,0.7 U/h,keep,0.7 U/h,"The evening period includes recurrent low risk, but the data do not separate basal excess from correction timing, meal timing, or the effect of earlier IOB."
real_gpt54mini_med_50,run_042,profile.cr.00_00,profile,True,13 g/U,keep,13 g/U,"No meal carb entries exist, so there is no direct evidence to support a nighttime carb-ratio change. Meal and correction effects remain confounded."
real_gpt54mini_med_50,run_042,profile.cr.04_00,profile,True,11.1 g/U,keep,11.1 g/U,"There is no meal-linked evidence for this early-morning ratio, and the correction windows are not clean enough to isolate CR from basal or DIA effects."
real_gpt54mini_med_50,run_042,profile.cr.08_00,profile,True,13.2 g/U,keep,13.2 g/U,"Daytime highs are present, but the lack of meal logs and the presence of automation compensation make a breakfast ratio change unsupported."
real_gpt54mini_med_50,run_042,profile.cr.16_00,profile,True,10.5 g/U,keep,10.5 g/U,"Afternoon glucose is elevated, but current evidence cannot distinguish meal undercoverage from basal timing, temp targets, or correction stacking."
real_gpt54mini_med_50,run_042,profile.cr.20_00,profile,True,12.6 g/U,keep,12.6 g/U,"Evening lows and delayed correction drops argue for caution, but they do not prove this ratio is wrong without meal-linked data."
real_gpt54mini_med_50,run_042,profile.isf.00_00,profile,True,56 mg/dL/U,keep,56 mg/dL/U,"The correction windows are mixed and confounded, and dynamic sensitivity is already active. There is no clean basis to change ISF from this dataset."
real_gpt54mini_med_50,run_042,profile.target.00_00,profile,True,90 mg/dL,keep,90 mg/dL,"Overnight lows are the main safety issue, so a lower target is not supported. A target change would also be dependent on basal and meal clarification."
real_gpt54mini_med_50,run_042,profile.target.08_00,profile,True,100 mg/dL,keep,100 mg/dL,"Morning and daytime highs exist, but target adjustment is not supported until basal, meal timing, and correction behavior are separated."
real_gpt54mini_med_50,run_042,profile.target.23_00,profile,True,90 mg/dL,keep,90 mg/dL,"The overnight risk signal is low glucose rather than persistent hyperglycemia, so there is no evidence-based reason to move this target now."
real_gpt54mini_med_50,run_042,profile.dia,profile,True,10 h,keep,10 h,"Correction responses are mixed, but there is no meal-linked or insulin-stack-specific evidence showing that DIA is clearly mis-set. A DIA change would affect IOB interpretation and should not be made without stronger evidence."
real_gpt54mini_med_50,run_042,aaps.core.smb_uam,aaps,True,smb_enabled=true; uam_enabled=true,keep,smb_enabled=true; uam_enabled=true,"SMB and UAM are functioning consistently with the observed glucose pattern, and the system is not hitting delivery ceilings. There is no material inconsistency to fix."
real_gpt54mini_med_50,run_042,aaps.core.smb_activation,aaps,True,smb_always_enabled=true; smb_with_cob_enabled=false; smb_after_carbs_enabled=false; smb_with_temp_target_enabled=true; smb_with_high_temp_target_enabled=false,keep,smb_always_enabled=true; smb_with_cob_enabled=false; smb_after_carbs_enabled=false; smb_with_temp_target_enabled=true; smb_with_high_temp_target_enabled=false,"This activation pattern is internally coherent and matches the observed use of SMB with temp targets. The main concern is insulin stacking risk from context, not a settings inconsistency."
real_gpt54mini_med_50,run_042,aaps.core.smb_delivery,aaps,True,smb_interval_minutes=3 min; max_smb_basal_minutes=15 min; max_uam_smb_basal_minutes=20 min,keep,smb_interval_minutes=3 min; max_smb_basal_minutes=15 min; max_uam_smb_basal_minutes=20 min,"The cadence is responsive but not obviously excessive, and the package does not show runaway SMB delivery. No change is supported without meal-linked confirmation."
real_gpt54mini_med_50,run_042,aaps.core.safety_limits,aaps,True,max_basal_u_per_hour=12 U/h; max_iob_units=25 U,keep,max_basal_u_per_hour=12 U/h; max_iob_units=25 U,"Observed delivery is well below both ceilings. The issue is not ceiling saturation but timing and stack distribution, so these limits do not need adjustment."
real_gpt54mini_med_50,run_042,aaps.core.sensitivity,aaps,True,autosens_enabled=false; dynamic_sensitivity_enabled=true; autosens_raises_target=false; autosens_lowers_target=false; dynamic_isf_adjustment_factor_percent=70 %,keep,autosens_enabled=false; dynamic_sensitivity_enabled=true; autosens_raises_target=false; autosens_lowers_target=false; dynamic_isf_adjustment_factor_percent=70 %,"A neutral sensitivity_ratio near 1 is not the same as disabled sensitivity, and the current values appear to be compensating without producing a clear inconsistency. A target-adjusting autosens change is not supported."
real_gpt54mini_med_50,run_042,aaps.core.carb_absorption,aaps,True,min_5m_carbimpact=8 mg/dL/5 min; meal_max_absorption_hours=7 h,keep,min_5m_carbimpact=8 mg/dL/5 min; meal_max_absorption_hours=7 h,"There are no carb entries or meal-linked traces, so absorption timing cannot be validated or tuned from this dataset. No supported change is available."
real_gpt54mini_med_50,run_043,profile.basal.00_00,profile,True,0.6 U/h,keep,0.6 U/h,"Overnight lows are present, but the available data do not isolate whether this segment is too strong or whether lows come from corrections, automation, or transient conditions. Keep unchanged until fasting-like overnight evidence is available."
real_gpt54mini_med_50,run_043,profile.basal.05_00,profile,True,0.7 U/h,keep,0.7 U/h,Early morning data show mixed behavior rather than a clean basal excess or deficit. The evidence is insufficient to change this segment without separating dawn effects from correction and activity effects.
real_gpt54mini_med_50,run_043,profile.basal.06_00,profile,True,0.8 U/h,keep,0.8 U/h,"The record does not isolate a fasting early-morning deficit that would justify change, and recurrent lows elsewhere increase the risk of a basal increase. Keep until a fasting-like test confirms need."
real_gpt54mini_med_50,run_043,profile.basal.10_00,profile,True,0.7 U/h,keep,0.7 U/h,"Late morning rises are seen, but meal timing and correction activity are not separable, so a basal edit would be speculative. Current evidence favors verification rather than change."
real_gpt54mini_med_50,run_043,profile.basal.16_00,profile,True,0.5 U/h,keep,0.5 U/h,"This is the time band most associated with hyperglycemia, but the same period also includes confounding by meals, temp targets, and correction insulin. Because lows also occur in the broader day, increasing basal here is not yet supported."
real_gpt54mini_med_50,run_043,profile.basal.18_00,profile,True,0.6 U/h,keep,0.6 U/h,"Evening patterns are mixed, and low glucose episodes continue into the late day. Without meal-linked evidence, this segment should remain unchanged."
real_gpt54mini_med_50,run_043,profile.basal.19_00,profile,True,0.7 U/h,keep,0.7 U/h,Late evening lows and correction-related IOB make a basal increase unsafe to infer. Keep until a cleaner fasting-like evening window is reviewed.
real_gpt54mini_med_50,run_043,profile.cr.00_00,profile,True,13 g/U,keep,13 g/U,"There are no carb entries or meal-linked response windows, so CR cannot be judged against actual meal outcomes. Keep unchanged."
real_gpt54mini_med_50,run_043,profile.cr.04_00,profile,True,11.1 g/U,keep,11.1 g/U,"No meal-timed evidence exists to support a CR change in this window. The observed lows and highs can be explained by other factors, so keep."
real_gpt54mini_med_50,run_043,profile.cr.08_00,profile,True,13.2 g/U,keep,13.2 g/U,"Late morning hyperglycemia could reflect meal timing, but the package lacks carb logs and prebolus data. Do not change CR until meal-linked evidence is available."
real_gpt54mini_med_50,run_043,profile.cr.16_00,profile,True,10.5 g/U,keep,10.5 g/U,"Afternoon hyperglycemia is the strongest pattern, but it is not separable from meal timing and automation response. Changing CR now could worsen hypoglycemia risk if the issue is actually basal or timing."
real_gpt54mini_med_50,run_043,profile.cr.20_00,profile,True,12.6 g/U,keep,12.6 g/U,The evidence does not isolate an evening meal mismatch from correction stacking or target effects. Keep unchanged until meal-linked trace data exist.
real_gpt54mini_med_50,run_043,profile.isf.00_00,profile,True,56 mg/dL/U,keep,56 mg/dL/U,"Correction responses are mixed and heavily confounded by dynamic sensitivity, temp targets, and IOB. There is no clear evidence to support a static ISF change."
real_gpt54mini_med_50,run_043,profile.target.00_00,profile,True,90 mg/dL,keep,90 mg/dL,"Nighttime lows already exist, so raising or lowering the overnight target is not supported by the current evidence. Keep and reassess after separating overnight basal from correction effects."
real_gpt54mini_med_50,run_043,profile.target.08_00,profile,True,100 mg/dL,keep,100 mg/dL,"The late morning rise is not isolated enough to justify target changes, and the record also contains low episodes. Keep unchanged."
real_gpt54mini_med_50,run_043,profile.target.23_00,profile,True,90 mg/dL,keep,90 mg/dL,Overnight lows argue against making this target more aggressive. There is no supported reason to change it now.
real_gpt54mini_med_50,run_043,profile.dia,profile,True,10 h,keep,10 h,"The data do not show a clean mismatch between insulin duration and response because corrections, SMB, and IOB are all confounded. Keep DIA unchanged until meal-linked bolus timing is available."
real_gpt54mini_med_50,run_043,aaps.core.smb_uam,aaps,True,smb_enabled=true; uam_enabled=true,keep,smb_enabled=true; uam_enabled=true,"The automation layer is behaving as a compensatory response to variable glucose patterns and is not clearly unsafe. Because lows are already present, increasing or disabling this layer without clearer evidence would add risk."
real_gpt54mini_med_50,run_043,aaps.core.smb_activation,aaps,True,smb_always_enabled=true; smb_with_cob_enabled=false; smb_after_carbs_enabled=false; smb_with_temp_target_enabled=true; smb_with_high_temp_target_enabled=false,keep,smb_always_enabled=true; smb_with_cob_enabled=false; smb_after_carbs_enabled=false; smb_with_temp_target_enabled=true; smb_with_high_temp_target_enabled=false,"These settings are internally consistent and do not show a material safety inconsistency in the package. The high-temp-target restriction is relevant but not contradictory, and no change is supported."
real_gpt54mini_med_50,run_043,aaps.core.smb_delivery,aaps,True,smb_interval_minutes=3 min; max_smb_basal_minutes=15 min; max_uam_smb_basal_minutes=20 min,keep,smb_interval_minutes=3 min; max_smb_basal_minutes=15 min; max_uam_smb_basal_minutes=20 min,"Observed SMB activity and IOB remained within the safety envelope, and there is no evidence that the delivery cadence is the main problem. Keep unchanged."
real_gpt54mini_med_50,run_043,aaps.core.safety_limits,aaps,True,max_basal_u_per_hour=12 U/h; max_iob_units=25 U,keep,max_basal_u_per_hour=12 U/h; max_iob_units=25 U,"Observed basal and IOB stayed below these caps, so the limits are not binding in the record. Raising them would increase risk without evidence of need."
real_gpt54mini_med_50,run_043,aaps.core.sensitivity,aaps,True,autosens_enabled=false; dynamic_sensitivity_enabled=true; autosens_raises_target=false; autosens_lowers_target=false; dynamic_isf_adjustment_factor_percent=70 %,keep,autosens_enabled=false; dynamic_sensitivity_enabled=true; autosens_raises_target=false; autosens_lowers_target=false; dynamic_isf_adjustment_factor_percent=70 %,"Dynamic sensitivity appears to be compensating for variable insulin response, while the observed sensitivity ratio is near neutral much of the time. Changing this layer before resolving basal and meal attribution would be premature."
real_gpt54mini_med_50,run_043,aaps.core.carb_absorption,aaps,True,min_5m_carbimpact=8 mg/dL/5 min; meal_max_absorption_hours=7 h,keep,min_5m_carbimpact=8 mg/dL/5 min; meal_max_absorption_hours=7 h,There are no carb entries or extended carb treatments to validate a different absorption assumption. Keep unchanged until meal-linked evidence exists.
real_gpt54mini_med_50,run_044,profile.basal.00_00,profile,True,0.6 U/h,keep,0.6 U/h,"Overnight glucose is often near target, but lows also occur later in the night and early morning. The pattern is confounded by IOB, corrections, and temp targets, so a basal change at midnight is not supported yet."
real_gpt54mini_med_50,run_044,profile.basal.05_00,profile,True,0.7 U/h,keep,0.7 U/h,"Early-morning values do not show a clean isolated basal deficit or excess. Some low readings occur, but they overlap with automation and correction effects, so changing this segment would be speculative."
real_gpt54mini_med_50,run_044,profile.basal.06_00,profile,True,0.8 U/h,keep,0.8 U/h,"Morning glucose rises later in the day, but this segment cannot be separated from breakfast timing, corrections, and temp targets. The current evidence does not support a basal change here."
real_gpt54mini_med_50,run_044,profile.basal.10_00,profile,True,0.7 U/h,keep,0.7 U/h,"The late-morning rise could reflect basal, meal timing, or bolus timing. Because the dataset lacks meal logs and the period includes dynamic automation responses, the evidence is insufficient for a targeted basal change."
real_gpt54mini_med_50,run_044,profile.basal.16_00,profile,True,0.5 U/h,keep,0.5 U/h,"This is the most plausible basal candidate for the afternoon rise, but the same window also contains corrections, SMB/UAM, and variable IOB. A change is not yet supported without a fasting-like confirmation."
real_gpt54mini_med_50,run_044,profile.basal.18_00,profile,True,0.6 U/h,keep,0.6 U/h,"Evening lows appear in some days, but they are intertwined with post-correction and post-automation IOB. The evidence does not isolate this segment as the cause."
real_gpt54mini_med_50,run_044,profile.basal.19_00,profile,True,0.7 U/h,keep,0.7 U/h,"Time-below-range is elevated in the evening on some days, but the pattern is not cleanly basal-driven. Keeping this segment unchanged is safer until meal and correction timing are clearer."
real_gpt54mini_med_50,run_044,profile.cr.00_00,profile,True,13 g/U,keep,13 g/U,No meal-linked data confirm whether this ratio is accurate. Correction variability and absent carb entries prevent isolating a true CR effect.
real_gpt54mini_med_50,run_044,profile.cr.04_00,profile,True,11.1 g/U,keep,11.1 g/U,The early-morning CR cannot be tested from this dataset because there are no documented meal or carb entries. Any change would be unsupported and could worsen hypoglycemia risk.
real_gpt54mini_med_50,run_044,profile.cr.08_00,profile,True,13.2 g/U,keep,13.2 g/U,"Late-morning highs are present, but they are confounded by missing meal timing and correction activity. The current data do not separate meal bolus needs from basal or automation effects."
real_gpt54mini_med_50,run_044,profile.cr.16_00,profile,True,10.5 g/U,keep,10.5 g/U,"This is a plausible contributor to afternoon highs, but the same time block also includes temp targets, SMB/UAM, and delayed correction responses. Without meal logs, a change is not supported."
real_gpt54mini_med_50,run_044,profile.cr.20_00,profile,True,12.6 g/U,keep,12.6 g/U,Evening meal effects cannot be separated from post-correction lows and IOB. The current evidence does not justify changing the evening ratio.
real_gpt54mini_med_50,run_044,profile.isf.00_00,profile,True,56 mg/dL/U,keep,56 mg/dL/U,"Correction responses vary widely and are heavily modified by dynamic sensitivity, SMB/UAM, and IOB. The evidence does not isolate an ISF problem strong enough to change it."
real_gpt54mini_med_50,run_044,profile.target.00_00,profile,True,90 mg/dL,keep,90 mg/dL,"Because lows into the 40s are already present, lowering targets would increase risk. The current target is already conservative enough to avoid adding more hypoglycemia risk."
real_gpt54mini_med_50,run_044,profile.target.08_00,profile,True,100 mg/dL,keep,100 mg/dL,"Morning and midday rises are present, but the evidence does not show that the target is the cause. Changing target would be a dependent adjustment best avoided until basal and meal timing are clearer."
real_gpt54mini_med_50,run_044,profile.target.23_00,profile,True,90 mg/dL,keep,90 mg/dL,"Overnight lows make target reduction inappropriate, and raising the target would be a broader safety change not supported by the current evidence."
real_gpt54mini_med_50,run_044,profile.dia,profile,True,10 h,keep,10 h,The long DIA is consistent with the observed delayed response variability and helps limit overcorrection risk. No evidence supports changing DIA before meal and correction timing are better characterized.
real_gpt54mini_med_50,run_044,aaps.core.smb_uam,aaps,True,smb_enabled=true; uam_enabled=true,keep,smb_enabled=true; uam_enabled=true,"SMB and UAM are active and coherent with the observed loop behavior. Because lows are already present, changing this layer before basal and meal separation would increase risk without clear benefit."
real_gpt54mini_med_50,run_044,aaps.core.smb_activation,aaps,True,smb_always_enabled=true; smb_with_cob_enabled=false; smb_after_carbs_enabled=false; smb_with_temp_target_enabled=true; smb_with_high_temp_target_enabled=false,keep,smb_always_enabled=true; smb_with_cob_enabled=false; smb_after_carbs_enabled=false; smb_with_temp_target_enabled=true; smb_with_high_temp_target_enabled=false,"The activation rules are internally consistent and match a non-meal-centric automation style. No material inconsistency or safety failure was found, and the main concern remains IOB accumulation during low-risk periods."
real_gpt54mini_med_50,run_044,aaps.core.smb_delivery,aaps,True,smb_interval_minutes=3 min; max_smb_basal_minutes=15 min; max_uam_smb_basal_minutes=20 min,keep,smb_interval_minutes=3 min; max_smb_basal_minutes=15 min; max_uam_smb_basal_minutes=20 min,"Observed rates and IOB stayed within the configured limits, so the current cadence is not obviously too aggressive. With existing hypoglycemia risk, changing these settings is not supported yet."
real_gpt54mini_med_50,run_044,aaps.core.safety_limits,aaps,True,max_basal_u_per_hour=12 U/h; max_iob_units=25 U,keep,max_basal_u_per_hour=12 U/h; max_iob_units=25 U,"Observed enacted rates and IOB remain below the caps, so there is no evidence that ceiling limits are causing the pattern. The issue appears to be pattern attribution, not a hard limit."
real_gpt54mini_med_50,run_044,aaps.core.sensitivity,aaps,True,autosens_enabled=false; dynamic_sensitivity_enabled=true; autosens_raises_target=false; autosens_lowers_target=false; dynamic_isf_adjustment_factor_percent=70 %,keep,autosens_enabled=false; dynamic_sensitivity_enabled=true; autosens_raises_target=false; autosens_lowers_target=false; dynamic_isf_adjustment_factor_percent=70 %,"Classic Autosens is intentionally off while dynamic sensitivity is active. The observed sensitivity_ratio of 1 is neutral, not disabled, and there is no evidence of a tuning error that justifies changing this group."
real_gpt54mini_med_50,run_044,aaps.core.carb_absorption,aaps,True,min_5m_carbimpact=8 mg/dL/5 min; meal_max_absorption_hours=7 h,keep,min_5m_carbimpact=8 mg/dL/5 min; meal_max_absorption_hours=7 h,There are no carb treatment entries or e-carb records to validate a different absorption model. Changing these values without meal-linked evidence would be unsupported.
real_gpt54mini_med_50,run_045,profile.basal.00_00,profile,True,0.6 U/h,keep,0.6 U/h,"Overnight data are not cleanly fasting, and both lows and reasonable stability are present. The afternoon highs do not isolate this segment as the cause, so changing it would be unsupported without meal and activity separation."
real_gpt54mini_med_50,run_045,profile.basal.05_00,profile,True,0.7 U/h,keep,0.7 U/h,"Early-morning glucose is relatively steadier than the afternoon, and the evidence does not isolate this segment as problematic. Changing it now could worsen the low-risk overnight/early-morning pattern."
real_gpt54mini_med_50,run_045,profile.basal.06_00,profile,True,0.8 U/h,keep,0.8 U/h,"The morning rise is not clearly separable from meal timing or target effects, and there is no fasting-like verification. With separate low-risk windows present, a basal increase here is not yet supported."
real_gpt54mini_med_50,run_045,profile.basal.10_00,profile,True,0.7 U/h,keep,0.7 U/h,"This is within the broader late-morning/afternoon hyperglycemia zone, but the data cannot distinguish basal insufficiency from meals or automation compensation. Keep until a logged meal-free window is available."
real_gpt54mini_med_50,run_045,profile.basal.16_00,profile,True,0.5 U/h,keep,0.5 U/h,"This is the lowest basal segment and coincides with the strongest afternoon highs, but the same time window also includes correction and automation effects. The observed lows elsewhere make a blind upward edit risky."
real_gpt54mini_med_50,run_045,profile.basal.18_00,profile,True,0.6 U/h,keep,0.6 U/h,"Evening low-risk exposure is present in the data, so raising this segment without meal attribution could increase hypoglycemia. The evidence does not separate basal from late insulin activity."
real_gpt54mini_med_50,run_045,profile.basal.19_00,profile,True,0.7 U/h,keep,0.7 U/h,The late-evening window shows some low exposure and correction carryover. No isolated fasting-like evidence supports a basal change here.
real_gpt54mini_med_50,run_045,profile.cr.00_00,profile,True,13 g/U,keep,13 g/U,No carb entries or meal-bolus timing are available to test this ratio. Correction responses and overnight lows could be driven by IOB or automation rather than CR mismatch.
real_gpt54mini_med_50,run_045,profile.cr.04_00,profile,True,11.1 g/U,keep,11.1 g/U,"There is no meal-linked evidence to support a change. Early-morning glucose is comparatively stable, so altering this CR would be speculative."
real_gpt54mini_med_50,run_045,profile.cr.08_00,profile,True,13.2 g/U,keep,13.2 g/U,The morning-to-late-morning rise cannot be assigned to CR alone because meals are undocumented and automation is active. Keep until a logged meal comparison is available.
real_gpt54mini_med_50,run_045,profile.cr.16_00,profile,True,10.5 g/U,keep,10.5 g/U,"This stronger late-afternoon ratio could be appropriate, but the data cannot separate meal coverage from basal or delayed absorption. Given evening lows and variable correction response, changing it is unsupported."
real_gpt54mini_med_50,run_045,profile.cr.20_00,profile,True,12.6 g/U,keep,12.6 g/U,No carb-linked evidence shows this evening ratio is wrong. The low-risk evening and overnight periods argue for caution rather than a blind change.
real_gpt54mini_med_50,run_045,profile.isf.00_00,profile,True,56 mg/dL/U,keep,56 mg/dL/U,"Therapy response windows are variable and dynamic sensitivity is active, so the static ISF is not fully representative by itself. There is no clean evidence that the baseline ISF should be changed now."
real_gpt54mini_med_50,run_045,profile.target.00_00,profile,True,90 mg/dL,keep,90 mg/dL,"The profile already uses a relatively tight target, and the data show both highs and lows. Lowering or raising the target without separating meal and basal effects would be premature."
real_gpt54mini_med_50,run_045,profile.target.08_00,profile,True,100 mg/dL,keep,100 mg/dL,"The morning target is already slightly higher than overnight, and the available evidence does not justify a target edit. Meal timing and automation are still confounding the pattern."
real_gpt54mini_med_50,run_045,profile.target.23_00,profile,True,90 mg/dL,keep,90 mg/dL,"Nighttime lows are already part of the safety picture, so tightening this target would be unwise. There is no support for a change based on the current data."
real_gpt54mini_med_50,run_045,profile.dia,profile,True,10 h,keep,10 h,"A 10-hour DIA is compatible with the observed long insulin tail and late-low risk, but the data do not isolate DIA as the primary driver. Changing DIA together with other settings would confound interpretation."
real_gpt54mini_med_50,run_045,aaps.core.smb_uam,aaps,True,smb_enabled=true; uam_enabled=true,keep,smb_enabled=true; uam_enabled=true,"SMB/UAM behavior is coherent with the observed loop outputs and does not create an obvious internal contradiction. The main limitation is attribution, not the on/off state."
real_gpt54mini_med_50,run_045,aaps.core.smb_activation,aaps,True,smb_always_enabled=true; smb_with_cob_enabled=false; smb_after_carbs_enabled=false; smb_with_temp_target_enabled=true; smb_with_high_temp_target_enabled=false,keep,smb_always_enabled=true; smb_with_cob_enabled=false; smb_after_carbs_enabled=false; smb_with_temp_target_enabled=true; smb_with_high_temp_target_enabled=false,"The gating is internally consistent and matches the observed permissive automation use. No material contradiction or safety issue is evident, though meal attribution remains limited."
real_gpt54mini_med_50,run_045,aaps.core.smb_delivery,aaps,True,smb_interval_minutes=3 min; max_smb_basal_minutes=15 min; max_uam_smb_basal_minutes=20 min,keep,smb_interval_minutes=3 min; max_smb_basal_minutes=15 min; max_uam_smb_basal_minutes=20 min,Observed SMB/UAM behavior is compatible with these frequency and window settings. There is no evidence that they are inherently unsafe or that they hit a limit.
real_gpt54mini_med_50,run_045,aaps.core.safety_limits,aaps,True,max_basal_u_per_hour=12 U/h; max_iob_units=25 U,keep,max_basal_u_per_hour=12 U/h; max_iob_units=25 U,"Observed enacted rates and IOB do not appear close to these ceilings, so the limits are not obviously causing the current pattern. No safety-limit adjustment is supported."
real_gpt54mini_med_50,run_045,aaps.core.sensitivity,aaps,True,autosens_enabled=false; dynamic_sensitivity_enabled=true; autosens_raises_target=false; autosens_lowers_target=false; dynamic_isf_adjustment_factor_percent=70 %,keep,autosens_enabled=false; dynamic_sensitivity_enabled=true; autosens_raises_target=false; autosens_lowers_target=false; dynamic_isf_adjustment_factor_percent=70 %,"This is a dynamic-ISF setup, not a disabled-sensitivity setup. Sensitivity_ratio near 1 is neutral current adjustment, and the runtime variability is better explained by dynamic sensitivity than by a broken setting."
real_gpt54mini_med_50,run_045,aaps.core.carb_absorption,aaps,True,min_5m_carbimpact=8 mg/dL/5 min; meal_max_absorption_hours=7 h,keep,min_5m_carbimpact=8 mg/dL/5 min; meal_max_absorption_hours=7 h,"There are no carb entries or e-carb durations to validate a different absorption assumption. The settings are coherent, but current data do not justify changing them."
real_gpt54mini_med_50,run_046,profile.basal.00_00,profile,True,0.6 U/h,change,0.55 U/h,"The 00:00-02:00 local window shows the clearest recurrent low exposure, including severe lows in the low 40s mg/dL range. A modest reduction is supported, but only one basal segment should change now because IOB, temp targets, and missing meal data still confound the pattern."
real_gpt54mini_med_50,run_046,profile.basal.05_00,profile,True,0.7 U/h,keep,0.7 U/h,"The data do not isolate this segment as the driver of lows or highs. Morning lows are not the main recurring problem, and the later daytime rise may be meal-related or target-related rather than a basal issue."
real_gpt54mini_med_50,run_046,profile.basal.06_00,profile,True,0.8 U/h,keep,0.8 U/h,"No clean fasting evidence supports a change here. The strongest low pattern is earlier overnight, while the late-morning rise is confounded by meals and automation."
real_gpt54mini_med_50,run_046,profile.basal.10_00,profile,True,0.7 U/h,keep,0.7 U/h,"The late-morning to afternoon rise is real, but it is not separable from meal and target effects. Changing this segment together with overnight basal would violate safe sequencing."
real_gpt54mini_med_50,run_046,profile.basal.16_00,profile,True,0.5 U/h,keep,0.5 U/h,"Afternoon highs could suggest under-basal here, but the evidence is not clean enough because meals, temp targets, and corrections remain plausible explanations. Keep until overnight change is tested first."
real_gpt54mini_med_50,run_046,profile.basal.18_00,profile,True,0.6 U/h,keep,0.6 U/h,"Some late-evening lows exist, but they are not isolated from meal or IOB effects. The current evidence is stronger for the 00:00 segment than for this segment."
real_gpt54mini_med_50,run_046,profile.basal.19_00,profile,True,0.7 U/h,keep,0.7 U/h,"This segment may contribute to late-evening lows, but the data are too confounded to justify a second basal change now. Keep while testing the overnight adjustment first."
real_gpt54mini_med_50,run_046,profile.cr.00_00,profile,True,13 g/U,keep,13 g/U,"No carb logs exist, so CR cannot be validated. Changing CR without meal-linked evidence would be speculative and could worsen lows."
real_gpt54mini_med_50,run_046,profile.cr.04_00,profile,True,11.1 g/U,keep,11.1 g/U,"There is no meal timing evidence to support a CR change, and correction responses are too confounded by automation and IOB."
real_gpt54mini_med_50,run_046,profile.cr.08_00,profile,True,13.2 g/U,keep,13.2 g/U,The late-morning rise is not enough to prove under-bolusing because carbs are not logged and the pump event plus temp targets are confounders.
real_gpt54mini_med_50,run_046,profile.cr.16_00,profile,True,10.5 g/U,keep,10.5 g/U,"Afternoon hyperglycemia may reflect meals, but there is no meal-linked evidence to separate CR from basal or target effects."
real_gpt54mini_med_50,run_046,profile.cr.20_00,profile,True,12.6 g/U,keep,12.6 g/U,No carb entries or meal timing support a change. The data instead point first to overnight safety and then to future meal logging.
real_gpt54mini_med_50,run_046,profile.isf.00_00,profile,True,56 mg/dL/U,keep,56 mg/dL/U,"Correction windows are mixed and small, and the available responses are heavily confounded by SMB/UAM, temp targets, and IOB. There is no clear basis to alter ISF yet."
real_gpt54mini_med_50,run_046,profile.target.00_00,profile,True,90 mg/dL,keep,90 mg/dL,"The current target is already fairly tight. The overnight low problem argues against lowering safety further, and there is no evidence that a target change would be safer than a basal review."
real_gpt54mini_med_50,run_046,profile.target.08_00,profile,True,100 mg/dL,keep,100 mg/dL,"The daytime rise could tempt a lower target, but the data cannot separate meals from basal or automation effects. Keep and verify with meal logs first."
real_gpt54mini_med_50,run_046,profile.target.23_00,profile,True,90 mg/dL,keep,90 mg/dL,"The main concern is low exposure after midnight, so this target should not be tightened further. No evidence supports changing it now."
real_gpt54mini_med_50,run_046,profile.dia,profile,True,10 h,keep,10 h,The correction and IOB patterns are too confounded to justify DIA changes. The observed variability is better explained by mixed bolus and automation effects than by a clearly wrong DIA.
real_gpt54mini_med_50,run_046,aaps.core.smb_uam,aaps,True,smb_enabled=true; uam_enabled=true,keep,smb_enabled=true; uam_enabled=true,"SMB/UAM appears coherent and responsive, not disabled or clearly misconfigured. The system is supporting both highs and lows, so the right action is to keep it unchanged while reviewing basal first."
real_gpt54mini_med_50,run_046,aaps.core.smb_activation,aaps,True,smb_always_enabled=true; smb_with_cob_enabled=false; smb_after_carbs_enabled=false; smb_with_temp_target_enabled=true; smb_with_high_temp_target_enabled=false,keep,smb_always_enabled=true; smb_with_cob_enabled=false; smb_after_carbs_enabled=false; smb_with_temp_target_enabled=true; smb_with_high_temp_target_enabled=false,"The settings are internally consistent with the observed behavior. The high-temp-target SMB suppression is operationally relevant during 135 mg/dL temp targets, but it is not a routine optimization target from this dataset."
real_gpt54mini_med_50,run_046,aaps.core.smb_delivery,aaps,True,smb_interval_minutes=3 min; max_smb_basal_minutes=15 min; max_uam_smb_basal_minutes=20 min,keep,smb_interval_minutes=3 min; max_smb_basal_minutes=15 min; max_uam_smb_basal_minutes=20 min,"Observed SMB/UAM behavior fits the configured limits, and there is no sign that these timings are causing the overnight lows or daytime highs. The main issue remains profile ambiguity, not delivery cadence."
real_gpt54mini_med_50,run_046,aaps.core.safety_limits,aaps,True,max_basal_u_per_hour=12 U/h; max_iob_units=25 U,keep,max_basal_u_per_hour=12 U/h; max_iob_units=25 U,"Observed enacted rates and IOB values are well below these caps, so the limits are not the bottleneck. There is no evidence that raising these limits would help, and no evidence they are restricting needed responses."
real_gpt54mini_med_50,run_046,aaps.core.sensitivity,aaps,True,autosens_enabled=false; dynamic_sensitivity_enabled=true; autosens_raises_target=false; autosens_lowers_target=false; dynamic_isf_adjustment_factor_percent=70 %,keep,autosens_enabled=false; dynamic_sensitivity_enabled=true; autosens_raises_target=false; autosens_lowers_target=false; dynamic_isf_adjustment_factor_percent=70 %,"A sensitivity_ratio of 1 is neutral, not disabled, and there is no evidence that sensitivity settings are driving the observed pattern. The data do not support a change here before the basal review is tested."
real_gpt54mini_med_50,run_046,aaps.core.carb_absorption,aaps,True,min_5m_carbimpact=8 mg/dL/5 min; meal_max_absorption_hours=7 h,keep,min_5m_carbimpact=8 mg/dL/5 min; meal_max_absorption_hours=7 h,"There are no carb entries or extended-carb observations, so the absorption model cannot be validated or tuned. Keep unchanged until a fully logged meal shows a repeatable slow-absorption pattern."
real_gpt54mini_med_50,run_047,profile.basal.00_00,profile,True,0.6 U/h,keep,0.6 U/h,"Overnight lows are present, but they are not isolated to basal strength because IOB, temp targets, and correction timing also contribute. No clean overnight-only comparison supports a 00:00 basal change yet."
real_gpt54mini_med_50,run_047,profile.basal.05_00,profile,True,0.7 U/h,keep,0.7 U/h,Early morning data are relatively stable and there is no distinct evidence that this segment is causing the low or high pattern. The observed variability is still confounded by other factors.
real_gpt54mini_med_50,run_047,profile.basal.06_00,profile,True,0.8 U/h,keep,0.8 U/h,Morning values do not separate cleanly enough from meal and correction effects to justify a basal increase or decrease. The current evidence does not isolate this segment as a defect.
real_gpt54mini_med_50,run_047,profile.basal.10_00,profile,True,0.7 U/h,keep,0.7 U/h,"Late-morning and midday data are influenced by meals and automation responses, so a basal change here would be speculative. The dataset does not support a separate isolated adjustment."
real_gpt54mini_med_50,run_047,profile.basal.16_00,profile,True,0.5 U/h,keep,0.5 U/h,"Afternoon highs are the strongest daytime pattern, but they are still plausibly driven by meals, temp targets, and dynamic automation rather than basal alone. There is not enough separation to support a change yet."
real_gpt54mini_med_50,run_047,profile.basal.18_00,profile,True,0.6 U/h,keep,0.6 U/h,"Evening lows are a safety concern, but the evidence does not isolate this basal period from residual IOB and correction effects. A change here would need a cleaner comparison."
real_gpt54mini_med_50,run_047,profile.basal.19_00,profile,True,0.7 U/h,keep,0.7 U/h,"The late-evening low pattern is real, but not cleanly attributable to this segment alone. Conservative withholding is safer until a normal overnight trace can be reviewed."
real_gpt54mini_med_50,run_047,profile.cr.00_00,profile,True,13 g/U,keep,13 g/U,There are no carb entries or meal-linked response windows to support a time-0 CR change. The current nocturnal risk is more clearly a safety observation than a CR proof.
real_gpt54mini_med_50,run_047,profile.cr.04_00,profile,True,11.1 g/U,keep,11.1 g/U,The data do not provide meal-linked evidence specific to this period. Correction windows are too confounded by automation and IOB to justify a CR edit.
real_gpt54mini_med_50,run_047,profile.cr.08_00,profile,True,13.2 g/U,keep,13.2 g/U,Morning meal behavior cannot be separated from the missing carb log and dynamic insulin delivery. No supported change can be made from the available evidence.
real_gpt54mini_med_50,run_047,profile.cr.16_00,profile,True,10.5 g/U,keep,10.5 g/U,"Afternoon hyperglycemia is present, but without carb timing it is unclear whether this reflects CR, basal timing, or delayed meal absorption. Keeping is safer than changing two dependent settings at once."
real_gpt54mini_med_50,run_047,profile.cr.20_00,profile,True,12.6 g/U,keep,12.6 g/U,"Evening data are confounded by hypoglycemia risk, temp targets, and variable correction activity. The dataset does not isolate a repeatable meal-linked CR problem."
real_gpt54mini_med_50,run_047,profile.isf.00_00,profile,True,56 mg/dL/U,keep,56 mg/dL/U,"The correction windows are mixed and often occur with changing IOB, temp targets, and automation. Dynamic ISF is already active, so a static ISF change is not supported by the current evidence."
real_gpt54mini_med_50,run_047,profile.target.00_00,profile,True,90 mg/dL,keep,90 mg/dL,"Overnight lows argue for caution, but the target is already conservative and the lows are not cleanly target-driven. Changing target now would not resolve the confounders."
real_gpt54mini_med_50,run_047,profile.target.08_00,profile,True,100 mg/dL,keep,100 mg/dL,"The daytime rise is not uniquely explained by the target, and there is no evidence that altering this target alone would separate meal from basal effects. Keep while gathering cleaner meal data."
real_gpt54mini_med_50,run_047,profile.target.23_00,profile,True,90 mg/dL,keep,90 mg/dL,"Late-evening lows are the main safety concern, but the evidence does not show that this target is the primary driver. A clean overnight comparison is needed before considering any change."
real_gpt54mini_med_50,run_047,profile.dia,profile,True,10 h,keep,10 h,DIA is conservative and consistent with avoiding stacking. The mixed correction windows and active dynamic automation do not support a shorter or longer DIA from this dataset.
real_gpt54mini_med_50,run_047,aaps.core.smb_uam,aaps,True,smb_enabled=true; uam_enabled=true,keep,smb_enabled=true; uam_enabled=true,"SMB and UAM appear to be working as part of the overall response system. There is no material inconsistency, and the observed lows/highs are still better explained by confounded insulin and meal timing than by this switch."
real_gpt54mini_med_50,run_047,aaps.core.smb_activation,aaps,True,smb_always_enabled=true; smb_with_cob_enabled=false; smb_after_carbs_enabled=false; smb_with_temp_target_enabled=true; smb_with_high_temp_target_enabled=false,keep,smb_always_enabled=true; smb_with_cob_enabled=false; smb_after_carbs_enabled=false; smb_with_temp_target_enabled=true; smb_with_high_temp_target_enabled=false,"The activation rules are internally consistent and do not show a safety contradiction. Temporary targets and non-COB SMB behavior are present, but they do not by themselves justify a change."
real_gpt54mini_med_50,run_047,aaps.core.smb_delivery,aaps,True,smb_interval_minutes=3 min; max_smb_basal_minutes=15 min; max_uam_smb_basal_minutes=20 min,keep,smb_interval_minutes=3 min; max_smb_basal_minutes=15 min; max_uam_smb_basal_minutes=20 min,"The current delivery timing is responsive and not obviously limiting in the observed windows. A waiting message in loop output is not the configured interval, and there is no evidence that this setting is causing the safety pattern."
real_gpt54mini_med_50,run_047,aaps.core.safety_limits,aaps,True,max_basal_u_per_hour=12 U/h; max_iob_units=25 U,keep,max_basal_u_per_hour=12 U/h; max_iob_units=25 U,"Observed rates and IOB are well below these ceilings, so the limits are not binding in the sampled data. The main concern is pattern safety, not a breached hard cap."
real_gpt54mini_med_50,run_047,aaps.core.sensitivity,aaps,True,autosens_enabled=false; dynamic_sensitivity_enabled=true; autosens_raises_target=false; autosens_lowers_target=false; dynamic_isf_adjustment_factor_percent=70 %,keep,autosens_enabled=false; dynamic_sensitivity_enabled=true; autosens_raises_target=false; autosens_lowers_target=false; dynamic_isf_adjustment_factor_percent=70 %,"Dynamic sensitivity is clearly active, and a sensitivity_ratio near 1 is a neutral current adjustment rather than disabled Autosens. There is no evidence that changing these settings would resolve the observed pattern without first separating meal and basal effects."
real_gpt54mini_med_50,run_047,aaps.core.carb_absorption,aaps,True,min_5m_carbimpact=8 mg/dL/5 min; meal_max_absorption_hours=7 h,keep,min_5m_carbimpact=8 mg/dL/5 min; meal_max_absorption_hours=7 h,"No carb entries or e-carb windows are present, so there is no meal-linked evidence to support changing the absorption model. Inferring a duration from aggregate correction behavior would be unsupported."
real_gpt54mini_med_50,run_048,profile.basal.00_00,profile,True,0.6 U/h,keep,0.6 U/h,"Overnight lows exist, but there is no fasting-only evidence separating basal from corrections, temp targets, or residual IOB. Changing this segment now would be premature and could worsen hypoglycemia."
real_gpt54mini_med_50,run_048,profile.basal.05_00,profile,True,0.7 U/h,keep,0.7 U/h,"Early morning glucose is not cleanly isolated from dawn effect, sleep, and loop-driven dosing. The current data do not separate basal need from confounding factors."
real_gpt54mini_med_50,run_048,profile.basal.06_00,profile,True,0.8 U/h,keep,0.8 U/h,There is no fasting window showing that this segment is too high or too low. The observed daytime rise could still be meal or correction related rather than basal.
real_gpt54mini_med_50,run_048,profile.basal.10_00,profile,True,0.7 U/h,keep,0.7 U/h,"Late-morning highs are present, but they are strongly confounded by meal timing and automation responses. The evidence is insufficient to support a basal change here."
real_gpt54mini_med_50,run_048,profile.basal.16_00,profile,True,0.5 U/h,keep,0.5 U/h,"This is the lowest basal segment and overlaps with a time of afternoon hyperglycemia, but the data do not separate basal from meal or correction effects. A change could worsen overnight lows without proving benefit."
real_gpt54mini_med_50,run_048,profile.basal.18_00,profile,True,0.6 U/h,keep,0.6 U/h,"Evening lows recur, but they are mixed with corrections, temp targets, and IOB tail. There is no clean fasting evidence to justify changing this segment."
real_gpt54mini_med_50,run_048,profile.basal.19_00,profile,True,0.7 U/h,keep,0.7 U/h,"The data show both evening lows and some later rises, so directionality is unclear. Without meal and correction separation, changing this segment is not supported."
real_gpt54mini_med_50,run_048,profile.cr.00_00,profile,True,13 g/U,keep,13 g/U,No meal-linked evidence separates this CR from overnight IOB and correction effects. The record does not justify making CR changes from correction windows alone.
real_gpt54mini_med_50,run_048,profile.cr.04_00,profile,True,11.1 g/U,keep,11.1 g/U,Early-morning CR cannot be evaluated because no meal logs or bolus timing are available. The apparent glucose patterns are too confounded to support a change.
real_gpt54mini_med_50,run_048,profile.cr.08_00,profile,True,13.2 g/U,keep,13.2 g/U,"Daytime highs occur, but there is no meal-specific evidence to show this CR is too weak. Automation, temp targets, and correction activity remain plausible alternative explanations."
real_gpt54mini_med_50,run_048,profile.cr.16_00,profile,True,10.5 g/U,keep,10.5 g/U,"Afternoon hyperglycemia is present, yet meal timing and omitted carb data make the CR inference weak. Because lows also occur, changing this without a meal-log trial is not safe."
real_gpt54mini_med_50,run_048,profile.cr.20_00,profile,True,12.6 g/U,keep,12.6 g/U,Evening patterns are mixed and heavily influenced by IOB and corrections. The evidence does not isolate a CR problem at this time.
real_gpt54mini_med_50,run_048,profile.isf.00_00,profile,True,56 mg/dL/U,keep,56 mg/dL/U,"Correction responses vary widely and are confounded by IOB, temp targets, and likely meal timing. Dynamic sensitivity is active, so the static ISF cannot be cleanly judged from these windows."
real_gpt54mini_med_50,run_048,profile.target.00_00,profile,True,90 mg/dL,keep,90 mg/dL,Lower overnight targets might help highs but could worsen the already meaningful overnight low exposure. The current data do not separate target effect from other insulin-delivery factors.
real_gpt54mini_med_50,run_048,profile.target.08_00,profile,True,100 mg/dL,keep,100 mg/dL,"The tighter daytime target could contribute to more automation activity, but it is not proven to be the source of the highs. Because lows are also present, changing this without a clearer pattern is not supported."
real_gpt54mini_med_50,run_048,profile.target.23_00,profile,True,90 mg/dL,keep,90 mg/dL,"Nighttime lows are a concern, but changing target now would be speculative because corrections and IOB tail are plausible contributors. Keep until a fasting overnight check is available."
real_gpt54mini_med_50,run_048,profile.dia,profile,True,10 h,keep,10 h,"A 10-hour DIA may contribute to late insulin tail, but the available correction windows are too confounded to prove it is too long or too short. No independent evidence supports a DIA change."
real_gpt54mini_med_50,run_048,aaps.core.smb_uam,aaps,True,smb_enabled=true; uam_enabled=true,keep,smb_enabled=true; uam_enabled=true,"SMB and UAM are coherent with the observed unannounced rises and are not obviously overdriving dosing. The safety limits are not being exceeded, so a change is not supported."
real_gpt54mini_med_50,run_048,aaps.core.smb_activation,aaps,True,smb_always_enabled=true; smb_with_cob_enabled=false; smb_after_carbs_enabled=false; smb_with_temp_target_enabled=true; smb_with_high_temp_target_enabled=false,keep,smb_always_enabled=true; smb_with_cob_enabled=false; smb_after_carbs_enabled=false; smb_with_temp_target_enabled=true; smb_with_high_temp_target_enabled=false,The activation rules are internally consistent and align with the use of temp targets in the record. No material inconsistency or safety concern requires a change.
real_gpt54mini_med_50,run_048,aaps.core.smb_delivery,aaps,True,smb_interval_minutes=3 min; max_smb_basal_minutes=15 min; max_uam_smb_basal_minutes=20 min,keep,smb_interval_minutes=3 min; max_smb_basal_minutes=15 min; max_uam_smb_basal_minutes=20 min,The SMB cadence and duration limits are bounded and do not appear to be driving unsafe dosing. Observed IOB remains well below configured limits.
real_gpt54mini_med_50,run_048,aaps.core.safety_limits,aaps,True,max_basal_u_per_hour=12 U/h; max_iob_units=25 U,keep,max_basal_u_per_hour=12 U/h; max_iob_units=25 U,These ceilings are far above observed delivery and are not currently binding. There is no evidence that increasing or decreasing them would solve the observed pattern.
real_gpt54mini_med_50,run_048,aaps.core.sensitivity,aaps,True,autosens_enabled=false; dynamic_sensitivity_enabled=true; autosens_raises_target=false; autosens_lowers_target=false; dynamic_isf_adjustment_factor_percent=70 %,keep,autosens_enabled=false; dynamic_sensitivity_enabled=true; autosens_raises_target=false; autosens_lowers_target=false; dynamic_isf_adjustment_factor_percent=70 %,Dynamic sensitivity is active and Autosens is intentionally off; this is not a conflict. The available data do not show a limit problem that would justify changing the sensitivity stack.
real_gpt54mini_med_50,run_048,aaps.core.carb_absorption,aaps,True,min_5m_carbimpact=8 mg/dL/5 min; meal_max_absorption_hours=7 h,keep,min_5m_carbimpact=8 mg/dL/5 min; meal_max_absorption_hours=7 h,"There are no carb or e-carb records to support changing the absorption model. Without meal-linked evidence, a change would be speculative."
real_gpt54mini_med_50,run_049,profile.basal.00_00,profile,True,0.6 U/h,keep,0.6 U/h,"Overnight lows are present, but the evidence does not isolate this basal segment from automation and correction effects. Because lowering or raising it would be a dependent profile change, the safe action is to keep it until a quiet overnight verification separates causes."
real_gpt54mini_med_50,run_049,profile.basal.05_00,profile,True,0.7 U/h,keep,0.7 U/h,"There are lows in the overnight to early morning window, but no fasted or meal-free comparison that proves this segment is excessive. Keep unchanged until a clean overnight comparison is available."
real_gpt54mini_med_50,run_049,profile.basal.06_00,profile,True,0.8 U/h,keep,0.8 U/h,"The morning rise may reflect meal timing, dawn physiology, or correction dynamics rather than basal insufficiency. The data do not support a dependent change, so keep for now."
real_gpt54mini_med_50,run_049,profile.basal.10_00,profile,True,0.7 U/h,keep,0.7 U/h,"Late-morning to afternoon highs are present, but meal and bolus timing are not logged, so changing this segment could misattribute postprandial behavior to basal. Keep unchanged pending meal-linked evidence."
real_gpt54mini_med_50,run_049,profile.basal.16_00,profile,True,0.5 U/h,keep,0.5 U/h,"There are highs around the afternoon window and lows later, but the direction is mixed and confounded by corrections and SMB/UAM. No supported change from this dataset alone."
real_gpt54mini_med_50,run_049,profile.basal.18_00,profile,True,0.6 U/h,keep,0.6 U/h,"Evening lows are a safety concern, but the evidence is not enough to distinguish basal excess from correction or automation carryover. Keep until one quiet evening comparison is available."
real_gpt54mini_med_50,run_049,profile.basal.19_00,profile,True,0.7 U/h,keep,0.7 U/h,"The early evening low tendency could involve this segment, but no meal-free or correction-free window isolates it. Changing it now would be speculative and dependent on unresolved basal and automation interactions."
real_gpt54mini_med_50,run_049,profile.cr.00_00,profile,True,13 g/U,keep,13 g/U,"No carb entries or meal bolus logs exist, so the night CR cannot be evaluated directly. The observed lows and highs are confounded by corrections, IOB, and SMB/UAM."
real_gpt54mini_med_50,run_049,profile.cr.04_00,profile,True,11.1 g/U,keep,11.1 g/U,There is no logged meal evidence to validate a CR change. Keep until meal-linked glucose response can be assessed.
real_gpt54mini_med_50,run_049,profile.cr.08_00,profile,True,13.2 g/U,keep,13.2 g/U,"Late-morning highs could suggest meal-related undercoverage, but the package lacks meal timing and carb grams. A CR change would be unsupported and potentially unsafe given existing lows."
real_gpt54mini_med_50,run_049,profile.cr.16_00,profile,True,10.5 g/U,keep,10.5 g/U,"Afternoon variability is confounded by temp basals, corrections, and possible meal effects. No basis to change without meal-linked data."
real_gpt54mini_med_50,run_049,profile.cr.20_00,profile,True,12.6 g/U,keep,12.6 g/U,Evening lows argue against empirically tightening meal insulin from this dataset alone. No meal records exist to separate dinner bolus behavior from automation carryover.
real_gpt54mini_med_50,run_049,profile.isf.00_00,profile,True,56 mg/dL/U,keep,56 mg/dL/U,"Correction responses are highly confounded by temp basal activity and IOB, so the visible data do not isolate ISF. Keep unchanged until a cleaner correction-only context is available."
real_gpt54mini_med_50,run_049,profile.target.00_00,profile,True,90 mg/dL,keep,90 mg/dL,"Overnight lows are a concern, but target changes would be a dependent adjustment that should not be made before verifying whether basal or automation is the main driver."
real_gpt54mini_med_50,run_049,profile.target.08_00,profile,True,100 mg/dL,keep,100 mg/dL,"Higher daytime glucose may be meal-related rather than target-related, and lowering the target would increase risk given existing lows. Keep unchanged pending clearer evidence."
real_gpt54mini_med_50,run_049,profile.target.23_00,profile,True,90 mg/dL,keep,90 mg/dL,Late-evening and overnight lows already limit safety. No evidence supports changing the target before basal and automation are separated from meal effects.
real_gpt54mini_med_50,run_049,profile.dia,profile,True,10 h,keep,10 h,"Correction outcomes are mixed, but the dataset does not isolate insulin tail behavior from meals, SMB/UAM, or temp basal use. DIA cannot be adjusted safely from this package alone."
real_gpt54mini_med_50,run_049,aaps.core.smb_uam,aaps,True,smb_enabled=true; uam_enabled=true,keep,smb_enabled=true; uam_enabled=true,"SMB/UAM is consistent with observed loop behavior and the absence of carb entries. No material inconsistency is present, and changing it would not solve the unresolved attribution problem."
real_gpt54mini_med_50,run_049,aaps.core.smb_activation,aaps,True,smb_always_enabled=true; smb_with_cob_enabled=false; smb_after_carbs_enabled=false; smb_with_temp_target_enabled=true; smb_with_high_temp_target_enabled=false,keep,smb_always_enabled=true; smb_with_cob_enabled=false; smb_after_carbs_enabled=false; smb_with_temp_target_enabled=true; smb_with_high_temp_target_enabled=false,The activation flags are internally consistent with observed SMB activity and the lack of carb records. There is no material contradiction or safety reason to change them before the meal pattern is clarified.
real_gpt54mini_med_50,run_049,aaps.core.smb_delivery,aaps,True,smb_interval_minutes=3 min; max_smb_basal_minutes=15 min; max_uam_smb_basal_minutes=20 min,keep,smb_interval_minutes=3 min; max_smb_basal_minutes=15 min; max_uam_smb_basal_minutes=20 min,"Current SMB cadence is already fairly active, and the data do not show this being the main constraint. Increasing SMB persistence would be risky given recurrent lows and is not supported by the package."
real_gpt54mini_med_50,run_049,aaps.core.safety_limits,aaps,True,max_basal_u_per_hour=12 U/h; max_iob_units=25 U,keep,max_basal_u_per_hour=12 U/h; max_iob_units=25 U,"Observed enacted rates and IOB do not indicate that safety caps are the limiting problem. Some low periods occur after higher IOB, so loosening caps would not be supported."
real_gpt54mini_med_50,run_049,aaps.core.sensitivity,aaps,True,autosens_enabled=false; dynamic_sensitivity_enabled=true; autosens_raises_target=false; autosens_lowers_target=false; dynamic_isf_adjustment_factor_percent=70 %,keep,autosens_enabled=false; dynamic_sensitivity_enabled=true; autosens_raises_target=false; autosens_lowers_target=false; dynamic_isf_adjustment_factor_percent=70 %,"A sensitivity_ratio of 1 is a neutral adjustment, not disabled sensitivity logic. The package does not support changing sensitivity controls while lows remain unresolved and meal timing is missing."
real_gpt54mini_med_50,run_049,aaps.core.carb_absorption,aaps,True,min_5m_carbimpact=8 mg/dL/5 min; meal_max_absorption_hours=7 h,keep,min_5m_carbimpact=8 mg/dL/5 min; meal_max_absorption_hours=7 h,"There are no carb treatment entries or e-carb events, so the absorption model cannot be validated directly. The package does not justify a change, and e-carbs should not be inferred from aggregate timing alone."
real_gpt54mini_med_50,run_050,profile.basal.00_00,profile,True,0.6 U/h,keep,0.6 U/h,"Overnight data are not consistently high, and low exposure exists. The daytime rise is not isolated enough to justify changing the midnight basal without fasting evidence."
real_gpt54mini_med_50,run_050,profile.basal.05_00,profile,True,0.7 U/h,keep,0.7 U/h,"Early morning glucose is generally near target, and the lows in other windows argue against a broad basal increase or decrease from this data alone."
real_gpt54mini_med_50,run_050,profile.basal.06_00,profile,True,0.8 U/h,keep,0.8 U/h,"This is one of the stronger basal segments already, but the dataset does not prove it is either too high or too low because meal and activity context are missing."
real_gpt54mini_med_50,run_050,profile.basal.10_00,profile,True,0.7 U/h,keep,0.7 U/h,"Late morning highs may be meal-related or basal-related, but without carb data the rise cannot be attributed to this segment alone."
real_gpt54mini_med_50,run_050,profile.basal.16_00,profile,True,0.5 U/h,keep,0.5 U/h,"Late afternoon and early evening lows make an increase unsafe, while the daytime rise still lacks meal separation. Keeping this segment unchanged preserves safety."
real_gpt54mini_med_50,run_050,profile.basal.18_00,profile,True,0.6 U/h,keep,0.6 U/h,"Evening lows are part of the safety profile, so changing this segment without better evidence could worsen hypoglycemia."
real_gpt54mini_med_50,run_050,profile.basal.19_00,profile,True,0.7 U/h,keep,0.7 U/h,"There is no isolated evidence that this evening segment needs adjustment, and the package contains lows that argue for caution."
real_gpt54mini_med_50,run_050,profile.cr.00_00,profile,True,13 g/U,keep,13 g/U,"There are no carb entries or meal bolus windows to test this ratio, so no supported change exists."
real_gpt54mini_med_50,run_050,profile.cr.04_00,profile,True,11.1 g/U,keep,11.1 g/U,CR performance cannot be assessed from correction-heavy windows and absent carb data.
real_gpt54mini_med_50,run_050,profile.cr.08_00,profile,True,13.2 g/U,keep,13.2 g/U,"The late-morning rise could involve meals, but the package does not provide meal-linked evidence to support changing this ratio."
real_gpt54mini_med_50,run_050,profile.cr.16_00,profile,True,10.5 g/U,keep,10.5 g/U,"No meal entries are available, and the late-day low risk makes any CR tightening or loosening unsupported."
real_gpt54mini_med_50,run_050,profile.cr.20_00,profile,True,12.6 g/U,keep,12.6 g/U,"Evening meal behavior is not documented, and correction windows do not isolate this ratio."
real_gpt54mini_med_50,run_050,profile.isf.00_00,profile,True,56 mg/dL/U,keep,56 mg/dL/U,"Correction responses are confounded by automation, IOB, and changing glucose trajectories, so the single ISF segment cannot be tuned confidently."
real_gpt54mini_med_50,run_050,profile.target.00_00,profile,True,90 mg/dL,keep,90 mg/dL,"Nighttime lows argue against lowering targets, while the daytime rise is not isolated enough to justify a target change."
real_gpt54mini_med_50,run_050,profile.target.08_00,profile,True,100 mg/dL,keep,100 mg/dL,"The daytime rise does not separate cleanly from meal effects, and lowering the target now could increase hypoglycemia risk."
real_gpt54mini_med_50,run_050,profile.target.23_00,profile,True,90 mg/dL,keep,90 mg/dL,"Overnight lows are already present, so tightening the target is not supported."
real_gpt54mini_med_50,run_050,profile.dia,profile,True,10 h,keep,10 h,"The correction and IOB windows do not provide a clean test of DIA, and changing it would affect multiple dependent behaviors at once."
real_gpt54mini_med_50,run_050,aaps.core.smb_uam,aaps,True,smb_enabled=true; uam_enabled=true,keep,smb_enabled=true; uam_enabled=true,SMB and UAM are already active and appear to be compensating for confounded glucose patterns without obvious configuration conflict.
real_gpt54mini_med_50,run_050,aaps.core.smb_activation,aaps,True,smb_always_enabled=true; smb_with_cob_enabled=false; smb_after_carbs_enabled=false; smb_with_temp_target_enabled=true; smb_with_high_temp_target_enabled=false,keep,smb_always_enabled=true; smb_with_cob_enabled=false; smb_after_carbs_enabled=false; smb_with_temp_target_enabled=true; smb_with_high_temp_target_enabled=false,These settings are internally consistent and align with the observed temporary-target behavior. No material inconsistency requires a change.
real_gpt54mini_med_50,run_050,aaps.core.smb_delivery,aaps,True,smb_interval_minutes=3 min; max_smb_basal_minutes=15 min; max_uam_smb_basal_minutes=20 min,keep,smb_interval_minutes=3 min; max_smb_basal_minutes=15 min; max_uam_smb_basal_minutes=20 min,"Observed automation behavior is already constrained by predicted low risk at times, and no data show these limits are the main cause of instability."
real_gpt54mini_med_50,run_050,aaps.core.safety_limits,aaps,True,max_basal_u_per_hour=12 U/h; max_iob_units=25 U,keep,max_basal_u_per_hour=12 U/h; max_iob_units=25 U,"The observed temp basal rates and IOB are well below these ceilings, so the limits are not the obvious bottleneck in this dataset."
real_gpt54mini_med_50,run_050,aaps.core.sensitivity,aaps,True,autosens_enabled=false; dynamic_sensitivity_enabled=true; autosens_raises_target=false; autosens_lowers_target=false; dynamic_isf_adjustment_factor_percent=70 %,keep,autosens_enabled=false; dynamic_sensitivity_enabled=true; autosens_raises_target=false; autosens_lowers_target=false; dynamic_isf_adjustment_factor_percent=70 %,Autosens being false does not mean sensitivity is off because dynamic sensitivity is active. The neutral sensitivity ratio and lack of fasting evidence do not support changing this layer.
real_gpt54mini_med_50,run_050,aaps.core.carb_absorption,aaps,True,min_5m_carbimpact=8 mg/dL/5 min; meal_max_absorption_hours=7 h,keep,min_5m_carbimpact=8 mg/dL/5 min; meal_max_absorption_hours=7 h,"There are no carb entries or extended-carb episodes to fit, so the absorption model cannot be tuned from this package."
