experiment,run_id,parameter_key,category,in_inventory,current_value,decision,suggested_value,rationale
gemini36flash_50,run_001,profile.basal.00_00,profile,True,0.85 U/h,keep,0.85 U/h,"Overnight glucose is flat and stable (102-107 mg/dL), perfectly matching target range."
gemini36flash_50,run_001,profile.basal.06_00,profile,True,0.95 U/h,keep,0.95 U/h,Morning fasting glucose remains stable; postprandial changes are timing-driven.
gemini36flash_50,run_001,profile.basal.12_00,profile,True,0.9 U/h,keep,0.9 U/h,Afternoon mean glucose is well-controlled without unexplained drifts.
gemini36flash_50,run_001,profile.basal.18_00,profile,True,1.05 U/h,keep,1.05 U/h,Evening glucose is stable through dinner and night transition.
gemini36flash_50,run_001,profile.cr.00_00,profile,True,12 g/U,keep,12 g/U,Overnight segment with no routine meal entries; ratio is safe and untested.
gemini36flash_50,run_001,profile.cr.06_00,profile,True,10 g/U,keep,10 g/U,"Breakfast glucose returns to baseline by 240 minutes, confirming dose adequacy."
gemini36flash_50,run_001,profile.cr.12_00,profile,True,11 g/U,keep,11 g/U,Brunch total dose brings glucose to 115 mg/dL at 4 hours post-meal.
gemini36flash_50,run_001,profile.cr.18_00,profile,True,9 g/U,keep,9 g/U,Dinner response shows smooth rise (+15 to +41 mg/dL) and prompt return to baseline.
gemini36flash_50,run_001,profile.isf.00_00,profile,True,48 mg/dL/U,keep,48 mg/dL/U,Overnight stability indicates balanced ISF and basal interaction.
gemini36flash_50,run_001,profile.isf.06_00,profile,True,42 mg/dL/U,keep,42 mg/dL/U,Morning corrections and algorithm adjustments operate safely.
gemini36flash_50,run_001,profile.isf.12_00,profile,True,45 mg/dL/U,keep,45 mg/dL/U,Afternoon ISF supports predictable correction dynamics.
gemini36flash_50,run_001,profile.isf.18_00,profile,True,40 mg/dL/U,keep,40 mg/dL/U,Evening ISF maintains stability through post-dinner hours.
gemini36flash_50,run_001,profile.target.00_00,profile,True,95-110 mg/dL,keep,95-110 mg/dL,Overnight target produces stable glucose around 103 mg/dL.
gemini36flash_50,run_001,profile.target.06_00,profile,True,90-105 mg/dL,keep,90-105 mg/dL,Daytime target maintains tight control without inducing hypoglycemia.
gemini36flash_50,run_001,profile.target.22_00,profile,True,100-115 mg/dL,keep,100-115 mg/dL,Late evening target allows safe bed-time transition.
gemini36flash_50,run_001,profile.dia,profile,True,5.5 h,keep,5.5 h,5.5-hour duration accurately models insulin tail and prevents stacking.
gemini36flash_50,run_001,aaps.core.smb_uam,aaps,True,smb_enabled=true; uam_enabled=true,keep,smb_enabled=true; uam_enabled=true,Both SMB and UAM are operating effectively and safely.
gemini36flash_50,run_001,aaps.core.smb_activation,aaps,True,smb_always_enabled=null; smb_with_cob_enabled=null; smb_after_carbs_enabled=null; smb_with_temp_target_enabled=null; smb_with_high_temp_target_enabled=null,verify,,Condition flags are unpopulated in telemetry export; verify AAPS user preferences directly on pump/app.
gemini36flash_50,run_001,aaps.core.smb_delivery,aaps,True,smb_interval_minutes=3 min; max_smb_basal_minutes=45 min; max_uam_smb_basal_minutes=30 min,keep,smb_interval_minutes=3 min; max_smb_basal_minutes=45 min; max_uam_smb_basal_minutes=30 min,Delivery intervals and max SMB basal duration are appropriate and effective.
gemini36flash_50,run_001,aaps.core.safety_limits,aaps,True,max_basal_u_per_hour=2.4 U/h; max_iob_units=8 U,keep,max_basal_u_per_hour=2.4 U/h; max_iob_units=8 U,Safety limits provide adequate loop authority while guarding against excessive accumulation.
gemini36flash_50,run_001,aaps.core.sensitivity,aaps,True,autosens_enabled=null; dynamic_sensitivity_enabled=null; autosens_raises_target=null; autosens_lowers_target=null; dynamic_isf_adjustment_factor_percent=100 %,verify,,Autosens enable switches are null in export; verify active sensitivity plugin settings in AAPS.
gemini36flash_50,run_001,aaps.core.carb_absorption,aaps,True,min_5m_carbimpact=3 mg/dL/5 min; meal_max_absorption_hours=6 h,keep,min_5m_carbimpact=3 mg/dL/5 min; meal_max_absorption_hours=6 h,Standard min_5m_carbimpact (3.0) and 6-hour max absorption match overall absorption behavior.
gemini36flash_50,run_002,profile.basal.00_00,profile,True,0.85 U/h,keep,0.85 U/h,Overnight glucose is extremely stable between 00:00 and 06:00 with average BG around 103-107 mg/dL and 0% time below 70 mg/dL.
gemini36flash_50,run_002,profile.basal.06_00,profile,True,0.95 U/h,keep,0.95 U/h,Morning baseline glucose remains steady in target range prior to breakfast.
gemini36flash_50,run_002,profile.basal.12_00,profile,True,0.9 U/h,keep,0.9 U/h,Midday glucose remains stable during non-meal and inter-meal windows.
gemini36flash_50,run_002,profile.basal.18_00,profile,True,1.05 U/h,keep,1.05 U/h,Evening baseline glucose is well-maintained with minimal drift prior to dinner and overnight transition.
gemini36flash_50,run_002,profile.cr.00_00,profile,True,12 g/U,keep,12 g/U,Overnight carbohydrate ratio is appropriate for late snacks or late meal recovery.
gemini36flash_50,run_002,profile.cr.06_00,profile,True,10 g/U,keep,10 g/U,Weekday breakfast recovery shows glucose returning to baseline at 240 minutes (+1 to -14 mg/dL change).
gemini36flash_50,run_002,profile.cr.12_00,profile,True,11 g/U,keep,11 g/U,Weekend brunch recovery at 240 minutes returns to 115-119 mg/dL from starting BG of 118-126 mg/dL.
gemini36flash_50,run_002,profile.cr.18_00,profile,True,9 g/U,keep,9 g/U,Dinner response shows modest 2-hour peak (+15 to +41 mg/dL) and smooth return to baseline by hour 4.
gemini36flash_50,run_002,profile.isf.00_00,profile,True,48 mg/dL/U,keep,48 mg/dL/U,No correction overshoots or unexpected drops during overnight corrections.
gemini36flash_50,run_002,profile.isf.06_00,profile,True,42 mg/dL/U,keep,42 mg/dL/U,Morning sensitivity factor effectively models corrections without causing post-correction hypoglycemia.
gemini36flash_50,run_002,profile.isf.12_00,profile,True,45 mg/dL/U,keep,45 mg/dL/U,Midday correction sensitivity is well-calibrated.
gemini36flash_50,run_002,profile.isf.18_00,profile,True,40 mg/dL/U,keep,40 mg/dL/U,Evening correction sensitivity maintains glucose control safely.
gemini36flash_50,run_002,profile.target.00_00,profile,True,95-110 mg/dL,keep,95-110 mg/dL,Target range provides appropriate overnight safety and control buffer.
gemini36flash_50,run_002,profile.target.06_00,profile,True,90-105 mg/dL,keep,90-105 mg/dL,Daytime target range supports tight control without increasing low risk.
gemini36flash_50,run_002,profile.target.22_00,profile,True,100-115 mg/dL,keep,100-115 mg/dL,Slightly elevated bedtime target protects against overnight hypoglycemia.
gemini36flash_50,run_002,profile.dia,profile,True,5.5 h,keep,5.5 h,5.5-hour duration of insulin action matches realistic exponential decay for rapid-acting insulin and prevents insulin stacking.
gemini36flash_50,run_002,aaps.core.smb_uam,aaps,True,smb_enabled=true; uam_enabled=true,keep,smb_enabled=true; uam_enabled=true,"Both SMB and UAM are performing effectively, preventing prolonged high glucose spikes while maintaining 0% TBR."
gemini36flash_50,run_002,aaps.core.smb_activation,aaps,True,smb_always_enabled=null; smb_with_cob_enabled=null; smb_after_carbs_enabled=null; smb_with_temp_target_enabled=null; smb_with_high_temp_target_enabled=null,verify,,Activation flags are null in raw profile export. User should check AAPS UI Config Builder to confirm desired trigger conditions.
gemini36flash_50,run_002,aaps.core.smb_delivery,aaps,True,smb_interval_minutes=3 min; max_smb_basal_minutes=45 min; max_uam_smb_basal_minutes=30 min,keep,smb_interval_minutes=3 min; max_smb_basal_minutes=45 min; max_uam_smb_basal_minutes=30 min,"Delivery parameters (3 min interval, 45 min max SMB basal, 30 min UAM) yield safe micro-dosing without late-window hypoglycemia."
gemini36flash_50,run_002,aaps.core.safety_limits,aaps,True,max_basal_u_per_hour=2.4 U/h; max_iob_units=8 U,keep,max_basal_u_per_hour=2.4 U/h; max_iob_units=8 U,Limits are well-scaled (~2.3x peak basal rate) for patient total daily dose.
gemini36flash_50,run_002,aaps.core.sensitivity,aaps,True,autosens_enabled=null; dynamic_sensitivity_enabled=null; autosens_raises_target=null; autosens_lowers_target=null; dynamic_isf_adjustment_factor_percent=100 %,verify,,Autosens enablement toggles are null in profile export. Verify active sensitivity settings in AAPS UI.
gemini36flash_50,run_002,aaps.core.carb_absorption,aaps,True,min_5m_carbimpact=3 mg/dL/5 min; meal_max_absorption_hours=6 h,keep,min_5m_carbimpact=3 mg/dL/5 min; meal_max_absorption_hours=6 h,3 mg/dL/5 min minimum carb impact and 6-hour max absorption match realistic digestion rates and DIA.
gemini36flash_50,run_003,profile.basal.00_00,profile,True,0.85 U/h,keep,0.85 U/h,"Fasting overnight glucose is stable at 103-107 mg/dL. Evidence: hourly means 00:00-05:00. Uncertainty: none. Dependencies: data_quality, safety_overview."
gemini36flash_50,run_003,profile.basal.06_00,profile,True,0.95 U/h,keep,0.95 U/h,Morning baseline glucose remains stable prior to breakfast. Evidence: 06:00-07:00 mean glucose 115-117 mg/dL. Uncertainty: none. Dependencies: basal_targets.
gemini36flash_50,run_003,profile.basal.12_00,profile,True,0.9 U/h,keep,0.9 U/h,Afternoon glucose returns smoothly to baseline post-brunch. Evidence: 15:00-17:00 mean glucose 111-116 mg/dL. Uncertainty: none. Dependencies: basal_targets.
gemini36flash_50,run_003,profile.basal.18_00,profile,True,1.05 U/h,keep,1.05 U/h,Evening baseline glucose holds steady. Evidence: 18:00-19:00 mean glucose 106-108 mg/dL. Uncertainty: none. Dependencies: basal_targets.
gemini36flash_50,run_003,profile.cr.00_00,profile,True,12 g/U,keep,12 g/U,Overnight segment CR is unattached to frequent meal entries but maintains profile system baseline. Evidence: zero night low events. Uncertainty: low meal frequency. Dependencies: profile_cr_isf_dia.
gemini36flash_50,run_003,profile.cr.06_00,profile,True,10 g/U,keep,10 g/U,Weekday breakfast boluses show clean 4-hour recovery. Evidence: 4-hour postprandial change -2 to +8 mg/dL. Uncertainty: none. Dependencies: profile_cr_isf_dia.
gemini36flash_50,run_003,profile.cr.12_00,profile,True,11 g/U,keep,11 g/U,Total meal insulin for brunch resolves glucose to baseline by hour 4. Peak is timing-related. Evidence: +240m change -11 to +1 mg/dL. Uncertainty: fat impact. Dependencies: meal_bolus_strategy.
gemini36flash_50,run_003,profile.cr.18_00,profile,True,9 g/U,keep,9 g/U,Dinner boluses demonstrate excellent control with mild 2-hour rise and complete recovery. Evidence: +240m change -7 to +3 mg/dL. Uncertainty: none. Dependencies: profile_cr_isf_dia.
gemini36flash_50,run_003,profile.isf.00_00,profile,True,48 mg/dL/U,keep,48 mg/dL/U,Correction insulin overnight functions without overshooting. Evidence: stable night glucose. Uncertainty: few manual corrections. Dependencies: profile_cr_isf_dia.
gemini36flash_50,run_003,profile.isf.06_00,profile,True,42 mg/dL/U,keep,42 mg/dL/U,Morning sensitivity is appropriate. Evidence: stable daytime corrections. Uncertainty: none. Dependencies: profile_cr_isf_dia.
gemini36flash_50,run_003,profile.isf.12_00,profile,True,45 mg/dL/U,keep,45 mg/dL/U,Midday ISF aligns with loop micro-bolus responses. Evidence: smooth postprandial resolution. Uncertainty: none. Dependencies: profile_cr_isf_dia.
gemini36flash_50,run_003,profile.isf.18_00,profile,True,40 mg/dL/U,keep,40 mg/dL/U,Evening ISF handles late corrections safely. Evidence: overnight transition stability. Uncertainty: none. Dependencies: profile_cr_isf_dia.
gemini36flash_50,run_003,profile.target.00_00,profile,True,95-110 mg/dL,keep,95-110 mg/dL,Target range maintains steady overnight mean of 103-107 mg/dL. Evidence: hourly glucose stats. Uncertainty: none. Dependencies: basal_targets.
gemini36flash_50,run_003,profile.target.06_00,profile,True,90-105 mg/dL,keep,90-105 mg/dL,"Daytime target range provides safe, effective closed-loop target. Evidence: 99.7% TIR. Uncertainty: none. Dependencies: basal_targets."
gemini36flash_50,run_003,profile.target.22_00,profile,True,100-115 mg/dL,keep,100-115 mg/dL,Late evening target provides a safe buffer before sleep. Evidence: 22:00-23:00 mean glucose 102-110 mg/dL. Uncertainty: none. Dependencies: basal_targets.
gemini36flash_50,run_003,profile.dia,profile,True,5.5 h,keep,5.5 h,5.5-hour duration of insulin action matches decay trajectory across 6-hour response windows. Evidence: 6-hour glucose stability. Uncertainty: none. Dependencies: profile_cr_isf_dia.
gemini36flash_50,run_003,aaps.core.smb_uam,aaps,True,smb_enabled=true; uam_enabled=true,keep,smb_enabled=true; uam_enabled=true,"SMB and UAM operate safely without causing hypoglycemia or stacking. Evidence: 0.0% TBR, 99.7% TIR. Uncertainty: none. Dependencies: automation_smb_uam."
gemini36flash_50,run_003,aaps.core.smb_activation,aaps,True,smb_always_enabled=null; smb_with_cob_enabled=null; smb_after_carbs_enabled=null; smb_with_temp_target_enabled=null; smb_with_high_temp_target_enabled=null,verify,,Specific UI activation toggles returned null in profile JSON export and require manual check in AAPS UI. Evidence: raw settings null fields. Uncertainty: UI state. Dependencies: automation_smb_uam.
gemini36flash_50,run_003,aaps.core.smb_delivery,aaps,True,smb_interval_minutes=3 min; max_smb_basal_minutes=45 min; max_uam_smb_basal_minutes=30 min,keep,smb_interval_minutes=3 min; max_smb_basal_minutes=45 min; max_uam_smb_basal_minutes=30 min,Delivery limits and 3-minute interval provide efficient dosing without over-basaling. Evidence: no late postprandial lows. Uncertainty: none. Dependencies: automation_smb_uam.
gemini36flash_50,run_003,aaps.core.safety_limits,aaps,True,max_basal_u_per_hour=2.4 U/h; max_iob_units=8 U,keep,max_basal_u_per_hour=2.4 U/h; max_iob_units=8 U,Max basal (2.4 U/h) and Max IOB (8.0 U) provide appropriate head-room for meal coverage while protecting safety. Evidence: zero severe high/low events. Uncertainty: none. Dependencies: automation_sensitivity_limits.
gemini36flash_50,run_003,aaps.core.sensitivity,aaps,True,autosens_enabled=null; dynamic_sensitivity_enabled=null; autosens_raises_target=null; autosens_lowers_target=null; dynamic_isf_adjustment_factor_percent=100 %,verify,,"Autosens/Dynamic sensitivity status flags are null in export, though dynamic ISF factor is 100%. Verify UI settings. Evidence: raw JSON null values. Uncertainty: UI toggle state. Dependencies: automation_sensitivity_limits."
gemini36flash_50,run_003,aaps.core.carb_absorption,aaps,True,min_5m_carbimpact=3 mg/dL/5 min; meal_max_absorption_hours=6 h,keep,min_5m_carbimpact=3 mg/dL/5 min; meal_max_absorption_hours=6 h,Standard oref1 carb impact and max absorption settings accurately model decay over 6 hours. Evidence: 6-hour postprandial normalization. Uncertainty: none. Dependencies: automation_smb_uam.
gemini36flash_50,run_004,profile.basal.00_00,profile,True,0.85 U/h,keep,0.85 U/h,Overnight glucose remains stable between 102-107 mg/dL with 0% hypoglycemia. Evidence: high; Uncertainty: low; Dependencies: safety_overview.
gemini36flash_50,run_004,profile.basal.06_00,profile,True,0.95 U/h,keep,0.95 U/h,Morning baseline glucose remains tightly controlled. Evidence: high; Uncertainty: low; Dependencies: basal_targets.
gemini36flash_50,run_004,profile.basal.12_00,profile,True,0.9 U/h,keep,0.9 U/h,Afternoon glucose returns reliably to target baseline. Evidence: high; Uncertainty: low; Dependencies: basal_targets.
gemini36flash_50,run_004,profile.basal.18_00,profile,True,1.05 U/h,keep,1.05 U/h,Evening glucose stability is well-maintained post-dinner. Evidence: high; Uncertainty: low; Dependencies: basal_targets.
gemini36flash_50,run_004,profile.cr.00_00,profile,True,12 g/U,keep,12 g/U,Overnight carb ratio is appropriate and safe. Evidence: high; Uncertainty: low; Dependencies: profile_cr_isf_dia.
gemini36flash_50,run_004,profile.cr.06_00,profile,True,10 g/U,keep,10 g/U,Weekday breakfast glucose returns to baseline by 240 min (-2 to +8 mg/dL). Evidence: high; Uncertainty: low; Dependencies: meal_bolus_strategy.
gemini36flash_50,run_004,profile.cr.12_00,profile,True,11 g/U,keep,11 g/U,"Weekend brunch glucose returns to baseline by 240-360 min (-11 to +1 mg/dL), confirming total dose accuracy. Evidence: high; Uncertainty: low; Dependencies: meal_bolus_strategy."
gemini36flash_50,run_004,profile.cr.18_00,profile,True,9 g/U,keep,9 g/U,Dinner response windows show smooth recovery to target baseline. Evidence: high; Uncertainty: low; Dependencies: profile_cr_isf_dia.
gemini36flash_50,run_004,profile.isf.00_00,profile,True,48 mg/dL/U,keep,48 mg/dL/U,Overnight corrections resolve without hypoglycemia. Evidence: high; Uncertainty: low; Dependencies: profile_cr_isf_dia.
gemini36flash_50,run_004,profile.isf.06_00,profile,True,42 mg/dL/U,keep,42 mg/dL/U,Morning sensitivity factor operates effectively. Evidence: high; Uncertainty: low; Dependencies: profile_cr_isf_dia.
gemini36flash_50,run_004,profile.isf.12_00,profile,True,45 mg/dL/U,keep,45 mg/dL/U,Midday sensitivity aligns with observed glucose recovery. Evidence: high; Uncertainty: low; Dependencies: profile_cr_isf_dia.
gemini36flash_50,run_004,profile.isf.18_00,profile,True,40 mg/dL/U,keep,40 mg/dL/U,Evening sensitivity factor provides safe correction power. Evidence: high; Uncertainty: low; Dependencies: profile_cr_isf_dia.
gemini36flash_50,run_004,profile.target.00_00,profile,True,95-110 mg/dL,keep,95-110 mg/dL,Target range maintains safe overnight glucose bounds. Evidence: high; Uncertainty: low; Dependencies: basal_targets.
gemini36flash_50,run_004,profile.target.06_00,profile,True,90-105 mg/dL,keep,90-105 mg/dL,Daytime target range supports excellent TIR. Evidence: high; Uncertainty: low; Dependencies: basal_targets.
gemini36flash_50,run_004,profile.target.22_00,profile,True,100-115 mg/dL,keep,100-115 mg/dL,Bedtime target transition supports safe overnight entry. Evidence: high; Uncertainty: low; Dependencies: basal_targets.
gemini36flash_50,run_004,profile.dia,profile,True,5.5 h,keep,5.5 h,5.5-hour DIA reflects true insulin decay without stacking. Evidence: high; Uncertainty: low; Dependencies: profile_cr_isf_dia.
gemini36flash_50,run_004,aaps.core.smb_uam,aaps,True,smb_enabled=true; uam_enabled=true,keep,smb_enabled=true; uam_enabled=true,SMB and UAM operate safely and effectively. Evidence: high; Uncertainty: low; Dependencies: automation_smb_uam.
gemini36flash_50,run_004,aaps.core.smb_activation,aaps,True,smb_always_enabled=null; smb_with_cob_enabled=null; smb_after_carbs_enabled=null; smb_with_temp_target_enabled=null; smb_with_high_temp_target_enabled=null,verify,,Source components are unpopulated in profile summary object; verify on device if modification is desired. Evidence: medium; Uncertainty: high; Dependencies: automation_smb_uam.
gemini36flash_50,run_004,aaps.core.smb_delivery,aaps,True,smb_interval_minutes=3 min; max_smb_basal_minutes=45 min; max_uam_smb_basal_minutes=30 min,keep,smb_interval_minutes=3 min; max_smb_basal_minutes=45 min; max_uam_smb_basal_minutes=30 min,Delivery parameters are safely configured and well-tolerated. Evidence: high; Uncertainty: low; Dependencies: automation_smb_uam.
gemini36flash_50,run_004,aaps.core.safety_limits,aaps,True,max_basal_u_per_hour=2.4 U/h; max_iob_units=8 U,keep,max_basal_u_per_hour=2.4 U/h; max_iob_units=8 U,Max basal and max IOB limits provide appropriate safety caps. Evidence: high; Uncertainty: low; Dependencies: automation_sensitivity_limits.
gemini36flash_50,run_004,aaps.core.sensitivity,aaps,True,autosens_enabled=null; dynamic_sensitivity_enabled=null; autosens_raises_target=null; autosens_lowers_target=null; dynamic_isf_adjustment_factor_percent=100 %,verify,,Autosens toggles are null in export object; verify on device. Dynamic ISF 100% factor operates safely. Evidence: medium; Uncertainty: high; Dependencies: automation_sensitivity_limits.
gemini36flash_50,run_004,aaps.core.carb_absorption,aaps,True,min_5m_carbimpact=3 mg/dL/5 min; meal_max_absorption_hours=6 h,keep,min_5m_carbimpact=3 mg/dL/5 min; meal_max_absorption_hours=6 h,Carbohydrate absorption settings match observed postprandial absorption times. Evidence: high; Uncertainty: low; Dependencies: automation_smb_uam.
gemini36flash_50,run_005,profile.basal.00_00,profile,True,0.85 U/h,keep,0.85 U/h,Overnight mean glucose is stable at ~103-106 mg/dL with zero hypoglycemia.
gemini36flash_50,run_005,profile.basal.06_00,profile,True,0.95 U/h,keep,0.95 U/h,Fasting morning glucose remains steady in target range prior to breakfast.
gemini36flash_50,run_005,profile.basal.12_00,profile,True,0.9 U/h,keep,0.9 U/h,Afternoon glucose remains stable during non-meal intervals.
gemini36flash_50,run_005,profile.basal.18_00,profile,True,1.05 U/h,keep,1.05 U/h,Evening baseline is steady and supports smooth dinner recovery.
gemini36flash_50,run_005,profile.cr.00_00,profile,True,12 g/U,keep,12 g/U,No late-night meal boluses present; CR parameter is appropriately set.
gemini36flash_50,run_005,profile.cr.06_00,profile,True,10 g/U,keep,10 g/U,42g breakfast bolus returns glucose precisely to baseline by 240-360 minutes.
gemini36flash_50,run_005,profile.cr.12_00,profile,True,11 g/U,keep,11 g/U,Brunch boluses normalize cleanly without causing late hypoglycemia.
gemini36flash_50,run_005,profile.cr.18_00,profile,True,9 g/U,keep,9 g/U,54g dinner boluses achieve near-ideal postprandial trajectories.
gemini36flash_50,run_005,profile.isf.00_00,profile,True,48 mg/dL/U,keep,48 mg/dL/U,Overnight correction behavior maintains stable target glucose.
gemini36flash_50,run_005,profile.isf.06_00,profile,True,42 mg/dL/U,keep,42 mg/dL/U,Morning sensitivity settings resolve minor elevations safely.
gemini36flash_50,run_005,profile.isf.12_00,profile,True,45 mg/dL/U,keep,45 mg/dL/U,Afternoon corrections behave predictably without overshooting.
gemini36flash_50,run_005,profile.isf.18_00,profile,True,40 mg/dL/U,keep,40 mg/dL/U,Evening sensitivity supports effective postprandial loop adjustments.
gemini36flash_50,run_005,profile.target.00_00,profile,True,95-110 mg/dL,keep,95-110 mg/dL,"Overnight target range provides safe, tight baseline control."
gemini36flash_50,run_005,profile.target.06_00,profile,True,90-105 mg/dL,keep,90-105 mg/dL,Daytime target range maintains high Time in Range.
gemini36flash_50,run_005,profile.target.22_00,profile,True,100-115 mg/dL,keep,100-115 mg/dL,Pre-bed target range safely prevents nocturnal hypoglycemia.
gemini36flash_50,run_005,profile.dia,profile,True,5.5 h,keep,5.5 h,5.5-hour DIA matches rapid-acting insulin duration and prevents stacking.
gemini36flash_50,run_005,aaps.core.smb_uam,aaps,True,smb_enabled=true; uam_enabled=true,keep,smb_enabled=true; uam_enabled=true,SMB and UAM are performing effectively with zero hypoglycemia.
gemini36flash_50,run_005,aaps.core.smb_activation,aaps,True,smb_always_enabled=null; smb_with_cob_enabled=null; smb_after_carbs_enabled=null; smb_with_temp_target_enabled=null; smb_with_high_temp_target_enabled=null,verify,,Activation flags are null in raw export; verify exact preference menu toggles in AAPS UI.
gemini36flash_50,run_005,aaps.core.smb_delivery,aaps,True,smb_interval_minutes=3 min; max_smb_basal_minutes=45 min; max_uam_smb_basal_minutes=30 min,keep,smb_interval_minutes=3 min; max_smb_basal_minutes=45 min; max_uam_smb_basal_minutes=30 min,Delivery timing parameters provide safe micro-dosing without over-bolusing.
gemini36flash_50,run_005,aaps.core.safety_limits,aaps,True,max_basal_u_per_hour=2.4 U/h; max_iob_units=8 U,keep,max_basal_u_per_hour=2.4 U/h; max_iob_units=8 U,Limits offer sufficient loop headroom while maintaining a strong safety margin.
gemini36flash_50,run_005,aaps.core.sensitivity,aaps,True,autosens_enabled=null; dynamic_sensitivity_enabled=null; autosens_raises_target=null; autosens_lowers_target=null; dynamic_isf_adjustment_factor_percent=100 %,verify,,Boolean toggles are null in raw export; confirm sensitivity settings in AAPS UI.
gemini36flash_50,run_005,aaps.core.carb_absorption,aaps,True,min_5m_carbimpact=3 mg/dL/5 min; meal_max_absorption_hours=6 h,keep,min_5m_carbimpact=3 mg/dL/5 min; meal_max_absorption_hours=6 h,Absorption parameters accurately handle both fast carbs and extended e-carbs.
gemini36flash_50,run_006,profile.basal.00_00,profile,True,0.85 U/h,keep,0.85 U/h,Overnight glucose remains flat and stable at 103-107 mg/dL with zero hypoglycemia.
gemini36flash_50,run_006,profile.basal.06_00,profile,True,0.95 U/h,keep,0.95 U/h,Maintains euglycemia through morning fasting and pre-meal intervals.
gemini36flash_50,run_006,profile.basal.12_00,profile,True,0.9 U/h,keep,0.9 U/h,Provides stable afternoon baseline glucose control between meals.
gemini36flash_50,run_006,profile.basal.18_00,profile,True,1.05 U/h,keep,1.05 U/h,Supports evening stability and smooth transition into nocturnal sleep.
gemini36flash_50,run_006,profile.cr.00_00,profile,True,12 g/U,keep,12 g/U,No late-night meal boluses show under- or over-bolusing trends.
gemini36flash_50,run_006,profile.cr.06_00,profile,True,10 g/U,keep,10 g/U,Effectively covers weekday breakfast carbs with complete 4-hour recovery.
gemini36flash_50,run_006,profile.cr.12_00,profile,True,11 g/U,keep,11 g/U,Accurately covers weekend brunch meals alongside e-carb strategy.
gemini36flash_50,run_006,profile.cr.18_00,profile,True,9 g/U,keep,9 g/U,Dinner boluses reliably return glucose to baseline without postprandial rises.
gemini36flash_50,run_006,profile.isf.00_00,profile,True,48 mg/dL/U,keep,48 mg/dL/U,Overnight corrections and loop adjustments remain safe and effective.
gemini36flash_50,run_006,profile.isf.06_00,profile,True,42 mg/dL/U,keep,42 mg/dL/U,Morning sensitivity factor aligns well with dynamic loop corrections.
gemini36flash_50,run_006,profile.isf.12_00,profile,True,45 mg/dL/U,keep,45 mg/dL/U,Afternoon corrections restore euglycemia cleanly without overshooting.
gemini36flash_50,run_006,profile.isf.18_00,profile,True,40 mg/dL/U,keep,40 mg/dL/U,Evening sensitivity supports safe SMB delivery after dinner.
gemini36flash_50,run_006,profile.target.00_00,profile,True,95-110 mg/dL,keep,95-110 mg/dL,Nighttime target range maintains optimal euglycemic baseline.
gemini36flash_50,run_006,profile.target.06_00,profile,True,90-105 mg/dL,keep,90-105 mg/dL,Daytime target range provides strong control without hypoglycemia risk.
gemini36flash_50,run_006,profile.target.22_00,profile,True,100-115 mg/dL,keep,100-115 mg/dL,Bedtime target range safely cushions sleep onset.
gemini36flash_50,run_006,profile.dia,profile,True,5.5 h,keep,5.5 h,5.5-hour duration of insulin action matches observed decay curves.
gemini36flash_50,run_006,aaps.core.smb_uam,aaps,True,smb_enabled=true; uam_enabled=true,keep,smb_enabled=true; uam_enabled=true,SMB and UAM operate safely to minimize postprandial excursions.
gemini36flash_50,run_006,aaps.core.smb_activation,aaps,True,smb_always_enabled=null; smb_with_cob_enabled=null; smb_after_carbs_enabled=null; smb_with_temp_target_enabled=null; smb_with_high_temp_target_enabled=null,verify,,Source raw settings contained null values for individual activation toggles; active delivery is safe and verified in execution.
gemini36flash_50,run_006,aaps.core.smb_delivery,aaps,True,smb_interval_minutes=3 min; max_smb_basal_minutes=45 min; max_uam_smb_basal_minutes=30 min,keep,smb_interval_minutes=3 min; max_smb_basal_minutes=45 min; max_uam_smb_basal_minutes=30 min,Standard oref1 delivery settings provide smooth dosing without insulin stacking.
gemini36flash_50,run_006,aaps.core.safety_limits,aaps,True,max_basal_u_per_hour=2.4 U/h; max_iob_units=8 U,keep,max_basal_u_per_hour=2.4 U/h; max_iob_units=8 U,Limits provide effective safety guardrails relative to total daily insulin requirements.
gemini36flash_50,run_006,aaps.core.sensitivity,aaps,True,autosens_enabled=null; dynamic_sensitivity_enabled=null; autosens_raises_target=null; autosens_lowers_target=null; dynamic_isf_adjustment_factor_percent=100 %,verify,,100% sensitivity adjustment factor is stable; specific Autosens boolean toggles contain null in export and can be verified on device.
gemini36flash_50,run_006,aaps.core.carb_absorption,aaps,True,min_5m_carbimpact=3 mg/dL/5 min; meal_max_absorption_hours=6 h,keep,min_5m_carbimpact=3 mg/dL/5 min; meal_max_absorption_hours=6 h,Carbohydrate absorption settings accurately model meal decay across all logged entries.
gemini36flash_50,run_007,profile.basal.00_00,profile,True,0.85 U/h,keep,0.85 U/h,Overnight glucose remains stable (mean 102.3-107.5 mg/dL) with 100% Time in Range. No basal modification supported.
gemini36flash_50,run_007,profile.basal.06_00,profile,True,0.95 U/h,keep,0.95 U/h,Morning fasting and pre-meal glucose remain well within target range (90-105 mg/dL).
gemini36flash_50,run_007,profile.basal.12_00,profile,True,0.9 U/h,keep,0.9 U/h,Afternoon glucose trajectory is flat and stable (average 108.3-116.7 mg/dL) during fasting-like hours.
gemini36flash_50,run_007,profile.basal.18_00,profile,True,1.05 U/h,keep,1.05 U/h,Evening glucose levels remain tightly controlled around target with zero hypoglycemia.
gemini36flash_50,run_007,profile.cr.00_00,profile,True,12 g/U,keep,12 g/U,Overnight carb ratio is appropriate; no unannounced late-night meals observed.
gemini36flash_50,run_007,profile.cr.06_00,profile,True,10 g/U,keep,10 g/U,Post-breakfast glucose returns cleanly to baseline by 240-360 minutes (+11 to +17 mg/dL net change).
gemini36flash_50,run_007,profile.cr.12_00,profile,True,11 g/U,keep,11 g/U,Brunch postprandial glucose recovers fully to target by 240 minutes (+1 mg/dL change).
gemini36flash_50,run_007,profile.cr.18_00,profile,True,9 g/U,keep,9 g/U,Dinner postprandial glucose returns cleanly to target within 3 to 4 hours with zero low events.
gemini36flash_50,run_007,profile.isf.00_00,profile,True,48 mg/dL/U,keep,48 mg/dL/U,Overnight ISF supports smooth automated micro-dosing and temp basal adjustments without over-correction.
gemini36flash_50,run_007,profile.isf.06_00,profile,True,42 mg/dL/U,keep,42 mg/dL/U,Morning sensitivity factor operates safely during breakfast bolus recoveries.
gemini36flash_50,run_007,profile.isf.12_00,profile,True,45 mg/dL/U,keep,45 mg/dL/U,Midday ISF maintains safe correction limits during postprandial brunch absorption.
gemini36flash_50,run_007,profile.isf.18_00,profile,True,40 mg/dL/U,keep,40 mg/dL/U,Evening ISF effectively manages dinner postprandial micro-corrections without late drops.
gemini36flash_50,run_007,profile.target.00_00,profile,True,95-110 mg/dL,keep,95-110 mg/dL,Target range provides an optimal overnight glucose baseline.
gemini36flash_50,run_007,profile.target.06_00,profile,True,90-105 mg/dL,keep,90-105 mg/dL,Daytime target segment supports tight daytime control safely.
gemini36flash_50,run_007,profile.target.22_00,profile,True,100-115 mg/dL,keep,100-115 mg/dL,Slightly higher bedtime target offers robust protective buffer entering nocturnal hours.
gemini36flash_50,run_007,profile.dia,profile,True,5.5 h,keep,5.5 h,5.5-hour duration of insulin action matches rapid-acting pharmacokinetics and prevents insulin stacking.
gemini36flash_50,run_007,aaps.core.smb_uam,aaps,True,smb_enabled=true; uam_enabled=true,keep,smb_enabled=true; uam_enabled=true,SMB and UAM are active and producing excellent postprandial stabilization with 99.7% TIR and 0.0% TBR.
gemini36flash_50,run_007,aaps.core.smb_activation,aaps,True,smb_always_enabled=null; smb_with_cob_enabled=null; smb_after_carbs_enabled=null; smb_with_temp_target_enabled=null; smb_with_high_temp_target_enabled=null,verify,,Specific raw activation condition toggles returned null in telemetry. Verify desired switches in AAPS app preference settings.
gemini36flash_50,run_007,aaps.core.smb_delivery,aaps,True,smb_interval_minutes=3 min; max_smb_basal_minutes=45 min; max_uam_smb_basal_minutes=30 min,keep,smb_interval_minutes=3 min; max_smb_basal_minutes=45 min; max_uam_smb_basal_minutes=30 min,3-minute SMB interval and 45/30 minute basal limits effectively resolve post-meal rises without over-delivery.
gemini36flash_50,run_007,aaps.core.safety_limits,aaps,True,max_basal_u_per_hour=2.4 U/h; max_iob_units=8 U,keep,max_basal_u_per_hour=2.4 U/h; max_iob_units=8 U,Max basal 2.4 U/h and Max IOB 8.0 U provide appropriate safety headroom relative to patient daily requirement (~10.15 U/day).
gemini36flash_50,run_007,aaps.core.sensitivity,aaps,True,autosens_enabled=null; dynamic_sensitivity_enabled=null; autosens_raises_target=null; autosens_lowers_target=null; dynamic_isf_adjustment_factor_percent=100 %,verify,,Autosens enable switches returned null in telemetry export. Confirm sensitivity plugin settings in the AAPS application.
gemini36flash_50,run_007,aaps.core.carb_absorption,aaps,True,min_5m_carbimpact=3 mg/dL/5 min; meal_max_absorption_hours=6 h,keep,min_5m_carbimpact=3 mg/dL/5 min; meal_max_absorption_hours=6 h,Carbohydrate impact settings align with oref1 standards and accurately track absorption across meal types.
gemini36flash_50,run_008,profile.basal.00_00,profile,True,0.85 U/h,keep,0.85 U/h,Overnight glucose remains tightly controlled at 102-107 mg/dL with 0.0% Time Below Range. Evidence confirms 0.85 U/h is well-calibrated.
gemini36flash_50,run_008,profile.basal.06_00,profile,True,0.95 U/h,keep,0.95 U/h,Morning baseline glucose is stable. Daytime glucose rises are directly linked to meals rather than basal drift.
gemini36flash_50,run_008,profile.basal.12_00,profile,True,0.9 U/h,keep,0.9 U/h,Afternoon glucose returns smoothly to target following meal recovery. Basal delivery is appropriate.
gemini36flash_50,run_008,profile.basal.18_00,profile,True,1.05 U/h,keep,1.05 U/h,Evening dinner windows show rapid recovery to baseline with minimal postprandial excursion (+15 to +41 mg/dL at 120 min).
gemini36flash_50,run_008,profile.cr.00_00,profile,True,12 g/U,keep,12 g/U,No late-night unannounced meal treatments present. Setting is stable.
gemini36flash_50,run_008,profile.cr.06_00,profile,True,10 g/U,keep,10 g/U,Weekday breakfast (42g carbs / 4.2U bolus) achieves excellent recovery with peak glucose capped under 170 mg/dL.
gemini36flash_50,run_008,profile.cr.12_00,profile,True,11 g/U,keep,11 g/U,Weekend brunch excursions return to baseline within 4 hours. Automated SMB delivery compensates safely for higher meal size.
gemini36flash_50,run_008,profile.cr.18_00,profile,True,9 g/U,keep,9 g/U,Dinner boluses demonstrate near-perfect postprandial stability with complete recovery by 240 minutes.
gemini36flash_50,run_008,profile.isf.00_00,profile,True,48 mg/dL/U,keep,48 mg/dL/U,Overnight corrections by loop show balanced sensitivity without overshooting.
gemini36flash_50,run_008,profile.isf.06_00,profile,True,42 mg/dL/U,keep,42 mg/dL/U,Morning sensitivity is well-matched to morning bolus recovery profiles.
gemini36flash_50,run_008,profile.isf.12_00,profile,True,45 mg/dL/U,keep,45 mg/dL/U,Mid-day sensitivity supports appropriate automated SMB calculation.
gemini36flash_50,run_008,profile.isf.18_00,profile,True,40 mg/dL/U,keep,40 mg/dL/U,Evening sensitivity provides safe correction authority without post-dinner hypoglycemia.
gemini36flash_50,run_008,profile.target.00_00,profile,True,95-110 mg/dL,keep,95-110 mg/dL,Target window supports steady overnight glucose averaging 102-107 mg/dL.
gemini36flash_50,run_008,profile.target.06_00,profile,True,90-105 mg/dL,keep,90-105 mg/dL,Morning target maintains tight baseline without increasing TBR.
gemini36flash_50,run_008,profile.target.22_00,profile,True,100-115 mg/dL,keep,100-115 mg/dL,Slightly higher nighttime transition target protects against nocturnal dips.
gemini36flash_50,run_008,profile.dia,profile,True,5.5 h,keep,5.5 h,5.5 hours matches rapid-acting insulin decay curves and aligns with meal absorption limits.
gemini36flash_50,run_008,aaps.core.smb_uam,aaps,True,smb_enabled=true; uam_enabled=true,keep,smb_enabled=true; uam_enabled=true,SMB and UAM enable effective postprandial management and maintain 99.7% TIR.
gemini36flash_50,run_008,aaps.core.smb_activation,aaps,True,smb_always_enabled=null; smb_with_cob_enabled=null; smb_after_carbs_enabled=null; smb_with_temp_target_enabled=null; smb_with_high_temp_target_enabled=null,verify,,Source component flags are null in exported raw settings. User should verify active SMB activation toggles directly in the AAPS user interface.
gemini36flash_50,run_008,aaps.core.smb_delivery,aaps,True,smb_interval_minutes=3 min; max_smb_basal_minutes=45 min; max_uam_smb_basal_minutes=30 min,keep,smb_interval_minutes=3 min; max_smb_basal_minutes=45 min; max_uam_smb_basal_minutes=30 min,"3-minute evaluation interval and 45/30 minute basal caps deliver prompt, safe corrections without insulin stacking."
gemini36flash_50,run_008,aaps.core.safety_limits,aaps,True,max_basal_u_per_hour=2.4 U/h; max_iob_units=8 U,keep,max_basal_u_per_hour=2.4 U/h; max_iob_units=8 U,Max basal (2.4 U/h) and max IOB (8.0 U) provide strong safety boundaries while allowing adequate loop authority.
gemini36flash_50,run_008,aaps.core.sensitivity,aaps,True,autosens_enabled=null; dynamic_sensitivity_enabled=null; autosens_raises_target=null; autosens_lowers_target=null; dynamic_isf_adjustment_factor_percent=100 %,verify,,Source boolean switches for Autosens and Dynamic ISF are null in telemetry exports. User should confirm active sensitivity preferences in AAPS.
gemini36flash_50,run_008,aaps.core.carb_absorption,aaps,True,min_5m_carbimpact=3 mg/dL/5 min; meal_max_absorption_hours=6 h,keep,min_5m_carbimpact=3 mg/dL/5 min; meal_max_absorption_hours=6 h,Carbohydrate impact floor and 6-hour max absorption match DIA (5.5 h) and postprandial recovery timing.
gemini36flash_50,run_009,profile.basal.00_00,profile,True,0.85 U/h,keep,0.85 U/h,"Overnight glucose averages 102.3 to 107.5 mg/dL with zero hypoglycemia, confirming 0.85 U/h basal rate is accurately tuned."
gemini36flash_50,run_009,profile.basal.06_00,profile,True,0.95 U/h,keep,0.95 U/h,Morning fasting glucose remains stable within target range (90-105 mg/dL) prior to breakfast boluses.
gemini36flash_50,run_009,profile.basal.12_00,profile,True,0.9 U/h,keep,0.9 U/h,Afternoon glucose trends remain stable in range across 14-day observation period.
gemini36flash_50,run_009,profile.basal.18_00,profile,True,1.05 U/h,keep,1.05 U/h,Evening baseline glucose holds steadily around 106-111 mg/dL before and after dinner resolution.
gemini36flash_50,run_009,profile.cr.00_00,profile,True,12 g/U,keep,12 g/U,Overnight CR segment is stable; no late night meal entries indicated requiring adjustment.
gemini36flash_50,run_009,profile.cr.06_00,profile,True,10 g/U,keep,10 g/U,Breakfast boluses (42g carbs / 4.2 U) resolve back to target range within 4 hours without hypoglycemia.
gemini36flash_50,run_009,profile.cr.12_00,profile,True,11 g/U,keep,11 g/U,Midday carb coverage effectively restores glucose to baseline following lunch and brunch recovery.
gemini36flash_50,run_009,profile.cr.18_00,profile,True,9 g/U,keep,9 g/U,Dinner boluses (54g carbs / 5.5 U) achieve excellent control with postprandial peaks staying below 140 mg/dL.
gemini36flash_50,run_009,profile.isf.00_00,profile,True,48 mg/dL/U,keep,48 mg/dL/U,Overnight sensitivity is appropriate; automated correction boluses reduce high glucose smoothly without overshooting.
gemini36flash_50,run_009,profile.isf.06_00,profile,True,42 mg/dL/U,keep,42 mg/dL/U,Morning sensitivity is well-balanced with CR and basal delivery.
gemini36flash_50,run_009,profile.isf.12_00,profile,True,45 mg/dL/U,keep,45 mg/dL/U,Afternoon ISF achieves expected glucose drops during correction windows.
gemini36flash_50,run_009,profile.isf.18_00,profile,True,40 mg/dL/U,keep,40 mg/dL/U,Evening ISF is well-suited to late-day sensitivity needs.
gemini36flash_50,run_009,profile.target.00_00,profile,True,95-110 mg/dL,keep,95-110 mg/dL,Overnight target range maintains stable glucose with adequate buffer against low readings.
gemini36flash_50,run_009,profile.target.06_00,profile,True,90-105 mg/dL,keep,90-105 mg/dL,Daytime target range supports tight control (mean glucose 117.0 mg/dL).
gemini36flash_50,run_009,profile.target.22_00,profile,True,100-115 mg/dL,keep,100-115 mg/dL,Late evening target range ensures safe transition into sleep.
gemini36flash_50,run_009,profile.dia,profile,True,5.5 h,keep,5.5 h,5.5-hour duration of insulin action accurately matches observed active insulin decay and prevents stacking.
gemini36flash_50,run_009,aaps.core.smb_uam,aaps,True,smb_enabled=true; uam_enabled=true,keep,smb_enabled=true; uam_enabled=true,Both SMB and UAM features operate effectively to maintain 99.7% time in range without hypoglycemia risk.
gemini36flash_50,run_009,aaps.core.smb_activation,aaps,True,smb_always_enabled=null; smb_with_cob_enabled=null; smb_after_carbs_enabled=null; smb_with_temp_target_enabled=null; smb_with_high_temp_target_enabled=null,verify,,Activation condition flags are exported as null; verify actual preferences directly on the user's AAPS handset.
gemini36flash_50,run_009,aaps.core.smb_delivery,aaps,True,smb_interval_minutes=3 min; max_smb_basal_minutes=45 min; max_uam_smb_basal_minutes=30 min,keep,smb_interval_minutes=3 min; max_smb_basal_minutes=45 min; max_uam_smb_basal_minutes=30 min,Micro-bolus delivery timing and cap settings provide appropriate automated response strength.
gemini36flash_50,run_009,aaps.core.safety_limits,aaps,True,max_basal_u_per_hour=2.4 U/h; max_iob_units=8 U,keep,max_basal_u_per_hour=2.4 U/h; max_iob_units=8 U,Max basal (2.4 U/h) and max IOB (8.0 U) limits effectively protect against excessive insulin delivery.
gemini36flash_50,run_009,aaps.core.sensitivity,aaps,True,autosens_enabled=null; dynamic_sensitivity_enabled=null; autosens_raises_target=null; autosens_lowers_target=null; dynamic_isf_adjustment_factor_percent=100 %,verify,,Autosens enablement parameters are null in profile export; verify settings on handset while retaining 100% dynamic ISF factor.
gemini36flash_50,run_009,aaps.core.carb_absorption,aaps,True,min_5m_carbimpact=3 mg/dL/5 min; meal_max_absorption_hours=6 h,keep,min_5m_carbimpact=3 mg/dL/5 min; meal_max_absorption_hours=6 h,3 mg/dL/5min min carb impact and 6h max absorption duration accurately reflect carb decay curves.
gemini36flash_50,run_010,profile.basal.00_00,profile,True,0.85 U/h,keep,0.85 U/h,Overnight glucose remains flat at 102-106 mg/dL with zero hypoglycemia. Basal rate is well calibrated.
gemini36flash_50,run_010,profile.basal.06_00,profile,True,0.95 U/h,keep,0.95 U/h,Morning fasting and pre-meal glucose stability is optimal.
gemini36flash_50,run_010,profile.basal.12_00,profile,True,0.9 U/h,keep,0.9 U/h,Midday baseline glucose remains steady within target range.
gemini36flash_50,run_010,profile.basal.18_00,profile,True,1.05 U/h,keep,1.05 U/h,Evening baseline glucose stays stable without excessive loop interventions.
gemini36flash_50,run_010,profile.cr.00_00,profile,True,12 g/U,keep,12 g/U,Overnight carb ratio is appropriate for late snacks or corrections.
gemini36flash_50,run_010,profile.cr.06_00,profile,True,10 g/U,keep,10 g/U,Morning CR brings postprandial glucose back to target reliably by 240 minutes.
gemini36flash_50,run_010,profile.cr.12_00,profile,True,11 g/U,keep,11 g/U,Midday CR handles brunch and lunch boluses effectively.
gemini36flash_50,run_010,profile.cr.18_00,profile,True,9 g/U,keep,9 g/U,Dinner boluses recover smoothly to pre-meal levels without postprandial lows.
gemini36flash_50,run_010,profile.isf.00_00,profile,True,48 mg/dL/U,keep,48 mg/dL/U,Overnight sensitivity accurately models correction responses.
gemini36flash_50,run_010,profile.isf.06_00,profile,True,42 mg/dL/U,keep,42 mg/dL/U,Morning sensitivity is appropriate for loop micro-bolus adjustments.
gemini36flash_50,run_010,profile.isf.12_00,profile,True,45 mg/dL/U,keep,45 mg/dL/U,Afternoon sensitivity provides safe and accurate loop corrections.
gemini36flash_50,run_010,profile.isf.18_00,profile,True,40 mg/dL/U,keep,40 mg/dL/U,Evening sensitivity supports safe post-dinner loop operation.
gemini36flash_50,run_010,profile.target.00_00,profile,True,95-110 mg/dL,keep,95-110 mg/dL,Overnight target range achieves optimal mean glucose without hypoglycemia.
gemini36flash_50,run_010,profile.target.06_00,profile,True,90-105 mg/dL,keep,90-105 mg/dL,Daytime target range supports tight postprandial management.
gemini36flash_50,run_010,profile.target.22_00,profile,True,100-115 mg/dL,keep,100-115 mg/dL,Pre-bed target range ensures a safe transition into night sleep.
gemini36flash_50,run_010,profile.dia,profile,True,5.5 h,keep,5.5 h,5.5-hour duration of insulin action accurately reflects rapid-acting insulin decay and avoids IOB stacking.
gemini36flash_50,run_010,aaps.core.smb_uam,aaps,True,smb_enabled=true; uam_enabled=true,keep,smb_enabled=true; uam_enabled=true,Both SMB and UAM operate effectively and safely in tandem with active profile parameters.
gemini36flash_50,run_010,aaps.core.smb_activation,aaps,True,smb_always_enabled=null; smb_with_cob_enabled=null; smb_after_carbs_enabled=null; smb_with_temp_target_enabled=null; smb_with_high_temp_target_enabled=null,verify,,Source component values are unpopulated in export JSON. Verify settings directly in AAPS settings menu.
gemini36flash_50,run_010,aaps.core.smb_delivery,aaps,True,smb_interval_minutes=3 min; max_smb_basal_minutes=45 min; max_uam_smb_basal_minutes=30 min,keep,smb_interval_minutes=3 min; max_smb_basal_minutes=45 min; max_uam_smb_basal_minutes=30 min,Delivery limits and 3-minute interval provide effective micro-bolus responsiveness without over-dosing.
gemini36flash_50,run_010,aaps.core.safety_limits,aaps,True,max_basal_u_per_hour=2.4 U/h; max_iob_units=8 U,keep,max_basal_u_per_hour=2.4 U/h; max_iob_units=8 U,Limits are well proportioned to user basal rates (0.85-1.05 U/h) and typical meal doses.
gemini36flash_50,run_010,aaps.core.sensitivity,aaps,True,autosens_enabled=null; dynamic_sensitivity_enabled=null; autosens_raises_target=null; autosens_lowers_target=null; dynamic_isf_adjustment_factor_percent=100 %,verify,,Source sensitivity toggles are null in export JSON. Verify Autosens/Dynamic ISF toggles directly in AAPS.
gemini36flash_50,run_010,aaps.core.carb_absorption,aaps,True,min_5m_carbimpact=3 mg/dL/5 min; meal_max_absorption_hours=6 h,keep,min_5m_carbimpact=3 mg/dL/5 min; meal_max_absorption_hours=6 h,Carbohydrate absorption parameters accurately model COB decay across meal types.
gemini36flash_50,run_011,profile.basal.00_00,profile,True,0.85 U/h,keep,0.85 U/h,Overnight glucose remains stable (mean 103.1-107.5 mg/dL) within target range (95-110 mg/dL) with zero nocturnal hypoglycemia.
gemini36flash_50,run_011,profile.basal.06_00,profile,True,0.95 U/h,keep,0.95 U/h,Morning fasting baseline remains stable without rising or drifting low.
gemini36flash_50,run_011,profile.basal.12_00,profile,True,0.9 U/h,keep,0.9 U/h,Afternoon baseline glucose is stable across inter-meal windows.
gemini36flash_50,run_011,profile.basal.18_00,profile,True,1.05 U/h,keep,1.05 U/h,Evening baseline glycemia remains well-controlled with full post-dinner recovery.
gemini36flash_50,run_011,profile.cr.00_00,profile,True,12 g/U,keep,12 g/U,Overnight CR segment supported by baseline glucose metrics.
gemini36flash_50,run_011,profile.cr.06_00,profile,True,10 g/U,keep,10 g/U,Weekday breakfast boluses achieve predictable postprandial rises and complete 4-hour return to baseline (-2 mg/dL).
gemini36flash_50,run_011,profile.cr.12_00,profile,True,11 g/U,keep,11 g/U,"Weekend brunch boluses return fully to baseline by hour 4 (-11 mg/dL), confirming CR adequacy despite transient 120m peaks."
gemini36flash_50,run_011,profile.cr.18_00,profile,True,9 g/U,keep,9 g/U,Dinner boluses demonstrate predictable postprandial rises (+15 to +41 mg/dL at 120m) and baseline recovery by 240-360m.
gemini36flash_50,run_011,profile.isf.00_00,profile,True,48 mg/dL/U,keep,48 mg/dL/U,Overnight automated corrections operate smoothly without over-correction lows.
gemini36flash_50,run_011,profile.isf.06_00,profile,True,42 mg/dL/U,keep,42 mg/dL/U,Morning ISF appropriate for sensitivity model.
gemini36flash_50,run_011,profile.isf.12_00,profile,True,45 mg/dL/U,keep,45 mg/dL/U,Midday ISF setting provides expected automated loop correction magnitude.
gemini36flash_50,run_011,profile.isf.18_00,profile,True,40 mg/dL/U,keep,40 mg/dL/U,"Evening ISF setting yields safe, stable correction behavior."
gemini36flash_50,run_011,profile.target.00_00,profile,True,95-110 mg/dL,keep,95-110 mg/dL,Overnight glucose target range maintains overnight mean glycemia at 103-107 mg/dL.
gemini36flash_50,run_011,profile.target.06_00,profile,True,90-105 mg/dL,keep,90-105 mg/dL,Daytime target range supports excellent overall TIR without hypoglycemia.
gemini36flash_50,run_011,profile.target.22_00,profile,True,100-115 mg/dL,keep,100-115 mg/dL,Pre-bed target range provides safe transition to sleep.
gemini36flash_50,run_011,profile.dia,profile,True,5.5 h,keep,5.5 h,5.5-hour DIA accurately models active insulin tail without evidence of insulin stacking.
gemini36flash_50,run_011,aaps.core.smb_uam,aaps,True,smb_enabled=true; uam_enabled=true,keep,smb_enabled=true; uam_enabled=true,Active SMB and UAM manage transient meal rises effectively with 0.0% TBR.
gemini36flash_50,run_011,aaps.core.smb_activation,aaps,True,smb_always_enabled=null; smb_with_cob_enabled=null; smb_after_carbs_enabled=null; smb_with_temp_target_enabled=null; smb_with_high_temp_target_enabled=null,verify,,Source schema components contain null values; verify intended activation checkboxes directly in the AAPS user interface.
gemini36flash_50,run_011,aaps.core.smb_delivery,aaps,True,smb_interval_minutes=3 min; max_smb_basal_minutes=45 min; max_uam_smb_basal_minutes=30 min,keep,smb_interval_minutes=3 min; max_smb_basal_minutes=45 min; max_uam_smb_basal_minutes=30 min,"3-minute SMB interval and max SMB basal minute limits (45m/30m) provide smooth, safe automated bolus delivery."
gemini36flash_50,run_011,aaps.core.safety_limits,aaps,True,max_basal_u_per_hour=2.4 U/h; max_iob_units=8 U,keep,max_basal_u_per_hour=2.4 U/h; max_iob_units=8 U,Max basal (2.4 U/h) and max IOB (8.0 U) limits are appropriately proportioned to daily insulin doses.
gemini36flash_50,run_011,aaps.core.sensitivity,aaps,True,autosens_enabled=null; dynamic_sensitivity_enabled=null; autosens_raises_target=null; autosens_lowers_target=null; dynamic_isf_adjustment_factor_percent=100 %,verify,,Autosens component flags contain null values in raw export; confirm sensitivity settings in AAPS preferences.
gemini36flash_50,run_011,aaps.core.carb_absorption,aaps,True,min_5m_carbimpact=3 mg/dL/5 min; meal_max_absorption_hours=6 h,keep,min_5m_carbimpact=3 mg/dL/5 min; meal_max_absorption_hours=6 h,3.0 mg/dL/5min min_5m_carbimpact and 6h max absorption time accurately model carbohydrate decay.
gemini36flash_50,run_012,profile.basal.00_00,profile,True,0.85 U/h,keep,0.85 U/h,"Overnight glucose remains stable within target (mean 102-107 mg/dL) with zero clinical hypoglycemia. Evidence: 14-day local hourly averages. Uncertainty: None. Dependencies: data_quality, safety_overview."
gemini36flash_50,run_012,profile.basal.06_00,profile,True,0.95 U/h,keep,0.95 U/h,Morning fasting BG is well-maintained within target range (90-105 mg/dL). Evidence: Local 06:00-09:00 hourly BG averages. Uncertainty: None. Dependencies: basal_targets.
gemini36flash_50,run_012,profile.basal.12_00,profile,True,0.9 U/h,keep,0.9 U/h,Afternoon glucose levels return smoothly to baseline following lunch/brunch. Evidence: Local 14:00-17:00 BG readings (111-127 mg/dL). Uncertainty: None. Dependencies: basal_targets.
gemini36flash_50,run_012,profile.basal.18_00,profile,True,1.05 U/h,keep,1.05 U/h,Evening glucose stability is excellent (mean 106-119 mg/dL). Evidence: Local 18:00-23:00 hourly summaries. Uncertainty: None. Dependencies: basal_targets.
gemini36flash_50,run_012,profile.cr.00_00,profile,True,12 g/U,keep,12 g/U,Overnight/late-night CR is appropriate for occasional late meals. Evidence: No overnight hypoglycemia post-dinner. Uncertainty: Low meal count in this specific window. Dependencies: profile_cr_isf_dia.
gemini36flash_50,run_012,profile.cr.06_00,profile,True,10 g/U,keep,10 g/U,Weekday breakfast boluses return to baseline at 4 hours (-2 to +8 mg/dL net change). Evidence: 10 therapy response windows for weekday breakfast. Uncertainty: None. Dependencies: profile_cr_isf_dia.
gemini36flash_50,run_012,profile.cr.12_00,profile,True,11 g/U,keep,11 g/U,Total insulin for midday meals brings glucose back to baseline by hour 4 (-11 to +1 mg/dL). Evidence: Weekend brunch therapy response windows. Uncertainty: None. Dependencies: profile_cr_isf_dia.
gemini36flash_50,run_012,profile.cr.18_00,profile,True,9 g/U,keep,9 g/U,Dinner response is excellent with tight 2-hour peaks (+15 to +41 mg/dL) and clean 4-hour recovery. Evidence: 14 dinner therapy response windows. Uncertainty: None. Dependencies: profile_cr_isf_dia.
gemini36flash_50,run_012,profile.isf.00_00,profile,True,48 mg/dL/U,keep,48 mg/dL/U,Overnight corrections by loop are smooth without overshooting. Evidence: Zero overnight hypoglycemia (<70 mg/dL). Uncertainty: Few manual corrections needed. Dependencies: profile_cr_isf_dia.
gemini36flash_50,run_012,profile.isf.06_00,profile,True,42 mg/dL/U,keep,42 mg/dL/U,Morning sensitivity factor balances loop SMB adjustments accurately. Evidence: Stable daytime BG trajectory. Uncertainty: None. Dependencies: profile_cr_isf_dia.
gemini36flash_50,run_012,profile.isf.12_00,profile,True,45 mg/dL/U,keep,45 mg/dL/U,Midday ISF prevents correction stacking during post-meal UAM activity. Evidence: Postprandial BG curves. Uncertainty: None. Dependencies: profile_cr_isf_dia.
gemini36flash_50,run_012,profile.isf.18_00,profile,True,40 mg/dL/U,keep,40 mg/dL/U,Evening ISF handles small residual corrections safely. Evidence: Clean overnight transition. Uncertainty: None. Dependencies: profile_cr_isf_dia.
gemini36flash_50,run_012,profile.target.00_00,profile,True,95-110 mg/dL,keep,95-110 mg/dL,Target range maintains safe overnight glucose above hypoglycemia threshold. Evidence: Mean overnight BG 102-107 mg/dL. Uncertainty: None. Dependencies: basal_targets.
gemini36flash_50,run_012,profile.target.06_00,profile,True,90-105 mg/dL,keep,90-105 mg/dL,Daytime target range supports excellent TIR without increasing hypoglycemia risk. Evidence: TIR 99.7%. Uncertainty: None. Dependencies: basal_targets.
gemini36flash_50,run_012,profile.target.22_00,profile,True,100-115 mg/dL,keep,100-115 mg/dL,Pre-bedtime target provides a safe safety buffer entering the night. Evidence: Zero nocturnal TBR. Uncertainty: None. Dependencies: basal_targets.
gemini36flash_50,run_012,profile.dia,profile,True,5.5 h,keep,5.5 h,5.5 hour DIA accurately captures rapid-acting insulin tail and prevents stacking. Evidence: Postprandial decay profiles across all meals. Uncertainty: None. Dependencies: profile_cr_isf_dia.
gemini36flash_50,run_012,aaps.core.smb_uam,aaps,True,smb_enabled=true; uam_enabled=true,keep,smb_enabled=true; uam_enabled=true,"SMB and UAM are performing effectively to mitigate postprandial rises without hypoglycemia. Evidence: TIR 99.7%, TAR 0.3%. Uncertainty: None. Dependencies: automation_smb_uam."
gemini36flash_50,run_012,aaps.core.smb_activation,aaps,True,smb_always_enabled=null; smb_with_cob_enabled=null; smb_after_carbs_enabled=null; smb_with_temp_target_enabled=null; smb_with_high_temp_target_enabled=null,verify,smb_always_enabled=null; smb_with_cob_enabled=null; smb_after_carbs_enabled=null; smb_with_temp_target_enabled=null; smb_with_high_temp_target_enabled=null,Source component UI flags are unpopulated in JSON export. Verify in AAPS preferences screen. Evidence: Null export values. Uncertainty: App preference state. Dependencies: automation_smb_uam.
gemini36flash_50,run_012,aaps.core.smb_delivery,aaps,True,smb_interval_minutes=3 min; max_smb_basal_minutes=45 min; max_uam_smb_basal_minutes=30 min,keep,smb_interval_minutes=3 min; max_smb_basal_minutes=45 min; max_uam_smb_basal_minutes=30 min,"Delivery timing and power limits are safely managing meal peaks without insulin over-delivery. Evidence: 0.0% TBR, stable BG curves. Uncertainty: None. Dependencies: automation_smb_uam."
gemini36flash_50,run_012,aaps.core.safety_limits,aaps,True,max_basal_u_per_hour=2.4 U/h; max_iob_units=8 U,keep,max_basal_u_per_hour=2.4 U/h; max_iob_units=8 U,"Safety ceilings (2.4 U/h Max Basal, 8.0 U Max IOB) are well proportional to ~10 U TDD and 4-6 U meal boluses. Evidence: TDD and treatment logs. Uncertainty: None. Dependencies: automation_sensitivity_limits."
gemini36flash_50,run_012,aaps.core.sensitivity,aaps,True,autosens_enabled=null; dynamic_sensitivity_enabled=null; autosens_raises_target=null; autosens_lowers_target=null; dynamic_isf_adjustment_factor_percent=100 %,verify,autosens_enabled=null; dynamic_sensitivity_enabled=null; autosens_raises_target=null; autosens_lowers_target=null; dynamic_isf_adjustment_factor_percent=100 %,Boolean toggles are unpopulated in export context. Dynamic ISF factor at 100% is confirmed neutral. Verify toggles in AAPS settings. Evidence: Null export components. Uncertainty: UI toggle states. Dependencies: automation_sensitivity_limits.
gemini36flash_50,run_012,aaps.core.carb_absorption,aaps,True,min_5m_carbimpact=3 mg/dL/5 min; meal_max_absorption_hours=6 h,keep,min_5m_carbimpact=3 mg/dL/5 min; meal_max_absorption_hours=6 h,"Carb impact parameters accurately model carb decay and allow UAM to decay safely over 6 hours max. Evidence: Therapy response windows through 360 min. Uncertainty: None. Dependencies: automation_smb_uam, meal_ecarbs_absorption."
gemini36flash_50,run_013,profile.basal.00_00,profile,True,0.85 U/h,keep,0.85 U/h,Overnight glucose remains flat and stable between 102 and 106 mg/dL.
gemini36flash_50,run_013,profile.basal.06_00,profile,True,0.95 U/h,keep,0.95 U/h,Morning fasting glucose stays within target range without dawn phenomenon.
gemini36flash_50,run_013,profile.basal.12_00,profile,True,0.9 U/h,keep,0.9 U/h,Afternoon glucose trends are stable between meal windows.
gemini36flash_50,run_013,profile.basal.18_00,profile,True,1.05 U/h,keep,1.05 U/h,Evening glucose remains stable without unprovoked hypoglycemic dips.
gemini36flash_50,run_013,profile.cr.00_00,profile,True,12 g/U,keep,12 g/U,Nighttime carbohydrate coverage is appropriate.
gemini36flash_50,run_013,profile.cr.06_00,profile,True,10 g/U,keep,10 g/U,Weekday breakfast boluses consistently return glucose to baseline by 4 hours.
gemini36flash_50,run_013,profile.cr.12_00,profile,True,11 g/U,keep,11 g/U,Midday carbohydrate coverage effectively manages lunch/brunch boluses.
gemini36flash_50,run_013,profile.cr.18_00,profile,True,9 g/U,keep,9 g/U,Dinner boluses demonstrate predictable recovery without late hypoglycemia.
gemini36flash_50,run_013,profile.isf.00_00,profile,True,48 mg/dL/U,keep,48 mg/dL/U,Overnight correction sensitivity is effective and safe.
gemini36flash_50,run_013,profile.isf.06_00,profile,True,42 mg/dL/U,keep,42 mg/dL/U,Morning sensitivity factor aligns with observed correction responses.
gemini36flash_50,run_013,profile.isf.12_00,profile,True,45 mg/dL/U,keep,45 mg/dL/U,Midday correction sensitivity maintains stable glucose control.
gemini36flash_50,run_013,profile.isf.18_00,profile,True,40 mg/dL/U,keep,40 mg/dL/U,Evening sensitivity factor provides safe correction power.
gemini36flash_50,run_013,profile.target.00_00,profile,True,95-110 mg/dL,keep,95-110 mg/dL,Overnight target range aligns with achieved mean glucose.
gemini36flash_50,run_013,profile.target.06_00,profile,True,90-105 mg/dL,keep,90-105 mg/dL,"Daytime target range supports tight, safe glycemic control."
gemini36flash_50,run_013,profile.target.22_00,profile,True,100-115 mg/dL,keep,100-115 mg/dL,Late evening target range ensures safe transition into sleep.
gemini36flash_50,run_013,profile.dia,profile,True,5.5 h,keep,5.5 h,5.5-hour DIA matches modern rapid-acting insulin pharmacokinetics.
gemini36flash_50,run_013,aaps.core.smb_uam,aaps,True,smb_enabled=true; uam_enabled=true,keep,smb_enabled=true; uam_enabled=true,SMB and UAM enable effective postprandial control with zero TBR.
gemini36flash_50,run_013,aaps.core.smb_activation,aaps,True,smb_always_enabled=null; smb_with_cob_enabled=null; smb_after_carbs_enabled=null; smb_with_temp_target_enabled=null; smb_with_high_temp_target_enabled=null,verify,,Raw profile settings contain null values for activation flags; user should verify UI configuration.
gemini36flash_50,run_013,aaps.core.smb_delivery,aaps,True,smb_interval_minutes=3 min; max_smb_basal_minutes=45 min; max_uam_smb_basal_minutes=30 min,keep,smb_interval_minutes=3 min; max_smb_basal_minutes=45 min; max_uam_smb_basal_minutes=30 min,Delivery parameters support adequate automated corrections without insulin stacking.
gemini36flash_50,run_013,aaps.core.safety_limits,aaps,True,max_basal_u_per_hour=2.4 U/h; max_iob_units=8 U,keep,max_basal_u_per_hour=2.4 U/h; max_iob_units=8 U,Safety limits provide appropriate headroom while guarding against excessive IOB.
gemini36flash_50,run_013,aaps.core.sensitivity,aaps,True,autosens_enabled=null; dynamic_sensitivity_enabled=null; autosens_raises_target=null; autosens_lowers_target=null; dynamic_isf_adjustment_factor_percent=100 %,verify,,Autosens toggle values are null in raw profile telemetry; user should verify settings in AAPS UI.
gemini36flash_50,run_013,aaps.core.carb_absorption,aaps,True,min_5m_carbimpact=3 mg/dL/5 min; meal_max_absorption_hours=6 h,keep,min_5m_carbimpact=3 mg/dL/5 min; meal_max_absorption_hours=6 h,Carbohydrate absorption parameters accurately mirror observed COB decay.
gemini36flash_50,run_014,profile.basal.00_00,profile,True,0.85 U/h,keep,0.85 U/h,Overnight glucose remains stable in target range (102.3-107.5 mg/dL average between 00:00 and 05:00) with zero hypoglycemia.
gemini36flash_50,run_014,profile.basal.06_00,profile,True,0.95 U/h,keep,0.95 U/h,Morning baseline glucose is well-supported without fasting rise or drift.
gemini36flash_50,run_014,profile.basal.12_00,profile,True,0.9 U/h,keep,0.9 U/h,Afternoon baseline stays stable; postprandial glucose settles cleanly by 240-360 minutes.
gemini36flash_50,run_014,profile.basal.18_00,profile,True,1.05 U/h,keep,1.05 U/h,Evening baseline is stable with predictable post-dinner recovery.
gemini36flash_50,run_014,profile.cr.00_00,profile,True,12 g/U,keep,12 g/U,No late-night meal entries in dataset; baseline setting remains appropriate.
gemini36flash_50,run_014,profile.cr.06_00,profile,True,10 g/U,keep,10 g/U,"Weekday breakfasts return fully to baseline within 240 minutes, confirming accurate carb coverage."
gemini36flash_50,run_014,profile.cr.12_00,profile,True,11 g/U,keep,11 g/U,Midday carbohydrate coverage is adequate; postprandial return to target is complete.
gemini36flash_50,run_014,profile.cr.18_00,profile,True,9 g/U,keep,9 g/U,Dinner boluses reliably return glucose to baseline by 360 minutes without late lows.
gemini36flash_50,run_014,profile.isf.00_00,profile,True,48 mg/dL/U,keep,48 mg/dL/U,Overnight corrections and loop adjustments act safely without triggering hypoglycemia.
gemini36flash_50,run_014,profile.isf.06_00,profile,True,42 mg/dL/U,keep,42 mg/dL/U,Morning sensitivity is well-calibrated with loop SMB corrections.
gemini36flash_50,run_014,profile.isf.12_00,profile,True,45 mg/dL/U,keep,45 mg/dL/U,Afternoon correction responses are smooth and proportional.
gemini36flash_50,run_014,profile.isf.18_00,profile,True,40 mg/dL/U,keep,40 mg/dL/U,Evening sensitivity provides safe correction responses.
gemini36flash_50,run_014,profile.target.00_00,profile,True,95-110 mg/dL,keep,95-110 mg/dL,Maintains tight overnight baseline without hypoglycemia.
gemini36flash_50,run_014,profile.target.06_00,profile,True,90-105 mg/dL,keep,90-105 mg/dL,"Provides safe, effective day-time target window."
gemini36flash_50,run_014,profile.target.22_00,profile,True,100-115 mg/dL,keep,100-115 mg/dL,Pre-bed target window safely transitions into overnight.
gemini36flash_50,run_014,profile.dia,profile,True,5.5 h,keep,5.5 h,5.5-hour DIA accurately matches rapid-acting insulin decay and prevents insulin stacking.
gemini36flash_50,run_014,aaps.core.smb_uam,aaps,True,smb_enabled=true; uam_enabled=true,keep,smb_enabled=true; uam_enabled=true,SMB and UAM are operating effectively to maintain 99.7% TIR and 0.0% TBR.
gemini36flash_50,run_014,aaps.core.smb_activation,aaps,True,smb_always_enabled=null; smb_with_cob_enabled=null; smb_after_carbs_enabled=null; smb_with_temp_target_enabled=null; smb_with_high_temp_target_enabled=null,verify,,Raw UI activation flags are missing (null) in export context. User should verify in AAPS settings that SMB activation triggers match intended preferences.
gemini36flash_50,run_014,aaps.core.smb_delivery,aaps,True,smb_interval_minutes=3 min; max_smb_basal_minutes=45 min; max_uam_smb_basal_minutes=30 min,keep,smb_interval_minutes=3 min; max_smb_basal_minutes=45 min; max_uam_smb_basal_minutes=30 min,"Delivery parameters are effective and safe, maintaining tight control without insulin stacking."
gemini36flash_50,run_014,aaps.core.safety_limits,aaps,True,max_basal_u_per_hour=2.4 U/h; max_iob_units=8 U,keep,max_basal_u_per_hour=2.4 U/h; max_iob_units=8 U,Limits are well-proportioned relative to daily basal rates (max basal ~2.3x) and bolus needs.
gemini36flash_50,run_014,aaps.core.sensitivity,aaps,True,autosens_enabled=null; dynamic_sensitivity_enabled=null; autosens_raises_target=null; autosens_lowers_target=null; dynamic_isf_adjustment_factor_percent=100 %,verify,,Autosens enablement status is unlogged (null) in export context. Verify in AAPS settings that sensitivity auto-adjustments are enabled as intended.
gemini36flash_50,run_014,aaps.core.carb_absorption,aaps,True,min_5m_carbimpact=3 mg/dL/5 min; meal_max_absorption_hours=6 h,keep,min_5m_carbimpact=3 mg/dL/5 min; meal_max_absorption_hours=6 h,Carbohydrate absorption settings allow accurate COB modeling across standard and extended meals.
gemini36flash_50,run_015,profile.basal.00_00,profile,True,0.85 U/h,keep,0.85 U/h,Overnight glucose remains flat and stable between 102 and 107 mg/dL with no hypoglycemia.
gemini36flash_50,run_015,profile.basal.06_00,profile,True,0.95 U/h,keep,0.95 U/h,Morning fasting glucose is stable with smooth transition into breakfast hours.
gemini36flash_50,run_015,profile.basal.12_00,profile,True,0.9 U/h,keep,0.9 U/h,Afternoon baseline glucose is well-maintained with minimal closed-loop drift.
gemini36flash_50,run_015,profile.basal.18_00,profile,True,1.05 U/h,keep,1.05 U/h,Evening basal holds glucose steady before and after dinner.
gemini36flash_50,run_015,profile.cr.00_00,profile,True,12 g/U,keep,12 g/U,Overnight carb ratio segment is stable and supported by profile baseline.
gemini36flash_50,run_015,profile.cr.06_00,profile,True,10 g/U,keep,10 g/U,Weekday breakfast boluses return smoothly to baseline within 3 to 4 hours.
gemini36flash_50,run_015,profile.cr.12_00,profile,True,11 g/U,keep,11 g/U,Weekend brunch meal boluses resolve completely without post-meal hypoglycemia.
gemini36flash_50,run_015,profile.cr.18_00,profile,True,9 g/U,keep,9 g/U,Dinner meal boluses result in minimal peak rises (+15 to +41 mg/dL) and clean recovery.
gemini36flash_50,run_015,profile.isf.00_00,profile,True,48 mg/dL/U,keep,48 mg/dL/U,"Overnight corrections, when required, act predictably without over-hypo risk."
gemini36flash_50,run_015,profile.isf.06_00,profile,True,42 mg/dL/U,keep,42 mg/dL/U,Morning sensitivity setting provides appropriate SMB and correction responsiveness.
gemini36flash_50,run_015,profile.isf.12_00,profile,True,45 mg/dL/U,keep,45 mg/dL/U,Midday ISF maintains safe automated closed-loop adjustments.
gemini36flash_50,run_015,profile.isf.18_00,profile,True,40 mg/dL/U,keep,40 mg/dL/U,Evening ISF handles post-dinner glucose control smoothly.
gemini36flash_50,run_015,profile.target.00_00,profile,True,95-110 mg/dL,keep,95-110 mg/dL,Overnight target range supports safe tight control above hypoglycemic thresholds.
gemini36flash_50,run_015,profile.target.06_00,profile,True,90-105 mg/dL,keep,90-105 mg/dL,Daytime target range keeps average glucose near 117 mg/dL.
gemini36flash_50,run_015,profile.target.22_00,profile,True,100-115 mg/dL,keep,100-115 mg/dL,Pre-bedtime target provides safe transition into overnight sleep hours.
gemini36flash_50,run_015,profile.dia,profile,True,5.5 h,keep,5.5 h,5.5-hour duration of insulin action accurately mirrors observed tail-end meal recovery.
gemini36flash_50,run_015,aaps.core.smb_uam,aaps,True,smb_enabled=true; uam_enabled=true,keep,smb_enabled=true; uam_enabled=true,SMB and UAM activation effectively smooths postprandial rises without causing low glucose.
gemini36flash_50,run_015,aaps.core.smb_activation,aaps,True,smb_always_enabled=null; smb_with_cob_enabled=null; smb_after_carbs_enabled=null; smb_with_temp_target_enabled=null; smb_with_high_temp_target_enabled=null,verify,,Specific activation boolean flags are null in export payload; confirm exact desired checkmarks in AAPS UI.
gemini36flash_50,run_015,aaps.core.smb_delivery,aaps,True,smb_interval_minutes=3 min; max_smb_basal_minutes=45 min; max_uam_smb_basal_minutes=30 min,keep,smb_interval_minutes=3 min; max_smb_basal_minutes=45 min; max_uam_smb_basal_minutes=30 min,Delivery timing and max SMB basal minute caps are safely balanced with patient insulin sensitivity.
gemini36flash_50,run_015,aaps.core.safety_limits,aaps,True,max_basal_u_per_hour=2.4 U/h; max_iob_units=8 U,keep,max_basal_u_per_hour=2.4 U/h; max_iob_units=8 U,Safety boundaries allow necessary automated SMB delivery while preventing insulin stacking.
gemini36flash_50,run_015,aaps.core.sensitivity,aaps,True,autosens_enabled=null; dynamic_sensitivity_enabled=null; autosens_raises_target=null; autosens_lowers_target=null; dynamic_isf_adjustment_factor_percent=100 %,verify,,Autosens enable switches are null in profile export; verify activation state directly in AAPS app.
gemini36flash_50,run_015,aaps.core.carb_absorption,aaps,True,min_5m_carbimpact=3 mg/dL/5 min; meal_max_absorption_hours=6 h,keep,min_5m_carbimpact=3 mg/dL/5 min; meal_max_absorption_hours=6 h,Minimum carb impact and max absorption duration support effective COB decay modeling.
gemini36flash_50,run_016,profile.basal.00_00,profile,True,0.85 U/h,keep,0.85 U/h,Overnight glucose remains highly stable between 102 and 108 mg/dL with zero hypoglycemia.
gemini36flash_50,run_016,profile.basal.06_00,profile,True,0.95 U/h,keep,0.95 U/h,Morning baseline glucose is well-maintained around 112-117 mg/dL prior to breakfast.
gemini36flash_50,run_016,profile.basal.12_00,profile,True,0.9 U/h,keep,0.9 U/h,Afternoon fasting glucose holds steady at 108-116 mg/dL between postprandial windows.
gemini36flash_50,run_016,profile.basal.18_00,profile,True,1.05 U/h,keep,1.05 U/h,"Evening glucose stability is strong, holding 102-110 mg/dL prior to bedtime."
gemini36flash_50,run_016,profile.cr.00_00,profile,True,12 g/U,keep,12 g/U,Overnight/late night CR segment is balanced and safe.
gemini36flash_50,run_016,profile.cr.06_00,profile,True,10 g/U,keep,10 g/U,Morning CR of 10 g/U accurately returns 240-minute postprandial glucose to baseline target.
gemini36flash_50,run_016,profile.cr.12_00,profile,True,11 g/U,keep,11 g/U,Midday CR of 11 g/U processes afternoon meals effectively.
gemini36flash_50,run_016,profile.cr.18_00,profile,True,9 g/U,keep,9 g/U,"Evening CR of 9 g/U produces predictable dinner responses (+15 to +40 mg/dL rise at 120m, returning to target by 240m)."
gemini36flash_50,run_016,profile.isf.00_00,profile,True,48 mg/dL/U,keep,48 mg/dL/U,Nocturnal corrections are safe with zero hypoglycemia.
gemini36flash_50,run_016,profile.isf.06_00,profile,True,42 mg/dL/U,keep,42 mg/dL/U,Morning ISF segment provides appropriate correction response.
gemini36flash_50,run_016,profile.isf.12_00,profile,True,45 mg/dL/U,keep,45 mg/dL/U,Afternoon ISF is well-calibrated.
gemini36flash_50,run_016,profile.isf.18_00,profile,True,40 mg/dL/U,keep,40 mg/dL/U,Evening ISF handles corrections without late over-dosing.
gemini36flash_50,run_016,profile.target.00_00,profile,True,95-110 mg/dL,keep,95-110 mg/dL,Target range supports tight overnight glucose control.
gemini36flash_50,run_016,profile.target.06_00,profile,True,90-105 mg/dL,keep,90-105 mg/dL,Daytime target range supports strong overall TIR (99.7%).
gemini36flash_50,run_016,profile.target.22_00,profile,True,100-115 mg/dL,keep,100-115 mg/dL,Slightly elevated night-entry target provides appropriate safety buffer before sleep.
gemini36flash_50,run_016,profile.dia,profile,True,5.5 h,keep,5.5 h,DIA of 5.5 hours aligns with modern rapid-acting insulin pharmacodynamics and prevents insulin stacking.
gemini36flash_50,run_016,aaps.core.smb_uam,aaps,True,smb_enabled=true; uam_enabled=true,keep,smb_enabled=true; uam_enabled=true,"SMB and UAM are functioning as intended, smoothly covering extended carb absorption without causing hypoglycemia."
gemini36flash_50,run_016,aaps.core.smb_activation,aaps,True,smb_always_enabled=null; smb_with_cob_enabled=null; smb_after_carbs_enabled=null; smb_with_temp_target_enabled=null; smb_with_high_temp_target_enabled=null,verify,,Source raw settings components are null in export; user should confirm physical device settings match expected oref1 defaults.
gemini36flash_50,run_016,aaps.core.smb_delivery,aaps,True,smb_interval_minutes=3 min; max_smb_basal_minutes=45 min; max_uam_smb_basal_minutes=30 min,keep,smb_interval_minutes=3 min; max_smb_basal_minutes=45 min; max_uam_smb_basal_minutes=30 min,SMB delivery timing parameters are effective and safe.
gemini36flash_50,run_016,aaps.core.safety_limits,aaps,True,max_basal_u_per_hour=2.4 U/h; max_iob_units=8 U,keep,max_basal_u_per_hour=2.4 U/h; max_iob_units=8 U,Max basal and max IOB limits provide sufficient headroom for closed-loop operation while preventing dangerous stacking.
gemini36flash_50,run_016,aaps.core.sensitivity,aaps,True,autosens_enabled=null; dynamic_sensitivity_enabled=null; autosens_raises_target=null; autosens_lowers_target=null; dynamic_isf_adjustment_factor_percent=100 %,verify,,Autosens toggle flags are null in export context; confirm on handset interface that sensitivity settings are active.
gemini36flash_50,run_016,aaps.core.carb_absorption,aaps,True,min_5m_carbimpact=3 mg/dL/5 min; meal_max_absorption_hours=6 h,keep,min_5m_carbimpact=3 mg/dL/5 min; meal_max_absorption_hours=6 h,Carbohydrate decay model parameters match observed oref1 absorption behavior accurately.
gemini36flash_50,run_017,profile.basal.00_00,profile,True,0.85 U/h,keep,0.85 U/h,Overnight glucose between 00:00 and 06:00 is steady (103-107 mg/dL) with zero hypoglycemia.
gemini36flash_50,run_017,profile.basal.06_00,profile,True,0.95 U/h,keep,0.95 U/h,Morning baseline glucose remains stable and meal responses return smoothly to baseline.
gemini36flash_50,run_017,profile.basal.12_00,profile,True,0.9 U/h,keep,0.9 U/h,Afternoon glucose is well-controlled with clean postprandial recovery.
gemini36flash_50,run_017,profile.basal.18_00,profile,True,1.05 U/h,keep,1.05 U/h,Evening glucose remains stable post-dinner through bedtime.
gemini36flash_50,run_017,profile.cr.00_00,profile,True,12 g/U,keep,12 g/U,Overnight carb coverage ratio is appropriate for late snacks or corrections.
gemini36flash_50,run_017,profile.cr.06_00,profile,True,10 g/U,keep,10 g/U,Weekday breakfast glucose returns cleanly to starting baseline by 240 minutes.
gemini36flash_50,run_017,profile.cr.12_00,profile,True,11 g/U,keep,11 g/U,Midday carb ratio brings weekend brunch back to pre-meal baseline by 4 hours.
gemini36flash_50,run_017,profile.cr.18_00,profile,True,9 g/U,keep,9 g/U,Dinner boluses reliably return glucose to baseline with zero late postprandial drops.
gemini36flash_50,run_017,profile.isf.00_00,profile,True,48 mg/dL/U,keep,48 mg/dL/U,Overnight sensitivity is well-calibrated and safe.
gemini36flash_50,run_017,profile.isf.06_00,profile,True,42 mg/dL/U,keep,42 mg/dL/U,Morning correction sensitivity is effective without over-correcting.
gemini36flash_50,run_017,profile.isf.12_00,profile,True,45 mg/dL/U,keep,45 mg/dL/U,Afternoon sensitivity accurately reflects correction responses.
gemini36flash_50,run_017,profile.isf.18_00,profile,True,40 mg/dL/U,keep,40 mg/dL/U,Evening sensitivity provides safe and prompt correction delivery.
gemini36flash_50,run_017,profile.target.00_00,profile,True,95-110 mg/dL,keep,95-110 mg/dL,Overnight target range maintains stable mean glucose near ~105 mg/dL.
gemini36flash_50,run_017,profile.target.06_00,profile,True,90-105 mg/dL,keep,90-105 mg/dL,Daytime target range supports excellent time in range without hypoglycemia risk.
gemini36flash_50,run_017,profile.target.22_00,profile,True,100-115 mg/dL,keep,100-115 mg/dL,Pre-bed target provides safe buffer heading into sleep.
gemini36flash_50,run_017,profile.dia,profile,True,5.5 h,keep,5.5 h,5.5 hour duration of insulin action accurately matches postprandial insulin decay.
gemini36flash_50,run_017,aaps.core.smb_uam,aaps,True,smb_enabled=true; uam_enabled=true,keep,smb_enabled=true; uam_enabled=true,SMB and UAM are functioning safely and effectively to assist postprandial recovery.
gemini36flash_50,run_017,aaps.core.smb_activation,aaps,True,smb_always_enabled=null; smb_with_cob_enabled=null; smb_after_carbs_enabled=null; smb_with_temp_target_enabled=null; smb_with_high_temp_target_enabled=null,verify,,Specific activation condition booleans are null in the exported settings profile; check AAPS preferences screen.
gemini36flash_50,run_017,aaps.core.smb_delivery,aaps,True,smb_interval_minutes=3 min; max_smb_basal_minutes=45 min; max_uam_smb_basal_minutes=30 min,keep,smb_interval_minutes=3 min; max_smb_basal_minutes=45 min; max_uam_smb_basal_minutes=30 min,Delivery parameters are within standard oref1 bounds and prevent insulin stacking.
gemini36flash_50,run_017,aaps.core.safety_limits,aaps,True,max_basal_u_per_hour=2.4 U/h; max_iob_units=8 U,keep,max_basal_u_per_hour=2.4 U/h; max_iob_units=8 U,Safety limits provide appropriate headroom while preventing runaway insulin delivery.
gemini36flash_50,run_017,aaps.core.sensitivity,aaps,True,autosens_enabled=null; dynamic_sensitivity_enabled=null; autosens_raises_target=null; autosens_lowers_target=null; dynamic_isf_adjustment_factor_percent=100 %,verify,,Autosens boolean flags are null in exported settings; verify intended sensitivity plugins in AAPS UI.
gemini36flash_50,run_017,aaps.core.carb_absorption,aaps,True,min_5m_carbimpact=3 mg/dL/5 min; meal_max_absorption_hours=6 h,keep,min_5m_carbimpact=3 mg/dL/5 min; meal_max_absorption_hours=6 h,Carbohydrate absorption model parameters are configured appropriately.
gemini36flash_50,run_018,profile.basal.00_00,profile,True,0.85 U/h,keep,0.85 U/h,Overnight glucose remains flat and stable within target range (102.3-107.5 mg/dL average). No evidence of baseline drift.
gemini36flash_50,run_018,profile.basal.06_00,profile,True,0.95 U/h,keep,0.95 U/h,Maintains morning baseline stability without fasting hypoglycemia or uncontrolled rises prior to breakfast.
gemini36flash_50,run_018,profile.basal.12_00,profile,True,0.9 U/h,keep,0.9 U/h,Provides stable afternoon baseline control between meal absorption windows.
gemini36flash_50,run_018,profile.basal.18_00,profile,True,1.05 U/h,keep,1.05 U/h,Supports steady evening glucose control with clean post-dinner return to baseline.
gemini36flash_50,run_018,profile.cr.00_00,profile,True,12 g/U,keep,12 g/U,Appropriate overnight carb ratio setting; no overnight carb entries logged.
gemini36flash_50,run_018,profile.cr.06_00,profile,True,10 g/U,keep,10 g/U,Weekday breakfast boluses accurately restore glucose to pre-meal starting level by 240 minutes (-2 to +8 mg/dL net delta).
gemini36flash_50,run_018,profile.cr.12_00,profile,True,11 g/U,keep,11 g/U,Weekend brunch boluses return glucose cleanly to baseline by 240 minutes (-11 to +1 mg/dL net delta).
gemini36flash_50,run_018,profile.cr.18_00,profile,True,9 g/U,keep,9 g/U,Dinner boluses reliably restore baseline glucose by 240-360 minutes without late hypoglycemia.
gemini36flash_50,run_018,profile.isf.00_00,profile,True,48 mg/dL/U,keep,48 mg/dL/U,Overnight sensitivity setting allows safe automated loop corrections without over-correction hypoglycemia.
gemini36flash_50,run_018,profile.isf.06_00,profile,True,42 mg/dL/U,keep,42 mg/dL/U,Morning sensitivity setting supports effective automated SMB corrections during postprandial rises.
gemini36flash_50,run_018,profile.isf.12_00,profile,True,45 mg/dL/U,keep,45 mg/dL/U,Afternoon sensitivity setting maintains balanced correction authority without causing glucose swings.
gemini36flash_50,run_018,profile.isf.18_00,profile,True,40 mg/dL/U,keep,40 mg/dL/U,Evening sensitivity setting effectively guides dinner meal recovery and overnight transition.
gemini36flash_50,run_018,profile.target.00_00,profile,True,95-110 mg/dL,keep,95-110 mg/dL,Target window maintains safe and tight overnight glucose control (mean overnight glucose ~104 mg/dL).
gemini36flash_50,run_018,profile.target.06_00,profile,True,90-105 mg/dL,keep,90-105 mg/dL,Daytime target range provides an excellent anchor for automated loop responses throughout active hours.
gemini36flash_50,run_018,profile.target.22_00,profile,True,100-115 mg/dL,keep,100-115 mg/dL,Slightly elevated late-night target offers an appropriate safety buffer during bedtime transition.
gemini36flash_50,run_018,profile.dia,profile,True,5.5 h,keep,5.5 h,"5.5-hour duration of insulin action aligns precisely with observed insulin decay, preventing stacking."
gemini36flash_50,run_018,aaps.core.smb_uam,aaps,True,smb_enabled=true; uam_enabled=true,keep,smb_enabled=true; uam_enabled=true,SMB and UAM are both enabled and operating effectively to flatten postprandial rises without causing hypoglycemia.
gemini36flash_50,run_018,aaps.core.smb_activation,aaps,True,smb_always_enabled=null; smb_with_cob_enabled=null; smb_after_carbs_enabled=null; smb_with_temp_target_enabled=null; smb_with_high_temp_target_enabled=null,verify,,Individual boolean activation conditions return null in raw settings export; verify in AAPS UI that SMB with COB is enabled.
gemini36flash_50,run_018,aaps.core.smb_delivery,aaps,True,smb_interval_minutes=3 min; max_smb_basal_minutes=45 min; max_uam_smb_basal_minutes=30 min,keep,smb_interval_minutes=3 min; max_smb_basal_minutes=45 min; max_uam_smb_basal_minutes=30 min,3-minute interval and basal minute limits (45m SMB / 30m UAM) are well proportioned to scheduled basal rates and overall TDD.
gemini36flash_50,run_018,aaps.core.safety_limits,aaps,True,max_basal_u_per_hour=2.4 U/h; max_iob_units=8 U,keep,max_basal_u_per_hour=2.4 U/h; max_iob_units=8 U,Max Basal (2.4 U/h) and Max IOB (8.0 U) provide safe guardrails while allowing necessary automated correction authority.
gemini36flash_50,run_018,aaps.core.sensitivity,aaps,True,autosens_enabled=null; dynamic_sensitivity_enabled=null; autosens_raises_target=null; autosens_lowers_target=null; dynamic_isf_adjustment_factor_percent=100 %,verify,,Dynamic ISF factor is 100%; verify in AAPS UI that dynamic sensitivity / autosens toggles are enabled as preferred.
gemini36flash_50,run_018,aaps.core.carb_absorption,aaps,True,min_5m_carbimpact=3 mg/dL/5 min; meal_max_absorption_hours=6 h,keep,min_5m_carbimpact=3 mg/dL/5 min; meal_max_absorption_hours=6 h,Min 5m carb impact of 3.0 mg/dL/5min and 6h max absorption duration correctly model COB decay across regular and high-fat meals.
gemini36flash_50,run_019,profile.basal.00_00,profile,True,0.85 U/h,keep,0.85 U/h,Overnight glucose between 00:00 and 06:00 is completely stable (102.3-107.5 mg/dL) with zero hypoglycemia.
gemini36flash_50,run_019,profile.basal.06_00,profile,True,0.95 U/h,keep,0.95 U/h,Morning fasting trend prior to breakfast remains flat and well-controlled at ~115-119 mg/dL.
gemini36flash_50,run_019,profile.basal.12_00,profile,True,0.9 U/h,keep,0.9 U/h,Midday glucose levels stabilize reliably between meal windows without baseline drift.
gemini36flash_50,run_019,profile.basal.18_00,profile,True,1.05 U/h,keep,1.05 U/h,Evening basal holds glucose stable at 102.3-108.3 mg/dL prior to night target transition.
gemini36flash_50,run_019,profile.cr.00_00,profile,True,12 g/U,keep,12 g/U,No late-night meal boluses recorded; default CR segment is stable.
gemini36flash_50,run_019,profile.cr.06_00,profile,True,10 g/U,keep,10 g/U,Breakfast boluses of 4.2 U for 42g carbs consistently bring glucose back to baseline (+1 to -9 mg/dL) by 240 minutes.
gemini36flash_50,run_019,profile.cr.12_00,profile,True,11 g/U,keep,11 g/U,Weekend brunch boluses (5.8 U for 68g carbs) resolve cleanly to 111-115 mg/dL by 240-360 minutes.
gemini36flash_50,run_019,profile.cr.18_00,profile,True,9 g/U,keep,9 g/U,Dinner boluses (5.5 U for 54g carbs) bring glucose back to baseline (~100 mg/dL) with zero late drops.
gemini36flash_50,run_019,profile.isf.00_00,profile,True,48 mg/dL/U,keep,48 mg/dL/U,Overnight sensitivity is well-calibrated; closed-loop corrections operate smoothly without overshoots.
gemini36flash_50,run_019,profile.isf.06_00,profile,True,42 mg/dL/U,keep,42 mg/dL/U,Morning sensitivity is stable with zero correction-induced hypoglycemia.
gemini36flash_50,run_019,profile.isf.12_00,profile,True,45 mg/dL/U,keep,45 mg/dL/U,Midday sensitivity provides balanced loop responses during postprandial recovery.
gemini36flash_50,run_019,profile.isf.18_00,profile,True,40 mg/dL/U,keep,40 mg/dL/U,Evening sensitivity effectively supports post-dinner recovery.
gemini36flash_50,run_019,profile.target.00_00,profile,True,95-110 mg/dL,keep,95-110 mg/dL,Night target achieves stable mean overnight glucose of ~104 mg/dL with zero low readings.
gemini36flash_50,run_019,profile.target.06_00,profile,True,90-105 mg/dL,keep,90-105 mg/dL,Daytime target range provides an excellent baseline for closed-loop modulation.
gemini36flash_50,run_019,profile.target.22_00,profile,True,100-115 mg/dL,keep,100-115 mg/dL,Late evening target window smoothly transitions into overnight target.
gemini36flash_50,run_019,profile.dia,profile,True,5.5 h,keep,5.5 h,"5.5h DIA accurately reflects insulin decay, returning glucose to baseline at 4-5h with no secondary stacking."
gemini36flash_50,run_019,aaps.core.smb_uam,aaps,True,smb_enabled=true; uam_enabled=true,keep,smb_enabled=true; uam_enabled=true,"SMB and UAM are active and performing effectively, maintaining 99.7% TIR without excessive IOB accumulation."
gemini36flash_50,run_019,aaps.core.smb_activation,aaps,True,smb_always_enabled=null; smb_with_cob_enabled=null; smb_after_carbs_enabled=null; smb_with_temp_target_enabled=null; smb_with_high_temp_target_enabled=null,verify,,Individual raw activation Boolean toggles are null in telemetry; functional delivery is verified active. User should check local app settings.
gemini36flash_50,run_019,aaps.core.smb_delivery,aaps,True,smb_interval_minutes=3 min; max_smb_basal_minutes=45 min; max_uam_smb_basal_minutes=30 min,keep,smb_interval_minutes=3 min; max_smb_basal_minutes=45 min; max_uam_smb_basal_minutes=30 min,"3-minute SMB interval and 45/30 min max basal limits deliver safe, incremental micro-boluses."
gemini36flash_50,run_019,aaps.core.safety_limits,aaps,True,max_basal_u_per_hour=2.4 U/h; max_iob_units=8 U,keep,max_basal_u_per_hour=2.4 U/h; max_iob_units=8 U,Max basal of 2.4 U/h (~2.3x max scheduled basal) and max IOB of 8.0 U (~1.4x max meal bolus) provide ideal safety guardrails.
gemini36flash_50,run_019,aaps.core.sensitivity,aaps,True,autosens_enabled=null; dynamic_sensitivity_enabled=null; autosens_raises_target=null; autosens_lowers_target=null; dynamic_isf_adjustment_factor_percent=100 %,verify,,"Dynamic ISF factor is 100%, but raw Autosens flags are null in telemetry dataset. User should verify active sensitivity settings."
gemini36flash_50,run_019,aaps.core.carb_absorption,aaps,True,min_5m_carbimpact=3 mg/dL/5 min; meal_max_absorption_hours=6 h,keep,min_5m_carbimpact=3 mg/dL/5 min; meal_max_absorption_hours=6 h,Min 5m carb impact of 3 mg/dL/5 min and 6h max absorption accurately model carb decay across standard and mixed meals.
gemini36flash_50,run_020,profile.basal.00_00,profile,True,0.85 U/h,keep,0.85 U/h,Overnight glucose remains completely flat and stable in target range (102-106 mg/dL average).
gemini36flash_50,run_020,profile.basal.06_00,profile,True,0.95 U/h,keep,0.95 U/h,Morning baseline glucose stays steady without fasting drift or hypoglycemic dips.
gemini36flash_50,run_020,profile.basal.12_00,profile,True,0.9 U/h,keep,0.9 U/h,Afternoon glucose remains well-controlled without unexplained hypoglycemia or drift.
gemini36flash_50,run_020,profile.basal.18_00,profile,True,1.05 U/h,keep,1.05 U/h,Evening glucose levels are stable and return cleanly to target range after dinner.
gemini36flash_50,run_020,profile.cr.00_00,profile,True,12 g/U,keep,12 g/U,Late night carb ratio segment is appropriate; no overnight meal bolus errors detected.
gemini36flash_50,run_020,profile.cr.06_00,profile,True,10 g/U,keep,10 g/U,Weekday breakfast boluses consistently bring glucose back to baseline by hour 4.
gemini36flash_50,run_020,profile.cr.12_00,profile,True,11 g/U,keep,11 g/U,Weekend brunch boluses achieve complete 4-hour glucose recovery to baseline.
gemini36flash_50,run_020,profile.cr.18_00,profile,True,9 g/U,keep,9 g/U,Dinner boluses yield smooth postprandial profiles returning precisely to baseline.
gemini36flash_50,run_020,profile.isf.00_00,profile,True,48 mg/dL/U,keep,48 mg/dL/U,Overnight sensitivity factor is well-calibrated; loop corrections perform accurately.
gemini36flash_50,run_020,profile.isf.06_00,profile,True,42 mg/dL/U,keep,42 mg/dL/U,Morning sensitivity is appropriate and supports safe automated corrections.
gemini36flash_50,run_020,profile.isf.12_00,profile,True,45 mg/dL/U,keep,45 mg/dL/U,Afternoon sensitivity maintains effective loop responses without over-correction.
gemini36flash_50,run_020,profile.isf.18_00,profile,True,40 mg/dL/U,keep,40 mg/dL/U,Evening sensitivity factor functions safely without triggering late postprandial lows.
gemini36flash_50,run_020,profile.target.00_00,profile,True,95-110 mg/dL,keep,95-110 mg/dL,Target range produces stable overnight glucose around 102-106 mg/dL.
gemini36flash_50,run_020,profile.target.06_00,profile,True,90-105 mg/dL,keep,90-105 mg/dL,Daytime target range supports safe tight control with 99.7% TIR.
gemini36flash_50,run_020,profile.target.22_00,profile,True,100-115 mg/dL,keep,100-115 mg/dL,Late evening target creates a smooth transition into overnight rest.
gemini36flash_50,run_020,profile.dia,profile,True,5.5 h,keep,5.5 h,5.5-hour DIA accurately reflects modern rapid-acting insulin duration and prevents stacking.
gemini36flash_50,run_020,aaps.core.smb_uam,aaps,True,smb_enabled=true; uam_enabled=true,keep,smb_enabled=true; uam_enabled=true,SMB and UAM operate safely with hervorragend glycemic stability and zero lows.
gemini36flash_50,run_020,aaps.core.smb_activation,aaps,True,smb_always_enabled=null; smb_with_cob_enabled=null; smb_after_carbs_enabled=null; smb_with_temp_target_enabled=null; smb_with_high_temp_target_enabled=null,verify,smb_always_enabled=null; smb_with_cob_enabled=null; smb_after_carbs_enabled=null; smb_with_temp_target_enabled=null; smb_with_high_temp_target_enabled=null,Source components are null in export; verify settings in AAPS app UI.
gemini36flash_50,run_020,aaps.core.smb_delivery,aaps,True,smb_interval_minutes=3 min; max_smb_basal_minutes=45 min; max_uam_smb_basal_minutes=30 min,keep,smb_interval_minutes=3 min; max_smb_basal_minutes=45 min; max_uam_smb_basal_minutes=30 min,Delivery parameters provide responsive postprandial management without over-dosing.
gemini36flash_50,run_020,aaps.core.safety_limits,aaps,True,max_basal_u_per_hour=2.4 U/h; max_iob_units=8 U,keep,max_basal_u_per_hour=2.4 U/h; max_iob_units=8 U,Safety limits offer appropriate headroom while successfully preventing IOB runaway.
gemini36flash_50,run_020,aaps.core.sensitivity,aaps,True,autosens_enabled=null; dynamic_sensitivity_enabled=null; autosens_raises_target=null; autosens_lowers_target=null; dynamic_isf_adjustment_factor_percent=100 %,verify,autosens_enabled=null; dynamic_sensitivity_enabled=null; autosens_raises_target=null; autosens_lowers_target=null; dynamic_isf_adjustment_factor_percent=100 %,Source components contain nulls in export; verify active toggles in AAPS app UI.
gemini36flash_50,run_020,aaps.core.carb_absorption,aaps,True,min_5m_carbimpact=3 mg/dL/5 min; meal_max_absorption_hours=6 h,keep,min_5m_carbimpact=3 mg/dL/5 min; meal_max_absorption_hours=6 h,Carbohydrate absorption settings fit observed COB decay and postprandial returns to target.
gemini36flash_50,run_021,profile.basal.00_00,profile,True,0.85 U/h,keep,0.85 U/h,Overnight glucose remains remarkably stable between 102 and 112 mg/dL. No basal drift or hypoglycemia detected.
gemini36flash_50,run_021,profile.basal.06_00,profile,True,0.95 U/h,keep,0.95 U/h,Daytime baseline glucose remains steady within target range in fasting periods.
gemini36flash_50,run_021,profile.basal.12_00,profile,True,0.9 U/h,keep,0.9 U/h,Midday basal rate effectively maintains euglycemia without unexpected glucose drops.
gemini36flash_50,run_021,profile.basal.18_00,profile,True,1.05 U/h,keep,1.05 U/h,Evening basal holds glucose stable at 98-103 mg/dL following meal absorption.
gemini36flash_50,run_021,profile.cr.00_00,profile,True,12 g/U,keep,12 g/U,No overnight carb entries recorded; baseline setting is appropriate.
gemini36flash_50,run_021,profile.cr.06_00,profile,True,10 g/U,keep,10 g/U,Returns 42g weekday breakfast entries to baseline (110-128 mg/dL) by 240-360m.
gemini36flash_50,run_021,profile.cr.12_00,profile,True,11 g/U,keep,11 g/U,Returns 68g weekend brunch entries to baseline (113-115 mg/dL) by 240-360m.
gemini36flash_50,run_021,profile.cr.18_00,profile,True,9 g/U,keep,9 g/U,Returns 54g dinner entries to baseline (98-103 mg/dL) within 240m cleanly.
gemini36flash_50,run_021,profile.isf.00_00,profile,True,48 mg/dL/U,keep,48 mg/dL/U,Overnight corrections and loop adjustments hold target without overshooting.
gemini36flash_50,run_021,profile.isf.06_00,profile,True,42 mg/dL/U,keep,42 mg/dL/U,Morning sensitivity aligns with loop SMB corrections without causing lows.
gemini36flash_50,run_021,profile.isf.12_00,profile,True,45 mg/dL/U,keep,45 mg/dL/U,Midday correction factor provides appropriate glucose drop per unit of insulin.
gemini36flash_50,run_021,profile.isf.18_00,profile,True,40 mg/dL/U,keep,40 mg/dL/U,Evening sensitivity maintains steady recovery to target after dinner.
gemini36flash_50,run_021,profile.target.00_00,profile,True,95-110 mg/dL,keep,95-110 mg/dL,Appropriate overnight target range providing safe margin above hypoglycemia.
gemini36flash_50,run_021,profile.target.06_00,profile,True,90-105 mg/dL,keep,90-105 mg/dL,Daytime target maintains excellent TIR without triggering low alerts.
gemini36flash_50,run_021,profile.target.22_00,profile,True,100-115 mg/dL,keep,100-115 mg/dL,Pre-bedtime elevated target protects against nighttime low glucose events.
gemini36flash_50,run_021,profile.dia,profile,True,5.5 h,keep,5.5 h,5.5-hour duration accurately reflects modern rapid-acting insulin tail and prevents stacking.
gemini36flash_50,run_021,aaps.core.smb_uam,aaps,True,smb_enabled=true; uam_enabled=true,keep,smb_enabled=true; uam_enabled=true,Both SMB and UAM are performing effectively to mitigate postprandial surges.
gemini36flash_50,run_021,aaps.core.smb_activation,aaps,True,smb_always_enabled=null; smb_with_cob_enabled=null; smb_after_carbs_enabled=null; smb_with_temp_target_enabled=null; smb_with_high_temp_target_enabled=null,verify,,Sub-activation switches are null in export JSON. Verify in AndroidAPS UI preferences.
gemini36flash_50,run_021,aaps.core.smb_delivery,aaps,True,smb_interval_minutes=3 min; max_smb_basal_minutes=45 min; max_uam_smb_basal_minutes=30 min,keep,smb_interval_minutes=3 min; max_smb_basal_minutes=45 min; max_uam_smb_basal_minutes=30 min,Standard oref1 delivery timing and strength parameters are operating safely.
gemini36flash_50,run_021,aaps.core.safety_limits,aaps,True,max_basal_u_per_hour=2.4 U/h; max_iob_units=8 U,keep,max_basal_u_per_hour=2.4 U/h; max_iob_units=8 U,Safety caps protect against over-delivery relative to ~10.1 U total daily dose.
gemini36flash_50,run_021,aaps.core.sensitivity,aaps,True,autosens_enabled=null; dynamic_sensitivity_enabled=null; autosens_raises_target=null; autosens_lowers_target=null; dynamic_isf_adjustment_factor_percent=100 %,verify,,Sensitivity sub-toggles are unpopulated in JSON export. Verify Autosens state in UI.
gemini36flash_50,run_021,aaps.core.carb_absorption,aaps,True,min_5m_carbimpact=3 mg/dL/5 min; meal_max_absorption_hours=6 h,keep,min_5m_carbimpact=3 mg/dL/5 min; meal_max_absorption_hours=6 h,Carbohydrate absorption parameters match observed 4-6 hour meal decay timelines.
gemini36flash_50,run_022,profile.basal.00_00,profile,True,0.85 U/h,keep,0.85 U/h,Overnight local mean glucose remains stable between 102 and 107 mg/dL with zero hypoglycemia.
gemini36flash_50,run_022,profile.basal.06_00,profile,True,0.95 U/h,keep,0.95 U/h,Morning baseline glucose is stable and supports predictable breakfast bolus responses.
gemini36flash_50,run_022,profile.basal.12_00,profile,True,0.9 U/h,keep,0.9 U/h,Afternoon glucose levels remain well within target without unexpected drift.
gemini36flash_50,run_022,profile.basal.18_00,profile,True,1.05 U/h,keep,1.05 U/h,Evening baseline glucose stays stable through dinner and bedtime hours.
gemini36flash_50,run_022,profile.cr.00_00,profile,True,12 g/U,keep,12 g/U,Midnight carb ratio is appropriate for late-night meal coverage.
gemini36flash_50,run_022,profile.cr.06_00,profile,True,10 g/U,keep,10 g/U,Weekday breakfast response returns glucose smoothly to baseline by 4 hours.
gemini36flash_50,run_022,profile.cr.12_00,profile,True,11 g/U,keep,11 g/U,Weekend brunch boluses resolve safely to target within 4 hours.
gemini36flash_50,run_022,profile.cr.18_00,profile,True,9 g/U,keep,9 g/U,Dinner boluses demonstrate excellent recovery to baseline with minimal excursion.
gemini36flash_50,run_022,profile.isf.00_00,profile,True,48 mg/dL/U,keep,48 mg/dL/U,Overnight sensitivity setting resolves minor high glucose readings safely.
gemini36flash_50,run_022,profile.isf.06_00,profile,True,42 mg/dL/U,keep,42 mg/dL/U,Morning sensitivity setting supports smooth corrections without overshooting.
gemini36flash_50,run_022,profile.isf.12_00,profile,True,45 mg/dL/U,keep,45 mg/dL/U,Midday sensitivity setting effectively guides automated correction delivery.
gemini36flash_50,run_022,profile.isf.18_00,profile,True,40 mg/dL/U,keep,40 mg/dL/U,Evening sensitivity setting maintains stable overnight transitions.
gemini36flash_50,run_022,profile.target.00_00,profile,True,95-110 mg/dL,keep,95-110 mg/dL,Overnight target range achieves safe glycemia without triggering low alerts.
gemini36flash_50,run_022,profile.target.06_00,profile,True,90-105 mg/dL,keep,90-105 mg/dL,Daytime target range supports tight glycemic control and high Time-in-Range.
gemini36flash_50,run_022,profile.target.22_00,profile,True,100-115 mg/dL,keep,100-115 mg/dL,Bedtime target provides appropriate safety margin entering overnight period.
gemini36flash_50,run_022,profile.dia,profile,True,5.5 h,keep,5.5 h,5.5-hour DIA accurately models active insulin decay and prevents insulin stacking.
gemini36flash_50,run_022,aaps.core.smb_uam,aaps,True,smb_enabled=true; uam_enabled=true,keep,smb_enabled=true; uam_enabled=true,SMB and UAM operate effectively and safely to manage meal surges with zero low glucose readings.
gemini36flash_50,run_022,aaps.core.smb_activation,aaps,True,smb_always_enabled=null; smb_with_cob_enabled=null; smb_after_carbs_enabled=null; smb_with_temp_target_enabled=null; smb_with_high_temp_target_enabled=null,verify,,Specific UI activation toggles are null in telemetry dataset; verify active configuration in the AAPS application.
gemini36flash_50,run_022,aaps.core.smb_delivery,aaps,True,smb_interval_minutes=3 min; max_smb_basal_minutes=45 min; max_uam_smb_basal_minutes=30 min,keep,smb_interval_minutes=3 min; max_smb_basal_minutes=45 min; max_uam_smb_basal_minutes=30 min,SMB delivery parameters provide responsive postprandial micro-bolusing without over-delivering insulin.
gemini36flash_50,run_022,aaps.core.safety_limits,aaps,True,max_basal_u_per_hour=2.4 U/h; max_iob_units=8 U,keep,max_basal_u_per_hour=2.4 U/h; max_iob_units=8 U,Max basal and max IOB limits offer appropriate headroom above baseline requirements while preserving safety.
gemini36flash_50,run_022,aaps.core.sensitivity,aaps,True,autosens_enabled=null; dynamic_sensitivity_enabled=null; autosens_raises_target=null; autosens_lowers_target=null; dynamic_isf_adjustment_factor_percent=100 %,verify,,Dynamic ISF adjustment factor is set to 100%; verify specific Autosens switch states in AAPS UI.
gemini36flash_50,run_022,aaps.core.carb_absorption,aaps,True,min_5m_carbimpact=3 mg/dL/5 min; meal_max_absorption_hours=6 h,keep,min_5m_carbimpact=3 mg/dL/5 min; meal_max_absorption_hours=6 h,Carbohydrate absorption parameters allow accurate COB decay and prevent premature carb dropping.
gemini36flash_50,run_023,profile.basal.00_00,profile,True,0.85 U/h,keep,0.85 U/h,Overnight glucose remains flat and stable between 00:00 and 06:00 (mean 102-107 mg/dL) within target range.
gemini36flash_50,run_023,profile.basal.06_00,profile,True,0.95 U/h,keep,0.95 U/h,Morning baseline glucose is stable without unexplained upward or downward drifts prior to breakfast.
gemini36flash_50,run_023,profile.basal.12_00,profile,True,0.9 U/h,keep,0.9 U/h,Afternoon glucose remains steady between meals without hypo- or hyperglycemia.
gemini36flash_50,run_023,profile.basal.18_00,profile,True,1.05 U/h,keep,1.05 U/h,Evening fasting glucose holds stable without driving glucose out of target.
gemini36flash_50,run_023,profile.cr.00_00,profile,True,12 g/U,keep,12 g/U,Overnight carb coverage is appropriate for rare late snacks.
gemini36flash_50,run_023,profile.cr.06_00,profile,True,10 g/U,keep,10 g/U,Weekday breakfast glucose returns smoothly to baseline by +240 minutes.
gemini36flash_50,run_023,profile.cr.12_00,profile,True,11 g/U,keep,11 g/U,Midday carb ratio accurately clears total meal carbohydrates by +240 minutes.
gemini36flash_50,run_023,profile.cr.18_00,profile,True,9 g/U,keep,9 g/U,Dinner meals show optimal recovery to 98-114 mg/dL by +240 minutes.
gemini36flash_50,run_023,profile.isf.00_00,profile,True,48 mg/dL/U,keep,48 mg/dL/U,Overnight corrections operate safely with zero hypoglycemia.
gemini36flash_50,run_023,profile.isf.06_00,profile,True,42 mg/dL/U,keep,42 mg/dL/U,Morning corrections and loop micro-doses effectively control glycemia without over-dosing.
gemini36flash_50,run_023,profile.isf.12_00,profile,True,45 mg/dL/U,keep,45 mg/dL/U,Midday sensitivity factor provides safe automated SMB correction.
gemini36flash_50,run_023,profile.isf.18_00,profile,True,40 mg/dL/U,keep,40 mg/dL/U,Evening sensitivity factor maintains stable postprandial glucose alignment.
gemini36flash_50,run_023,profile.target.00_00,profile,True,95-110 mg/dL,keep,95-110 mg/dL,Overnight target range maintains stable tight control without low risk.
gemini36flash_50,run_023,profile.target.06_00,profile,True,90-105 mg/dL,keep,90-105 mg/dL,Daytime target range provides an excellent anchor for automated SMB/UAM algorithms.
gemini36flash_50,run_023,profile.target.22_00,profile,True,100-115 mg/dL,keep,100-115 mg/dL,Late evening target provides a safe safety buffer prior to sleep.
gemini36flash_50,run_023,profile.dia,profile,True,5.5 h,keep,5.5 h,5.5-hour duration of insulin action accurately reflects rapid-acting insulin decay and prevents stacking.
gemini36flash_50,run_023,aaps.core.smb_uam,aaps,True,smb_enabled=true; uam_enabled=true,keep,smb_enabled=true; uam_enabled=true,"Core automation is functioning as intended, maintaining 99.7% TIR with zero hypoglycemia."
gemini36flash_50,run_023,aaps.core.smb_activation,aaps,True,smb_always_enabled=null; smb_with_cob_enabled=null; smb_after_carbs_enabled=null; smb_with_temp_target_enabled=null; smb_with_high_temp_target_enabled=null,verify,smb_always_enabled=null; smb_with_cob_enabled=null; smb_after_carbs_enabled=null; smb_with_temp_target_enabled=null; smb_with_high_temp_target_enabled=null,Source component values are null in the profile structure; verify on-device that SMB is configured to activate with COB and after carbs.
gemini36flash_50,run_023,aaps.core.smb_delivery,aaps,True,smb_interval_minutes=3 min; max_smb_basal_minutes=45 min; max_uam_smb_basal_minutes=30 min,keep,smb_interval_minutes=3 min; max_smb_basal_minutes=45 min; max_uam_smb_basal_minutes=30 min,Delivery parameters allow effective micro-bolusing while enforcing safe incremental caps.
gemini36flash_50,run_023,aaps.core.safety_limits,aaps,True,max_basal_u_per_hour=2.4 U/h; max_iob_units=8 U,keep,max_basal_u_per_hour=2.4 U/h; max_iob_units=8 U,Safety limits provide appropriate headroom (max basal 2.4 U/h vs peak scheduled 1.05 U/h) while preventing excessive accumulation.
gemini36flash_50,run_023,aaps.core.sensitivity,aaps,True,autosens_enabled=null; dynamic_sensitivity_enabled=null; autosens_raises_target=null; autosens_lowers_target=null; dynamic_isf_adjustment_factor_percent=100 %,verify,autosens_enabled=null; dynamic_sensitivity_enabled=null; autosens_raises_target=null; autosens_lowers_target=null; dynamic_isf_adjustment_factor_percent=100 %,Autosens toggle fields are null in the source profile; verify on-device that sensitivity algorithms are active with a 100% adjustment factor.
gemini36flash_50,run_023,aaps.core.carb_absorption,aaps,True,min_5m_carbimpact=3 mg/dL/5 min; meal_max_absorption_hours=6 h,keep,min_5m_carbimpact=3 mg/dL/5 min; meal_max_absorption_hours=6 h,Carbohydrate absorption settings correctly model decay without leaving unabsorbed carb ghosting.
gemini36flash_50,run_024,profile.basal.00_00,profile,True,0.85 U/h,keep,0.85 U/h,Overnight glucose is stable (102-112 mg/dL average). Dips to 70 mg/dL are rare and do not justify a rate change without an unconfounded fasting test.
gemini36flash_50,run_024,profile.basal.06_00,profile,True,0.95 U/h,keep,0.95 U/h,Morning baseline glucose stays flat and in target prior to breakfast.
gemini36flash_50,run_024,profile.basal.12_00,profile,True,0.9 U/h,keep,0.9 U/h,Afternoon glucose remains stable and returns to target following lunch/brunch.
gemini36flash_50,run_024,profile.basal.18_00,profile,True,1.05 U/h,keep,1.05 U/h,Evening basal maintains glucose stability across dinner and early sleep hours.
gemini36flash_50,run_024,profile.cr.00_00,profile,True,12 g/U,keep,12 g/U,Overnight/late carb ratio segment is unconfounded and appropriate.
gemini36flash_50,run_024,profile.cr.06_00,profile,True,10 g/U,keep,10 g/U,Weekday breakfast response returns glucose to baseline within 4 hours.
gemini36flash_50,run_024,profile.cr.12_00,profile,True,11 g/U,keep,11 g/U,Midday CR returns postprandial glucose to starting levels by +240 minutes.
gemini36flash_50,run_024,profile.cr.18_00,profile,True,9 g/U,keep,9 g/U,Dinner boluses demonstrate smooth recovery with +240m change near 0 mg/dL.
gemini36flash_50,run_024,profile.isf.00_00,profile,True,48 mg/dL/U,keep,48 mg/dL/U,ISF setting supports appropriate loop corrections without overshooting.
gemini36flash_50,run_024,profile.isf.06_00,profile,True,42 mg/dL/U,keep,42 mg/dL/U,Morning ISF setting provides safe correction sensitivity.
gemini36flash_50,run_024,profile.isf.12_00,profile,True,45 mg/dL/U,keep,45 mg/dL/U,Midday ISF setting works effectively in tandem with SMB delivery.
gemini36flash_50,run_024,profile.isf.18_00,profile,True,40 mg/dL/U,keep,40 mg/dL/U,Evening ISF supports accurate dinner correction calculations.
gemini36flash_50,run_024,profile.target.00_00,profile,True,95-110 mg/dL,keep,95-110 mg/dL,Overnight target range maintains stable glucose without hypoglycemia.
gemini36flash_50,run_024,profile.target.06_00,profile,True,90-105 mg/dL,keep,90-105 mg/dL,Daytime target range provides an appropriate baseline for loop adjustments.
gemini36flash_50,run_024,profile.target.22_00,profile,True,100-115 mg/dL,keep,100-115 mg/dL,Slightly elevated bedtime target protects against overnight drops.
gemini36flash_50,run_024,profile.dia,profile,True,5.5 h,keep,5.5 h,5.5-hour DIA accurately reflects rapid-acting insulin decay curve.
gemini36flash_50,run_024,aaps.core.smb_uam,aaps,True,smb_enabled=true; uam_enabled=true,keep,smb_enabled=true; uam_enabled=true,SMB and UAM enable high TIR (99.7%) without producing hypoglycemia.
gemini36flash_50,run_024,aaps.core.smb_activation,aaps,True,smb_always_enabled=null; smb_with_cob_enabled=null; smb_after_carbs_enabled=null; smb_with_temp_target_enabled=null; smb_with_high_temp_target_enabled=null,verify,,Raw activation toggles are null in exported settings; user should verify active SMB triggers in AAPS preference menus.
gemini36flash_50,run_024,aaps.core.smb_delivery,aaps,True,smb_interval_minutes=3 min; max_smb_basal_minutes=45 min; max_uam_smb_basal_minutes=30 min,keep,smb_interval_minutes=3 min; max_smb_basal_minutes=45 min; max_uam_smb_basal_minutes=30 min,3-minute SMB interval and basal minute caps deliver effective automated coverage.
gemini36flash_50,run_024,aaps.core.safety_limits,aaps,True,max_basal_u_per_hour=2.4 U/h; max_iob_units=8 U,keep,max_basal_u_per_hour=2.4 U/h; max_iob_units=8 U,Safety caps accommodate necessary loop interventions with 0.0% TBR.
gemini36flash_50,run_024,aaps.core.sensitivity,aaps,True,autosens_enabled=null; dynamic_sensitivity_enabled=null; autosens_raises_target=null; autosens_lowers_target=null; dynamic_isf_adjustment_factor_percent=100 %,verify,,Autosens toggle states are null in raw profile export; Dynamic ISF factor at 100% is safe and effective.
gemini36flash_50,run_024,aaps.core.carb_absorption,aaps,True,min_5m_carbimpact=3 mg/dL/5 min; meal_max_absorption_hours=6 h,keep,min_5m_carbimpact=3 mg/dL/5 min; meal_max_absorption_hours=6 h,3 mg/dL/5min impact setting accurately estimates carb decay across 6 hours.
gemini36flash_50,run_025,profile.basal.00_00,profile,True,0.85 U/h,keep,,"Overnight local glucose averages 103-106 mg/dL, which aligns well with the 95-110 mg/dL target. No clinical hypoglycemia observed."
gemini36flash_50,run_025,profile.basal.06_00,profile,True,0.95 U/h,keep,,Morning glucose remains stable and within target prior to breakfast.
gemini36flash_50,run_025,profile.basal.12_00,profile,True,0.9 U/h,keep,,Midday basal rate supports stable glucose between meal windows.
gemini36flash_50,run_025,profile.basal.18_00,profile,True,1.05 U/h,keep,,Evening glucose returns smoothly to baseline post-dinner with no late nocturnal hypoglycemia.
gemini36flash_50,run_025,profile.cr.00_00,profile,True,12 g/U,keep,,Overnight carb ratio is appropriate for late snacks if taken.
gemini36flash_50,run_025,profile.cr.06_00,profile,True,10 g/U,keep,,Weekday breakfast glucose recovers to baseline by 4 hours post-meal.
gemini36flash_50,run_025,profile.cr.12_00,profile,True,11 g/U,keep,,Midday carb ratio effectively brings 68g brunch meals back to target at 4-6 hours post-meal.
gemini36flash_50,run_025,profile.cr.18_00,profile,True,9 g/U,keep,,Evening dinner meals show smooth 2-hour and 4-hour postprandial glucose control.
gemini36flash_50,run_025,profile.isf.00_00,profile,True,48 mg/dL/U,keep,,Overnight ISF supports safe automated corrections without over-shooting.
gemini36flash_50,run_025,profile.isf.06_00,profile,True,42 mg/dL/U,keep,,Morning ISF works effectively in tandem with loop automation.
gemini36flash_50,run_025,profile.isf.12_00,profile,True,45 mg/dL/U,keep,,Midday ISF provides appropriate sensitivity for loop correction delivery.
gemini36flash_50,run_025,profile.isf.18_00,profile,True,40 mg/dL/U,keep,,Evening ISF is well-calibrated and prevents late-night stacking.
gemini36flash_50,run_025,profile.target.00_00,profile,True,95-110 mg/dL,keep,,Overnight target range maintains stable glucose with excellent TIR.
gemini36flash_50,run_025,profile.target.06_00,profile,True,90-105 mg/dL,keep,,Daytime target range supports tight control without increasing hypoglycemia risk.
gemini36flash_50,run_025,profile.target.22_00,profile,True,100-115 mg/dL,keep,,Bedtime target range provides appropriate buffer entering sleep.
gemini36flash_50,run_025,profile.dia,profile,True,5.5 h,keep,,5.5-hour DIA accurately captures the full insulin activity decay curve and prevents late stacking.
gemini36flash_50,run_025,aaps.core.smb_uam,aaps,True,smb_enabled=true; uam_enabled=true,keep,,SMB and UAM are operating safely and effectively to manage postprandial excursions.
gemini36flash_50,run_025,aaps.core.smb_activation,aaps,True,smb_always_enabled=null; smb_with_cob_enabled=null; smb_after_carbs_enabled=null; smb_with_temp_target_enabled=null; smb_with_high_temp_target_enabled=null,verify,,Specific activation toggles are null in exported profile settings; current SMB behavior is safe and active.
gemini36flash_50,run_025,aaps.core.smb_delivery,aaps,True,smb_interval_minutes=3 min; max_smb_basal_minutes=45 min; max_uam_smb_basal_minutes=30 min,keep,,Delivery parameters provide timely automated corrections without causing insulin stacking.
gemini36flash_50,run_025,aaps.core.safety_limits,aaps,True,max_basal_u_per_hour=2.4 U/h; max_iob_units=8 U,keep,,Safety limits provide adequate headroom for loop adjustments while protecting against severe over-delivery.
gemini36flash_50,run_025,aaps.core.sensitivity,aaps,True,autosens_enabled=null; dynamic_sensitivity_enabled=null; autosens_raises_target=null; autosens_lowers_target=null; dynamic_isf_adjustment_factor_percent=100 %,verify,,Autosens enable toggles are null in export schema; dynamic ISF factor of 100% operates predictably.
gemini36flash_50,run_025,aaps.core.carb_absorption,aaps,True,min_5m_carbimpact=3 mg/dL/5 min; meal_max_absorption_hours=6 h,keep,,Absorption parameters accurately match observed recovery times.
gemini36flash_50,run_026,profile.basal.00_00,profile,True,0.85 U/h,keep,0.85 U/h,Overnight glucose between 00:00 and 06:00 remains very steady (average 103-107 mg/dL) with zero hypoglycemia.
gemini36flash_50,run_026,profile.basal.06_00,profile,True,0.95 U/h,keep,0.95 U/h,Morning fasting baseline prior to breakfast is stable at 112-117 mg/dL.
gemini36flash_50,run_026,profile.basal.12_00,profile,True,0.9 U/h,keep,0.9 U/h,Afternoon glucose levels return consistently to baseline range (111-116 mg/dL) following lunch and brunch recovery.
gemini36flash_50,run_026,profile.basal.18_00,profile,True,1.05 U/h,keep,1.05 U/h,Evening glucose levels show smooth recovery after dinner (102-108 mg/dL average between 17:00 and 19:00).
gemini36flash_50,run_026,profile.cr.00_00,profile,True,12 g/U,keep,12 g/U,Overnight/late night CR segment is appropriate for late snacks or corrections.
gemini36flash_50,run_026,profile.cr.06_00,profile,True,10 g/U,keep,10 g/U,"Weekday breakfast (42g carbs, 4.2U) returns to baseline (+0 to -8 mg/dL net change at 240-360 min)."
gemini36flash_50,run_026,profile.cr.12_00,profile,True,11 g/U,keep,11 g/U,"Weekend brunch (68g carbs, 5.8U) recovers fully to 115 mg/dL at 240 min, showing total insulin dose is correct."
gemini36flash_50,run_026,profile.cr.18_00,profile,True,9 g/U,keep,9 g/U,"Dinner boluses (54g carbs, 5.5U) yield excellent control with 240m glucose within -5 to +3 mg/dL of start."
gemini36flash_50,run_026,profile.isf.00_00,profile,True,48 mg/dL/U,keep,48 mg/dL/U,Overnight ISF supports steady loop corrections without overshooting.
gemini36flash_50,run_026,profile.isf.06_00,profile,True,42 mg/dL/U,keep,42 mg/dL/U,Morning ISF is well-balanced with daytime sensitivity dynamics.
gemini36flash_50,run_026,profile.isf.12_00,profile,True,45 mg/dL/U,keep,45 mg/dL/U,Midday ISF provides accurate correction responses.
gemini36flash_50,run_026,profile.isf.18_00,profile,True,40 mg/dL/U,keep,40 mg/dL/U,Evening ISF correctly models post-dinner insulin sensitivity.
gemini36flash_50,run_026,profile.target.00_00,profile,True,95-110 mg/dL,keep,95-110 mg/dL,Target segment effectively guides overnight glucose to 103-107 mg/dL.
gemini36flash_50,run_026,profile.target.06_00,profile,True,90-105 mg/dL,keep,90-105 mg/dL,Daytime target segment maintains high time in range without hypoglycemia.
gemini36flash_50,run_026,profile.target.22_00,profile,True,100-115 mg/dL,keep,100-115 mg/dL,Bedtime target segment provides a safe buffer before sleep transition.
gemini36flash_50,run_026,profile.dia,profile,True,5.5 h,keep,5.5 h,5.5-hour duration of insulin action accurately matches rapid-acting insulin decay without stacking.
gemini36flash_50,run_026,aaps.core.smb_uam,aaps,True,smb_enabled=true; uam_enabled=true,keep,smb_enabled=true; uam_enabled=true,Core SMB and UAM automation are functioning safely with zero hypoglycemia.
gemini36flash_50,run_026,aaps.core.smb_activation,aaps,True,smb_always_enabled=null; smb_with_cob_enabled=null; smb_after_carbs_enabled=null; smb_with_temp_target_enabled=null; smb_with_high_temp_target_enabled=null,verify,,Conditional activation fields are unpopulated in exported JSON; user should verify active toggles on handheld device UI.
gemini36flash_50,run_026,aaps.core.smb_delivery,aaps,True,smb_interval_minutes=3 min; max_smb_basal_minutes=45 min; max_uam_smb_basal_minutes=30 min,keep,smb_interval_minutes=3 min; max_smb_basal_minutes=45 min; max_uam_smb_basal_minutes=30 min,Delivery parameters represent standard oref1 configuration and manage postprandial glucose effectively.
gemini36flash_50,run_026,aaps.core.safety_limits,aaps,True,max_basal_u_per_hour=2.4 U/h; max_iob_units=8 U,keep,max_basal_u_per_hour=2.4 U/h; max_iob_units=8 U,"Limits provide strong safety headroom (~2.3x max scheduled basal, max 8U IOB) preventing over-dosing."
gemini36flash_50,run_026,aaps.core.sensitivity,aaps,True,autosens_enabled=null; dynamic_sensitivity_enabled=null; autosens_raises_target=null; autosens_lowers_target=null; dynamic_isf_adjustment_factor_percent=100 %,verify,,Dynamic ISF factor is 100%; explicit Autosens toggles are null in export payload and should be verified on device.
gemini36flash_50,run_026,aaps.core.carb_absorption,aaps,True,min_5m_carbimpact=3 mg/dL/5 min; meal_max_absorption_hours=6 h,keep,min_5m_carbimpact=3 mg/dL/5 min; meal_max_absorption_hours=6 h,Min 5m carb impact (3 mg/dL/5min) and 6h max absorption accurately model carb decay across fast and mixed meals.
gemini36flash_50,run_027,profile.basal.00_00,profile,True,0.85 U/h,keep,0.85 U/h,Overnight glucose from 00:00 to 06:00 is perfectly flat (102–106 mg/dL average) with zero hypoglycemia. Current basal rate accurately matches endogenous requirements.
gemini36flash_50,run_027,profile.basal.06_00,profile,True,0.95 U/h,keep,0.95 U/h,Morning baseline glucose remains stable prior to breakfast. No drift or unprovoked hypoglycemia observed.
gemini36flash_50,run_027,profile.basal.12_00,profile,True,0.9 U/h,keep,0.9 U/h,Afternoon glucose stabilizes smoothly following meal absorption. Current basal segment is well-calibrated.
gemini36flash_50,run_027,profile.basal.18_00,profile,True,1.05 U/h,keep,1.05 U/h,Evening glucose returns reliably to baseline after dinner boluses with no nocturnal drift.
gemini36flash_50,run_027,profile.cr.00_00,profile,True,12 g/U,keep,12 g/U,No routine meals logged in this segment; default nighttime ratio is safe and appropriate.
gemini36flash_50,run_027,profile.cr.06_00,profile,True,10 g/U,keep,10 g/U,"Weekday breakfast boluses (42g, 4.2U) resolve cleanly within 3–4 hours back to target baseline."
gemini36flash_50,run_027,profile.cr.12_00,profile,True,11 g/U,keep,11 g/U,Midday meal response shows glucose returning to baseline by hour 4; 2h peak is driven by absorption delay rather than CR deficit.
gemini36flash_50,run_027,profile.cr.18_00,profile,True,9 g/U,keep,9 g/U,"Dinner boluses (54g, 5.5U) yield controlled 2h rises (+15 to +41 mg/dL) returning cleanly to 98–114 mg/dL."
gemini36flash_50,run_027,profile.isf.00_00,profile,True,48 mg/dL/U,keep,48 mg/dL/U,Overnight automated corrections operate smoothly without causing overshoots or hypoglycemia.
gemini36flash_50,run_027,profile.isf.06_00,profile,True,42 mg/dL/U,keep,42 mg/dL/U,Morning sensitivity setting supports safe automated SMB delivery during postprandial phases.
gemini36flash_50,run_027,profile.isf.12_00,profile,True,45 mg/dL/U,keep,45 mg/dL/U,Midday automated SMB and UAM responses return elevated glucose to target without secondary drops.
gemini36flash_50,run_027,profile.isf.18_00,profile,True,40 mg/dL/U,keep,40 mg/dL/U,"Evening ISF setting provides safe, predictable automated corrections after dinner."
gemini36flash_50,run_027,profile.target.00_00,profile,True,95-110 mg/dL,keep,95-110 mg/dL,"Target range maintains safe, flat overnight mean glucose around 103–106 mg/dL."
gemini36flash_50,run_027,profile.target.06_00,profile,True,90-105 mg/dL,keep,90-105 mg/dL,Daytime target segment supports tight TIR (99.7%) while maintaining zero hypoglycemia.
gemini36flash_50,run_027,profile.target.22_00,profile,True,100-115 mg/dL,keep,100-115 mg/dL,Slightly higher nighttime target transition smoothly prepares for overnight baseline control.
gemini36flash_50,run_027,profile.dia,profile,True,5.5 h,keep,5.5 h,"5.5-hour DIA accurately reflects modern rapid-acting insulin active tail, preventing premature correction stacking."
gemini36flash_50,run_027,aaps.core.smb_uam,aaps,True,smb_enabled=true; uam_enabled=true,keep,smb_enabled=true; uam_enabled=true,"Active SMB and UAM features operate seamlessly with baseline profile, providing effective automated coverage."
gemini36flash_50,run_027,aaps.core.smb_activation,aaps,True,smb_always_enabled=null; smb_with_cob_enabled=null; smb_after_carbs_enabled=null; smb_with_temp_target_enabled=null; smb_with_high_temp_target_enabled=null,verify,,Raw boolean activation toggles are null in profile JSON payload; verify settings in AAPS preferences UI.
gemini36flash_50,run_027,aaps.core.smb_delivery,aaps,True,smb_interval_minutes=3 min; max_smb_basal_minutes=45 min; max_uam_smb_basal_minutes=30 min,keep,smb_interval_minutes=3 min; max_smb_basal_minutes=45 min; max_uam_smb_basal_minutes=30 min,Delivery frequency and cap parameters are well-proportioned for current total daily insulin dose (~10 U/day).
gemini36flash_50,run_027,aaps.core.safety_limits,aaps,True,max_basal_u_per_hour=2.4 U/h; max_iob_units=8 U,keep,max_basal_u_per_hour=2.4 U/h; max_iob_units=8 U,"Max Basal (2.4 U/h) and Max IOB (8.0 U) provide safe, effective automated headroom without excessive risk."
gemini36flash_50,run_027,aaps.core.sensitivity,aaps,True,autosens_enabled=null; dynamic_sensitivity_enabled=null; autosens_raises_target=null; autosens_lowers_target=null; dynamic_isf_adjustment_factor_percent=100 %,verify,,Raw boolean switches for Autosens/Dynamic ISF are null in telemetry payload; verify preferences in AAPS app.
gemini36flash_50,run_027,aaps.core.carb_absorption,aaps,True,min_5m_carbimpact=3 mg/dL/5 min; meal_max_absorption_hours=6 h,keep,min_5m_carbimpact=3 mg/dL/5 min; meal_max_absorption_hours=6 h,Carbohydrate absorption parameters accurately model COB decay without premature decay or insulin stacking.
gemini36flash_50,run_028,profile.basal.00_00,profile,True,0.85 U/h,keep,0.85 U/h,Overnight glucose remains completely stable between 100 and 110 mg/dL with zero hypoglycemia.
gemini36flash_50,run_028,profile.basal.06_00,profile,True,0.95 U/h,keep,0.95 U/h,Morning baseline glucose is stable and transitions smoothly into breakfast.
gemini36flash_50,run_028,profile.basal.12_00,profile,True,0.9 U/h,keep,0.9 U/h,Afternoon glucose levels remain well within target limits.
gemini36flash_50,run_028,profile.basal.18_00,profile,True,1.05 U/h,keep,1.05 U/h,Evening baseline holds steady following dinner absorption.
gemini36flash_50,run_028,profile.cr.00_00,profile,True,12 g/U,keep,12 g/U,Overnight/late meal coverage is appropriate with no delayed drops.
gemini36flash_50,run_028,profile.cr.06_00,profile,True,10 g/U,keep,10 g/U,Breakfast carbohydrate coverage returns glucose smoothly to target within 3-4 hours.
gemini36flash_50,run_028,profile.cr.12_00,profile,True,11 g/U,keep,11 g/U,Midday and brunch carbohydrate coverage shows optimal postprandial resolution.
gemini36flash_50,run_028,profile.cr.18_00,profile,True,9 g/U,keep,9 g/U,Dinner carb coverage maintains tight postprandial glucose control.
gemini36flash_50,run_028,profile.isf.00_00,profile,True,48 mg/dL/U,keep,48 mg/dL/U,Overnight sensitivity matches observed correction responses without overshooting.
gemini36flash_50,run_028,profile.isf.06_00,profile,True,42 mg/dL/U,keep,42 mg/dL/U,Morning sensitivity setting supports predictable bolus corrections.
gemini36flash_50,run_028,profile.isf.12_00,profile,True,45 mg/dL/U,keep,45 mg/dL/U,Afternoon correction sensitivity aligns with loop micro-bolusing behavior.
gemini36flash_50,run_028,profile.isf.18_00,profile,True,40 mg/dL/U,keep,40 mg/dL/U,Evening sensitivity effectively balances correction boluses and meal recovery.
gemini36flash_50,run_028,profile.target.00_00,profile,True,95-110 mg/dL,keep,95-110 mg/dL,Overnight target range achieves optimal control with zero hypoglycemia.
gemini36flash_50,run_028,profile.target.06_00,profile,True,90-105 mg/dL,keep,90-105 mg/dL,Daytime target range supports excellent overall average glucose.
gemini36flash_50,run_028,profile.target.22_00,profile,True,100-115 mg/dL,keep,100-115 mg/dL,Pre-bed target range safely buffers sleep onset.
gemini36flash_50,run_028,profile.dia,profile,True,5.5 h,keep,5.5 h,5.5-hour DIA accurately prevents insulin stacking across sequential boluses.
gemini36flash_50,run_028,aaps.core.smb_uam,aaps,True,smb_enabled=true; uam_enabled=true,keep,smb_enabled=true; uam_enabled=true,SMB and UAM core functionality provides excellent background correction without hypoglycemia.
gemini36flash_50,run_028,aaps.core.smb_activation,aaps,True,smb_always_enabled=null; smb_with_cob_enabled=null; smb_after_carbs_enabled=null; smb_with_temp_target_enabled=null; smb_with_high_temp_target_enabled=null,verify,smb_always_enabled=null; smb_with_cob_enabled=null; smb_after_carbs_enabled=null; smb_with_temp_target_enabled=null; smb_with_high_temp_target_enabled=null,Raw activation settings are null in export telemetry; verify in the AAPS preference menu that conditions match expectations.
gemini36flash_50,run_028,aaps.core.smb_delivery,aaps,True,smb_interval_minutes=3 min; max_smb_basal_minutes=45 min; max_uam_smb_basal_minutes=30 min,keep,smb_interval_minutes=3 min; max_smb_basal_minutes=45 min; max_uam_smb_basal_minutes=30 min,3-minute interval and basal minute caps safely smooth postprandial curves.
gemini36flash_50,run_028,aaps.core.safety_limits,aaps,True,max_basal_u_per_hour=2.4 U/h; max_iob_units=8 U,keep,max_basal_u_per_hour=2.4 U/h; max_iob_units=8 U,Safety limits provide appropriate headroom while maintaining absolute bounds.
gemini36flash_50,run_028,aaps.core.sensitivity,aaps,True,autosens_enabled=null; dynamic_sensitivity_enabled=null; autosens_raises_target=null; autosens_lowers_target=null; dynamic_isf_adjustment_factor_percent=100 %,verify,autosens_enabled=null; dynamic_sensitivity_enabled=null; autosens_raises_target=null; autosens_lowers_target=null; dynamic_isf_adjustment_factor_percent=100 %,Autosens enable flags are null in telemetry metadata; verify in UI while retaining 100% dynamic adjustment factor.
gemini36flash_50,run_028,aaps.core.carb_absorption,aaps,True,min_5m_carbimpact=3 mg/dL/5 min; meal_max_absorption_hours=6 h,keep,min_5m_carbimpact=3 mg/dL/5 min; meal_max_absorption_hours=6 h,Carbohydrate absorption settings correctly represent observed meal decay timing.
gemini36flash_50,run_029,profile.basal.00_00,profile,True,0.85 U/h,keep,0.85 U/h,Overnight glucose remains steady between 95 and 110 mg/dL with zero hypoglycemia.
gemini36flash_50,run_029,profile.basal.06_00,profile,True,0.95 U/h,keep,0.95 U/h,Morning fasting glucose is stable near target (90-105 mg/dL).
gemini36flash_50,run_029,profile.basal.12_00,profile,True,0.9 U/h,keep,0.9 U/h,Midday basal rate maintains stability between meals without drift.
gemini36flash_50,run_029,profile.basal.18_00,profile,True,1.05 U/h,keep,1.05 U/h,Evening basal holds baseline steady following dinner digestion.
gemini36flash_50,run_029,profile.cr.00_00,profile,True,12 g/U,keep,12 g/U,Nighttime carb ratio segment is stable.
gemini36flash_50,run_029,profile.cr.06_00,profile,True,10 g/U,keep,10 g/U,Morning CR (10 g/U) successfully returns post-breakfast glucose to baseline by 4 hours.
gemini36flash_50,run_029,profile.cr.12_00,profile,True,11 g/U,keep,11 g/U,Midday CR (11 g/U) provides appropriate coverage for brunch and lunch entries.
gemini36flash_50,run_029,profile.cr.18_00,profile,True,9 g/U,keep,9 g/U,Evening CR (9 g/U) brings post-dinner glucose smoothly to ~100 mg/dL.
gemini36flash_50,run_029,profile.isf.00_00,profile,True,48 mg/dL/U,keep,48 mg/dL/U,Overnight sensitivity factor supports gentle automated loop corrections when needed.
gemini36flash_50,run_029,profile.isf.06_00,profile,True,42 mg/dL/U,keep,42 mg/dL/U,Morning ISF functions well within dynamic loop calculations.
gemini36flash_50,run_029,profile.isf.12_00,profile,True,45 mg/dL/U,keep,45 mg/dL/U,Midday ISF prevents over-correction during afternoon periods.
gemini36flash_50,run_029,profile.isf.18_00,profile,True,40 mg/dL/U,keep,40 mg/dL/U,Evening ISF works safely with dinner boluses.
gemini36flash_50,run_029,profile.target.00_00,profile,True,95-110 mg/dL,keep,95-110 mg/dL,Overnight target range maintains high safety margin while preserving tight control.
gemini36flash_50,run_029,profile.target.06_00,profile,True,90-105 mg/dL,keep,90-105 mg/dL,Daytime target range provides an appropriate goal for automated basal and SMB adjustments.
gemini36flash_50,run_029,profile.target.22_00,profile,True,100-115 mg/dL,keep,100-115 mg/dL,Pre-bedtime target range helps avoid late evening dips.
gemini36flash_50,run_029,profile.dia,profile,True,5.5 h,keep,5.5 h,5.5-hour duration of insulin action matches observed decay curves and prevents insulin stacking.
gemini36flash_50,run_029,aaps.core.smb_uam,aaps,True,smb_enabled=true; uam_enabled=true,keep,smb_enabled=true; uam_enabled=true,SMB and UAM are both enabled and effectively control postprandial rises without inducing low glucose.
gemini36flash_50,run_029,aaps.core.smb_activation,aaps,True,smb_always_enabled=null; smb_with_cob_enabled=null; smb_after_carbs_enabled=null; smb_with_temp_target_enabled=null; smb_with_high_temp_target_enabled=null,verify,smb_always_enabled=null; smb_with_cob_enabled=null; smb_after_carbs_enabled=null; smb_with_temp_target_enabled=null; smb_with_high_temp_target_enabled=null,Specific activation switches are unpopulated in raw profile settings export. Verify settings directly in the AAPS user interface.
gemini36flash_50,run_029,aaps.core.smb_delivery,aaps,True,smb_interval_minutes=3 min; max_smb_basal_minutes=45 min; max_uam_smb_basal_minutes=30 min,keep,smb_interval_minutes=3 min; max_smb_basal_minutes=45 min; max_uam_smb_basal_minutes=30 min,SMB delivery intervals and max basal minute caps provide timely corrections while limiting excessive micro-boluses.
gemini36flash_50,run_029,aaps.core.safety_limits,aaps,True,max_basal_u_per_hour=2.4 U/h; max_iob_units=8 U,keep,max_basal_u_per_hour=2.4 U/h; max_iob_units=8 U,Max basal (2.4 U/h) and Max IOB (8 U) provide appropriate safety ceilings relative to max profile basal (1.05 U/h) and meal boluses.
gemini36flash_50,run_029,aaps.core.sensitivity,aaps,True,autosens_enabled=null; dynamic_sensitivity_enabled=null; autosens_raises_target=null; autosens_lowers_target=null; dynamic_isf_adjustment_factor_percent=100 %,verify,autosens_enabled=null; dynamic_sensitivity_enabled=null; autosens_raises_target=null; autosens_lowers_target=null; dynamic_isf_adjustment_factor_percent=100 %,Dynamic ISF factor is 100%. Explicit Autosens switches are null in export payload and should be verified in the app.
gemini36flash_50,run_029,aaps.core.carb_absorption,aaps,True,min_5m_carbimpact=3 mg/dL/5 min; meal_max_absorption_hours=6 h,keep,min_5m_carbimpact=3 mg/dL/5 min; meal_max_absorption_hours=6 h,Carb absorption parameters accurately reflect digestion timing and prevent premature COB decay.
gemini36flash_50,run_030,profile.basal.00_00,profile,True,0.85 U/h,keep,0.85 U/h,Overnight glucose remains flat and centered within target range (mean 102.3-105.7 mg/dL between 00:00 and 03:00).
gemini36flash_50,run_030,profile.basal.06_00,profile,True,0.95 U/h,keep,0.95 U/h,Fasting morning glucose is stable at 112.9-117.4 mg/dL without unexplained drift before breakfast.
gemini36flash_50,run_030,profile.basal.12_00,profile,True,0.9 U/h,keep,0.9 U/h,"Midday glucose resolves smoothly following lunch and brunch windows, maintaining stability."
gemini36flash_50,run_030,profile.basal.18_00,profile,True,1.05 U/h,keep,1.05 U/h,Evening fasting and post-dinner windows remain well controlled with mean glucose around 106.2-111.1 mg/dL.
gemini36flash_50,run_030,profile.cr.00_00,profile,True,12 g/U,keep,12 g/U,No night carbohydrate treatments logged; baseline CR is appropriate.
gemini36flash_50,run_030,profile.cr.06_00,profile,True,10 g/U,keep,10 g/U,"Weekday breakfast boluses (42g carbs, 4.2 U) yield consistent return to baseline at 4 hours (+113 to +128 mg/dL)."
gemini36flash_50,run_030,profile.cr.12_00,profile,True,11 g/U,keep,11 g/U,"Weekend brunch boluses (68g carbs, 5.8 U) plus e-carbs settle smoothly back to 111-115 mg/dL by 240 minutes."
gemini36flash_50,run_030,profile.cr.18_00,profile,True,9 g/U,keep,9 g/U,"Dinner boluses (54g carbs, 5.5 U) show exceptional control with 240-minute glucose within -9 to +3 mg/dL of start."
gemini36flash_50,run_030,profile.isf.00_00,profile,True,48 mg/dL/U,keep,48 mg/dL/U,Overnight corrections and automated adjustments are stable and prevent hypoglycemia.
gemini36flash_50,run_030,profile.isf.06_00,profile,True,42 mg/dL/U,keep,42 mg/dL/U,Morning sensitivity is well balanced with current CR and basal settings.
gemini36flash_50,run_030,profile.isf.12_00,profile,True,45 mg/dL/U,keep,45 mg/dL/U,Afternoon sensitivity maintains effective closed-loop corrections without over-shoots.
gemini36flash_50,run_030,profile.isf.18_00,profile,True,40 mg/dL/U,keep,40 mg/dL/U,Evening sensitivity supports safe post-dinner decay back to target.
gemini36flash_50,run_030,profile.target.00_00,profile,True,95-110 mg/dL,keep,95-110 mg/dL,Target range provides appropriate safety margin overnight.
gemini36flash_50,run_030,profile.target.06_00,profile,True,90-105 mg/dL,keep,90-105 mg/dL,Daytime target range maintains mean glucose at 117 mg/dL.
gemini36flash_50,run_030,profile.target.22_00,profile,True,100-115 mg/dL,keep,100-115 mg/dL,Late evening target smoothly transitions glucose into the overnight period.
gemini36flash_50,run_030,profile.dia,profile,True,5.5 h,keep,5.5 h,5.5 hours matches rapid-acting insulin pharmacodynamics and prevents stacking.
gemini36flash_50,run_030,aaps.core.smb_uam,aaps,True,smb_enabled=true; uam_enabled=true,keep,smb_enabled=true; uam_enabled=true,SMB and UAM enable effective postprandial damping without hypoglycemia.
gemini36flash_50,run_030,aaps.core.smb_activation,aaps,True,smb_always_enabled=null; smb_with_cob_enabled=null; smb_after_carbs_enabled=null; smb_with_temp_target_enabled=null; smb_with_high_temp_target_enabled=null,verify,,Individual boolean activation conditions are null in exported telemetry data. Verify settings directly in the AAPS application interface.
gemini36flash_50,run_030,aaps.core.smb_delivery,aaps,True,smb_interval_minutes=3 min; max_smb_basal_minutes=45 min; max_uam_smb_basal_minutes=30 min,keep,smb_interval_minutes=3 min; max_smb_basal_minutes=45 min; max_uam_smb_basal_minutes=30 min,Delivery limits provide appropriate micro-bolus assistance during meal responses.
gemini36flash_50,run_030,aaps.core.safety_limits,aaps,True,max_basal_u_per_hour=2.4 U/h; max_iob_units=8 U,keep,max_basal_u_per_hour=2.4 U/h; max_iob_units=8 U,Max Basal (2.4 U/h) and Max IOB (8.0 U) provide safe guardrails relative to basal rates and typical meal boluses.
gemini36flash_50,run_030,aaps.core.sensitivity,aaps,True,autosens_enabled=null; dynamic_sensitivity_enabled=null; autosens_raises_target=null; autosens_lowers_target=null; dynamic_isf_adjustment_factor_percent=100 %,verify,,Autosens/Dynamic ISF enablement flags are null in raw export. Dynamic ISF factor is neutral at 100%. Verify status in AAPS.
gemini36flash_50,run_030,aaps.core.carb_absorption,aaps,True,min_5m_carbimpact=3 mg/dL/5 min; meal_max_absorption_hours=6 h,keep,min_5m_carbimpact=3 mg/dL/5 min; meal_max_absorption_hours=6 h,Carbohydrate absorption settings fit observed glucose recovery curves.
gemini36flash_50,run_031,profile.basal.00_00,profile,True,0.85 U/h,keep,0.85 U/h,Overnight glucose between 00:00 and 06:00 is flat and stable (103–107 mg/dL average) with zero hypoglycemia.
gemini36flash_50,run_031,profile.basal.06_00,profile,True,0.95 U/h,keep,0.95 U/h,Morning baseline remains stable and supports fasting periods prior to breakfast.
gemini36flash_50,run_031,profile.basal.12_00,profile,True,0.9 U/h,keep,0.9 U/h,Afternoon glucose trajectories show predictable recovery following meal windows.
gemini36flash_50,run_031,profile.basal.18_00,profile,True,1.05 U/h,keep,1.05 U/h,Evening baseline holds glucose steady through dinner and early night hours.
gemini36flash_50,run_031,profile.cr.00_00,profile,True,12 g/U,keep,12 g/U,Overnight carb ratio is inactive during sleep and shows no unexpected late-night carb impacts.
gemini36flash_50,run_031,profile.cr.06_00,profile,True,10 g/U,keep,10 g/U,Weekday breakfast boluses consistently return glucose to baseline within 4 hours (+3 to -14 mg/dL change).
gemini36flash_50,run_031,profile.cr.12_00,profile,True,11 g/U,keep,11 g/U,Midday carb ratio accurately balances weekend brunch and lunch meals back to target at +240m.
gemini36flash_50,run_031,profile.cr.18_00,profile,True,9 g/U,keep,9 g/U,Dinner boluses reliably return glucose to pre-meal baseline (+14 to -14 mg/dL change at +360m).
gemini36flash_50,run_031,profile.isf.00_00,profile,True,48 mg/dL/U,keep,48 mg/dL/U,Overnight sensitivity is appropriate for automated corrections without causing lows.
gemini36flash_50,run_031,profile.isf.06_00,profile,True,42 mg/dL/U,keep,42 mg/dL/U,Morning sensitivity matches observed correction responsiveness.
gemini36flash_50,run_031,profile.isf.12_00,profile,True,45 mg/dL/U,keep,45 mg/dL/U,Midday sensitivity is well calibrated for SMB micro-bolus adjustments.
gemini36flash_50,run_031,profile.isf.18_00,profile,True,40 mg/dL/U,keep,40 mg/dL/U,Evening sensitivity effectively manages post-dinner stabilization.
gemini36flash_50,run_031,profile.target.00_00,profile,True,95-110 mg/dL,keep,95-110 mg/dL,Target range maintains tight overnight control without hypoglycemia.
gemini36flash_50,run_031,profile.target.06_00,profile,True,90-105 mg/dL,keep,90-105 mg/dL,Daytime target range supports excellent TIR (99.7%).
gemini36flash_50,run_031,profile.target.22_00,profile,True,100-115 mg/dL,keep,100-115 mg/dL,Pre-bedtime target provides smooth transition into overnight sleep hours.
gemini36flash_50,run_031,profile.dia,profile,True,5.5 h,keep,5.5 h,5.5 hours matches rapid-acting insulin active duration and prevents premature stacked corrections.
gemini36flash_50,run_031,aaps.core.smb_uam,aaps,True,smb_enabled=true; uam_enabled=true,keep,smb_enabled=true; uam_enabled=true,SMB and UAM are functioning efficiently without inducing over-delivery or hypoglycemia.
gemini36flash_50,run_031,aaps.core.smb_activation,aaps,True,smb_always_enabled=null; smb_with_cob_enabled=null; smb_after_carbs_enabled=null; smb_with_temp_target_enabled=null; smb_with_high_temp_target_enabled=null,verify,smb_always_enabled=null; smb_with_cob_enabled=null; smb_after_carbs_enabled=null; smb_with_temp_target_enabled=null; smb_with_high_temp_target_enabled=null,Specific activation toggles are null in telemetry; verify in AAPS preferences that SMB activation rules match intended setup.
gemini36flash_50,run_031,aaps.core.smb_delivery,aaps,True,smb_interval_minutes=3 min; max_smb_basal_minutes=45 min; max_uam_smb_basal_minutes=30 min,keep,smb_interval_minutes=3 min; max_smb_basal_minutes=45 min; max_uam_smb_basal_minutes=30 min,3-minute interval and basal delivery limits provide effective micro-bolus responsiveness safely.
gemini36flash_50,run_031,aaps.core.safety_limits,aaps,True,max_basal_u_per_hour=2.4 U/h; max_iob_units=8 U,keep,max_basal_u_per_hour=2.4 U/h; max_iob_units=8 U,Safety limits accommodate required automation headroom while preventing excessive insulin delivery.
gemini36flash_50,run_031,aaps.core.sensitivity,aaps,True,autosens_enabled=null; dynamic_sensitivity_enabled=null; autosens_raises_target=null; autosens_lowers_target=null; dynamic_isf_adjustment_factor_percent=100 %,verify,autosens_enabled=null; dynamic_sensitivity_enabled=null; autosens_raises_target=null; autosens_lowers_target=null; dynamic_isf_adjustment_factor_percent=100 %,Autosens toggle switches are null in raw profile telemetry; verify active sensitivity settings on device.
gemini36flash_50,run_031,aaps.core.carb_absorption,aaps,True,min_5m_carbimpact=3 mg/dL/5 min; meal_max_absorption_hours=6 h,keep,min_5m_carbimpact=3 mg/dL/5 min; meal_max_absorption_hours=6 h,3 mg/dL/5min impact floor and 6-hour max absorption match observed meal absorption curves.
gemini36flash_50,run_032,profile.basal.00_00,profile,True,0.85 U/h,keep,0.85 U/h,Maintains flat overnight mean glucose of 102-106 mg/dL with zero hypoglycemia.
gemini36flash_50,run_032,profile.basal.06_00,profile,True,0.95 U/h,keep,0.95 U/h,Sustains steady fasting glucose during morning hours without morning drift.
gemini36flash_50,run_032,profile.basal.12_00,profile,True,0.9 U/h,keep,0.90 U/h,Supports daytime stability between meals without unnecessary temp basal corrections.
gemini36flash_50,run_032,profile.basal.18_00,profile,True,1.05 U/h,keep,1.05 U/h,Maintains flat evening baseline following dinner absorption.
gemini36flash_50,run_032,profile.cr.00_00,profile,True,12 g/U,keep,12 g/U,Appropriate coverage for overnight late snacks if present; no overnight meal spikes observed.
gemini36flash_50,run_032,profile.cr.06_00,profile,True,10 g/U,keep,10 g/U,Weekday breakfasts consistently return to baseline at 4 hours (+0 to +8 mg/dL net change).
gemini36flash_50,run_032,profile.cr.12_00,profile,True,11 g/U,keep,11 g/U,Total meal insulin for weekend brunch returns glucose to 115 mg/dL at 4 hours.
gemini36flash_50,run_032,profile.cr.18_00,profile,True,9 g/U,keep,9 g/U,Dinner responses return cleanly to starting glucose within 4 hours.
gemini36flash_50,run_032,profile.isf.00_00,profile,True,48 mg/dL/U,keep,48 mg/dL/U,Effective nighttime correction factor without over-correction.
gemini36flash_50,run_032,profile.isf.06_00,profile,True,42 mg/dL/U,keep,42 mg/dL/U,Morning correction sensitivity functions smoothly alongside 10 g/U CR.
gemini36flash_50,run_032,profile.isf.12_00,profile,True,45 mg/dL/U,keep,45 mg/dL/U,Midday sensitivity maintains expected decay curves without stacking.
gemini36flash_50,run_032,profile.isf.18_00,profile,True,40 mg/dL/U,keep,40 mg/dL/U,Evening sensitivity provides safe correction when needed.
gemini36flash_50,run_032,profile.target.00_00,profile,True,95-110 mg/dL,keep,95-110 mg/dL,Overnight glucose stabilizes within this target band (102-106 mg/dL average).
gemini36flash_50,run_032,profile.target.06_00,profile,True,90-105 mg/dL,keep,90-105 mg/dL,Daytime target range supports excellent Time in Range without hypoglycemia.
gemini36flash_50,run_032,profile.target.22_00,profile,True,100-115 mg/dL,keep,100-115 mg/dL,Slightly elevated bedtime target provides additional safety cushion before sleep.
gemini36flash_50,run_032,profile.dia,profile,True,5.5 h,keep,5.5 h,5.5-hour duration accurately models modern rapid-acting insulin decay and prevents stacking.
gemini36flash_50,run_032,aaps.core.smb_uam,aaps,True,smb_enabled=true; uam_enabled=true,keep,smb_enabled=true; uam_enabled=true,SMB and UAM effectively manage minor postprandial surges without causing lows.
gemini36flash_50,run_032,aaps.core.smb_activation,aaps,True,smb_always_enabled=null; smb_with_cob_enabled=null; smb_after_carbs_enabled=null; smb_with_temp_target_enabled=null; smb_with_high_temp_target_enabled=null,verify,,Component values are null in telemetry export; verify specific SMB condition toggles in local AAPS preferences.
gemini36flash_50,run_032,aaps.core.smb_delivery,aaps,True,smb_interval_minutes=3 min; max_smb_basal_minutes=45 min; max_uam_smb_basal_minutes=30 min,keep,smb_interval_minutes=3 min; max_smb_basal_minutes=45 min; max_uam_smb_basal_minutes=30 min,Delivery parameters are safely matched to profile DIA and basal rates.
gemini36flash_50,run_032,aaps.core.safety_limits,aaps,True,max_basal_u_per_hour=2.4 U/h; max_iob_units=8 U,keep,max_basal_u_per_hour=2.4 U/h; max_iob_units=8 U,Limits provide an appropriate ceiling (~2.3x max scheduled basal) while preventing insulin stacking.
gemini36flash_50,run_032,aaps.core.sensitivity,aaps,True,autosens_enabled=null; dynamic_sensitivity_enabled=null; autosens_raises_target=null; autosens_lowers_target=null; dynamic_isf_adjustment_factor_percent=100 %,verify,,Dynamic ISF factor is active at 100%; verify specific Autosens UI toggles in local AAPS preferences.
gemini36flash_50,run_032,aaps.core.carb_absorption,aaps,True,min_5m_carbimpact=3 mg/dL/5 min; meal_max_absorption_hours=6 h,keep,min_5m_carbimpact=3 mg/dL/5 min; meal_max_absorption_hours=6 h,Carbohydrate absorption parameters accurately match observed glucose decay timelines.
gemini36flash_50,run_033,profile.basal.00_00,profile,True,0.85 U/h,keep,0.85 U/h,Overnight glucose remains perfectly flat between 102 and 108 mg/dL from 00:00 to 06:00 without hypoglycemia.
gemini36flash_50,run_033,profile.basal.06_00,profile,True,0.95 U/h,keep,0.95 U/h,Morning baseline glucose is stable around 105-115 mg/dL prior to breakfast.
gemini36flash_50,run_033,profile.basal.12_00,profile,True,0.9 U/h,keep,0.9 U/h,Afternoon glucose levels remain steady between post-meal recoveries.
gemini36flash_50,run_033,profile.basal.18_00,profile,True,1.05 U/h,keep,1.05 U/h,Evening baseline glucose remains stable near 100-110 mg/dL without drift.
gemini36flash_50,run_033,profile.cr.00_00,profile,True,12 g/U,keep,12 g/U,Overnight carb ratio is appropriate for late snacks or corrections.
gemini36flash_50,run_033,profile.cr.06_00,profile,True,10 g/U,keep,10 g/U,Weekday breakfasts return smoothly to target within 3-4 hours.
gemini36flash_50,run_033,profile.cr.12_00,profile,True,11 g/U,keep,11 g/U,"Midday carb coverage yields safe, complete post-prandial recovery."
gemini36flash_50,run_033,profile.cr.18_00,profile,True,9 g/U,keep,9 g/U,Dinner boluses cleanly return glucose to baseline by 22:00-24:00.
gemini36flash_50,run_033,profile.isf.00_00,profile,True,48 mg/dL/U,keep,48 mg/dL/U,"Overnight sensitivity provides gentle, effective correction without hypoglycemia."
gemini36flash_50,run_033,profile.isf.06_00,profile,True,42 mg/dL/U,keep,42 mg/dL/U,Morning sensitivity accurately scales correction doses.
gemini36flash_50,run_033,profile.isf.12_00,profile,True,45 mg/dL/U,keep,45 mg/dL/U,Afternoon sensitivity maintains proper insulin response.
gemini36flash_50,run_033,profile.isf.18_00,profile,True,40 mg/dL/U,keep,40 mg/dL/U,Evening sensitivity provides safe correction authority.
gemini36flash_50,run_033,profile.target.00_00,profile,True,95-110 mg/dL,keep,95-110 mg/dL,Overnight target range supports safe baseline control.
gemini36flash_50,run_033,profile.target.06_00,profile,True,90-105 mg/dL,keep,90-105 mg/dL,Daytime target range yields high time-in-range without low glucose risk.
gemini36flash_50,run_033,profile.target.22_00,profile,True,100-115 mg/dL,keep,100-115 mg/dL,Pre-bedtime target provides an extra safety margin overnight.
gemini36flash_50,run_033,profile.dia,profile,True,5.5 h,keep,5.5 h,5.5-hour DIA matches modern rapid-acting insulin tail kinetics and prevents stacking.
gemini36flash_50,run_033,aaps.core.smb_uam,aaps,True,smb_enabled=true; uam_enabled=true,keep,smb_enabled=true; uam_enabled=true,Both SMB and UAM are active and successfully managing post-prandial excursions.
gemini36flash_50,run_033,aaps.core.smb_activation,aaps,True,smb_always_enabled=null; smb_with_cob_enabled=null; smb_after_carbs_enabled=null; smb_with_temp_target_enabled=null; smb_with_high_temp_target_enabled=null,verify,,Exported settings contain null entries for specific activation conditions. Verify settings in the AAPS user interface.
gemini36flash_50,run_033,aaps.core.smb_delivery,aaps,True,smb_interval_minutes=3 min; max_smb_basal_minutes=45 min; max_uam_smb_basal_minutes=30 min,keep,smb_interval_minutes=3 min; max_smb_basal_minutes=45 min; max_uam_smb_basal_minutes=30 min,Delivery parameters are set to effective oref1 standard values.
gemini36flash_50,run_033,aaps.core.safety_limits,aaps,True,max_basal_u_per_hour=2.4 U/h; max_iob_units=8 U,keep,max_basal_u_per_hour=2.4 U/h; max_iob_units=8 U,Safety limits provide adequate loop authority while preventing excessive IOB accumulation.
gemini36flash_50,run_033,aaps.core.sensitivity,aaps,True,autosens_enabled=null; dynamic_sensitivity_enabled=null; autosens_raises_target=null; autosens_lowers_target=null; dynamic_isf_adjustment_factor_percent=100 %,verify,,Autosens toggles are null in export data. Verify active sensitivity toggles in AAPS user interface.
gemini36flash_50,run_033,aaps.core.carb_absorption,aaps,True,min_5m_carbimpact=3 mg/dL/5 min; meal_max_absorption_hours=6 h,keep,min_5m_carbimpact=3 mg/dL/5 min; meal_max_absorption_hours=6 h,Carbohydrate decay parameters provide accurate COB modeling.
gemini36flash_50,run_034,profile.basal.00_00,profile,True,0.85 U/h,keep,0.85 U/h,Overnight glucose remains stable within target (mean 102-106 mg/dL) with no clinical hypoglycemia.
gemini36flash_50,run_034,profile.basal.06_00,profile,True,0.95 U/h,keep,0.95 U/h,Fasting morning glucose is stable (107-117 mg/dL) prior to breakfast.
gemini36flash_50,run_034,profile.basal.12_00,profile,True,0.9 U/h,keep,0.9 U/h,Afternoon glucose remains stable and within target range across all days.
gemini36flash_50,run_034,profile.basal.18_00,profile,True,1.05 U/h,keep,1.05 U/h,Evening fasting windows hold steady without glucose drift.
gemini36flash_50,run_034,profile.cr.00_00,profile,True,12 g/U,keep,12 g/U,Overnight carb coverage segment is appropriate and balanced.
gemini36flash_50,run_034,profile.cr.06_00,profile,True,10 g/U,keep,10 g/U,Breakfast and brunch boluses bring glucose back to pre-meal levels within 4 hours.
gemini36flash_50,run_034,profile.cr.12_00,profile,True,11 g/U,keep,11 g/U,Midday carb ratio accurately covers afternoon meals without postprandial lows.
gemini36flash_50,run_034,profile.cr.18_00,profile,True,9 g/U,keep,9 g/U,Dinner boluses resolve cleanly to baseline (+0 to -9 mg/dL change at 240 min).
gemini36flash_50,run_034,profile.isf.00_00,profile,True,48 mg/dL/U,keep,48 mg/dL/U,Overnight corrections are effective without overshooting into low glucose.
gemini36flash_50,run_034,profile.isf.06_00,profile,True,42 mg/dL/U,keep,42 mg/dL/U,Morning sensitivity factor operates effectively alongside closed-loop corrections.
gemini36flash_50,run_034,profile.isf.12_00,profile,True,45 mg/dL/U,keep,45 mg/dL/U,Afternoon sensitivity accurately reflects correction insulin requirements.
gemini36flash_50,run_034,profile.isf.18_00,profile,True,40 mg/dL/U,keep,40 mg/dL/U,Evening sensitivity provides safe closed-loop automated corrections.
gemini36flash_50,run_034,profile.target.00_00,profile,True,95-110 mg/dL,keep,95-110 mg/dL,Overnight target range maintains stable glucose near 100-105 mg/dL.
gemini36flash_50,run_034,profile.target.06_00,profile,True,90-105 mg/dL,keep,90-105 mg/dL,Daytime target range provides tight control with high Time in Range.
gemini36flash_50,run_034,profile.target.22_00,profile,True,100-115 mg/dL,keep,100-115 mg/dL,Late evening target prevents bedtime hypoglycemia.
gemini36flash_50,run_034,profile.dia,profile,True,5.5 h,keep,5.5 h,Duration of Insulin Action of 5.5 hours accurately models insulin decay and prevents stacking.
gemini36flash_50,run_034,aaps.core.smb_uam,aaps,True,smb_enabled=true; uam_enabled=true,keep,smb_enabled=true; uam_enabled=true,Active SMB and UAM switches support excellent glycemic control (99.7% TIR).
gemini36flash_50,run_034,aaps.core.smb_activation,aaps,True,smb_always_enabled=null; smb_with_cob_enabled=null; smb_after_carbs_enabled=null; smb_with_temp_target_enabled=null; smb_with_high_temp_target_enabled=null,verify,,Component activation flags are null in raw telemetry export; verify directly in AAPS settings.
gemini36flash_50,run_034,aaps.core.smb_delivery,aaps,True,smb_interval_minutes=3 min; max_smb_basal_minutes=45 min; max_uam_smb_basal_minutes=30 min,keep,smb_interval_minutes=3 min; max_smb_basal_minutes=45 min; max_uam_smb_basal_minutes=30 min,"3-minute SMB delivery interval with 45/30 minute basal caps provides safe, effective closed-loop micro-dosing."
gemini36flash_50,run_034,aaps.core.safety_limits,aaps,True,max_basal_u_per_hour=2.4 U/h; max_iob_units=8 U,keep,max_basal_u_per_hour=2.4 U/h; max_iob_units=8 U,"Safety limits (max basal 2.4 U/h, max IOB 8 U) effectively cap delivery without restricting needed corrections."
gemini36flash_50,run_034,aaps.core.sensitivity,aaps,True,autosens_enabled=null; dynamic_sensitivity_enabled=null; autosens_raises_target=null; autosens_lowers_target=null; dynamic_isf_adjustment_factor_percent=100 %,verify,,Autosens toggle switches are null in raw export; verify settings in the AAPS user interface.
gemini36flash_50,run_034,aaps.core.carb_absorption,aaps,True,min_5m_carbimpact=3 mg/dL/5 min; meal_max_absorption_hours=6 h,keep,min_5m_carbimpact=3 mg/dL/5 min; meal_max_absorption_hours=6 h,Carbohydrate absorption settings correctly calculate COB decay across fast and mixed meal entries.
gemini36flash_50,run_035,profile.basal.00_00,profile,True,0.85 U/h,keep,0.85 U/h,"Overnight local hourly glucose average (00:00-05:00) remains flat at 102.3-107.5 mg/dL with 0.0% hypoglycemia, confirming 0.85 U/h is optimal."
gemini36flash_50,run_035,profile.basal.06_00,profile,True,0.95 U/h,keep,0.95 U/h,"Morning non-meal periods stay steady between 109 and 119 mg/dL, showing no basal drift or rise."
gemini36flash_50,run_035,profile.basal.12_00,profile,True,0.9 U/h,keep,0.9 U/h,"Afternoon non-meal glucose averages 108-116 mg/dL with 100% Time-in-Range, demonstrating accurate basal coverage."
gemini36flash_50,run_035,profile.basal.18_00,profile,True,1.05 U/h,keep,1.05 U/h,Evening glucose trends remain stable at 102-111 mg/dL prior to dinner and into early sleep hours.
gemini36flash_50,run_035,profile.cr.00_00,profile,True,12 g/U,keep,12 g/U,No routine midnight meals present; default setting is safe and aligns with nighttime insulin sensitivity.
gemini36flash_50,run_035,profile.cr.06_00,profile,True,10 g/U,keep,10 g/U,"Weekday breakfast boluses (42g carbs, 4.2 U) return glucose to baseline (115-130 mg/dL) within 240 minutes without late lows."
gemini36flash_50,run_035,profile.cr.12_00,profile,True,11 g/U,keep,11 g/U,"Weekend brunch boluses (68g carbs, 5.8 U) return glucose cleanly to 111-115 mg/dL by 240-360 minutes."
gemini36flash_50,run_035,profile.cr.18_00,profile,True,9 g/U,keep,9 g/U,"Dinner boluses (54g carbs, 5.5 U) yield smooth 2-hour rises (+15 to +41 mg/dL) and settle cleanly to 98-109 mg/dL by 240 minutes."
gemini36flash_50,run_035,profile.isf.00_00,profile,True,48 mg/dL/U,keep,48 mg/dL/U,Overnight corrections (when triggered) and SMB micro-dosing operate smoothly without causing hypoglycemia.
gemini36flash_50,run_035,profile.isf.06_00,profile,True,42 mg/dL/U,keep,42 mg/dL/U,"Morning sensitivity aligns with mild dawn phenomenon, preventing over-correction."
gemini36flash_50,run_035,profile.isf.12_00,profile,True,45 mg/dL/U,keep,45 mg/dL/U,Mid-day automated corrections safely resolve meal residuals without glucose undershoot.
gemini36flash_50,run_035,profile.isf.18_00,profile,True,40 mg/dL/U,keep,40 mg/dL/U,Evening corrections resolve dinner residuals safely to target range.
gemini36flash_50,run_035,profile.target.00_00,profile,True,95-110 mg/dL,keep,95-110 mg/dL,Target range provides excellent overnight stability (mean glucose ~104 mg/dL) with zero hypoglycemia.
gemini36flash_50,run_035,profile.target.06_00,profile,True,90-105 mg/dL,keep,90-105 mg/dL,Daytime target segment maintains high Time-in-Range (99.7%) safely.
gemini36flash_50,run_035,profile.target.22_00,profile,True,100-115 mg/dL,keep,100-115 mg/dL,Slightly elevated bedtime target provides an appropriate safety buffer entering sleep.
gemini36flash_50,run_035,profile.dia,profile,True,5.5 h,keep,5.5 h,5.5-hour duration of insulin action matches observed postprandial glucose decay curves back to baseline without insulin stacking.
gemini36flash_50,run_035,aaps.core.smb_uam,aaps,True,smb_enabled=true; uam_enabled=true,keep,smb_enabled=true; uam_enabled=true,SMB and UAM are both enabled and effectively control unannounced absorption and meal residual rises without safety issues.
gemini36flash_50,run_035,aaps.core.smb_activation,aaps,True,smb_always_enabled=null; smb_with_cob_enabled=null; smb_after_carbs_enabled=null; smb_with_temp_target_enabled=null; smb_with_high_temp_target_enabled=null,verify,,Source components are null in raw device status exports. Verify in the AAPS user interface that SMB activation conditions match intended preferences.
gemini36flash_50,run_035,aaps.core.smb_delivery,aaps,True,smb_interval_minutes=3 min; max_smb_basal_minutes=45 min; max_uam_smb_basal_minutes=30 min,keep,smb_interval_minutes=3 min; max_smb_basal_minutes=45 min; max_uam_smb_basal_minutes=30 min,"Delivery intervals and max basal minute multipliers provide safe, responsive micro-dosing that successfully manages meal peaks."
gemini36flash_50,run_035,aaps.core.safety_limits,aaps,True,max_basal_u_per_hour=2.4 U/h; max_iob_units=8 U,keep,max_basal_u_per_hour=2.4 U/h; max_iob_units=8 U,Max basal (2.4 U/h) and max IOB (8.0 U) limits are appropriately scaled to user profile bolus sizes and prevent excessive insulin delivery.
gemini36flash_50,run_035,aaps.core.sensitivity,aaps,True,autosens_enabled=null; dynamic_sensitivity_enabled=null; autosens_raises_target=null; autosens_lowers_target=null; dynamic_isf_adjustment_factor_percent=100 %,verify,,Autosens sub-flags are null in telemetry export. Verify in AAPS UI that sensitivity algorithm settings are active as intended while keeping dynamic ISF factor at 100%.
gemini36flash_50,run_035,aaps.core.carb_absorption,aaps,True,min_5m_carbimpact=3 mg/dL/5 min; meal_max_absorption_hours=6 h,keep,min_5m_carbimpact=3 mg/dL/5 min; meal_max_absorption_hours=6 h,"Carbohydrate absorption settings (min_5m_carbimpact 3.0, max duration 6h) accurately reflect actual absorption times across fast and mixed meals."
gemini36flash_50,run_036,profile.basal.00_00,profile,True,0.85 U/h,keep,0.85 U/h,Overnight glucose is flat and stable (mean 103-107 mg/dL) with zero hypoglycemia.
gemini36flash_50,run_036,profile.basal.06_00,profile,True,0.95 U/h,keep,0.95 U/h,Fasting morning glucose remains in target without dawn phenomenon rise.
gemini36flash_50,run_036,profile.basal.12_00,profile,True,0.9 U/h,keep,0.9 U/h,Afternoon glucose stays flat and in range between meal windows.
gemini36flash_50,run_036,profile.basal.18_00,profile,True,1.05 U/h,keep,1.05 U/h,Evening baseline is stable with safe post-dinner glucose decay.
gemini36flash_50,run_036,profile.cr.00_00,profile,True,12 g/U,keep,12 g/U,Overnight carb ratio is appropriate for late-night corrections or snacks.
gemini36flash_50,run_036,profile.cr.06_00,profile,True,10 g/U,keep,10 g/U,Weekday breakfast boluses consistently return glucose to baseline by 4 hours.
gemini36flash_50,run_036,profile.cr.12_00,profile,True,11 g/U,keep,11 g/U,Midday carb ratio effectively covers afternoon meals without causing late lows.
gemini36flash_50,run_036,profile.cr.18_00,profile,True,9 g/U,keep,9 g/U,Dinner boluses demonstrate excellent 4-hour recovery to target baseline.
gemini36flash_50,run_036,profile.isf.00_00,profile,True,48 mg/dL/U,keep,48 mg/dL/U,Overnight sensitivity is appropriate with no over-correction drops.
gemini36flash_50,run_036,profile.isf.06_00,profile,True,42 mg/dL/U,keep,42 mg/dL/U,Morning sensitivity handles corrections safely.
gemini36flash_50,run_036,profile.isf.12_00,profile,True,45 mg/dL/U,keep,45 mg/dL/U,Midday ISF maintains stable correction responses.
gemini36flash_50,run_036,profile.isf.18_00,profile,True,40 mg/dL/U,keep,40 mg/dL/U,Evening ISF is properly calibrated with safe meal and correction curves.
gemini36flash_50,run_036,profile.target.00_00,profile,True,95-110 mg/dL,keep,95-110 mg/dL,Overnight target range supports safe tight control.
gemini36flash_50,run_036,profile.target.06_00,profile,True,90-105 mg/dL,keep,90-105 mg/dL,Daytime target range is highly effective.
gemini36flash_50,run_036,profile.target.22_00,profile,True,100-115 mg/dL,keep,100-115 mg/dL,Pre-bed target range provides safe buffer entering sleep.
gemini36flash_50,run_036,profile.dia,profile,True,5.5 h,keep,5.5 h,5.5h DIA accurately reflects modern rapid-acting insulin duration and prevents insulin stacking.
gemini36flash_50,run_036,aaps.core.smb_uam,aaps,True,smb_enabled=true; uam_enabled=true,keep,smb_enabled=true; uam_enabled=true,Active SMB and UAM achieve 99.7% TIR without hypoglycemia.
gemini36flash_50,run_036,aaps.core.smb_activation,aaps,True,smb_always_enabled=null; smb_with_cob_enabled=null; smb_after_carbs_enabled=null; smb_with_temp_target_enabled=null; smb_with_high_temp_target_enabled=null,verify,,Source component flags are unpopulated in export payload; verify specific conditional SMB toggles on physical device.
gemini36flash_50,run_036,aaps.core.smb_delivery,aaps,True,smb_interval_minutes=3 min; max_smb_basal_minutes=45 min; max_uam_smb_basal_minutes=30 min,keep,smb_interval_minutes=3 min; max_smb_basal_minutes=45 min; max_uam_smb_basal_minutes=30 min,Delivery timing parameters provide efficient automated micro-boluses without over-delivery.
gemini36flash_50,run_036,aaps.core.safety_limits,aaps,True,max_basal_u_per_hour=2.4 U/h; max_iob_units=8 U,keep,max_basal_u_per_hour=2.4 U/h; max_iob_units=8 U,Safety limits effectively bound automated delivery relative to basal rates and typical meal sizes.
gemini36flash_50,run_036,aaps.core.sensitivity,aaps,True,autosens_enabled=null; dynamic_sensitivity_enabled=null; autosens_raises_target=null; autosens_lowers_target=null; dynamic_isf_adjustment_factor_percent=100 %,verify,,Autosens component toggles are null in payload; 100% Dynamic ISF operates neutrally and safely.
gemini36flash_50,run_036,aaps.core.carb_absorption,aaps,True,min_5m_carbimpact=3 mg/dL/5 min; meal_max_absorption_hours=6 h,keep,min_5m_carbimpact=3 mg/dL/5 min; meal_max_absorption_hours=6 h,Absorption settings prevent premature carb decay while maintaining safe post-prandial decay trajectories.
gemini36flash_50,run_037,profile.basal.00_00,profile,True,0.85 U/h,keep,0.85 U/h,"Overnight glucose remains stable between 102.3 and 107.5 mg/dL, directly on target (95-110 mg/dL) with zero nocturnal hypoglycemia."
gemini36flash_50,run_037,profile.basal.06_00,profile,True,0.95 U/h,keep,0.95 U/h,Morning baseline glucose holds steady without unprompted drifts prior to breakfast.
gemini36flash_50,run_037,profile.basal.12_00,profile,True,0.9 U/h,keep,0.9 U/h,Afternoon glucose returns smoothly to baseline post-brunch or lunch without basal drift.
gemini36flash_50,run_037,profile.basal.18_00,profile,True,1.05 U/h,keep,1.05 U/h,Evening glucose remains stable at 106.2-111.1 mg/dL following dinner digestion.
gemini36flash_50,run_037,profile.cr.00_00,profile,True,12 g/U,keep,12 g/U,Nighttime CR segment is inactive for major meals; no nocturnal carb intake recorded.
gemini36flash_50,run_037,profile.cr.06_00,profile,True,10 g/U,keep,10 g/U,"Weekday breakfast boluses (42g carbs, 4.2 U) return postprandial glucose to baseline by 4 hours."
gemini36flash_50,run_037,profile.cr.12_00,profile,True,11 g/U,keep,11 g/U,"Weekend brunch boluses (68g carbs, 5.8 U) return to target range at 240-360 minutes; transient 2-hour peak is timing-related rather than CR deficiency."
gemini36flash_50,run_037,profile.cr.18_00,profile,True,9 g/U,keep,9 g/U,"Dinner boluses (54g carbs, 5.5 U) show minimal excursion (+15 to +41 mg/dL) and full recovery."
gemini36flash_50,run_037,profile.isf.00_00,profile,True,48 mg/dL/U,keep,48 mg/dL/U,Nocturnal automated corrections operate safely without overshooting target.
gemini36flash_50,run_037,profile.isf.06_00,profile,True,42 mg/dL/U,keep,42 mg/dL/U,Morning correction responsiveness is appropriate.
gemini36flash_50,run_037,profile.isf.12_00,profile,True,45 mg/dL/U,keep,45 mg/dL/U,Afternoon sensitivity factor manages residual excursions effectively.
gemini36flash_50,run_037,profile.isf.18_00,profile,True,40 mg/dL/U,keep,40 mg/dL/U,Evening sensitivity factor maintains stable post-dinner trajectory.
gemini36flash_50,run_037,profile.target.00_00,profile,True,95-110 mg/dL,keep,95-110 mg/dL,Nocturnal target range aligns perfectly with achieved mean overnight glucose (102.3-107.5 mg/dL).
gemini36flash_50,run_037,profile.target.06_00,profile,True,90-105 mg/dL,keep,90-105 mg/dL,Daytime target range supports tight control without increasing hypoglycemia risk.
gemini36flash_50,run_037,profile.target.22_00,profile,True,100-115 mg/dL,keep,100-115 mg/dL,Pre-bed target range provides an appropriate safety buffer entering sleep.
gemini36flash_50,run_037,profile.dia,profile,True,5.5 h,keep,5.5 h,DIA of 5.5 hours accurately reflects actual rapid-acting insulin pharmacodynamics and prevents stacking.
gemini36flash_50,run_037,aaps.core.smb_uam,aaps,True,smb_enabled=true; uam_enabled=true,keep,smb_enabled=true; uam_enabled=true,SMB and UAM are active and functioning effectively to maintain 99.7% TIR without hypoglycemia.
gemini36flash_50,run_037,aaps.core.smb_activation,aaps,True,smb_always_enabled=null; smb_with_cob_enabled=null; smb_after_carbs_enabled=null; smb_with_temp_target_enabled=null; smb_with_high_temp_target_enabled=null,verify,smb_always_enabled=null; smb_with_cob_enabled=null; smb_after_carbs_enabled=null; smb_with_temp_target_enabled=null; smb_with_high_temp_target_enabled=null,Sub-settings are reported as null in the export context. Verify in AAPS UI that SMB activation triggers match intended preferences.
gemini36flash_50,run_037,aaps.core.smb_delivery,aaps,True,smb_interval_minutes=3 min; max_smb_basal_minutes=45 min; max_uam_smb_basal_minutes=30 min,keep,smb_interval_minutes=3 min; max_smb_basal_minutes=45 min; max_uam_smb_basal_minutes=30 min,Delivery parameters represent standard oref1 configuration and provide responsive closed-loop adjustments.
gemini36flash_50,run_037,aaps.core.safety_limits,aaps,True,max_basal_u_per_hour=2.4 U/h; max_iob_units=8 U,keep,max_basal_u_per_hour=2.4 U/h; max_iob_units=8 U,Safety limits prevent runaway automated delivery while permitting adequate meal drift correction.
gemini36flash_50,run_037,aaps.core.sensitivity,aaps,True,autosens_enabled=null; dynamic_sensitivity_enabled=null; autosens_raises_target=null; autosens_lowers_target=null; dynamic_isf_adjustment_factor_percent=100 %,verify,autosens_enabled=null; dynamic_sensitivity_enabled=null; autosens_raises_target=null; autosens_lowers_target=null; dynamic_isf_adjustment_factor_percent=100 %,Dynamic ISF adjustment factor is 100%. Specific Autosens toggles are null in export and should be verified in AAPS UI.
gemini36flash_50,run_037,aaps.core.carb_absorption,aaps,True,min_5m_carbimpact=3 mg/dL/5 min; meal_max_absorption_hours=6 h,keep,min_5m_carbimpact=3 mg/dL/5 min; meal_max_absorption_hours=6 h,Carbohydrate absorption parameters adequately model decay over a 6-hour maximum absorption window.
gemini36flash_50,run_038,profile.basal.00_00,profile,True,0.85 U/h,keep,0.85 U/h,Overnight glucose from 00:00 to 06:00 local time remains perfectly stable between 102.3 and 107.5 mg/dL with 100% TIR.
gemini36flash_50,run_038,profile.basal.06_00,profile,True,0.95 U/h,keep,0.95 U/h,Morning baseline glucose remains stable around 112-117 mg/dL during fasting periods without requiring heavy loop adjustments.
gemini36flash_50,run_038,profile.basal.12_00,profile,True,0.9 U/h,keep,0.9 U/h,Afternoon glucose levels remain well-controlled with average hourly readings between 111 and 128 mg/dL.
gemini36flash_50,run_038,profile.basal.18_00,profile,True,1.05 U/h,keep,1.05 U/h,Evening glucose remains steady (106-120 mg/dL local hourly mean) and dinner recoveries are smooth.
gemini36flash_50,run_038,profile.cr.00_00,profile,True,12 g/U,keep,12 g/U,Midnight carb ratio segment is appropriately set for late-night carbohydrate coverage.
gemini36flash_50,run_038,profile.cr.06_00,profile,True,10 g/U,keep,10 g/U,Weekday breakfast boluses (42g / 4.2 U) yield predictable rises (+33 to +57 mg/dL at +120m) and complete recovery by +360m.
gemini36flash_50,run_038,profile.cr.12_00,profile,True,11 g/U,keep,11 g/U,Midday carb ratio effectively covers weekend brunch (68g / 5.8 U) in combination with e-carbs strategy.
gemini36flash_50,run_038,profile.cr.18_00,profile,True,9 g/U,keep,9 g/U,Evening dinner boluses (54g / 5.5 U) show smooth recovery to target (~98-114 mg/dL) at +360m.
gemini36flash_50,run_038,profile.isf.00_00,profile,True,48 mg/dL/U,keep,48 mg/dL/U,Overnight sensitivity is appropriate; no overnight hypoglycemia or unmanaged spikes observed.
gemini36flash_50,run_038,profile.isf.06_00,profile,True,42 mg/dL/U,keep,42 mg/dL/U,Morning sensitivity accurately reflects mild dawn resistance without over-correcting.
gemini36flash_50,run_038,profile.isf.12_00,profile,True,45 mg/dL/U,keep,45 mg/dL/U,"Midday correction sensitivity provides safe, effective micro-bolus responses."
gemini36flash_50,run_038,profile.isf.18_00,profile,True,40 mg/dL/U,keep,40 mg/dL/U,Evening ISF supports accurate postprandial correction calculation without late insulin stacking.
gemini36flash_50,run_038,profile.target.00_00,profile,True,95-110 mg/dL,keep,95-110 mg/dL,Overnight target range maintains stable euglycemia near 104 mg/dL.
gemini36flash_50,run_038,profile.target.06_00,profile,True,90-105 mg/dL,keep,90-105 mg/dL,Daytime target range supports excellent overall average glucose of 117.0 mg/dL.
gemini36flash_50,run_038,profile.target.22_00,profile,True,100-115 mg/dL,keep,100-115 mg/dL,Late evening target provides a safe transition into sleep.
gemini36flash_50,run_038,profile.dia,profile,True,5.5 h,keep,5.5 h,5.5-hour DIA accurately models rapid-acting insulin decay and prevents premature SMB delivery or IOB stacking.
gemini36flash_50,run_038,aaps.core.smb_uam,aaps,True,smb_enabled=true; uam_enabled=true,keep,smb_enabled=true; uam_enabled=true,"SMB and UAM operate effectively, maintaining 99.7% TIR and preventing postprandial excursions above 188 mg/dL."
gemini36flash_50,run_038,aaps.core.smb_activation,aaps,True,smb_always_enabled=null; smb_with_cob_enabled=null; smb_after_carbs_enabled=null; smb_with_temp_target_enabled=null; smb_with_high_temp_target_enabled=null,verify,,Sub-condition flags are null in the telemetry export and should be verified in the AAPS smartphone UI.
gemini36flash_50,run_038,aaps.core.smb_delivery,aaps,True,smb_interval_minutes=3 min; max_smb_basal_minutes=45 min; max_uam_smb_basal_minutes=30 min,keep,smb_interval_minutes=3 min; max_smb_basal_minutes=45 min; max_uam_smb_basal_minutes=30 min,"3-minute SMB interval with 30-45 minute max SMB basal limits provides safe, incremental micro-dosing."
gemini36flash_50,run_038,aaps.core.safety_limits,aaps,True,max_basal_u_per_hour=2.4 U/h; max_iob_units=8 U,keep,max_basal_u_per_hour=2.4 U/h; max_iob_units=8 U,Max basal of 2.4 U/h (~2.3x max scheduled basal) and max IOB of 8.0 U effectively prevent excessive insulin delivery.
gemini36flash_50,run_038,aaps.core.sensitivity,aaps,True,autosens_enabled=null; dynamic_sensitivity_enabled=null; autosens_raises_target=null; autosens_lowers_target=null; dynamic_isf_adjustment_factor_percent=100 %,verify,,"Dynamic ISF scaling is confirmed at 100%, but Autosens sub-flags are null in export and should be verified in the app UI."
gemini36flash_50,run_038,aaps.core.carb_absorption,aaps,True,min_5m_carbimpact=3 mg/dL/5 min; meal_max_absorption_hours=6 h,keep,min_5m_carbimpact=3 mg/dL/5 min; meal_max_absorption_hours=6 h,Min 5m carb impact of 3 mg/dL/5 min and 6-hour max absorption match observed meal absorption curves.
gemini36flash_50,run_039,profile.basal.00_00,profile,True,0.85 U/h,keep,0.85 U/h,Overnight glucose remains flat and stable between 102 and 108 mg/dL with 0% hypoglycemia. No change needed.
gemini36flash_50,run_039,profile.basal.06_00,profile,True,0.95 U/h,keep,0.95 U/h,Morning fasting periods are stable and baseline glucose is well-maintained. No change needed.
gemini36flash_50,run_039,profile.basal.12_00,profile,True,0.9 U/h,keep,0.9 U/h,Afternoon glucose levels return to baseline cleanly following meal absorption. No change needed.
gemini36flash_50,run_039,profile.basal.18_00,profile,True,1.05 U/h,keep,1.05 U/h,Evening fasting glucose is stable and dinner recovery is predictable. No change needed.
gemini36flash_50,run_039,profile.cr.00_00,profile,True,12 g/U,keep,12 g/U,Overnight/late-night coverage is accurate with no observed late glucose rises or drops. No change needed.
gemini36flash_50,run_039,profile.cr.06_00,profile,True,10 g/U,keep,10 g/U,Weekday breakfast recovery at 4 hours is within +1 to +8 mg/dL of starting glucose. No change needed.
gemini36flash_50,run_039,profile.cr.12_00,profile,True,11 g/U,keep,11 g/U,Overall insulin requirement for weekend brunch is accurate as glucose returns to baseline by 4-6 hours. Peak is timing-driven. No change needed.
gemini36flash_50,run_039,profile.cr.18_00,profile,True,9 g/U,keep,9 g/U,Dinner postprandial trajectory is smooth with predictable recovery. No change needed.
gemini36flash_50,run_039,profile.isf.00_00,profile,True,48 mg/dL/U,keep,48 mg/dL/U,No overnight correction instability or over-shooting observed. No change needed.
gemini36flash_50,run_039,profile.isf.06_00,profile,True,42 mg/dL/U,keep,42 mg/dL/U,Morning corrections and loop adjustments perform safely. No change needed.
gemini36flash_50,run_039,profile.isf.12_00,profile,True,45 mg/dL/U,keep,45 mg/dL/U,Midday sensitivity is well-calibrated. No change needed.
gemini36flash_50,run_039,profile.isf.18_00,profile,True,40 mg/dL/U,keep,40 mg/dL/U,Evening correction responses are predictable and safe. No change needed.
gemini36flash_50,run_039,profile.target.00_00,profile,True,95-110 mg/dL,keep,95-110 mg/dL,Target window maintains overnight glucose safely above hypoglycemia thresholds. No change needed.
gemini36flash_50,run_039,profile.target.06_00,profile,True,90-105 mg/dL,keep,90-105 mg/dL,Daytime target is effective and well-tolerated. No change needed.
gemini36flash_50,run_039,profile.target.22_00,profile,True,100-115 mg/dL,keep,100-115 mg/dL,Bedtime target provides appropriate safety margin going into sleep. No change needed.
gemini36flash_50,run_039,profile.dia,profile,True,5.5 h,keep,5.5 h,5.5 hours matches modern rapid-acting insulin pharmacokinetics and prevents insulin stacking. No change needed.
gemini36flash_50,run_039,aaps.core.smb_uam,aaps,True,smb_enabled=true; uam_enabled=true,keep,smb_enabled=true; uam_enabled=true,SMB and UAM are both active and functioning effectively without over-dosing. No change needed.
gemini36flash_50,run_039,aaps.core.smb_activation,aaps,True,smb_always_enabled=null; smb_with_cob_enabled=null; smb_after_carbs_enabled=null; smb_with_temp_target_enabled=null; smb_with_high_temp_target_enabled=null,verify,,Activation condition components are null in the export context. Verify actual toggle states on the device.
gemini36flash_50,run_039,aaps.core.smb_delivery,aaps,True,smb_interval_minutes=3 min; max_smb_basal_minutes=45 min; max_uam_smb_basal_minutes=30 min,keep,smb_interval_minutes=3 min; max_smb_basal_minutes=45 min; max_uam_smb_basal_minutes=30 min,SMB frequency and max basal minutes are appropriately constrained for safety. No change needed.
gemini36flash_50,run_039,aaps.core.safety_limits,aaps,True,max_basal_u_per_hour=2.4 U/h; max_iob_units=8 U,keep,max_basal_u_per_hour=2.4 U/h; max_iob_units=8 U,Max basal (2.4 U/h) and max IOB (8 U) offer safe operational headroom without excessive hypoglycemia risk. No change needed.
gemini36flash_50,run_039,aaps.core.sensitivity,aaps,True,autosens_enabled=null; dynamic_sensitivity_enabled=null; autosens_raises_target=null; autosens_lowers_target=null; dynamic_isf_adjustment_factor_percent=100 %,verify,,Autosens toggle states are null in the raw export. Dynamic ISF adjustment factor (100%) is neutral. Verify settings on-device.
gemini36flash_50,run_039,aaps.core.carb_absorption,aaps,True,min_5m_carbimpact=3 mg/dL/5 min; meal_max_absorption_hours=6 h,keep,min_5m_carbimpact=3 mg/dL/5 min; meal_max_absorption_hours=6 h,Minimum carb impact and max absorption duration match observed meal recovery patterns. No change needed.
gemini36flash_50,run_040,profile.basal.00_00,profile,True,0.85 U/h,keep,0.85 U/h,Overnight glucose remains stable between 102 and 115 mg/dL with zero hypoglycemia.
gemini36flash_50,run_040,profile.basal.06_00,profile,True,0.95 U/h,keep,0.95 U/h,Maintains daytime baseline stability without drift between meals.
gemini36flash_50,run_040,profile.basal.12_00,profile,True,0.9 U/h,keep,0.9 U/h,Sustains flat afternoon glucose baseline outside meal windows.
gemini36flash_50,run_040,profile.basal.18_00,profile,True,1.05 U/h,keep,1.05 U/h,Holds evening glucose stable post-dinner through bedtime.
gemini36flash_50,run_040,profile.cr.00_00,profile,True,12 g/U,keep,12 g/U,No late-night meal coverage issues identified.
gemini36flash_50,run_040,profile.cr.06_00,profile,True,10 g/U,keep,10 g/U,Glucose returns accurately to pre-meal baseline by 4-6 hours post-breakfast.
gemini36flash_50,run_040,profile.cr.12_00,profile,True,11 g/U,keep,11 g/U,Successfully returns glucose to baseline following weekend brunch.
gemini36flash_50,run_040,profile.cr.18_00,profile,True,9 g/U,keep,9 g/U,Excellent post-dinner response with zero late-stage hypoglycemia.
gemini36flash_50,run_040,profile.isf.00_00,profile,True,48 mg/dL/U,keep,48 mg/dL/U,Overnight correction responsiveness is stable and safe.
gemini36flash_50,run_040,profile.isf.06_00,profile,True,42 mg/dL/U,keep,42 mg/dL/U,Morning sensitivity calculations are well-aligned with observed loop corrections.
gemini36flash_50,run_040,profile.isf.12_00,profile,True,45 mg/dL/U,keep,45 mg/dL/U,Afternoon sensitivity accurately reflects correction insulin needs.
gemini36flash_50,run_040,profile.isf.18_00,profile,True,40 mg/dL/U,keep,40 mg/dL/U,Evening sensitivity provides safe and effective automated dosing.
gemini36flash_50,run_040,profile.target.00_00,profile,True,95-110 mg/dL,keep,95-110 mg/dL,Target range achieves ideal overnight glycemic control.
gemini36flash_50,run_040,profile.target.06_00,profile,True,90-105 mg/dL,keep,90-105 mg/dL,Daytime target range provides an excellent baseline without low glucose.
gemini36flash_50,run_040,profile.target.22_00,profile,True,100-115 mg/dL,keep,100-115 mg/dL,Slightly elevated bedtime target safely buffers overnight transition.
gemini36flash_50,run_040,profile.dia,profile,True,5.5 h,keep,5.5 h,"5.5 hours matches rapid-acting insulin active duration, preventing insulin stacking."
gemini36flash_50,run_040,aaps.core.smb_uam,aaps,True,smb_enabled=true; uam_enabled=true,keep,smb_enabled=true; uam_enabled=true,SMB and UAM effectively manage meal rises without over-basalization.
gemini36flash_50,run_040,aaps.core.smb_activation,aaps,True,smb_always_enabled=null; smb_with_cob_enabled=null; smb_after_carbs_enabled=null; smb_with_temp_target_enabled=null; smb_with_high_temp_target_enabled=null,verify,,Individual activation flags are unpopulated in export; verify intended toggles in local AAPS preferences.
gemini36flash_50,run_040,aaps.core.smb_delivery,aaps,True,smb_interval_minutes=3 min; max_smb_basal_minutes=45 min; max_uam_smb_basal_minutes=30 min,keep,smb_interval_minutes=3 min; max_smb_basal_minutes=45 min; max_uam_smb_basal_minutes=30 min,Delivery rates provide effective postprandial correction without hypoglycemia.
gemini36flash_50,run_040,aaps.core.safety_limits,aaps,True,max_basal_u_per_hour=2.4 U/h; max_iob_units=8 U,keep,max_basal_u_per_hour=2.4 U/h; max_iob_units=8 U,Max basal (2.4 U/h) and Max IOB (8 U) establish safe guardrails for automated delivery.
gemini36flash_50,run_040,aaps.core.sensitivity,aaps,True,autosens_enabled=null; dynamic_sensitivity_enabled=null; autosens_raises_target=null; autosens_lowers_target=null; dynamic_isf_adjustment_factor_percent=100 %,verify,,Sensitivity toggles are unpopulated in export; verify active settings in local device setup.
gemini36flash_50,run_040,aaps.core.carb_absorption,aaps,True,min_5m_carbimpact=3 mg/dL/5 min; meal_max_absorption_hours=6 h,keep,min_5m_carbimpact=3 mg/dL/5 min; meal_max_absorption_hours=6 h,Carbohydrate absorption settings fit the observed glucose trajectories and DIA duration.
gemini36flash_50,run_041,profile.basal.00_00,profile,True,0.85 U/h,keep,0.85 U/h,Overnight glucose remains stable (avg 103-107 mg/dL) with zero hypoglycemia. Basal rate effectively maintains fasting baseline.
gemini36flash_50,run_041,profile.basal.06_00,profile,True,0.95 U/h,keep,0.95 U/h,Morning fasting and pre-meal glucose values are stable without unexpected drift.
gemini36flash_50,run_041,profile.basal.12_00,profile,True,0.9 U/h,keep,0.9 U/h,Afternoon glucose levels show strong baseline stability outside active postprandial windows.
gemini36flash_50,run_041,profile.basal.18_00,profile,True,1.05 U/h,keep,1.05 U/h,Evening baseline glucose remains stable with smooth transition to night targets.
gemini36flash_50,run_041,profile.cr.00_00,profile,True,12 g/U,keep,12 g/U,Midnight carb ratio is appropriate for late snacks or late meal recovery without causing hypoglycemia.
gemini36flash_50,run_041,profile.cr.06_00,profile,True,10 g/U,keep,10 g/U,Weekday breakfast boluses achieved 100% TIR with average peak return to baseline within 3-4 hours.
gemini36flash_50,run_041,profile.cr.12_00,profile,True,11 g/U,keep,11 g/U,Midday carb ratio accurately matches meal requirements for weekend brunches and lunch windows.
gemini36flash_50,run_041,profile.cr.18_00,profile,True,9 g/U,keep,9 g/U,Dinner meal boluses result in predictable postprandial recovery (+15 to +41 mg/dL average 2-hour change) with 0.0% TBR.
gemini36flash_50,run_041,profile.isf.00_00,profile,True,48 mg/dL/U,keep,48 mg/dL/U,Overnight correction responsiveness is appropriate and prevents over-correction lows.
gemini36flash_50,run_041,profile.isf.06_00,profile,True,42 mg/dL/U,keep,42 mg/dL/U,Morning sensitivity factor safely manages corrections alongside active morning basal and meal boluses.
gemini36flash_50,run_041,profile.isf.12_00,profile,True,45 mg/dL/U,keep,45 mg/dL/U,Afternoon ISF provides accurate correction response without driving glucose below target range.
gemini36flash_50,run_041,profile.isf.18_00,profile,True,40 mg/dL/U,keep,40 mg/dL/U,Evening ISF is well-calibrated for evening meals and automatic SMB micro-boluses.
gemini36flash_50,run_041,profile.target.00_00,profile,True,95-110 mg/dL,keep,95-110 mg/dL,Overnight target range maintains stable glucose averaging 103-107 mg/dL.
gemini36flash_50,run_041,profile.target.06_00,profile,True,90-105 mg/dL,keep,90-105 mg/dL,Daytime target range supports strong TIR (99.7%) without increasing hypoglycemia risk.
gemini36flash_50,run_041,profile.target.22_00,profile,True,100-115 mg/dL,keep,100-115 mg/dL,Late night target provides a smooth transition into overnight rest with a safe target elevation.
gemini36flash_50,run_041,profile.dia,profile,True,5.5 h,keep,5.5 h,5.5-hour DIA accurately models rapid-acting insulin decay and prevents insulin stacking across meal and SMB windows.
gemini36flash_50,run_041,aaps.core.smb_uam,aaps,True,smb_enabled=true; uam_enabled=true,keep,smb_enabled=true; uam_enabled=true,"SMB and UAM are both active and functioning safely, maintaining 99.7% TIR with zero hypoglycemia."
gemini36flash_50,run_041,aaps.core.smb_activation,aaps,True,smb_always_enabled=null; smb_with_cob_enabled=null; smb_after_carbs_enabled=null; smb_with_temp_target_enabled=null; smb_with_high_temp_target_enabled=null,verify,,Source activation condition booleans are null in the raw profile export; verify specific activation toggles directly on the AAPS handset UI.
gemini36flash_50,run_041,aaps.core.smb_delivery,aaps,True,smb_interval_minutes=3 min; max_smb_basal_minutes=45 min; max_uam_smb_basal_minutes=30 min,keep,smb_interval_minutes=3 min; max_smb_basal_minutes=45 min; max_uam_smb_basal_minutes=30 min,"SMB delivery timing (3 min interval, 45 min max SMB basal, 30 min max UAM basal) provides effective postprandial dampening without over-delivery."
gemini36flash_50,run_041,aaps.core.safety_limits,aaps,True,max_basal_u_per_hour=2.4 U/h; max_iob_units=8 U,keep,max_basal_u_per_hour=2.4 U/h; max_iob_units=8 U,"Safety limits (2.4 U/h max basal, 8.0 U max IOB) provide adequate headroom for postprandial automation while guarding against runaway delivery."
gemini36flash_50,run_041,aaps.core.sensitivity,aaps,True,autosens_enabled=null; dynamic_sensitivity_enabled=null; autosens_raises_target=null; autosens_lowers_target=null; dynamic_isf_adjustment_factor_percent=100 %,verify,,Autosens boolean feature flags are null in raw export; confirm feature settings on handset while dynamic ISF factor is set to a safe 100% neutral default.
gemini36flash_50,run_041,aaps.core.carb_absorption,aaps,True,min_5m_carbimpact=3 mg/dL/5 min; meal_max_absorption_hours=6 h,keep,min_5m_carbimpact=3 mg/dL/5 min; meal_max_absorption_hours=6 h,Minimum carb impact (3 mg/dL/5 min) and max absorption duration (6 h) reliably model carbohydrate decay without premature COB truncation.
gemini36flash_50,run_042,profile.basal.00_00,profile,True,0.85 U/h,keep,0.85 U/h,"Overnight glucose remains extremely stable between 102 and 108 mg/dL with zero hypoglycemia, confirming 0.85 U/h is well-calibrated. Dependencies: overnight CGM data. Uncertainty: low."
gemini36flash_50,run_042,profile.basal.06_00,profile,True,0.95 U/h,keep,0.95 U/h,Morning baseline glucose is maintained steadily near target. Dependencies: morning fasting trends. Uncertainty: low.
gemini36flash_50,run_042,profile.basal.12_00,profile,True,0.9 U/h,keep,0.9 U/h,Afternoon glucose levels remain stable in non-meal periods. Dependencies: afternoon CGM data. Uncertainty: low.
gemini36flash_50,run_042,profile.basal.18_00,profile,True,1.05 U/h,keep,1.05 U/h,Evening glucose holds steadily in target range post-dinner. Dependencies: evening CGM trends. Uncertainty: low.
gemini36flash_50,run_042,profile.cr.00_00,profile,True,12 g/U,keep,12 g/U,Late night carbohydrate ratio is appropriate for minor late snacks. Dependencies: nighttime meal logs. Uncertainty: low.
gemini36flash_50,run_042,profile.cr.06_00,profile,True,10 g/U,keep,10 g/U,Weekday breakfasts show predictable postprandial rise (+33 to +57 mg/dL) returning cleanly to target. Dependencies: breakfast bolus response. Uncertainty: low.
gemini36flash_50,run_042,profile.cr.12_00,profile,True,11 g/U,keep,11 g/U,Midday carbohydrate ratio handles brunch meals effectively when combined with e-carbs. Dependencies: brunch therapy response. Uncertainty: low.
gemini36flash_50,run_042,profile.cr.18_00,profile,True,9 g/U,keep,9 g/U,Dinner boluses consistently return glucose to baseline by 4 hours post-meal. Dependencies: dinner therapy response. Uncertainty: low.
gemini36flash_50,run_042,profile.isf.00_00,profile,True,48 mg/dL/U,keep,48 mg/dL/U,Overnight sensitivity setting allows safe automated loop corrections without overshooting. Dependencies: overnight SMB activity. Uncertainty: low.
gemini36flash_50,run_042,profile.isf.06_00,profile,True,42 mg/dL/U,keep,42 mg/dL/U,Morning sensitivity aligns with post-breakfast recovery dynamics. Dependencies: morning correction response. Uncertainty: low.
gemini36flash_50,run_042,profile.isf.12_00,profile,True,45 mg/dL/U,keep,45 mg/dL/U,Afternoon ISF matches observed loop response and corrections. Dependencies: afternoon SMB response. Uncertainty: low.
gemini36flash_50,run_042,profile.isf.18_00,profile,True,40 mg/dL/U,keep,40 mg/dL/U,Evening ISF supports post-dinner recovery to target. Dependencies: evening correction response. Uncertainty: low.
gemini36flash_50,run_042,profile.target.00_00,profile,True,95-110 mg/dL,keep,95-110 mg/dL,Overnight target range maintains stable glucose without hypoglycemia risk. Dependencies: overnight glucose logs. Uncertainty: low.
gemini36flash_50,run_042,profile.target.06_00,profile,True,90-105 mg/dL,keep,90-105 mg/dL,Daytime target range provides tight control near 100 mg/dL median. Dependencies: daytime glucose logs. Uncertainty: low.
gemini36flash_50,run_042,profile.target.22_00,profile,True,100-115 mg/dL,keep,100-115 mg/dL,Bedtime target range safely cushions glucose entry into sleep hours. Dependencies: evening glucose logs. Uncertainty: low.
gemini36flash_50,run_042,profile.dia,profile,True,5.5 h,keep,5.5 h,"5.5 hour DIA accurately reflects insulin decay kinetics, preventing premature stacking. Dependencies: meal response windows. Uncertainty: low."
gemini36flash_50,run_042,aaps.core.smb_uam,aaps,True,smb_enabled=true; uam_enabled=true,keep,smb_enabled=true; uam_enabled=true,SMB and UAM are active and functioning effectively to manage postprandial rises safely. Dependencies: overall loop telemetry. Uncertainty: low.
gemini36flash_50,run_042,aaps.core.smb_activation,aaps,True,smb_always_enabled=null; smb_with_cob_enabled=null; smb_after_carbs_enabled=null; smb_with_temp_target_enabled=null; smb_with_high_temp_target_enabled=null,verify,smb_always_enabled=null; smb_with_cob_enabled=null; smb_after_carbs_enabled=null; smb_with_temp_target_enabled=null; smb_with_high_temp_target_enabled=null,Specific UI activation condition flags are unpopulated in telemetry JSON; verify preferences in AAPS settings preferences menu. Dependencies: AAPS UI settings. Uncertainty: medium.
gemini36flash_50,run_042,aaps.core.smb_delivery,aaps,True,smb_interval_minutes=3 min; max_smb_basal_minutes=45 min; max_uam_smb_basal_minutes=30 min,keep,smb_interval_minutes=3 min; max_smb_basal_minutes=45 min; max_uam_smb_basal_minutes=30 min,SMB interval (3 min) and max SMB basal minutes (45 min) provide appropriate correction power without excessive insulin delivery. Dependencies: SMB delivery history. Uncertainty: low.
gemini36flash_50,run_042,aaps.core.safety_limits,aaps,True,max_basal_u_per_hour=2.4 U/h; max_iob_units=8 U,keep,max_basal_u_per_hour=2.4 U/h; max_iob_units=8 U,Max basal (2.4 U/h) and Max IOB (8.0 U) provide safe guardrails relative to user basal rates (~1.0 U/h) and typical meal doses (~5 U). Dependencies: safety profile. Uncertainty: low.
gemini36flash_50,run_042,aaps.core.sensitivity,aaps,True,autosens_enabled=null; dynamic_sensitivity_enabled=null; autosens_raises_target=null; autosens_lowers_target=null; dynamic_isf_adjustment_factor_percent=100 %,verify,autosens_enabled=null; dynamic_sensitivity_enabled=null; autosens_raises_target=null; autosens_lowers_target=null; dynamic_isf_adjustment_factor_percent=100 %,Dynamic ISF adjustment factor is set to neutral 100%; verify specific Autosens switch toggles in AAPS preferences. Dependencies: AAPS UI settings. Uncertainty: medium.
gemini36flash_50,run_042,aaps.core.carb_absorption,aaps,True,min_5m_carbimpact=3 mg/dL/5 min; meal_max_absorption_hours=6 h,keep,min_5m_carbimpact=3 mg/dL/5 min; meal_max_absorption_hours=6 h,Carbohydrate absorption parameters accurately model COB decay and align with the 5.5 hour DIA. Dependencies: COB tracking telemetry. Uncertainty: low.
gemini36flash_50,run_043,profile.basal.00_00,profile,True,0.85 U/h,keep,0.85 U/h,Overnight glucose remains completely stable between 102 and 107 mg/dL with zero hypoglycemia.
gemini36flash_50,run_043,profile.basal.06_00,profile,True,0.95 U/h,keep,0.95 U/h,Morning fasting glucose remains stable; daytime baseline is well supported.
gemini36flash_50,run_043,profile.basal.12_00,profile,True,0.9 U/h,keep,0.9 U/h,Afternoon glucose levels remain in target without unnecessary automated loop corrections.
gemini36flash_50,run_043,profile.basal.18_00,profile,True,1.05 U/h,keep,1.05 U/h,Evening baseline is stable and dinner recovery reaches target smoothly.
gemini36flash_50,run_043,profile.cr.00_00,profile,True,12 g/U,keep,12 g/U,Overnight carbohydrate ratio is appropriate for late-night intake.
gemini36flash_50,run_043,profile.cr.06_00,profile,True,10 g/U,keep,10 g/U,"Weekday breakfast returns to baseline (+8 to -14 mg/dL at 240m), confirming dosage accuracy."
gemini36flash_50,run_043,profile.cr.12_00,profile,True,11 g/U,keep,11 g/U,Weekend brunch returns to baseline (-11 to +1 mg/dL at 240m); total dosage is correct.
gemini36flash_50,run_043,profile.cr.18_00,profile,True,9 g/U,keep,9 g/U,Dinner boluses yield predictable postprandial curves and full return to target.
gemini36flash_50,run_043,profile.isf.00_00,profile,True,48 mg/dL/U,keep,48 mg/dL/U,Overnight sensitivity provides safe automated corrections without overshooting.
gemini36flash_50,run_043,profile.isf.06_00,profile,True,42 mg/dL/U,keep,42 mg/dL/U,Morning sensitivity is appropriate for current loop dynamics.
gemini36flash_50,run_043,profile.isf.12_00,profile,True,45 mg/dL/U,keep,45 mg/dL/U,Midday correction sensitivity maintains stable glucose control.
gemini36flash_50,run_043,profile.isf.18_00,profile,True,40 mg/dL/U,keep,40 mg/dL/U,Evening ISF is well-calibrated to patient insulin responsiveness.
gemini36flash_50,run_043,profile.target.00_00,profile,True,95-110 mg/dL,keep,95-110 mg/dL,Target range effectively maintains tight overnight control.
gemini36flash_50,run_043,profile.target.06_00,profile,True,90-105 mg/dL,keep,90-105 mg/dL,Daytime target supports strong 99.7% TIR without hypoglycemia.
gemini36flash_50,run_043,profile.target.22_00,profile,True,100-115 mg/dL,keep,100-115 mg/dL,Pre-bed target provides a safe safety buffer entering sleep.
gemini36flash_50,run_043,profile.dia,profile,True,5.5 h,keep,5.5 h,5.5-hour DIA matches observed physiological insulin action and prevents stacking.
gemini36flash_50,run_043,aaps.core.smb_uam,aaps,True,smb_enabled=true; uam_enabled=true,keep,smb_enabled=true; uam_enabled=true,SMB and UAM effectively manage minor meal deviations without safety concerns.
gemini36flash_50,run_043,aaps.core.smb_activation,aaps,True,smb_always_enabled=null; smb_with_cob_enabled=null; smb_after_carbs_enabled=null; smb_with_temp_target_enabled=null; smb_with_high_temp_target_enabled=null,verify,,Individual activation flags are null in raw profile export; active delivery behavior is effective.
gemini36flash_50,run_043,aaps.core.smb_delivery,aaps,True,smb_interval_minutes=3 min; max_smb_basal_minutes=45 min; max_uam_smb_basal_minutes=30 min,keep,smb_interval_minutes=3 min; max_smb_basal_minutes=45 min; max_uam_smb_basal_minutes=30 min,3-minute interval and max basal minutes deliver smooth micro-bolus adjustments.
gemini36flash_50,run_043,aaps.core.safety_limits,aaps,True,max_basal_u_per_hour=2.4 U/h; max_iob_units=8 U,keep,max_basal_u_per_hour=2.4 U/h; max_iob_units=8 U,Limits provide necessary headroom for loop corrections while preventing over-delivery.
gemini36flash_50,run_043,aaps.core.sensitivity,aaps,True,autosens_enabled=null; dynamic_sensitivity_enabled=null; autosens_raises_target=null; autosens_lowers_target=null; dynamic_isf_adjustment_factor_percent=100 %,verify,,Autosens booleans are null in raw export; 100% dynamic ISF adjustment factor maintains stable sensitivity.
gemini36flash_50,run_043,aaps.core.carb_absorption,aaps,True,min_5m_carbimpact=3 mg/dL/5 min; meal_max_absorption_hours=6 h,keep,min_5m_carbimpact=3 mg/dL/5 min; meal_max_absorption_hours=6 h,Carb impact and 6h max absorption are aligned with DIA (5.5h) and observed postprandial decay.
gemini36flash_50,run_044,profile.basal.00_00,profile,True,0.85 U/h,keep,0.85 U/h,Overnight fasting glucose remains steady between 102 and 106 mg/dL with zero hypoglycemia.
gemini36flash_50,run_044,profile.basal.06_00,profile,True,0.95 U/h,keep,0.95 U/h,Fasting morning glucose remains stable prior to breakfast without upward or downward drift.
gemini36flash_50,run_044,profile.basal.12_00,profile,True,0.9 U/h,keep,0.9 U/h,Midday glucose levels stay centered in target range outside meal windows.
gemini36flash_50,run_044,profile.basal.18_00,profile,True,1.05 U/h,keep,1.05 U/h,Evening glucose stability is maintained before and after dinner.
gemini36flash_50,run_044,profile.cr.00_00,profile,True,12 g/U,keep,12 g/U,Nighttime carbohydrate ratio provides accurate coverage when late meals occur.
gemini36flash_50,run_044,profile.cr.06_00,profile,True,10 g/U,keep,10 g/U,Weekday breakfast boluses return cleanly to baseline within 4 hours.
gemini36flash_50,run_044,profile.cr.12_00,profile,True,11 g/U,keep,11 g/U,Midday meal coverage is well-balanced with no late-window hypoglycemia.
gemini36flash_50,run_044,profile.cr.18_00,profile,True,9 g/U,keep,9 g/U,Dinner boluses reliably return glucose to baseline by 4 hours.
gemini36flash_50,run_044,profile.isf.00_00,profile,True,48 mg/dL/U,keep,48 mg/dL/U,Overnight sensitivity matches correction response without overshooting.
gemini36flash_50,run_044,profile.isf.06_00,profile,True,42 mg/dL/U,keep,42 mg/dL/U,Morning sensitivity aligns with automated loop corrections.
gemini36flash_50,run_044,profile.isf.12_00,profile,True,45 mg/dL/U,keep,45 mg/dL/U,Afternoon ISF achieves smooth glucose correction without stacking.
gemini36flash_50,run_044,profile.isf.18_00,profile,True,40 mg/dL/U,keep,40 mg/dL/U,Evening sensitivity effectively manages post-dinner adjustments.
gemini36flash_50,run_044,profile.target.00_00,profile,True,95-110 mg/dL,keep,95-110 mg/dL,Target range aligns perfectly with overnight mean glucose.
gemini36flash_50,run_044,profile.target.06_00,profile,True,90-105 mg/dL,keep,90-105 mg/dL,Daytime target range supports excellent Time in Range.
gemini36flash_50,run_044,profile.target.22_00,profile,True,100-115 mg/dL,keep,100-115 mg/dL,Late night target range provides safe buffer entering sleep.
gemini36flash_50,run_044,profile.dia,profile,True,5.5 h,keep,5.5 h,5.5-hour duration of insulin action accurately models decay and prevents IOB stacking.
gemini36flash_50,run_044,aaps.core.smb_uam,aaps,True,smb_enabled=true; uam_enabled=true,keep,smb_enabled=true; uam_enabled=true,SMB and UAM operate effectively and safely with zero hypoglycemia.
gemini36flash_50,run_044,aaps.core.smb_activation,aaps,True,smb_always_enabled=null; smb_with_cob_enabled=null; smb_after_carbs_enabled=null; smb_with_temp_target_enabled=null; smb_with_high_temp_target_enabled=null,verify,,Specific activation condition toggles are unpopulated in telemetry export; verify configuration directly on pump handset.
gemini36flash_50,run_044,aaps.core.smb_delivery,aaps,True,smb_interval_minutes=3 min; max_smb_basal_minutes=45 min; max_uam_smb_basal_minutes=30 min,keep,smb_interval_minutes=3 min; max_smb_basal_minutes=45 min; max_uam_smb_basal_minutes=30 min,Delivery intervals and maximum SMB basal duration limits are safe and well-tuned.
gemini36flash_50,run_044,aaps.core.safety_limits,aaps,True,max_basal_u_per_hour=2.4 U/h; max_iob_units=8 U,keep,max_basal_u_per_hour=2.4 U/h; max_iob_units=8 U,Safety limits provide adequate loop headroom while guarding against excessive insulin accumulation.
gemini36flash_50,run_044,aaps.core.sensitivity,aaps,True,autosens_enabled=null; dynamic_sensitivity_enabled=null; autosens_raises_target=null; autosens_lowers_target=null; dynamic_isf_adjustment_factor_percent=100 %,verify,,Autosens enablement flags are unpopulated in raw profile export; confirm on-device settings.
gemini36flash_50,run_044,aaps.core.carb_absorption,aaps,True,min_5m_carbimpact=3 mg/dL/5 min; meal_max_absorption_hours=6 h,keep,min_5m_carbimpact=3 mg/dL/5 min; meal_max_absorption_hours=6 h,Carbohydrate absorption parameters match observed postprandial glucose recovery curves.
gemini36flash_50,run_045,profile.basal.00_00,profile,True,0.85 U/h,keep,0.85 U/h,Maintains overnight glucose smoothly between 95 and 110 mg/dL without causing hypoglycemia.
gemini36flash_50,run_045,profile.basal.06_00,profile,True,0.95 U/h,keep,0.95 U/h,Maintains morning baseline stability between meal events.
gemini36flash_50,run_045,profile.basal.12_00,profile,True,0.9 U/h,keep,0.9 U/h,Supports steady afternoon glycemia with consistent inter-meal return to target.
gemini36flash_50,run_045,profile.basal.18_00,profile,True,1.05 U/h,keep,1.05 U/h,Provides stable evening coverage through dinner and initial sleep hours.
gemini36flash_50,run_045,profile.cr.00_00,profile,True,12 g/U,keep,12 g/U,Provides appropriate carbohydrate coverage for late evening snacks if taken.
gemini36flash_50,run_045,profile.cr.06_00,profile,True,10 g/U,keep,10 g/U,Successfully clears breakfast carbs with return to baseline within 4 hours.
gemini36flash_50,run_045,profile.cr.12_00,profile,True,11 g/U,keep,11 g/U,Effectively covers midday and weekend brunch meals without late hypoglycemia.
gemini36flash_50,run_045,profile.cr.18_00,profile,True,9 g/U,keep,9 g/U,Achieves solid dinner carbohydrate clearance with 2-hour peak < 140 mg/dL.
gemini36flash_50,run_045,profile.isf.00_00,profile,True,48 mg/dL/U,keep,48 mg/dL/U,Overnight corrections are appropriate and safe.
gemini36flash_50,run_045,profile.isf.06_00,profile,True,42 mg/dL/U,keep,42 mg/dL/U,Morning sensitivity aligns with observed automated corrections.
gemini36flash_50,run_045,profile.isf.12_00,profile,True,45 mg/dL/U,keep,45 mg/dL/U,Afternoon sensitivity setting supports stable loop adjustments.
gemini36flash_50,run_045,profile.isf.18_00,profile,True,40 mg/dL/U,keep,40 mg/dL/U,Evening ISF effectively manages post-dinner correction needs.
gemini36flash_50,run_045,profile.target.00_00,profile,True,95-110 mg/dL,keep,95-110 mg/dL,Appropriate overnight target range promoting optimal TIR.
gemini36flash_50,run_045,profile.target.06_00,profile,True,90-105 mg/dL,keep,90-105 mg/dL,Optimal daytime target range maintaining mean BG at 117.0 mg/dL.
gemini36flash_50,run_045,profile.target.22_00,profile,True,100-115 mg/dL,keep,100-115 mg/dL,Slightly elevated bedtime target provides safety margin entering sleep.
gemini36flash_50,run_045,profile.dia,profile,True,5.5 h,keep,5.5 h,5.5 hours matches observed full clearance time of meal boluses.
gemini36flash_50,run_045,aaps.core.smb_uam,aaps,True,smb_enabled=true; uam_enabled=true,keep,smb_enabled=true; uam_enabled=true,SMB and UAM are operating safely and effectively without over-dosing.
gemini36flash_50,run_045,aaps.core.smb_activation,aaps,True,smb_always_enabled=null; smb_with_cob_enabled=null; smb_after_carbs_enabled=null; smb_with_temp_target_enabled=null; smb_with_high_temp_target_enabled=null,verify,,Activation flags are unpopulated in raw Nightscout data; verify directly in AAPS preferences.
gemini36flash_50,run_045,aaps.core.smb_delivery,aaps,True,smb_interval_minutes=3 min; max_smb_basal_minutes=45 min; max_uam_smb_basal_minutes=30 min,keep,smb_interval_minutes=3 min; max_smb_basal_minutes=45 min; max_uam_smb_basal_minutes=30 min,Delivery frequency and basal minute caps are appropriate for oref1 dynamic corrections.
gemini36flash_50,run_045,aaps.core.safety_limits,aaps,True,max_basal_u_per_hour=2.4 U/h; max_iob_units=8 U,keep,max_basal_u_per_hour=2.4 U/h; max_iob_units=8 U,Max basal (2.4 U/h) and Max IOB (8 U) provide appropriate safety boundaries given total daily dose of ~10.2 U.
gemini36flash_50,run_045,aaps.core.sensitivity,aaps,True,autosens_enabled=null; dynamic_sensitivity_enabled=null; autosens_raises_target=null; autosens_lowers_target=null; dynamic_isf_adjustment_factor_percent=100 %,verify,,Autosens enablement status is unpopulated in telemetry; verify settings in AAPS preferences.
gemini36flash_50,run_045,aaps.core.carb_absorption,aaps,True,min_5m_carbimpact=3 mg/dL/5 min; meal_max_absorption_hours=6 h,keep,min_5m_carbimpact=3 mg/dL/5 min; meal_max_absorption_hours=6 h,Carbohydrate absorption parameters match observed postprandial glucose recovery dynamics.
gemini36flash_50,run_046,profile.basal.00_00,profile,True,0.85 U/h,keep,0.85 U/h,Overnight glucose remains flat and stable between 100 mg/dL and 110 mg/dL with zero hypoglycemia.
gemini36flash_50,run_046,profile.basal.06_00,profile,True,0.95 U/h,keep,0.95 U/h,Fasting morning glucose is perfectly controlled without dawn phenomenon rises.
gemini36flash_50,run_046,profile.basal.12_00,profile,True,0.9 U/h,keep,0.9 U/h,Midday baseline glucose remains steady across non-meal windows.
gemini36flash_50,run_046,profile.basal.18_00,profile,True,1.05 U/h,keep,1.05 U/h,Evening baseline glucose remains stable with smooth transition into nocturnal period.
gemini36flash_50,run_046,profile.cr.00_00,profile,True,12 g/U,keep,12 g/U,Nighttime meal coverage is appropriate and safe.
gemini36flash_50,run_046,profile.cr.06_00,profile,True,10 g/U,keep,10 g/U,Weekday breakfast boluses consistently return glucose to baseline within 3 to 4 hours.
gemini36flash_50,run_046,profile.cr.12_00,profile,True,11 g/U,keep,11 g/U,Midday meal coverage effectively recovers to target by 240 minutes.
gemini36flash_50,run_046,profile.cr.18_00,profile,True,9 g/U,keep,9 g/U,Dinner boluses provide precise glucose control with minimal postprandial rise.
gemini36flash_50,run_046,profile.isf.00_00,profile,True,48 mg/dL/U,keep,48 mg/dL/U,Overnight sensitivity factor supports safe automated corrections without over-correction.
gemini36flash_50,run_046,profile.isf.06_00,profile,True,42 mg/dL/U,keep,42 mg/dL/U,Morning sensitivity factor provides safe correction responses.
gemini36flash_50,run_046,profile.isf.12_00,profile,True,45 mg/dL/U,keep,45 mg/dL/U,Afternoon corrections align well with DIA model.
gemini36flash_50,run_046,profile.isf.18_00,profile,True,40 mg/dL/U,keep,40 mg/dL/U,Evening sensitivity factor functions as expected without late hypoglycemia.
gemini36flash_50,run_046,profile.target.00_00,profile,True,95-110 mg/dL,keep,95-110 mg/dL,Target range balances tight nocturnal control with safety margin.
gemini36flash_50,run_046,profile.target.06_00,profile,True,90-105 mg/dL,keep,90-105 mg/dL,Daytime target range supports excellent overall Time in Range.
gemini36flash_50,run_046,profile.target.22_00,profile,True,100-115 mg/dL,keep,100-115 mg/dL,Late evening target range ensures safe entry into sleep.
gemini36flash_50,run_046,profile.dia,profile,True,5.5 h,keep,5.5 h,5.5 hours matches actual rapid-acting insulin active duration and avoids stacking.
gemini36flash_50,run_046,aaps.core.smb_uam,aaps,True,smb_enabled=true; uam_enabled=true,keep,smb_enabled=true; uam_enabled=true,"SMB and UAM are both active and providing safe, effective postprandial assistance."
gemini36flash_50,run_046,aaps.core.smb_activation,aaps,True,smb_always_enabled=null; smb_with_cob_enabled=null; smb_after_carbs_enabled=null; smb_with_temp_target_enabled=null; smb_with_high_temp_target_enabled=null,verify,,Exported profile returned null for specific SMB condition flags; verify enablement status in local AAPS configuration.
gemini36flash_50,run_046,aaps.core.smb_delivery,aaps,True,smb_interval_minutes=3 min; max_smb_basal_minutes=45 min; max_uam_smb_basal_minutes=30 min,keep,smb_interval_minutes=3 min; max_smb_basal_minutes=45 min; max_uam_smb_basal_minutes=30 min,Delivery parameters are safely configured and maintain strong postprandial stability.
gemini36flash_50,run_046,aaps.core.safety_limits,aaps,True,max_basal_u_per_hour=2.4 U/h; max_iob_units=8 U,keep,max_basal_u_per_hour=2.4 U/h; max_iob_units=8 U,Safety limits provide sufficient headroom for automated control without risking insulin stacking.
gemini36flash_50,run_046,aaps.core.sensitivity,aaps,True,autosens_enabled=null; dynamic_sensitivity_enabled=null; autosens_raises_target=null; autosens_lowers_target=null; dynamic_isf_adjustment_factor_percent=100 %,verify,,Autosens toggle values are null in profile export; check local AAPS settings to confirm intended sensitivity adjustments.
gemini36flash_50,run_046,aaps.core.carb_absorption,aaps,True,min_5m_carbimpact=3 mg/dL/5 min; meal_max_absorption_hours=6 h,keep,min_5m_carbimpact=3 mg/dL/5 min; meal_max_absorption_hours=6 h,Carbohydrate absorption parameters accurately model carb decay and support UAM calculations.
gemini36flash_50,run_047,profile.basal.00_00,profile,True,0.85 U/h,keep,0.85 U/h,Overnight glucose stability is maintained between 102 and 106 mg/dL with zero hypoglycemia.
gemini36flash_50,run_047,profile.basal.06_00,profile,True,0.95 U/h,keep,0.95 U/h,Fasting morning glucose remains flat with no dawn phenomenon rise observed.
gemini36flash_50,run_047,profile.basal.12_00,profile,True,0.9 U/h,keep,0.9 U/h,Midday baseline glucose remains stable and post-meal glucose returns to target.
gemini36flash_50,run_047,profile.basal.18_00,profile,True,1.05 U/h,keep,1.05 U/h,Evening baseline supports stable transition into night without drifting.
gemini36flash_50,run_047,profile.cr.00_00,profile,True,12 g/U,keep,12 g/U,Overnight carb ratio is appropriately set for late snacks if taken.
gemini36flash_50,run_047,profile.cr.06_00,profile,True,10 g/U,keep,10 g/U,Breakfast meals return to target baseline within 4 to 6 hours.
gemini36flash_50,run_047,profile.cr.12_00,profile,True,11 g/U,keep,11 g/U,Midday carb ratio accurately covers lunch and brunch meals.
gemini36flash_50,run_047,profile.cr.18_00,profile,True,9 g/U,keep,9 g/U,Dinner boluses bring glucose smoothly back to baseline (~98-114 mg/dL).
gemini36flash_50,run_047,profile.isf.00_00,profile,True,48 mg/dL/U,keep,48 mg/dL/U,Overnight correction responsiveness is safe and prevents over-correction.
gemini36flash_50,run_047,profile.isf.06_00,profile,True,42 mg/dL/U,keep,42 mg/dL/U,Morning insulin sensitivity factor matches correction requirements.
gemini36flash_50,run_047,profile.isf.12_00,profile,True,45 mg/dL/U,keep,45 mg/dL/U,Midday ISF provides precise correction without causing insulin stacking.
gemini36flash_50,run_047,profile.isf.18_00,profile,True,40 mg/dL/U,keep,40 mg/dL/U,Evening ISF is effective for late corrections when needed.
gemini36flash_50,run_047,profile.target.00_00,profile,True,95-110 mg/dL,keep,95-110 mg/dL,Target range balances tight control with safe overnight buffer.
gemini36flash_50,run_047,profile.target.06_00,profile,True,90-105 mg/dL,keep,90-105 mg/dL,Daytime target range supports excellent 99.7% Time-in-Range.
gemini36flash_50,run_047,profile.target.22_00,profile,True,100-115 mg/dL,keep,100-115 mg/dL,Slightly elevated bedtime target provides adequate safety margin during sleep.
gemini36flash_50,run_047,profile.dia,profile,True,5.5 h,keep,5.5 h,5.5-hour duration of insulin action accurately reflects full clearance time and avoids stacking.
gemini36flash_50,run_047,aaps.core.smb_uam,aaps,True,smb_enabled=true; uam_enabled=true,keep,smb_enabled=true; uam_enabled=true,SMB and UAM are both active and performing well to contain postprandial glucose.
gemini36flash_50,run_047,aaps.core.smb_activation,aaps,True,smb_always_enabled=null; smb_with_cob_enabled=null; smb_after_carbs_enabled=null; smb_with_temp_target_enabled=null; smb_with_high_temp_target_enabled=null,verify,smb_always_enabled=null; smb_with_cob_enabled=null; smb_after_carbs_enabled=null; smb_with_temp_target_enabled=null; smb_with_high_temp_target_enabled=null,Raw activation toggles are reported as null in profile data and should be verified in AAPS preferences.
gemini36flash_50,run_047,aaps.core.smb_delivery,aaps,True,smb_interval_minutes=3 min; max_smb_basal_minutes=45 min; max_uam_smb_basal_minutes=30 min,keep,smb_interval_minutes=3 min; max_smb_basal_minutes=45 min; max_uam_smb_basal_minutes=30 min,3-minute interval with 45m/30m limits provides responsive micro-bolusing without stacking.
gemini36flash_50,run_047,aaps.core.safety_limits,aaps,True,max_basal_u_per_hour=2.4 U/h; max_iob_units=8 U,keep,max_basal_u_per_hour=2.4 U/h; max_iob_units=8 U,Max Basal (2.4 U/h) and Max IOB (8.0 U) provide safe guardrails relative to user TDD.
gemini36flash_50,run_047,aaps.core.sensitivity,aaps,True,autosens_enabled=null; dynamic_sensitivity_enabled=null; autosens_raises_target=null; autosens_lowers_target=null; dynamic_isf_adjustment_factor_percent=100 %,verify,autosens_enabled=null; dynamic_sensitivity_enabled=null; autosens_raises_target=null; autosens_lowers_target=null; dynamic_isf_adjustment_factor_percent=100 %,Dynamic ISF factor is 100%; explicit Autosens toggles return null in raw telemetry and require user confirmation.
gemini36flash_50,run_047,aaps.core.carb_absorption,aaps,True,min_5m_carbimpact=3 mg/dL/5 min; meal_max_absorption_hours=6 h,keep,min_5m_carbimpact=3 mg/dL/5 min; meal_max_absorption_hours=6 h,3 mg/dL/5min impact floor and 6h max absorption time align with actual observed carb clearance.
gemini36flash_50,run_048,profile.basal.00_00,profile,True,0.85 U/h,keep,0.85 U/h,Overnight glucose remains flat and stable between 102 and 108 mg/dL with zero hypoglycemia.
gemini36flash_50,run_048,profile.basal.06_00,profile,True,0.95 U/h,keep,0.95 U/h,Morning fasting glucose holds steady near 110 mg/dL prior to breakfast.
gemini36flash_50,run_048,profile.basal.12_00,profile,True,0.9 U/h,keep,0.9 U/h,Afternoon glucose remains stable and returns cleanly to target following lunch.
gemini36flash_50,run_048,profile.basal.18_00,profile,True,1.05 U/h,keep,1.05 U/h,Evening basal rate maintains flat glucose baseline prior to dinner and overnight transition.
gemini36flash_50,run_048,profile.cr.00_00,profile,True,12 g/U,keep,12 g/U,Late night/early morning carb ratio is balanced; no late meal crashes observed.
gemini36flash_50,run_048,profile.cr.06_00,profile,True,10 g/U,keep,10 g/U,42g weekday breakfast bolus returns glucose precisely to baseline (115-129 mg/dL) at 4 hours.
gemini36flash_50,run_048,profile.cr.12_00,profile,True,11 g/U,keep,11 g/U,68g weekend brunch returns glucose cleanly to 111-115 mg/dL by 4-6 hours.
gemini36flash_50,run_048,profile.cr.18_00,profile,True,9 g/U,keep,9 g/U,54g dinner bolus returns glucose reliably to 98-109 mg/dL at 4 hours.
gemini36flash_50,run_048,profile.isf.00_00,profile,True,48 mg/dL/U,keep,48 mg/dL/U,Overnight corrections and micro-dosing perform predictably without over-correction.
gemini36flash_50,run_048,profile.isf.06_00,profile,True,42 mg/dL/U,keep,42 mg/dL/U,Morning sensitivity factor supports stable loop responses during daytime activity.
gemini36flash_50,run_048,profile.isf.12_00,profile,True,45 mg/dL/U,keep,45 mg/dL/U,Midday sensitivity setting maintains safe loop correction dynamics.
gemini36flash_50,run_048,profile.isf.18_00,profile,True,40 mg/dL/U,keep,40 mg/dL/U,Evening sensitivity factor keeps post-dinner micro-boluses safe and effective.
gemini36flash_50,run_048,profile.target.00_00,profile,True,95-110 mg/dL,keep,95-110 mg/dL,Overnight target range maintains stable glucose without triggering unnecessary low alerts.
gemini36flash_50,run_048,profile.target.06_00,profile,True,90-105 mg/dL,keep,90-105 mg/dL,Daytime target range supports excellent 99.7% Time in Range.
gemini36flash_50,run_048,profile.target.22_00,profile,True,100-115 mg/dL,keep,100-115 mg/dL,Bedtime transition target provides appropriate safety buffer before sleep.
gemini36flash_50,run_048,profile.dia,profile,True,5.5 h,keep,5.5 h,5.5-hour duration of insulin action accurately reflects rapid-acting insulin tail and prevents stacking.
gemini36flash_50,run_048,aaps.core.smb_uam,aaps,True,smb_enabled=true; uam_enabled=true,keep,smb_enabled=true; uam_enabled=true,Core enablement of SMB and UAM delivers excellent postprandial control and high Time in Range.
gemini36flash_50,run_048,aaps.core.smb_activation,aaps,True,smb_always_enabled=null; smb_with_cob_enabled=null; smb_after_carbs_enabled=null; smb_with_temp_target_enabled=null; smb_with_high_temp_target_enabled=null,verify,smb_always_enabled=null; smb_with_cob_enabled=null; smb_after_carbs_enabled=null; smb_with_temp_target_enabled=null; smb_with_high_temp_target_enabled=null,Condition toggles in raw telemetry export return null values; verify specific SMB activation checkboxes in pump preferences.
gemini36flash_50,run_048,aaps.core.smb_delivery,aaps,True,smb_interval_minutes=3 min; max_smb_basal_minutes=45 min; max_uam_smb_basal_minutes=30 min,keep,smb_interval_minutes=3 min; max_smb_basal_minutes=45 min; max_uam_smb_basal_minutes=30 min,Delivery parameters effectively manage excursions without evidence of insulin over-delivery.
gemini36flash_50,run_048,aaps.core.safety_limits,aaps,True,max_basal_u_per_hour=2.4 U/h; max_iob_units=8 U,keep,max_basal_u_per_hour=2.4 U/h; max_iob_units=8 U,Max basal (2.4 U/h) and Max IOB (8.0 U) provide appropriate safety boundaries for current daily insulin requirements.
gemini36flash_50,run_048,aaps.core.sensitivity,aaps,True,autosens_enabled=null; dynamic_sensitivity_enabled=null; autosens_raises_target=null; autosens_lowers_target=null; dynamic_isf_adjustment_factor_percent=100 %,verify,autosens_enabled=null; dynamic_sensitivity_enabled=null; autosens_raises_target=null; autosens_lowers_target=null; dynamic_isf_adjustment_factor_percent=100 %,Sensitivity enable flags in raw telemetry export return null values; confirm Autosens configuration in AAPS settings.
gemini36flash_50,run_048,aaps.core.carb_absorption,aaps,True,min_5m_carbimpact=3 mg/dL/5 min; meal_max_absorption_hours=6 h,keep,min_5m_carbimpact=3 mg/dL/5 min; meal_max_absorption_hours=6 h,Carbohydrate absorption parameters fit observed glucose decay models accurately.
gemini36flash_50,run_049,profile.basal.00_00,profile,True,0.85 U/h,keep,0.85 U/h,Overnight glucose local averages remain flat and stable (103.1-106.0 mg/dL) with zero hypoglycemia.
gemini36flash_50,run_049,profile.basal.06_00,profile,True,0.95 U/h,keep,0.95 U/h,Morning baseline glucose remains stable across fasting and post-meal recovery windows.
gemini36flash_50,run_049,profile.basal.12_00,profile,True,0.9 U/h,keep,0.9 U/h,Afternoon glucose levels show consistent return to baseline following meal absorption.
gemini36flash_50,run_049,profile.basal.18_00,profile,True,1.05 U/h,keep,1.05 U/h,Evening glucose levels are well-controlled through dinner and pre-bed hours.
gemini36flash_50,run_049,profile.cr.00_00,profile,True,12 g/U,keep,12 g/U,Overnight carb ratio setting is appropriate and safe.
gemini36flash_50,run_049,profile.cr.06_00,profile,True,10 g/U,keep,10 g/U,"Weekday breakfast boluses (42 g carbs, 4.2 U) yield predictable peak and complete 240-min recovery."
gemini36flash_50,run_049,profile.cr.12_00,profile,True,11 g/U,keep,11 g/U,Midday carb ratio accurately covers weekend brunch meals when combined with declared meal strategy.
gemini36flash_50,run_049,profile.cr.18_00,profile,True,9 g/U,keep,9 g/U,"Dinner meal boluses (54 g carbs, 5.5 U) resolve smoothly back to baseline."
gemini36flash_50,run_049,profile.isf.00_00,profile,True,48 mg/dL/U,keep,48 mg/dL/U,Overnight sensitivity setting maintains stable loop behavior without over-correction.
gemini36flash_50,run_049,profile.isf.06_00,profile,True,42 mg/dL/U,keep,42 mg/dL/U,Morning sensitivity setting supports safe SMB and correction bolus delivery.
gemini36flash_50,run_049,profile.isf.12_00,profile,True,45 mg/dL/U,keep,45 mg/dL/U,Afternoon sensitivity setting prevents postprandial over-correction.
gemini36flash_50,run_049,profile.isf.18_00,profile,True,40 mg/dL/U,keep,40 mg/dL/U,Evening sensitivity setting provides stable correction response.
gemini36flash_50,run_049,profile.target.00_00,profile,True,95-110 mg/dL,keep,95-110 mg/dL,Target range effectively guides overnight loop control.
gemini36flash_50,run_049,profile.target.06_00,profile,True,90-105 mg/dL,keep,90-105 mg/dL,Daytime target range supports tight glycemic control without inducing low glucose.
gemini36flash_50,run_049,profile.target.22_00,profile,True,100-115 mg/dL,keep,100-115 mg/dL,Late evening target range ensures safe transition into sleep hours.
gemini36flash_50,run_049,profile.dia,profile,True,5.5 h,keep,5.5 h,A 5.5-hour DIA accurately models rapid-acting insulin decay and prevents premature insulin stacking.
gemini36flash_50,run_049,aaps.core.smb_uam,aaps,True,smb_enabled=true; uam_enabled=true,keep,smb_enabled=true; uam_enabled=true,Both SMB and UAM enabled state are actively supporting postprandial management effectively.
gemini36flash_50,run_049,aaps.core.smb_activation,aaps,True,smb_always_enabled=null; smb_with_cob_enabled=null; smb_after_carbs_enabled=null; smb_with_temp_target_enabled=null; smb_with_high_temp_target_enabled=null,verify,smb_always_enabled=null; smb_with_cob_enabled=null; smb_after_carbs_enabled=null; smb_with_temp_target_enabled=null; smb_with_high_temp_target_enabled=null,Specific activation condition flags are null in export; verify in AAPS UI that desired activation triggers are active.
gemini36flash_50,run_049,aaps.core.smb_delivery,aaps,True,smb_interval_minutes=3 min; max_smb_basal_minutes=45 min; max_uam_smb_basal_minutes=30 min,keep,smb_interval_minutes=3 min; max_smb_basal_minutes=45 min; max_uam_smb_basal_minutes=30 min,SMB delivery timing and strength limits are well-calibrated and safe.
gemini36flash_50,run_049,aaps.core.safety_limits,aaps,True,max_basal_u_per_hour=2.4 U/h; max_iob_units=8 U,keep,max_basal_u_per_hour=2.4 U/h; max_iob_units=8 U,Max basal (2.4 U/h) and max IOB (8.0 U) provide sufficient headroom while protecting against excessive accumulation.
gemini36flash_50,run_049,aaps.core.sensitivity,aaps,True,autosens_enabled=null; dynamic_sensitivity_enabled=null; autosens_raises_target=null; autosens_lowers_target=null; dynamic_isf_adjustment_factor_percent=100 %,verify,autosens_enabled=null; dynamic_sensitivity_enabled=null; autosens_raises_target=null; autosens_lowers_target=null; dynamic_isf_adjustment_factor_percent=100 %,Autosens sub-flags are null in raw export; verify in AAPS UI that sensitivity algorithms are configured as intended.
gemini36flash_50,run_049,aaps.core.carb_absorption,aaps,True,min_5m_carbimpact=3 mg/dL/5 min; meal_max_absorption_hours=6 h,keep,min_5m_carbimpact=3 mg/dL/5 min; meal_max_absorption_hours=6 h,Carb absorption parameters accurately reflect observed decay curves across all recorded meals.
gemini36flash_50,run_050,profile.basal.00_00,profile,True,0.85 U/h,keep,0.85 U/h,Overnight glucose remains centered near target (mean 103-107 mg/dL) with zero hypoglycemia. Current setting is optimal.
gemini36flash_50,run_050,profile.basal.06_00,profile,True,0.95 U/h,keep,0.95 U/h,Morning baseline glucose is stable (mean 115-119 mg/dL) prior to meal intake. Current setting is optimal.
gemini36flash_50,run_050,profile.basal.12_00,profile,True,0.9 U/h,keep,0.9 U/h,Afternoon baseline glucose returns predictably to target range. No profile deficiency observed.
gemini36flash_50,run_050,profile.basal.18_00,profile,True,1.05 U/h,keep,1.05 U/h,Evening glucose transitions smoothly into overnight targets. Current setting is optimal.
gemini36flash_50,run_050,profile.cr.00_00,profile,True,12 g/U,keep,12 g/U,Late night/overnight carb ratio segment has no postprandial failures or lows. Retain current value.
gemini36flash_50,run_050,profile.cr.06_00,profile,True,10 g/U,keep,10 g/U,"Weekday breakfast meals (42g carbs, 4.2U) return to baseline by 4 hours (-0.4 mg/dL change). CR is accurate."
gemini36flash_50,run_050,profile.cr.12_00,profile,True,11 g/U,keep,11 g/U,"Weekend brunch glucose recovers fully to baseline by 240 minutes (-5.0 mg/dL change). Excursion peak is a prebolus timing issue, not a CR defect."
gemini36flash_50,run_050,profile.cr.18_00,profile,True,9 g/U,keep,9 g/U,"Dinner meals (54g carbs, 5.5U) show smooth recovery to baseline within 4 hours. CR is accurate."
gemini36flash_50,run_050,profile.isf.00_00,profile,True,48 mg/dL/U,keep,48 mg/dL/U,Correction responses and overnight SMB activity perform safely without over-correction. Retain current value.
gemini36flash_50,run_050,profile.isf.06_00,profile,True,42 mg/dL/U,keep,42 mg/dL/U,Morning sensitivity factor operates stably with algorithm corrections. Retain current value.
gemini36flash_50,run_050,profile.isf.12_00,profile,True,45 mg/dL/U,keep,45 mg/dL/U,Midday sensitivity factor provides safe correction bounds. Retain current value.
gemini36flash_50,run_050,profile.isf.18_00,profile,True,40 mg/dL/U,keep,40 mg/dL/U,Evening sensitivity factor maintains safe loop corrections without late hypoglycemia. Retain current value.
gemini36flash_50,run_050,profile.target.00_00,profile,True,95-110 mg/dL,keep,95-110 mg/dL,Overnight target range achieves stable glucose centered at 104 mg/dL.
gemini36flash_50,run_050,profile.target.06_00,profile,True,90-105 mg/dL,keep,90-105 mg/dL,Daytime target range supports excellent 99.7% Time in Range.
gemini36flash_50,run_050,profile.target.22_00,profile,True,100-115 mg/dL,keep,100-115 mg/dL,Pre-bedtime target provides an appropriate safety margin before overnight fasting.
gemini36flash_50,run_050,profile.dia,profile,True,5.5 h,keep,5.5 h,5.5 hour duration of insulin action accurately reflects postprandial tail and prevents premature stacking.
gemini36flash_50,run_050,aaps.core.smb_uam,aaps,True,smb_enabled=true; uam_enabled=true,keep,smb_enabled=true; uam_enabled=true,Active SMB and UAM are performing effectively without causing hypoglycemia or over-dosing.
gemini36flash_50,run_050,aaps.core.smb_activation,aaps,True,smb_always_enabled=null; smb_with_cob_enabled=null; smb_after_carbs_enabled=null; smb_with_temp_target_enabled=null; smb_with_high_temp_target_enabled=null,verify,,Specific activation toggle flags are missing in exported settings; verify in AAPS preference menus that SMB on COB and SMB after carbs are enabled.
gemini36flash_50,run_050,aaps.core.smb_delivery,aaps,True,smb_interval_minutes=3 min; max_smb_basal_minutes=45 min; max_uam_smb_basal_minutes=30 min,keep,smb_interval_minutes=3 min; max_smb_basal_minutes=45 min; max_uam_smb_basal_minutes=30 min,Delivery limits and 3-minute interval provide optimal algorithmic responsiveness.
gemini36flash_50,run_050,aaps.core.safety_limits,aaps,True,max_basal_u_per_hour=2.4 U/h; max_iob_units=8 U,keep,max_basal_u_per_hour=2.4 U/h; max_iob_units=8 U,Max basal (2.4 U/h) and Max IOB (8.0 U) provide sufficient headroom for algorithm corrections while protecting against excessive accumulation.
gemini36flash_50,run_050,aaps.core.sensitivity,aaps,True,autosens_enabled=null; dynamic_sensitivity_enabled=null; autosens_raises_target=null; autosens_lowers_target=null; dynamic_isf_adjustment_factor_percent=100 %,verify,,Dynamic ISF adjustment factor is set to 100%. Explicit Autosens activation flags are null in raw telemetry and should be verified in AAPS settings.
gemini36flash_50,run_050,aaps.core.carb_absorption,aaps,True,min_5m_carbimpact=3 mg/dL/5 min; meal_max_absorption_hours=6 h,keep,min_5m_carbimpact=3 mg/dL/5 min; meal_max_absorption_hours=6 h,"Carbohydrate absorption settings (3 mg/dL/5min min impact, 6h max absorption) accurately model postprandial decay."
