experiment,run_id,parameter_key,category,in_inventory,current_value,decision,suggested_value,rationale
real_gpt56sol_med_50,run_001,profile.basal.00_00,profile,True,0.6 U/h,keep,0.6 U/h,"Overnight TBR is elevated, but evening IOB, corrections, SMB/UAM and the 90 mg/dL target are unresolved dependencies. No fasting-like window isolates this basal segment, so a numeric change is unsupported."
real_gpt56sol_med_50,run_001,profile.basal.05_00,profile,True,0.7 U/h,keep,0.7 U/h,"Local glucose is generally stable around 05:00–06:00, although some low exposure remains. Meal, activity and IOB context are unavailable, and evidence does not isolate this segment."
real_gpt56sol_med_50,run_001,profile.basal.06_00,profile,True,0.8 U/h,keep,0.8 U/h,"The 06:00–08:00 pattern is mostly in range, with one severe reading lacking event context. Later morning rises may be meal-related, so neither an increase nor decrease is supported without fasting evidence."
real_gpt56sol_med_50,run_001,profile.basal.10_00,profile,True,0.7 U/h,keep,0.7 U/h,"TAR rises during this segment, but zero meal records and active UAM leave unannounced food as a major dependency. Subsequent evening lows make an increase unsafe to infer."
real_gpt56sol_med_50,run_001,profile.basal.16_00,profile,True,0.5 U/h,keep,0.5 U/h,"Glucose is highest near 16:00 but then falls as low exposure increases. Accumulated correction, SMB and temporary-basal insulin remain plausible, so this rate cannot be isolated."
real_gpt56sol_med_50,run_001,profile.basal.18_00,profile,True,0.6 U/h,keep,0.6 U/h,"TBR is elevated around 18:00, but severe episodes followed earlier highs and insulin exposure. Complete IOB and meal context are required before attributing the pattern to this basal segment."
real_gpt56sol_med_50,run_001,profile.basal.19_00,profile,True,0.7 U/h,keep,0.7 U/h,"Local TBR reaches 15.3% at 19:00, creating concern, but preceding SMB, corrections, activity and rescue treatment are unrecorded. A supported replacement rate cannot be derived."
real_gpt56sol_med_50,run_001,profile.cr.00_00,profile,True,13 g/U,keep,13 g/U,"There are no meal-linked carbohydrate and bolus observations for this segment. CR effects cannot be separated from basal, ISF, DIA, targets or SMB/UAM."
real_gpt56sol_med_50,run_001,profile.cr.04_00,profile,True,11.1 g/U,keep,11.1 g/U,"Morning carbohydrate amount, meal timing and prebolus execution are absent. Later rises do not prove a weak CR, particularly given subsequent lows and automated insulin."
real_gpt56sol_med_50,run_001,profile.cr.08_00,profile,True,13.2 g/U,keep,13.2 g/U,"Recurring daytime rises occur in this segment, but no meals are recorded and UAM carries the reactive response. Delayed hypoglycaemia argues against strengthening CR without meal-linked evidence."
real_gpt56sol_med_50,run_001,profile.cr.16_00,profile,True,10.5 g/U,keep,10.5 g/U,"Evening lows overlap this stronger CR segment, but no meal boluses are identifiable. CR, corrections, Dynamic ISF and accumulated automated insulin cannot be separated."
real_gpt56sol_med_50,run_001,profile.cr.20_00,profile,True,12.6 g/U,keep,12.6 g/U,"No meal-linked evidence supports a change. Overnight lows may depend on prior insulin exposure rather than this CR, and the uncertainty prevents selecting a new value."
real_gpt56sol_med_50,run_001,profile.isf.00_00,profile,True,56 mg/dL/U,keep,56 mg/dL/U,"Dynamic ISF materially changes effective sensitivity, with representative values from about 27.8 to 124 mg/dL/U. The flat profile ISF cannot be isolated from Dynamic ISF, SMB/UAM, IOB and targets."
real_gpt56sol_med_50,run_001,profile.target.00_00,profile,True,90 mg/dL,keep,90 mg/dL,"Overnight TBR raises concern, but preceding insulin exposure and unexplained operational targets are dependencies. Three documented overnight windows are needed before selecting a supported replacement target."
real_gpt56sol_med_50,run_001,profile.target.08_00,profile,True,100 mg/dL,keep,100 mg/dL,"Both daytime highs and evening lows occur under this target. Meals, Dynamic ISF, SMB/UAM and temporary targets remain unresolved, so changing it would not isolate causality."
real_gpt56sol_med_50,run_001,profile.target.23_00,profile,True,90 mg/dL,keep,90 mg/dL,"Low exposure increases around late evening and overnight, but evening IOB and corrections are plausible causes. Configuration reconciliation and controlled observation are required before a numeric change."
real_gpt56sol_med_50,run_001,profile.dia,profile,True,10 h,keep,10 h,Delayed falls two to six hours after highs do not show that DIA is excessive. A long DIA may preserve IOB recognition; changing it without complete pharmacodynamic and delivery evidence could alter multiple dependent predictions.
real_gpt56sol_med_50,run_001,aaps.core.smb_uam,aaps,True,smb_enabled=true; uam_enabled=true,keep,smb_enabled=true; uam_enabled=true,"SMB/UAM are the observed response pathway for unannounced rises, but their independent contribution to lows is not isolated. Meal logging, Dynamic ISF and cumulative delivery are dependencies, so a switch change is unsupported."
real_gpt56sol_med_50,run_001,aaps.core.smb_activation,aaps,True,smb_always_enabled=true; smb_with_cob_enabled=false; smb_after_carbs_enabled=false; smb_with_temp_target_enabled=true; smb_with_high_temp_target_enabled=false,keep,smb_always_enabled=true; smb_with_cob_enabled=false; smb_after_carbs_enabled=false; smb_with_temp_target_enabled=true; smb_with_high_temp_target_enabled=false,"Always-enabled SMB creates broad eligibility, but complete activation traces are unavailable. Changing activation together with UAM, meal announcements or Dynamic ISF would obscure attribution."
real_gpt56sol_med_50,run_001,aaps.core.smb_delivery,aaps,True,smb_interval_minutes=3 min; max_smb_basal_minutes=15 min; max_uam_smb_basal_minutes=20 min,keep,smb_interval_minutes=3 min; max_smb_basal_minutes=15 min; max_uam_smb_basal_minutes=20 min,"The UAM cap is higher than the ordinary cap, but the package lacks complete cumulative SMB sequences. Interval, caps, Dynamic ISF and temporary basal are interdependent, and no specific replacement values are supported."
real_gpt56sol_med_50,run_001,aaps.core.safety_limits,aaps,True,max_basal_u_per_hour=12 U/h; max_iob_units=25 U,keep,max_basal_u_per_hour=12 U/h; max_iob_units=25 U,"These limits are permissive relative to scheduled basal and observed IOB, creating a material review concern. However, insulin concentration, pump scaling, total insulin needs and effective lower caps are unresolved, so safe numeric replacements cannot be derived from this package."
real_gpt56sol_med_50,run_001,aaps.core.sensitivity,aaps,True,autosens_enabled=false; dynamic_sensitivity_enabled=true; autosens_raises_target=false; autosens_lowers_target=false; dynamic_isf_adjustment_factor_percent=70 %,keep,autosens_enabled=false; dynamic_sensitivity_enabled=true; autosens_raises_target=false; autosens_lowers_target=false; dynamic_isf_adjustment_factor_percent=70 %,"Dynamic ISF is a plausible contributor to strong high-glucose responses, but profile ISF, targets, SMB/UAM and IOB remain dependencies. Operational target behavior is also unresolved, so a numeric sensitivity change is unsupported."
real_gpt56sol_med_50,run_001,aaps.core.carb_absorption,aaps,True,min_5m_carbimpact=8 mg/dL/5 min; meal_max_absorption_hours=7 h,keep,min_5m_carbimpact=8 mg/dL/5 min; meal_max_absorption_hours=7 h,"No carbohydrate or e-carb entries exist, so these values cannot be tested against announced-meal absorption. Changing them without meal-linked evidence would not address the observed UAM pathway."
real_gpt56sol_med_50,run_002,profile.basal.00_00,profile,True,0.6 U/h,keep,0.6 U/h,"Early-night lows are evident, but late corrections, SMB/UAM IOB, Dynamic ISF, and the 90 mg/dL target remain plausible causes. Stable later overnight hours weaken evidence for a broad basal reduction. Keep while evaluating the target separately."
real_gpt56sol_med_50,run_002,profile.basal.05_00,profile,True,0.7 U/h,keep,0.7 U/h,"Local glucose from 05:00 to 06:00 averaged about 99.5 mg/dL with high TIR. Meal, activity, and automation effects remain uncertain, but there is no supported directional basal change."
real_gpt56sol_med_50,run_002,profile.basal.06_00,profile,True,0.8 U/h,keep,0.8 U/h,"Local 06:00 to 08:00 showed 97.5% to 98.7% TIR and little hypoglycaemia. This is the strongest stable period, so no change is supported before meal and IOB effects are documented."
real_gpt56sol_med_50,run_002,profile.basal.10_00,profile,True,0.7 U/h,keep,0.7 U/h,"Late-morning and afternoon highs overlap likely meals, UAM, SMB, corrections, and absent carb announcements. They are not fasting-like evidence of insufficient basal."
real_gpt56sol_med_50,run_002,profile.basal.16_00,profile,True,0.5 U/h,keep,0.5 U/h,"The highest hourly glucose average occurs near this segment, but it is followed by substantial evening low exposure and high IOB examples. Increasing basal could intensify later lows; meal-linked evidence is required first."
real_gpt56sol_med_50,run_002,profile.basal.18_00,profile,True,0.6 U/h,keep,0.6 U/h,"Local TBR rises to 7.7% at 18:00 and 15.3% at 19:00, but accumulated SMB, correction insulin, activity, and rescue-carb effects are unresolved. Basal attribution is therefore unsupported."
real_gpt56sol_med_50,run_002,profile.basal.19_00,profile,True,0.7 U/h,keep,0.7 U/h,"The segment overlaps a recurrent low period, but closed-loop suspensions and preceding daytime IOB make scheduled basal an uncertain cause. Keep until evening events are separated from meals and corrections."
real_gpt56sol_med_50,run_002,profile.cr.00_00,profile,True,13 g/U,keep,13 g/U,"No carb-linked overnight meal response exists. Night lows may involve corrections, automation, target, or activity, so a CR change is unsupported."
real_gpt56sol_med_50,run_002,profile.cr.04_00,profile,True,11.1 g/U,keep,11.1 g/U,No recorded carb amount or identifiable meal bolus tests this segment. Morning stability and uncertain meal execution provide no supported old-to-new value.
real_gpt56sol_med_50,run_002,profile.cr.08_00,profile,True,13.2 g/U,keep,13.2 g/U,"Morning and afternoon rises could reflect unannounced food, bolus timing, UAM, or Dynamic ISF rather than CR. Zero carb entries prevent calculation of a replacement ratio."
real_gpt56sol_med_50,run_002,profile.cr.16_00,profile,True,10.5 g/U,keep,10.5 g/U,"This stronger ratio overlaps the daytime-high-to-evening-low transition, but no known meal dose or carb amount is available. Later lows and automation create a safety dependency that precludes a supported change."
real_gpt56sol_med_50,run_002,profile.cr.20_00,profile,True,12.6 g/U,keep,12.6 g/U,"No meal-linked evidence tests the segment, and late evening glucose is influenced by preceding IOB, corrections, and low treatment. Keep pending a documented meal response."
real_gpt56sol_med_50,run_002,profile.isf.00_00,profile,True,56 mg/dL/U,keep,56 mg/dL/U,"Dynamic ISF changed effective sensitivity from approximately 27.8 to 124 mg/dL/U, so correction windows do not isolate the fixed ISF. Changing profile ISF with Dynamic ISF or SMB would confound safety assessment."
real_gpt56sol_med_50,run_002,profile.target.00_00,profile,True,90 mg/dL,change,100 mg/dL,"Recurrent local TBR from 00:00 to 03:00 and severe low readings support a conservative target buffer. Corrections, meals, SMB/UAM, and Dynamic ISF remain uncertain dependencies, so this target candidate should be evaluated alone rather than accompanied by insulin-delivery changes."
real_gpt56sol_med_50,run_002,profile.target.08_00,profile,True,100 mg/dL,keep,100 mg/dL,"Daytime highs are confounded by absent meal records and automation, while later lows constrain a lower target. The current value provides no clear reason for change."
real_gpt56sol_med_50,run_002,profile.target.23_00,profile,True,90 mg/dL,keep,90 mg/dL,"Local TBR at 23:00 is elevated, but the primary change is limited to the 00:00 segment so one profile value can be evaluated at a time. Reassess this segment only after separating the 00:00 target effect and late-evening IOB."
real_gpt56sol_med_50,run_002,profile.dia,profile,True,10 h,keep,10 h,"The package lacks insulin formulation and isolated action curves. Prolonged IOB may be important, but shortening or lengthening DIA could alter SMB and correction behaviour and is unsupported before target and meal observations."
real_gpt56sol_med_50,run_002,aaps.core.smb_uam,aaps,True,smb_enabled=true; uam_enabled=true,keep,smb_enabled=true; uam_enabled=true,"UAM and SMB appear to compensate for unexplained rises when COB is zero, but may also contribute to later IOB. Their independent effect is uncertain, so keeping them during the target evaluation avoids simultaneous dependent changes."
real_gpt56sol_med_50,run_002,aaps.core.smb_activation,aaps,True,smb_always_enabled=true; smb_with_cob_enabled=false; smb_after_carbs_enabled=false; smb_with_temp_target_enabled=true; smb_with_high_temp_target_enabled=false,keep,smb_always_enabled=true; smb_with_cob_enabled=false; smb_after_carbs_enabled=false; smb_with_temp_target_enabled=true; smb_with_high_temp_target_enabled=false,"Always-on SMB is consequential in an unannounced-rise pattern, but meal intent and execution are absent. High temporary targets do not enable SMB under the current configuration. No activation change is supported before a documented meal and target observation."
real_gpt56sol_med_50,run_002,aaps.core.smb_delivery,aaps,True,smb_interval_minutes=3 min; max_smb_basal_minutes=15 min; max_uam_smb_basal_minutes=20 min,keep,smb_interval_minutes=3 min; max_smb_basal_minutes=15 min; max_uam_smb_basal_minutes=20 min,"Frequent opportunities and the higher UAM allowance could accumulate insulin, but complete SMB sequences are unavailable and these settings may compensate for unannounced meals. No increase is supported, and a reduction cannot be quantified without separating Dynamic ISF and meal effects."
real_gpt56sol_med_50,run_002,aaps.core.safety_limits,aaps,True,max_basal_u_per_hour=12 U/h; max_iob_units=25 U,keep,max_basal_u_per_hour=12 U/h; max_iob_units=25 U,"The ceilings are permissive relative to scheduled basal and observed IOB, creating a material review concern, but included records show other constraints often limited delivery below them. Missing total-delivery and concentration context prevents a supported replacement value; neither ceiling should be made more permissive from these data."
real_gpt56sol_med_50,run_002,aaps.core.sensitivity,aaps,True,autosens_enabled=false; dynamic_sensitivity_enabled=true; autosens_raises_target=false; autosens_lowers_target=false; dynamic_isf_adjustment_factor_percent=70 %,keep,autosens_enabled=false; dynamic_sensitivity_enabled=true; autosens_raises_target=false; autosens_lowers_target=false; dynamic_isf_adjustment_factor_percent=70 %,"Dynamic ISF sometimes produced much stronger effective sensitivity during highs and may contribute to IOB accumulation. Its effect is inseparable from SMB/UAM and meals, so it should remain unchanged during the target evaluation and be reviewed separately only if IOB-related lows persist."
real_gpt56sol_med_50,run_002,aaps.core.carb_absorption,aaps,True,min_5m_carbimpact=8 mg/dL/5 min; meal_max_absorption_hours=7 h,keep,min_5m_carbimpact=8 mg/dL/5 min; meal_max_absorption_hours=7 h,"No regular-carb or e-carb entries exercised the documented COB model, and UAM handled unexplained rises. Without meal-linked absorption evidence, neither component has a supported directional change."
real_gpt56sol_med_50,run_003,profile.basal.00_00,profile,True,0.6 U/h,keep,0.6 U/h,"Lows are frequent from 23:00-03:00, but preceding IOB and automated delivery are unresolved. Keep 0.6 U/h until fasting-like nights separate scheduled basal from evening insulin carryover."
real_gpt56sol_med_50,run_003,profile.basal.05_00,profile,True,0.7 U/h,keep,0.7 U/h,"Glucose was comparatively stable around 04:00-06:00. There is no isolated evidence that this segment is excessive or insufficient, and interpretation depends on overnight IOB."
real_gpt56sol_med_50,run_003,profile.basal.06_00,profile,True,0.8 U/h,keep,0.8 U/h,"The 06:00-08:00 period was stable with little below-range exposure. Later rises may be meal or UAM related, so a basal change is unsupported."
real_gpt56sol_med_50,run_003,profile.basal.10_00,profile,True,0.7 U/h,keep,0.7 U/h,"Daytime hyperglycaemia is present, but no meals are recorded and delayed falls occur after automated insulin. Meal, CR, Dynamic ISF and SMB dependencies prevent a basal inference."
real_gpt56sol_med_50,run_003,profile.basal.16_00,profile,True,0.5 U/h,keep,0.5 U/h,"High glucose around 16:00 is followed by increased low exposure at 18:00-19:00. Prior corrections, SMBs and temporary basal can dominate this low scheduled rate, so increasing it is unsupported."
real_gpt56sol_med_50,run_003,profile.basal.18_00,profile,True,0.6 U/h,keep,0.6 U/h,"Evening lows are evident, but their timing follows daytime hyperglycaemia and substantial automated IOB. Keep pending complete preceding insulin histories."
real_gpt56sol_med_50,run_003,profile.basal.19_00,profile,True,0.7 U/h,keep,0.7 U/h,The 19:00 low exposure may largely reflect insulin delivered earlier. A change to the segment beginning at 19:00 is not supported without low-IOB observations.
real_gpt56sol_med_50,run_003,profile.cr.00_00,profile,True,13 g/U,keep,13 g/U,There are no carbohydrate or meal-bolus records for this segment. Overnight hypoglycaemia increases the risk of strengthening CR without meal-linked evidence.
real_gpt56sol_med_50,run_003,profile.cr.04_00,profile,True,11.1 g/U,keep,11.1 g/U,"Morning rises could reflect meal timing, unannounced food or UAM behavior. No carbohydrate amount or immediate bolus record is available to test this CR."
real_gpt56sol_med_50,run_003,profile.cr.08_00,profile,True,13.2 g/U,keep,13.2 g/U,"Late-morning and afternoon highs are not meal-linked and are sometimes followed by delayed lows. CR, absorption, SMB/UAM and correction effects remain inseparable."
real_gpt56sol_med_50,run_003,profile.cr.16_00,profile,True,10.5 g/U,keep,10.5 g/U,Evening low exposure argues against strengthening this CR without documented meals. The effect of preceding daytime IOB remains a major dependency.
real_gpt56sol_med_50,run_003,profile.cr.20_00,profile,True,12.6 g/U,keep,12.6 g/U,"No meal-linked evidence tests this segment, and recurrent late-night lows make an insulin-increasing change unsupported."
real_gpt56sol_med_50,run_003,profile.isf.00_00,profile,True,56 mg/dL/U,keep,56 mg/dL/U,"Some corrections were followed by large delayed falls, but Dynamic ISF produced effective sensitivities ranging widely around the fixed value. Fixed ISF should remain unchanged until automation and overlapping IOB are separated."
real_gpt56sol_med_50,run_003,profile.target.00_00,profile,True,90 mg/dL,keep,90 mg/dL,"The overnight target may contribute to aggressive delivery during a low-prone period, but actual temporary and algorithm-derived targets varied. A precise replacement is unsupported without fasting-like target and IOB histories."
real_gpt56sol_med_50,run_003,profile.target.08_00,profile,True,100 mg/dL,keep,100 mg/dL,Daytime highs and delayed lows indicate that changing the target could alter both correction intensity and hypoglycaemia risk. Meal and automation dependencies remain unresolved.
real_gpt56sol_med_50,run_003,profile.target.23_00,profile,True,90 mg/dL,keep,90 mg/dL,"Low exposure increases after 23:00, making this target a review candidate, but late-evening IOB and automated delivery have not been excluded. No supported alternative value is available."
real_gpt56sol_med_50,run_003,profile.dia,profile,True,10 h,keep,10 h,"Delayed falls make insulin-action accounting important, but no isolated bolus decay curve establishes that 10 hours is wrong. DIA should not be changed with ISF, Dynamic ISF or SMB settings."
real_gpt56sol_med_50,run_003,aaps.core.smb_uam,aaps,True,smb_enabled=true; uam_enabled=true,keep,smb_enabled=true; uam_enabled=true,"SMB/UAM responds to genuine food-like rises with COB zero, but may contribute to accumulated IOB. Disabling it could worsen undocumented-meal highs, and the package does not isolate the enable switches from Dynamic ISF, DIA and meal effects."
real_gpt56sol_med_50,run_003,aaps.core.smb_activation,aaps,True,smb_always_enabled=true; smb_with_cob_enabled=false; smb_after_carbs_enabled=false; smb_with_temp_target_enabled=true; smb_with_high_temp_target_enabled=false,keep,smb_always_enabled=true; smb_with_cob_enabled=false; smb_after_carbs_enabled=false; smb_with_temp_target_enabled=true; smb_with_high_temp_target_enabled=false,"The activation settings are internally consistent, and UAM is not evidence of duplicate COB counting. Complete eligibility histories are absent, so no individual switch change is supported."
real_gpt56sol_med_50,run_003,aaps.core.smb_delivery,aaps,True,smb_interval_minutes=3 min; max_smb_basal_minutes=15 min; max_uam_smb_basal_minutes=20 min,keep,smb_interval_minutes=3 min; max_smb_basal_minutes=15 min; max_uam_smb_basal_minutes=20 min,"Recurrent lows and high IOB justify review, but complete cumulative SMB sequences are absent. Dynamic ISF, repeated corrections, DIA and delayed absorption remain competing explanations, so changing interval or dose limits is unsupported."
real_gpt56sol_med_50,run_003,aaps.core.safety_limits,aaps,True,max_basal_u_per_hour=12 U/h; max_iob_units=25 U,keep,max_basal_u_per_hour=12 U/h; max_iob_units=25 U,"These ceilings are permissive relative to observed insulin use and deserve priority review, but they are not equivalent to delivered doses and lower derived caps were active in representative records. The package does not support exact replacement values."
real_gpt56sol_med_50,run_003,aaps.core.sensitivity,aaps,True,autosens_enabled=false; dynamic_sensitivity_enabled=true; autosens_raises_target=false; autosens_lowers_target=false; dynamic_isf_adjustment_factor_percent=70 %,keep,autosens_enabled=false; dynamic_sensitivity_enabled=true; autosens_raises_target=false; autosens_lowers_target=false; dynamic_isf_adjustment_factor_percent=70 %,"Dynamic ISF materially strengthened some corrections and could contribute to later falls, but it also compensated for daytime rises. A sensitivity ratio of 1 is neutral, and Autosens remains explicitly disabled. No exact adjustment is supported without meal and complete dose histories."
real_gpt56sol_med_50,run_003,aaps.core.carb_absorption,aaps,True,min_5m_carbimpact=8 mg/dL/5 min; meal_max_absorption_hours=7 h,keep,min_5m_carbimpact=8 mg/dL/5 min; meal_max_absorption_hours=7 h,"No carbohydrates or COB series were recorded, so neither absorption setting can be tested. Delayed rises could also reflect meal timing, IOB, corrections, temporary targets or SMB/UAM."
real_gpt56sol_med_50,run_004,profile.basal.00_00,profile,True,0.6 U/h,keep,0.6 U/h,"Evidence shows recurrent 00:00–03:00 lows, but uncertainty from residual evening IOB, SMB, corrections, targets, meals, and activity prevents attributing them to this basal segment. Dependencies include DIA, Dynamic ISF, targets, and preceding insulin delivery."
real_gpt56sol_med_50,run_004,profile.basal.05_00,profile,True,0.7 U/h,keep,0.7 U/h,"Evidence shows comparatively stable glucose from 04:00–06:00. One later 42 mg/dL reading does not isolate this segment, and uncertainty remains about preceding IOB and sensor accuracy. Dependencies include the 06:00 basal, automation, and event context."
real_gpt56sol_med_50,run_004,profile.basal.06_00,profile,True,0.8 U/h,keep,0.8 U/h,"Evidence shows generally high time in range and low below-range exposure at 06:00–08:00, although one isolated 42 mg/dL value occurred. Uncertainty from preceding insulin prevents a change. Dependencies include the 05:00 basal, breakfast timing, SMB/UAM, and IOB."
real_gpt56sol_med_50,run_004,profile.basal.10_00,profile,True,0.7 U/h,keep,0.7 U/h,"Evidence shows daytime hyperglycemia, but representative records also show meal-like rises, UAM, SMB, and temporary basal. Missing meal data create substantial uncertainty. Dependencies include CR, bolus timing, Dynamic ISF, absorption, and activity."
real_gpt56sol_med_50,run_004,profile.basal.16_00,profile,True,0.5 U/h,keep,0.5 U/h,"Evidence shows the highest hourly mean at 16:00 followed by falling glucose and increased low exposure at 18:00–19:00. This contradiction makes stronger basal unsupported. Dependencies include afternoon meals, UAM, corrections, Dynamic ISF, and accumulated IOB."
real_gpt56sol_med_50,run_004,profile.basal.18_00,profile,True,0.6 U/h,keep,0.6 U/h,"Evidence shows 7.7% below range at 18:00 and severe lows near this interval, but uncertainty from earlier automated and correction insulin prevents assigning causation to basal. Dependencies include the 16:00 CR, SMB/UAM, Dynamic ISF, and activity."
real_gpt56sol_med_50,run_004,profile.basal.19_00,profile,True,0.7 U/h,keep,0.7 U/h,"Evidence shows 15.3% below range at 19:00, but severe-low episodes followed substantial earlier insulin exposure. The profile basal contribution remains uncertain. Dependencies include afternoon corrections, meal insulin, IOB, targets, and automation."
real_gpt56sol_med_50,run_004,profile.cr.00_00,profile,True,13 g/U,keep,13 g/U,"There are no carbohydrate entries or meal-linked responses to test this CR. Overnight lows are evidence of risk but not of CR strength. Dependencies include meal timing, bolus delivery, basal, ISF, DIA, and automation."
real_gpt56sol_med_50,run_004,profile.cr.04_00,profile,True,11.1 g/U,keep,11.1 g/U,"Morning glucose is relatively stable before later rises, but no recorded breakfast amount or bolus permits CR evaluation. Uncertainty is high. Dependencies include prebolus timing, absorption, UAM, Dynamic ISF, and the 06:00 basal."
real_gpt56sol_med_50,run_004,profile.cr.08_00,profile,True,13.2 g/U,keep,13.2 g/U,"Evidence shows morning and afternoon rises, but no carbohydrates or meal boluses are linked to them. Strengthening this CR could increase later IOB and hypoglycemia. Dependencies include meal execution, basal, ISF, SMB/UAM, and Dynamic ISF."
real_gpt56sol_med_50,run_004,profile.cr.16_00,profile,True,10.5 g/U,keep,10.5 g/U,"Evidence shows afternoon highs followed by substantial 18:00–19:00 low exposure. Without meal records, it is uncertain whether this stronger CR contributes to the fall or whether automation dominates. Dependencies include bolus timing, Dynamic ISF, SMB/UAM, activity, and IOB."
real_gpt56sol_med_50,run_004,profile.cr.20_00,profile,True,12.6 g/U,keep,12.6 g/U,"Late-evening and overnight lows are present, but no meal-linked carbohydrate or bolus data test this CR. Dependencies include the 19:00 basal, overnight target, SMB-always, DIA, and residual IOB."
real_gpt56sol_med_50,run_004,profile.isf.00_00,profile,True,56 mg/dL/U,keep,56 mg/dL/U,"Correction responses are highly variable and confounded, while Dynamic ISF produced effective sensitivity values far from the fixed ISF. Evidence does not isolate fixed ISF error. Dependencies include Dynamic ISF, IOB, DIA, meals, SMB, and temporary basal."
real_gpt56sol_med_50,run_004,profile.target.00_00,profile,True,90 mg/dL,keep,90 mg/dL,"Evidence shows recurrent lows after midnight, making this target relevant, but uncertainty from residual IOB and broad SMB eligibility prevents selecting a supported new value. Dependencies include evening insulin, basal, Dynamic ISF, DIA, and low-treatment context."
real_gpt56sol_med_50,run_004,profile.target.08_00,profile,True,100 mg/dL,keep,100 mg/dL,"Daytime highs occur under this target, but they coincide with unannounced meal-like rises and automation responses. A lower target could increase IOB and later hypoglycemia. Dependencies include meal timing, CR, SMB/UAM, and Dynamic ISF."
real_gpt56sol_med_50,run_004,profile.target.23_00,profile,True,90 mg/dL,keep,90 mg/dL,"Evidence shows elevated below-range exposure from 23:00 through 03:00, but the target effect cannot be separated from preceding meal, correction, and automated insulin. Dependencies include the 19:00 basal, DIA, SMB-always, Dynamic ISF, and IOB."
real_gpt56sol_med_50,run_004,profile.dia,profile,True,10 h,keep,10 h,"Evidence shows delayed glucose declines and substantial IOB, supporting continued recognition of prolonged insulin action. The exact DIA remains uncertain because responses are not isolated. Dependencies include insulin type, SMB, temporary basal, corrections, Dynamic ISF, and meal absorption."
real_gpt56sol_med_50,run_004,aaps.core.smb_uam,aaps,True,smb_enabled=true; uam_enabled=true,keep,smb_enabled=true; uam_enabled=true,"Evidence shows SMB/UAM responding to undeclared rises and also contributing to accumulated IOB risk, but no complete sequence isolates either feature as the cause of lows. Dependencies include meal execution, Dynamic ISF, fixed ISF, DIA, targets, and SMB limits."
real_gpt56sol_med_50,run_004,aaps.core.smb_activation,aaps,True,smb_always_enabled=true; smb_with_cob_enabled=false; smb_after_carbs_enabled=false; smb_with_temp_target_enabled=true; smb_with_high_temp_target_enabled=false,keep,smb_always_enabled=true; smb_with_cob_enabled=false; smb_after_carbs_enabled=false; smb_with_temp_target_enabled=true; smb_with_high_temp_target_enabled=false,"Broad SMB eligibility is materially relevant to hypoglycemia risk, but no evidence identifies a specific activation condition as independently excessive. Carbohydrates were not declared, adding uncertainty. Dependencies include UAM, targets, meal entry, Dynamic ISF, IOB, and high temporary targets."
real_gpt56sol_med_50,run_004,aaps.core.smb_delivery,aaps,True,smb_interval_minutes=3 min; max_smb_basal_minutes=15 min; max_uam_smb_basal_minutes=20 min,keep,smb_interval_minutes=3 min; max_smb_basal_minutes=15 min; max_uam_smb_basal_minutes=20 min,"Evidence includes substantial SMB exposure and IOB during some highs, but representative records do not establish whether interval, ordinary SMB limit, or UAM SMB limit drives later lows. Dependencies include Dynamic ISF, basal, fixed ISF, DIA, meal timing, and existing IOB."
real_gpt56sol_med_50,run_004,aaps.core.safety_limits,aaps,True,max_basal_u_per_hour=12 U/h; max_iob_units=25 U,keep,max_basal_u_per_hour=12 U/h; max_iob_units=25 U,"The ceilings are permissive, but representative delivery reached about 4 U/h and IOB reached 5.935 U, so neither configured ceiling directly caused the observed events. Full distributions are uncertain. Dependencies include lower algorithm safeguards, SMB limits, Dynamic ISF, and profile basal."
real_gpt56sol_med_50,run_004,aaps.core.sensitivity,aaps,True,autosens_enabled=false; dynamic_sensitivity_enabled=true; autosens_raises_target=false; autosens_lowers_target=false; dynamic_isf_adjustment_factor_percent=70 %,keep,autosens_enabled=false; dynamic_sensitivity_enabled=true; autosens_raises_target=false; autosens_lowers_target=false; dynamic_isf_adjustment_factor_percent=70 %,"Dynamic ISF is a plausible contributor to high-to-low cycling because effective sensitivity became substantially stronger during highs, but meal, IOB, and SMB confounding prevents a supported new factor. Autosens is disabled, and neutral sensitivity ratios do not contradict that. Dependencies include fixed ISF, DIA, SMB/UAM, targets, and meal execution."
real_gpt56sol_med_50,run_004,aaps.core.carb_absorption,aaps,True,min_5m_carbimpact=8 mg/dL/5 min; meal_max_absorption_hours=7 h,keep,min_5m_carbimpact=8 mg/dL/5 min; meal_max_absorption_hours=7 h,"No recorded carbohydrate or COB response exercised these settings, so there is no evidence for a new minimum impact or absorption duration. Dependencies include meal declaration, e-carbs, GLP-1 timing, SMB/UAM, IOB, and correction effects."
real_gpt56sol_med_50,run_005,profile.basal.00_00,profile,True,0.6 U/h,keep,0.6 U/h,"Overnight lows are present, but residual evening IOB, SMB/UAM, the 00:00 target, and late meals or corrections remain plausible causes. Keep this basal while testing the target alone."
real_gpt56sol_med_50,run_005,profile.basal.05_00,profile,True,0.7 U/h,keep,0.7 U/h,"Low exposure is lower after 05:00 than at 00:00-03:00, and preceding IOB remains uncertain. There is insufficient isolated fasting evidence for a change."
real_gpt56sol_med_50,run_005,profile.basal.06_00,profile,True,0.8 U/h,keep,0.8 U/h,"The 06:00-08:00 period had approximately 97.5%-98.7% time in range with little hypoglycemia. Meals and automation confound the later rise, so no change is supported."
real_gpt56sol_med_50,run_005,profile.basal.10_00,profile,True,0.7 U/h,keep,0.7 U/h,"Daytime highs could reflect unannounced meals or delayed absorption, and they are followed by evening lows. Increasing basal could worsen late hypoglycemia."
real_gpt56sol_med_50,run_005,profile.basal.16_00,profile,True,0.5 U/h,keep,0.5 U/h,"Glucose is often high at 16:00-17:00 but low exposure increases at 18:00-19:00. UAM, SMB, Dynamic ISF, and IOB provide stronger competing explanations than insufficient basal."
real_gpt56sol_med_50,run_005,profile.basal.18_00,profile,True,0.6 U/h,keep,0.6 U/h,"Time below range is already elevated at 18:00, but afternoon automated insulin is not isolated from basal. Keep while cumulative IOB is examined."
real_gpt56sol_med_50,run_005,profile.basal.19_00,profile,True,0.7 U/h,keep,0.7 U/h,"Local 19:00 time below range was 15.3%, but accumulated afternoon insulin, evening corrections, and meals remain unresolved. A basal change should not accompany the proposed target test."
real_gpt56sol_med_50,run_005,profile.cr.00_00,profile,True,13 g/U,keep,13 g/U,"No carbohydrate entries or meal-linked boluses are available, so this CR cannot be tested. Overnight lows cannot be attributed specifically to meal insulin."
real_gpt56sol_med_50,run_005,profile.cr.04_00,profile,True,11.1 g/U,keep,11.1 g/U,"The later morning rise may be meal-related, but meal amount, timing, and bolus execution are absent. Strengthening this CR is unsupported."
real_gpt56sol_med_50,run_005,profile.cr.08_00,profile,True,13.2 g/U,keep,13.2 g/U,"Daytime highs occur without recorded carbohydrates and are followed by later lows. CR, timing, absorption, and reactive automation cannot be separated."
real_gpt56sol_med_50,run_005,profile.cr.16_00,profile,True,10.5 g/U,keep,10.5 g/U,"This segment overlaps the afternoon high-to-evening low transition. Stronger meal insulin could compound UAM, Dynamic ISF, and existing IOB, while no meal-linked evidence supports weakening it either."
real_gpt56sol_med_50,run_005,profile.cr.20_00,profile,True,12.6 g/U,keep,12.6 g/U,"Late evening and overnight lows are present, but no meal amounts or bolus records isolate this CR from basal, target, SMB/UAM, and correction IOB."
real_gpt56sol_med_50,run_005,profile.isf.00_00,profile,True,56 mg/dL/U,keep,56 mg/dL/U,"Correction responses are highly confounded, and Dynamic ISF sometimes produces much stronger effective sensitivity. The static ISF is not established as the source of late lows."
real_gpt56sol_med_50,run_005,profile.target.00_00,profile,True,90 mg/dL,change,100 mg/dL,"The target applies during repeated local 00:00-03:00 low exposure of 10.1%-18.5%. A candidate increase to 100 mg/dL is a conservative, directly supported safety change, although evening IOB and basal remain uncertain dependencies. It should be assessed without simultaneous insulin-delivery changes."
real_gpt56sol_med_50,run_005,profile.target.08_00,profile,True,100 mg/dL,keep,100 mg/dL,"Early morning control is relatively stable, and later daytime highs are more plausibly meal and automation related. A target change is not supported."
real_gpt56sol_med_50,run_005,profile.target.23_00,profile,True,90 mg/dL,keep,90 mg/dL,"Low exposure is elevated around 23:00, but this one-hour segment is strongly dependent on evening IOB and the following midnight target. Keep it initially so only the 00:00 target changes; revisit after the single-change comparison."
real_gpt56sol_med_50,run_005,profile.dia,profile,True,10 h,keep,10 h,"Glucose sometimes continues falling three to six hours after correction-window starts, and late IOB is a safety concern. Shortening DIA could discount residual insulin sooner; exact action duration remains unverified."
real_gpt56sol_med_50,run_005,aaps.core.smb_uam,aaps,True,smb_enabled=true; uam_enabled=true,keep,smb_enabled=true; uam_enabled=true,"SMB/UAM plausibly contributes to reactive insulin accumulation, but it is also compensating for unannounced rises. Meal data and complete delivery sequences are absent, so an isolated on/off change is unsupported and should not accompany the target test."
real_gpt56sol_med_50,run_005,aaps.core.smb_activation,aaps,True,smb_always_enabled=true; smb_with_cob_enabled=false; smb_after_carbs_enabled=false; smb_with_temp_target_enabled=true; smb_with_high_temp_target_enabled=false,keep,smb_always_enabled=true; smb_with_cob_enabled=false; smb_after_carbs_enabled=false; smb_with_temp_target_enabled=true; smb_with_high_temp_target_enabled=false,"The switches are internally consistent, with broad SMB availability and high-temporary-target protection. No individual switch is isolated as the cause of lows, and carbohydrate execution data are absent."
real_gpt56sol_med_50,run_005,aaps.core.smb_delivery,aaps,True,smb_interval_minutes=3 min; max_smb_basal_minutes=15 min; max_uam_smb_basal_minutes=20 min,keep,smb_interval_minutes=3 min; max_smb_basal_minutes=15 min; max_uam_smb_basal_minutes=20 min,"Frequent UAM dosing may contribute to cumulative IOB, but the representative subset does not quantify the effect of each limit. No supported replacement interval or minute limit exists, and these settings depend on Dynamic ISF and meal handling."
real_gpt56sol_med_50,run_005,aaps.core.safety_limits,aaps,True,max_basal_u_per_hour=12 U/h; max_iob_units=25 U,keep,max_basal_u_per_hour=12 U/h; max_iob_units=25 U,"The ceilings are permissive relative to the profile and deserve safety review, but observed IOB did not approach 25 U and lower effective maxSafeBasal constraints appeared in loop records. Exact lower values are unsupported, particularly with uncertain insulin concentration handling."
real_gpt56sol_med_50,run_005,aaps.core.sensitivity,aaps,True,autosens_enabled=false; dynamic_sensitivity_enabled=true; autosens_raises_target=false; autosens_lowers_target=false; dynamic_isf_adjustment_factor_percent=70 %,keep,autosens_enabled=false; dynamic_sensitivity_enabled=true; autosens_raises_target=false; autosens_lowers_target=false; dynamic_isf_adjustment_factor_percent=70 %,"Dynamic ISF materially strengthens correction during some highs and may contribute to late lows, but its effect cannot be separated from UAM, SMB, meals, static ISF, and IOB. A sensitivity_ratio of 1 is neutral and does not contradict the configured Autosens state."
real_gpt56sol_med_50,run_005,aaps.core.carb_absorption,aaps,True,min_5m_carbimpact=8 mg/dL/5 min; meal_max_absorption_hours=7 h,keep,min_5m_carbimpact=8 mg/dL/5 min; meal_max_absorption_hours=7 h,"No carbohydrates entered the COB model, so these settings cannot be assessed from the period. Changing them would not resolve absent meal announcements, and no meal-linked absorption duration is available."
real_gpt56sol_med_50,run_006,profile.basal.00_00,profile,True,0.6 U/h,keep,0.6 U/h,"Overnight TBR is elevated, but late corrections, starting IOB, automated delivery, and unrecorded food or low treatment remain unresolved. A clean overnight observation is required before attributing the pattern to this segment."
real_gpt56sol_med_50,run_006,profile.basal.05_00,profile,True,0.7 U/h,keep,0.7 U/h,"The local 04:00-06:00 aggregate is comparatively stable. An isolated severe morning reading does not establish a recurring defect, and assessment depends on IOB, activity, sensor validation, and preceding insulin."
real_gpt56sol_med_50,run_006,profile.basal.06_00,profile,True,0.8 U/h,keep,0.8 U/h,"Local 06:00-08:00 data are mostly in range, while the isolated 42 mg/dL reading lacks complete IOB, activity, and confirmation context. No supported replacement value can be derived."
real_gpt56sol_med_50,run_006,profile.basal.10_00,profile,True,0.7 U/h,keep,0.7 U/h,"Glucose rises during this broad segment, but meals are unrecorded and UAM, SMB, corrections, and temporary basal are active. Increasing basal could worsen the later 18:00-19:00 low pattern."
real_gpt56sol_med_50,run_006,profile.basal.16_00,profile,True,0.5 U/h,keep,0.5 U/h,This segment starts during the highest average-glucose period but is followed by a sharp decline and increased evening TBR. Meal absorption and accumulated automated IOB are stronger competing explanations than isolated basal deficiency.
real_gpt56sol_med_50,run_006,profile.basal.18_00,profile,True,0.6 U/h,keep,0.6 U/h,"Low risk increases during this segment, but preceding afternoon corrections, SMB, Dynamic ISF, and activity are unresolved. A segment change requires an observation without those dependencies."
real_gpt56sol_med_50,run_006,profile.basal.19_00,profile,True,0.7 U/h,keep,0.7 U/h,"Local 19:00 TBR is 15.3%, creating concern, but the hour commonly follows afternoon hyperglycemia and insulin accumulation. The data do not isolate the scheduled basal or support a concrete replacement."
real_gpt56sol_med_50,run_006,profile.cr.00_00,profile,True,13 g/U,keep,13 g/U,"No meal carbohydrate amount, bolus timing, or immediate bolus percentage is available for this interval. CR cannot be separated from basal, IOB, ISF, DIA, SMB/UAM, and unrecorded intake."
real_gpt56sol_med_50,run_006,profile.cr.04_00,profile,True,11.1 g/U,keep,11.1 g/U,"The early-morning aggregate is relatively stable, and there are no matched meal records to test this CR. Any change would be unsupported and dependent on actual meal timing and automation."
real_gpt56sol_med_50,run_006,profile.cr.08_00,profile,True,13.2 g/U,keep,13.2 g/U,"Morning and afternoon rises could reflect meal timing, amount, absorption, or UAM rather than this CR. Later low risk argues against strengthening it without a matched six-hour meal record."
real_gpt56sol_med_50,run_006,profile.cr.16_00,profile,True,10.5 g/U,keep,10.5 g/U,"Afternoon highs are followed by evening lows, and no meal-linked carbohydrate or bolus data are available. Strengthening this CR could add insulin to an interval already affected by SMB, Dynamic ISF, and corrections."
real_gpt56sol_med_50,run_006,profile.cr.20_00,profile,True,12.6 g/U,keep,12.6 g/U,"Late-evening and overnight low risk constrains additional insulin, while no matched meal evidence tests this CR. Basal, target, IOB, and meal effects remain unresolved."
real_gpt56sol_med_50,run_006,profile.isf.00_00,profile,True,56 mg/dL/U,keep,56 mg/dL/U,"Correction responses are highly variable and include additional automated insulin. Dynamic ISF frequently changes effective sensitivity, so the fixed ISF cannot be isolated and should not change together with automation."
real_gpt56sol_med_50,run_006,profile.target.00_00,profile,True,90 mg/dL,keep,90 mg/dL,"The target may provide limited margin during overnight IOB-associated declines, but the data do not separate target effects from basal, late insulin, and low treatment. A concrete new target is unsupported."
real_gpt56sol_med_50,run_006,profile.target.08_00,profile,True,100 mg/dL,keep,100 mg/dL,Afternoon highs do not establish that this target is too high because meals are unrecorded and automation produces substantial IOB. Lowering it could worsen the later low pattern.
real_gpt56sol_med_50,run_006,profile.target.23_00,profile,True,90 mg/dL,keep,90 mg/dL,"Late-evening TBR is elevated, but residual IOB, corrections, and unrecorded food or low treatment remain plausible. The target should be assessed only after a documented overnight observation."
real_gpt56sol_med_50,run_006,profile.dia,profile,True,10 h,keep,10 h,"Several glucose declines occur two to six hours after corrections, so shortening DIA is unsupported and could hide active insulin. Complete delivery history is required to determine whether 10 hours overstates the action tail."
real_gpt56sol_med_50,run_006,aaps.core.smb_uam,aaps,True,smb_enabled=true; uam_enabled=true,keep,smb_enabled=true; uam_enabled=true,"Both features are active with good CGM coverage and provide responses to unannounced rises. Severe lows and high IOB prevent any increase, but absent meal and complete delivery records do not isolate SMB or UAM as independently defective."
real_gpt56sol_med_50,run_006,aaps.core.smb_activation,aaps,True,smb_always_enabled=true; smb_with_cob_enabled=false; smb_after_carbs_enabled=false; smb_with_temp_target_enabled=true; smb_with_high_temp_target_enabled=false,keep,smb_always_enabled=true; smb_with_cob_enabled=false; smb_after_carbs_enabled=false; smb_with_temp_target_enabled=true; smb_with_high_temp_target_enabled=false,"Always-enabled SMB is materially relevant with zero entered carbs, but no activation switch can be linked independently to the lows. Changing activation while also assessing Dynamic ISF, CR, or meal timing would confound the result."
real_gpt56sol_med_50,run_006,aaps.core.smb_delivery,aaps,True,smb_interval_minutes=3 min; max_smb_basal_minutes=15 min; max_uam_smb_basal_minutes=20 min,keep,smb_interval_minutes=3 min; max_smb_basal_minutes=15 min; max_uam_smb_basal_minutes=20 min,"The configured interval and limits are present, and severe lows argue against increasing exposure. Representative rather than exhaustive SMB data cannot identify which component should change or support concrete replacement values."
real_gpt56sol_med_50,run_006,aaps.core.safety_limits,aaps,True,max_basal_u_per_hour=12 U/h; max_iob_units=25 U,keep,max_basal_u_per_hour=12 U/h; max_iob_units=25 U,"These ceilings are permissive relative to scheduled basal and observed IOB, creating a material review concern. However, actual delivery was often constrained below them, and insulin concentration and configuration context are insufficient to derive supported replacement values."
real_gpt56sol_med_50,run_006,aaps.core.sensitivity,aaps,True,autosens_enabled=false; dynamic_sensitivity_enabled=true; autosens_raises_target=false; autosens_lowers_target=false; dynamic_isf_adjustment_factor_percent=70 %,keep,autosens_enabled=false; dynamic_sensitivity_enabled=true; autosens_raises_target=false; autosens_lowers_target=false; dynamic_isf_adjustment_factor_percent=70 %,"Dynamic ISF is the leading automation-level explanation for aggressive correction during highs, with variable sensitivity substantially below the fixed ISF in selected episodes. Unannounced food, SMB, temporary basal, and corrections remain confounders, so no isolated new value is supported."
real_gpt56sol_med_50,run_006,aaps.core.carb_absorption,aaps,True,min_5m_carbimpact=8 mg/dL/5 min; meal_max_absorption_hours=7 h,keep,min_5m_carbimpact=8 mg/dL/5 min; meal_max_absorption_hours=7 h,"There are no entered carbohydrates or COB trajectories, so neither absorption component can be tested. Meal-linked data are required before attributing prolonged rises to these settings."
real_gpt56sol_med_50,run_007,profile.basal.00_00,profile,True,0.6 U/h,keep,0.6 U/h,"Overnight low exposure is substantial, but residual evening IOB, corrections, meals, activity, and sensor context remain unresolved. Fasting-like overnight observations are required before attributing the pattern to this basal segment."
real_gpt56sol_med_50,run_007,profile.basal.05_00,profile,True,0.7 U/h,keep,0.7 U/h,"The 05:00 hour has a near-range average with some low exposure, but hourly aggregation and residual overnight insulin prevent an isolated basal conclusion. Any review depends on fasting-like data and should not accompany target or automation changes."
real_gpt56sol_med_50,run_007,profile.basal.06_00,profile,True,0.8 U/h,keep,0.8 U/h,"The 06:00 to 08:00 period is generally stable with little aggregate low exposure, although one isolated 42 mg/dL reading adds uncertainty. The available evidence does not support an old-to-new basal value."
real_gpt56sol_med_50,run_007,profile.basal.10_00,profile,True,0.7 U/h,keep,0.7 U/h,"Daytime elevation is clear, but absent meal and bolus data make food, timing, UAM, and absorption plausible explanations. Strengthening basal could worsen the documented early-evening lows and depends on meal and automation separation."
real_gpt56sol_med_50,run_007,profile.basal.16_00,profile,True,0.5 U/h,keep,0.5 U/h,"Glucose is highest near 16:00, but then falls into a period of increased low exposure while IOB may be substantial. This argues against inferring a weak basal from the hourly mean without meal-linked and complete insulin-delivery data."
real_gpt56sol_med_50,run_007,profile.basal.18_00,profile,True,0.6 U/h,keep,0.6 U/h,"Time below range rises at 18:00, but preceding daytime insulin, the 16:00 CR, Dynamic ISF, SMB/UAM, corrections, and activity remain confounders. A basal change is unsupported until those dependencies are reconstructed."
real_gpt56sol_med_50,run_007,profile.basal.19_00,profile,True,0.7 U/h,keep,0.7 U/h,"The 19:00 hour has 15.3% time below range, but this may reflect insulin accumulated during preceding highs rather than the segment itself. Complete prior IOB and meal context is required before considering a value change."
real_gpt56sol_med_50,run_007,profile.cr.00_00,profile,True,13 g/U,keep,13 g/U,"No meal carbohydrate, meal bolus, or timing data are available for this segment. Overnight lows may involve residual meal insulin, but CR cannot be separated from basal, target, Dynamic ISF, SMB/UAM, and IOB."
real_gpt56sol_med_50,run_007,profile.cr.04_00,profile,True,11.1 g/U,keep,11.1 g/U,"Morning glucose rises do not establish an incorrect CR because meal timing, carbohydrate amount, prebolus, immediate percentage, and UAM response are absent. A repeated annotated meal is the required dependency."
real_gpt56sol_med_50,run_007,profile.cr.08_00,profile,True,13.2 g/U,keep,13.2 g/U,"Late-morning and afternoon highs could suggest insufficient meal coverage, but delayed or absent meal announcement and absorption are equally plausible. Later low exposure makes a stronger ratio unsafe to infer without six-hour meal-linked outcomes."
real_gpt56sol_med_50,run_007,profile.cr.16_00,profile,True,10.5 g/U,keep,10.5 g/U,"This is the strongest CR and overlaps the transition from afternoon highs to early-evening lows. Meal, IOB, SMB/UAM, Dynamic ISF, corrections, and activity are unresolved, so neither strengthening nor weakening has a supported candidate value."
real_gpt56sol_med_50,run_007,profile.cr.20_00,profile,True,12.6 g/U,keep,12.6 g/U,"Overnight lows could include residual dinner insulin, but no dinner carbohydrate, timing, bolus, or absorption data are available. This CR cannot be separated from evening basal, target, DIA, and automated dosing."
real_gpt56sol_med_50,run_007,profile.isf.00_00,profile,True,56 mg/dL/U,keep,56 mg/dL/U,"Correction-labelled windows are heavily confounded, and Dynamic ISF changes effective sensitivity across a wide range. Static ISF should remain unchanged until total insulin, IOB, food, activity, and Dynamic ISF effects are separated."
real_gpt56sol_med_50,run_007,profile.target.00_00,profile,True,90 mg/dL,keep,90 mg/dL,"The low overnight target may provide limited buffer during a low-prone period, but the package cannot isolate target pressure from residual IOB and basal. No supported replacement target is available, and target should not change with basal or automation."
real_gpt56sol_med_50,run_007,profile.target.08_00,profile,True,100 mg/dL,keep,100 mg/dL,"Daytime highs and later lows reflect competing pressures, and changing the target would alter Dynamic ISF and automated dosing interpretation. Meal-linked and IOB-resolved data are required before a numerical change."
real_gpt56sol_med_50,run_007,profile.target.23_00,profile,True,90 mg/dL,keep,90 mg/dL,"Low exposure is elevated at 23:00 and afterward, but evening meal insulin and corrections are unaccounted for. A target change is unsupported without fasting-like verification and should not accompany basal or SMB changes."
real_gpt56sol_med_50,run_007,profile.dia,profile,True,10 h,keep,10 h,"Several trajectories remain affected four to six hours after correction-labelled events, and recurrent lows make preserving residual IOB recognition important. The windows are confounded, but there is no evidence supporting a shorter or longer concrete value."
real_gpt56sol_med_50,run_007,aaps.core.smb_uam,aaps,True,smb_enabled=true; uam_enabled=true,keep,smb_enabled=true; uam_enabled=true,"SMB/UAM respond to observed rises with COB often zero, but daytime highs would remain unresolved if they were removed. Cumulative insulin may contribute to later lows, yet complete episode-level delivery data and separation from Dynamic ISF are required before changing either switch."
real_gpt56sol_med_50,run_007,aaps.core.smb_activation,aaps,True,smb_always_enabled=true; smb_with_cob_enabled=false; smb_after_carbs_enabled=false; smb_with_temp_target_enabled=true; smb_with_high_temp_target_enabled=false,keep,smb_always_enabled=true; smb_with_cob_enabled=false; smb_after_carbs_enabled=false; smb_with_temp_target_enabled=true; smb_with_high_temp_target_enabled=false,"The switches are internally coherent, including the protective exclusion for high temporary targets. Because no carbs were entered and meal execution is unknown, changing COB or after-carb conditions would not directly address the observed period; activation also depends on SMB strength and Dynamic ISF."
real_gpt56sol_med_50,run_007,aaps.core.smb_delivery,aaps,True,smb_interval_minutes=3 min; max_smb_basal_minutes=15 min; max_uam_smb_basal_minutes=20 min,keep,smb_interval_minutes=3 min; max_smb_basal_minutes=15 min; max_uam_smb_basal_minutes=20 min,"Frequent UAM/SMB delivery is a plausible contributor to accumulated IOB, but only representative snapshots are available and no alternative interval or minute limit is supported. This group must be assessed separately from Dynamic ISF, static ISF, and safety ceilings."
real_gpt56sol_med_50,run_007,aaps.core.safety_limits,aaps,True,max_basal_u_per_hour=12 U/h; max_iob_units=25 U,keep,max_basal_u_per_hour=12 U/h; max_iob_units=25 U,"The hard limits are permissive relative to scheduled basal and observed insulin use, creating a material safety-review concern. However, sampled events show lower derived caps, observed IOB does not approach 25 U, and complete enacted-basal and peak-IOB distributions are absent, so no safe replacement values can be supported."
real_gpt56sol_med_50,run_007,aaps.core.sensitivity,aaps,True,autosens_enabled=false; dynamic_sensitivity_enabled=true; autosens_raises_target=false; autosens_lowers_target=false; dynamic_isf_adjustment_factor_percent=70 %,keep,autosens_enabled=false; dynamic_sensitivity_enabled=true; autosens_raises_target=false; autosens_lowers_target=false; dynamic_isf_adjustment_factor_percent=70 %,"Dynamic ISF materially strengthens sensitivity during some highs and may contribute to IOB accumulation, but it can also reduce dosing in other contexts. No controlled comparison exists, and changing it with SMB delivery or static ISF would prevent causal interpretation."
real_gpt56sol_med_50,run_007,aaps.core.carb_absorption,aaps,True,min_5m_carbimpact=8 mg/dL/5 min; meal_max_absorption_hours=7 h,keep,min_5m_carbimpact=8 mg/dL/5 min; meal_max_absorption_hours=7 h,"No carbohydrate or e-carb entries are available, so the absorption model was not meaningfully tested in the representative COB-zero loops. Changing these values would not correct absent meal data and would confound later meal-strategy evaluation."
real_gpt56sol_med_50,run_008,profile.basal.00_00,profile,True,0.6 U/h,keep,0.6 U/h,"Local 00:00–03:00 low exposure raises concern, but fasting status is unknown and residual evening IOB, SMB/UAM, Dynamic ISF, the 90 mg/dL target, activity, and low treatment are unresolved. Complete overnight insulin reconstruction is required before attributing the pattern to this basal segment."
real_gpt56sol_med_50,run_008,profile.basal.05_00,profile,True,0.7 U/h,keep,0.7 U/h,"Local 05:00–06:00 is comparatively stable with 95.2–97.5% time in range. An isolated low does not outweigh the aggregate pattern, and automated delivery and IOB remain dependencies."
real_gpt56sol_med_50,run_008,profile.basal.06_00,profile,True,0.8 U/h,keep,0.8 U/h,"Local 06:00–08:00 has 97.5–98.7% time in range and little low exposure. There is no fasting evidence supporting a new value, while meal timing and automation confound the later morning rise."
real_gpt56sol_med_50,run_008,profile.basal.10_00,profile,True,0.7 U/h,keep,0.7 U/h,"Daytime glucose rises during this segment, but no meal or carbohydrate data distinguish basal insufficiency from unannounced meals, delayed absorption, bolus timing, site problems, or UAM response. Later low exposure argues against increasing basal without fasting evidence."
real_gpt56sol_med_50,run_008,profile.basal.16_00,profile,True,0.5 U/h,keep,0.5 U/h,"Glucose is highest near 16:00 but then low exposure increases at 18:00–19:00. Substantial correction IOB and automation are plausible dependencies, so neither an increase for the high nor a decrease for the later low is isolated."
real_gpt56sol_med_50,run_008,profile.basal.18_00,profile,True,0.6 U/h,keep,0.6 U/h,"Local 18:00 low exposure is 7.7%, but it follows the main daytime correction period. Missing meal, activity, rescue-carbohydrate, and complete IOB data prevent assigning the decline to this basal segment."
real_gpt56sol_med_50,run_008,profile.basal.19_00,profile,True,0.7 U/h,keep,0.7 U/h,"Local 19:00 time below range is 15.3%, creating a safety concern. However, afternoon SMBs, Dynamic ISF, temporary basal, corrections, activity, and low treatments are unresolved dependencies, and no isolated fasting evidence supports a replacement value."
real_gpt56sol_med_50,run_008,profile.cr.00_00,profile,True,13 g/U,keep,13 g/U,No carbohydrate amounts or meal boluses are available for this interval. Overnight low exposure cannot be attributed to CR without meal-linked evidence and complete IOB context.
real_gpt56sol_med_50,run_008,profile.cr.04_00,profile,True,11.1 g/U,keep,11.1 g/U,"The early-morning interval is generally stable, and no carbohydrate or bolus records permit CR testing. Morning rises remain confounded by meals, timing, Dynamic ISF, and UAM."
real_gpt56sol_med_50,run_008,profile.cr.08_00,profile,True,13.2 g/U,keep,13.2 g/U,"Daytime highs could suggest insufficient or delayed meal insulin, but no carbohydrate amount, prebolus interval, or immediate percentage exists. Later IOB-associated lows make a stronger CR unsupported and potentially unsafe."
real_gpt56sol_med_50,run_008,profile.cr.16_00,profile,True,10.5 g/U,keep,10.5 g/U,"The afternoon high-to-evening-low pattern cannot distinguish CR from meal absorption, SMB/UAM, Dynamic ISF, correction stacking, activity, or low treatment. No meal-linked calculation supports a new value."
real_gpt56sol_med_50,run_008,profile.cr.20_00,profile,True,12.6 g/U,keep,12.6 g/U,"Evening and overnight low exposure is present, but no meal carbohydrate or bolus data show that this CR caused it. Residual daytime IOB and automation are major unresolved dependencies."
real_gpt56sol_med_50,run_008,profile.isf.00_00,profile,True,56 mg/dL/U,keep,56 mg/dL/U,"Representative responses include large declines, but Dynamic ISF frequently changes effective sensitivity and additional automated insulin is not isolated. The profile ISF cannot be tested independently until Dynamic ISF, SMBs, temporary basal, meals, and activity are separated."
real_gpt56sol_med_50,run_008,profile.target.00_00,profile,True,90 mg/dL,keep,90 mg/dL,"The target may add overnight dosing pressure, but recurrent lows also coincide with unresolved evening IOB and automation. A target change lacks an isolated old-to-new comparison and should not be combined with basal or Dynamic ISF changes."
real_gpt56sol_med_50,run_008,profile.target.08_00,profile,True,100 mg/dL,keep,100 mg/dL,Daytime highs and later lows reflect competing meal and correction effects. There is no evidence that changing the daytime target would address the primary cause without altering SMB/UAM and Dynamic ISF behavior.
real_gpt56sol_med_50,run_008,profile.target.23_00,profile,True,90 mg/dL,keep,90 mg/dL,"Local 23:00–03:00 low exposure warrants focused verification, but residual evening IOB, meals, activity, SMB/UAM, and Dynamic ISF remain plausible. Complete overnight episodes are required before selecting a different target."
real_gpt56sol_med_50,run_008,profile.dia,profile,True,10 h,keep,10 h,"Large declines two to six hours after corrections confirm meaningful residual insulin action but do not identify the correct DIA. The response windows are not isolated from SMBs, temporary basal, meals, activity, or low treatment, so no alternative duration is supported."
real_gpt56sol_med_50,run_008,aaps.core.smb_uam,aaps,True,smb_enabled=true; uam_enabled=true,keep,smb_enabled=true; uam_enabled=true,"SMB/UAM plausibly contributes to correction accumulation during unexplained rises, but it may also be appropriately handling unannounced meals. Complete meal and delivery records are missing, and changing enablement together with Dynamic ISF or delivery limits would obscure causality."
real_gpt56sol_med_50,run_008,aaps.core.smb_activation,aaps,True,smb_always_enabled=true; smb_with_cob_enabled=false; smb_after_carbs_enabled=false; smb_with_temp_target_enabled=true; smb_with_high_temp_target_enabled=false,keep,smb_always_enabled=true; smb_with_cob_enabled=false; smb_after_carbs_enabled=false; smb_with_temp_target_enabled=true; smb_with_high_temp_target_enabled=false,"SMB always creates broad eligibility, while the high-temp-target setting adds restraint. No carbohydrate stream exists to test COB-specific conditions, and the interaction with UAM, Dynamic ISF, targets, and meal execution remains uncertain."
real_gpt56sol_med_50,run_008,aaps.core.smb_delivery,aaps,True,smb_interval_minutes=3 min; max_smb_basal_minutes=15 min; max_uam_smb_basal_minutes=20 min,keep,smb_interval_minutes=3 min; max_smb_basal_minutes=15 min; max_uam_smb_basal_minutes=20 min,"The larger UAM allowance is relevant to zero-COB rises, but representative data cannot distinguish excessive SMB size, repeated delivery, stronger Dynamic ISF, or a genuine meal requirement. No replacement interval or basal-minute limit is supported."
real_gpt56sol_med_50,run_008,aaps.core.safety_limits,aaps,True,max_basal_u_per_hour=12 U/h; max_iob_units=25 U,keep,max_basal_u_per_hour=12 U/h; max_iob_units=25 U,"These values are permissive relative to scheduled basal and representative IOB, creating a material review concern. However, lower loop safeguards often constrain actual delivery, and the package lacks actual-rate and IOB distributions needed to support specific lower values. They should not be changed together with Dynamic ISF or SMB delivery."
real_gpt56sol_med_50,run_008,aaps.core.sensitivity,aaps,True,autosens_enabled=false; dynamic_sensitivity_enabled=true; autosens_raises_target=false; autosens_lowers_target=false; dynamic_isf_adjustment_factor_percent=70 %,keep,autosens_enabled=false; dynamic_sensitivity_enabled=true; autosens_raises_target=false; autosens_lowers_target=false; dynamic_isf_adjustment_factor_percent=70 %,"Dynamic ISF is the leading automation review focus because effective sensitivity sometimes becomes much stronger than the profile ISF during high-IOB states. Meal uncertainty, SMB/UAM, and temporary basal prevent isolation, so no alternative percentage or switch state is supported. Neutral sensitivity ratios were not interpreted as enabled Autosens."
real_gpt56sol_med_50,run_008,aaps.core.carb_absorption,aaps,True,min_5m_carbimpact=8 mg/dL/5 min; meal_max_absorption_hours=7 h,keep,min_5m_carbimpact=8 mg/dL/5 min; meal_max_absorption_hours=7 h,"There are no regular carbohydrate or e-carb entries, so these settings cannot be tested. Delayed rises are confounded by unlogged meals, low treatments, activity, site variability, IOB, and automation, and no replacement absorption values are supported."
real_gpt56sol_med_50,run_009,profile.basal.00_00,profile,True,0.6 U/h,keep,0.6 U/h,"Local overnight time below range is elevated, but residual evening IOB and automated insulin are unresolved dependencies. Without a fasting-like interval, the evidence does not isolate 0.6 U/h as excessive."
real_gpt56sol_med_50,run_009,profile.basal.05_00,profile,True,0.7 U/h,keep,0.7 U/h,"Aggregate glucose is comparatively stable around 04:00–06:00. One isolated later-morning low does not establish a recurring defect, and insulin, activity, and correction effects remain uncertain."
real_gpt56sol_med_50,run_009,profile.basal.06_00,profile,True,0.8 U/h,keep,0.8 U/h,Local 06:00–08:00 glucose is generally stable with low aggregate time below range. The isolated 42 mg/dL event lacks sufficient insulin and activity context to support changing this segment.
real_gpt56sol_med_50,run_009,profile.basal.10_00,profile,True,0.7 U/h,keep,0.7 U/h,Late-morning and afternoon highs overlap plausible unannounced meals and UAM activity. Missing meal data and later lows prevent attributing the pattern to insufficient basal.
real_gpt56sol_med_50,run_009,profile.basal.16_00,profile,True,0.5 U/h,keep,0.5 U/h,"High exposure near 16:00 is followed by increased low exposure at 18:00–19:00. Dynamic ISF, SMB/UAM, corrections, and delayed insulin action are unresolved dependencies, so strengthening basal is unsupported."
real_gpt56sol_med_50,run_009,profile.basal.18_00,profile,True,0.6 U/h,keep,0.6 U/h,"Time below range is elevated around 18:00–19:00, but accumulated daytime IOB is a strong competing explanation. A segment change requires an interval without meal and correction carryover."
real_gpt56sol_med_50,run_009,profile.basal.19_00,profile,True,0.7 U/h,keep,0.7 U/h,"Evening and early-night lows raise concern, but the available records do not separate this basal segment from late meal, correction, SMB/UAM, and residual IOB effects. It is a priority for verification rather than an unsupported value change."
real_gpt56sol_med_50,run_009,profile.cr.00_00,profile,True,13 g/U,keep,13 g/U,"There are no meal-linked carbohydrate entries or bolus-execution records. Overnight lows cannot be attributed to this CR rather than basal, corrections, or residual IOB."
real_gpt56sol_med_50,run_009,profile.cr.04_00,profile,True,11.1 g/U,keep,11.1 g/U,"Morning aggregate glucose is relatively stable, but no breakfast carbohydrate amount, prebolus, or immediate-bolus record exists. CR assessment depends on a documented meal and six-hour response."
real_gpt56sol_med_50,run_009,profile.cr.08_00,profile,True,13.2 g/U,keep,13.2 g/U,"Daytime highs could reflect unannounced or late meals, UAM response, absorption, or CR. Later lows and missing meal records make a stronger ratio unsafe to infer."
real_gpt56sol_med_50,run_009,profile.cr.16_00,profile,True,10.5 g/U,keep,10.5 g/U,"This is the strongest listed CR and overlaps a recurring high-to-low interval. Hypoglycaemia, accumulated IOB, and absent meal data argue against strengthening it, while lack of meal-linked evidence also prevents weakening it."
real_gpt56sol_med_50,run_009,profile.cr.20_00,profile,True,12.6 g/U,keep,12.6 g/U,"Overnight lows could involve evening meal insulin, but there are no carbohydrate, bolus-timing, or absorption records. Basal, target, Dynamic ISF, SMB/UAM, and residual IOB remain unresolved dependencies."
real_gpt56sol_med_50,run_009,profile.isf.00_00,profile,True,56 mg/dL/U,keep,56 mg/dL/U,"Representative Dynamic ISF values varied from approximately 27.8 to 124 mg/dL/U, so observed correction effects cannot isolate the base ISF. Base ISF and Dynamic ISF should not be changed together."
real_gpt56sol_med_50,run_009,profile.target.00_00,profile,True,90 mg/dL,keep,90 mg/dL,"A 90 mg/dL overnight target may contribute to insulin pressure, but residual IOB and automation are unresolved. A fasting-like overnight verification is needed before selecting a new target."
real_gpt56sol_med_50,run_009,profile.target.08_00,profile,True,100 mg/dL,keep,100 mg/dL,"Daytime highs coexist with automated targets, temporary targets, Dynamic ISF, and UAM dosing. The scheduled target cannot be isolated as the cause, and lower targeting would be concerning given later lows."
real_gpt56sol_med_50,run_009,profile.target.23_00,profile,True,90 mg/dL,keep,90 mg/dL,"Low exposure rises around 23:00–03:00, making this target a priority for review. However, evening insulin carryover and SMB/UAM remain plausible dependencies, so a concrete new value is not supported."
real_gpt56sol_med_50,run_009,profile.dia,profile,True,10 h,keep,10 h,"Several windows show delayed declines through two to six hours and substantial residual IOB. Non-isolated corrections prevent precise DIA estimation, but the evidence does not support shortening the insulin tail."
real_gpt56sol_med_50,run_009,aaps.core.smb_uam,aaps,True,smb_enabled=true; uam_enabled=true,keep,smb_enabled=true; uam_enabled=true,"SMB/UAM plausibly manage unannounced daytime rises, while later lows raise cumulative-insulin concern. Representative-only dosing records and absent meal data do not support disabling either component without first reviewing full IOB sequences."
real_gpt56sol_med_50,run_009,aaps.core.smb_activation,aaps,True,smb_always_enabled=true; smb_with_cob_enabled=false; smb_after_carbs_enabled=false; smb_with_temp_target_enabled=true; smb_with_high_temp_target_enabled=false,keep,smb_always_enabled=true; smb_with_cob_enabled=false; smb_after_carbs_enabled=false; smb_with_temp_target_enabled=true; smb_with_high_temp_target_enabled=false,"The activation settings are internally coherent, and UAM is not duplicate COB accounting. Broad SMB availability may contribute to IOB, but no activation condition is isolated as causal and meal execution is unknown."
real_gpt56sol_med_50,run_009,aaps.core.smb_delivery,aaps,True,smb_interval_minutes=3 min; max_smb_basal_minutes=15 min; max_uam_smb_basal_minutes=20 min,keep,smb_interval_minutes=3 min; max_smb_basal_minutes=15 min; max_uam_smb_basal_minutes=20 min,"Observed IOB and severe lows warrant review, but complete SMB sequences are missing and Dynamic ISF, temporary basal, corrections, and meals remain dependencies. Interval and SMB limits should not be changed together without isolating one component."
real_gpt56sol_med_50,run_009,aaps.core.safety_limits,aaps,True,max_basal_u_per_hour=12 U/h; max_iob_units=25 U,keep,max_basal_u_per_hour=12 U/h; max_iob_units=25 U,"These hard limits are permissive relative to profile basal and observed IOB, but lower layered caps constrained representative basal delivery. The data do not show that either hard limit directly caused a low, and max basal and max IOB should not be changed together."
real_gpt56sol_med_50,run_009,aaps.core.sensitivity,aaps,True,autosens_enabled=false; dynamic_sensitivity_enabled=true; autosens_raises_target=false; autosens_lowers_target=false; dynamic_isf_adjustment_factor_percent=70 %,keep,autosens_enabled=false; dynamic_sensitivity_enabled=true; autosens_raises_target=false; autosens_lowers_target=false; dynamic_isf_adjustment_factor_percent=70 %,"Dynamic ISF produced materially stronger sensitivity during some rises and is a plausible contributor to later declines, but it may also be compensating for unannounced meals. Base ISF, SMB/UAM, and meal timing remain dependencies, so a new factor is unsupported."
real_gpt56sol_med_50,run_009,aaps.core.carb_absorption,aaps,True,min_5m_carbimpact=8 mg/dL/5 min; meal_max_absorption_hours=7 h,keep,min_5m_carbimpact=8 mg/dL/5 min; meal_max_absorption_hours=7 h,"No carbohydrate or e-carb entries exercised the announced-carb model in an assessable way. GLP-1 use makes delayed absorption plausible, but meal-linked amounts, timing, duration, IOB, and response data are absent."
real_gpt56sol_med_50,run_010,profile.basal.00_00,profile,True,0.6 U/h,keep,0.6 U/h,"Overnight TBR is elevated, but evidence cannot separate this basal from the 90 mg/dL target, late SMB or corrections, residual IOB, activity, and low treatment. A clean overnight verification is required before a numerical change."
real_gpt56sol_med_50,run_010,profile.basal.05_00,profile,True,0.7 U/h,keep,0.7 U/h,"Local 05:00-06:00 glucose is comparatively stable with 95.2-97.5% TIR. An isolated low risk remains, but meal, IOB, and activity data are unavailable, so no change is supported."
real_gpt56sol_med_50,run_010,profile.basal.06_00,profile,True,0.8 U/h,keep,0.8 U/h,"Local 06:00-08:00 shows 97.5-98.7% TIR and little aggregate hyperglycemia. The isolated 42 mg/dL reading does not establish a recurring segment defect without IOB, activity, and sensor confirmation."
real_gpt56sol_med_50,run_010,profile.basal.10_00,profile,True,0.7 U/h,keep,0.7 U/h,"Daytime glucose is elevated, but zero carb entries, UAM activity, Dynamic ISF, corrections, and later lows make meals and reactive automation plausible. No fasting evidence supports increasing this basal."
real_gpt56sol_med_50,run_010,profile.basal.16_00,profile,True,0.5 U/h,keep,0.5 U/h,"Glucose is high near 16:00 but falls into increased low risk by 18:00-19:00. Accumulated meal, correction, SMB/UAM, Dynamic ISF, and activity effects prevent attribution to this basal."
real_gpt56sol_med_50,run_010,profile.basal.18_00,profile,True,0.6 U/h,keep,0.6 U/h,"TBR rises around 18:00-19:00, but insulin delivered for preceding daytime highs may still be active under the 10-hour DIA. Full pre-low insulin and activity histories are required before changing basal."
real_gpt56sol_med_50,run_010,profile.basal.19_00,profile,True,0.7 U/h,keep,0.7 U/h,"Evening and late-night lows make this segment review-worthy, but the 23:00 target change, preceding automated insulin, corrections, meals, and IOB remain dependencies. No isolated basal test supports a new value."
real_gpt56sol_med_50,run_010,profile.cr.00_00,profile,True,13 g/U,keep,13 g/U,"No overnight meal carbohydrate or bolus data exist. Overnight lows cannot be attributed to this CR rather than basal, target, IOB, activity, or automation."
real_gpt56sol_med_50,run_010,profile.cr.04_00,profile,True,11.1 g/U,keep,11.1 g/U,"Morning rises could reflect meal timing, absent carb representation, UAM response, basal, or CR. No meal-linked dose and six-hour response are available to support a new ratio."
real_gpt56sol_med_50,run_010,profile.cr.08_00,profile,True,13.2 g/U,keep,13.2 g/U,"The 10:00-17:00 high pattern may involve meal insulin, but carb amount, prebolus, immediate percentage, and meal bolus are absent. Dynamic ISF and UAM are major dependencies, and later lows limit stronger dosing."
real_gpt56sol_med_50,run_010,profile.cr.16_00,profile,True,10.5 g/U,keep,10.5 g/U,"This stronger ratio overlaps the transition from afternoon highs to evening lows, but no meal-linked evidence separates CR insulin from corrections, SMB/UAM, Dynamic ISF, activity, and residual IOB."
real_gpt56sol_med_50,run_010,profile.cr.20_00,profile,True,12.6 g/U,keep,12.6 g/U,"Late-evening and overnight lows are present, but no carbohydrate or identifiable meal-bolus records connect them to this ratio. Basal, target, automated insulin, and IOB remain unresolved dependencies."
real_gpt56sol_med_50,run_010,profile.isf.00_00,profile,True,56 mg/dL/U,keep,56 mg/dL/U,"Correction responses are highly variable and confounded by SMB/UAM, basal, meals, activity, and IOB. Dynamic ISF often used stronger effective sensitivity than 56 mg/dL/U, so the static ISF cannot be isolated."
real_gpt56sol_med_50,run_010,profile.target.00_00,profile,True,90 mg/dL,keep,90 mg/dL,"The 90 mg/dL overnight target overlaps substantial TBR and is the primary profile verification focus. A new value is unsupported because basal, late insulin, SMB/UAM, IOB, activity, and low treatment are not separated."
real_gpt56sol_med_50,run_010,profile.target.08_00,profile,True,100 mg/dL,keep,100 mg/dL,"Daytime highs coexist with later lows and likely meal or automation effects. Changing the target could alter SMB and Dynamic ISF behavior, so meal representation and cumulative IOB must be assessed first."
real_gpt56sol_med_50,run_010,profile.target.23_00,profile,True,90 mg/dL,keep,90 mg/dL,"TBR is 10.1% at 23:00 and remains elevated overnight, but this target change coincides with residual evening IOB and the 19:00 basal segment. One complete overnight verification is needed before selecting a new target."
real_gpt56sol_med_50,run_010,profile.dia,profile,True,10 h,keep,10 h,"Large delayed declines occur, but they may reflect cumulative automated insulin, Dynamic ISF, delayed absorption, activity, or corrections. The free-peak insulin model and complete IOB trajectories are required before changing DIA."
real_gpt56sol_med_50,run_010,aaps.core.smb_uam,aaps,True,smb_enabled=true; uam_enabled=true,keep,smb_enabled=true; uam_enabled=true,"SMB and UAM respond to observed rises with zero COB and may contribute to cumulative IOB, but no complete meal or SMB history isolates their effect. Profile verification and meal representation are dependencies, so disabling either is unsupported."
real_gpt56sol_med_50,run_010,aaps.core.smb_activation,aaps,True,smb_always_enabled=true; smb_with_cob_enabled=false; smb_after_carbs_enabled=false; smb_with_temp_target_enabled=true; smb_with_high_temp_target_enabled=false,keep,smb_always_enabled=true; smb_with_cob_enabled=false; smb_after_carbs_enabled=false; smb_with_temp_target_enabled=true; smb_with_high_temp_target_enabled=false,"Always-enabled SMB creates broad eligibility, while high temporary targets retain a restriction. The configuration is internally coherent, but its independent effect cannot be separated from UAM, Dynamic ISF, meals, CR, and IOB."
real_gpt56sol_med_50,run_010,aaps.core.smb_delivery,aaps,True,smb_interval_minutes=3 min; max_smb_basal_minutes=15 min; max_uam_smb_basal_minutes=20 min,keep,smb_interval_minutes=3 min; max_smb_basal_minutes=15 min; max_uam_smb_basal_minutes=20 min,"The three-minute configured interval and 15/20-minute limits may permit accumulation, but the package does not show whether the limits were reached before lows. Dynamic ISF, meal exposure, and IOB must be separated before changing one delivery control."
real_gpt56sol_med_50,run_010,aaps.core.safety_limits,aaps,True,max_basal_u_per_hour=12 U/h; max_iob_units=25 U,keep,max_basal_u_per_hour=12 U/h; max_iob_units=25 U,"These limits are permissive relative to the profile and recurrent hypoglycemia makes them a material safety-review item. Representative rates and IOB did not reach them, however, and full exposure distributions and concentration-aware review are absent, so no supported replacement values exist."
real_gpt56sol_med_50,run_010,aaps.core.sensitivity,aaps,True,autosens_enabled=false; dynamic_sensitivity_enabled=true; autosens_raises_target=false; autosens_lowers_target=false; dynamic_isf_adjustment_factor_percent=70 %,keep,autosens_enabled=false; dynamic_sensitivity_enabled=true; autosens_raises_target=false; autosens_lowers_target=false; dynamic_isf_adjustment_factor_percent=70 %,"Dynamic ISF is the leading observed insulin-intensity mechanism, with variable sensitivity sometimes much stronger than the static ISF. Its independent effect remains confounded by meals, SMB/UAM, CR, corrections, and IOB, so no alternative percentage is supported and it should not be changed with dependent settings."
real_gpt56sol_med_50,run_010,aaps.core.carb_absorption,aaps,True,min_5m_carbimpact=8 mg/dL/5 min; meal_max_absorption_hours=7 h,keep,min_5m_carbimpact=8 mg/dL/5 min; meal_max_absorption_hours=7 h,"There are zero carbohydrate and e-carb entries, and representative loops report zero COB. The absorption model cannot be tested without meal-linked carb amount, timing, bolus execution, IOB, SMB/UAM, and six-hour response."
real_gpt56sol_med_50,run_011,profile.basal.00_00,profile,True,0.6 U/h,keep,0.6 U/h,"Evidence shows recurrent overnight lows, but uncertainty remains because the decline begins before midnight and residual IOB, SMB/UAM, Dynamic ISF, and the 90 mg/dL target are plausible causes. The dependency on the proposed target observation means a basal change is withheld."
real_gpt56sol_med_50,run_011,profile.basal.05_00,profile,True,0.7 U/h,keep,0.7 U/h,"Evidence shows comparatively stable glucose from 04:00-08:00. Uncertainty from an isolated low remains, but there is no recurring segment-specific defect; the dependency is continued observation after the overnight target review."
real_gpt56sol_med_50,run_011,profile.basal.06_00,profile,True,0.8 U/h,keep,0.8 U/h,"Evidence shows low TBR and stable averages during most of this segment. Missing fasting and activity context limits certainty, and the segment should remain unchanged while the overnight target change is assessed."
real_gpt56sol_med_50,run_011,profile.basal.10_00,profile,True,0.7 U/h,keep,0.7 U/h,"Evidence shows daytime highs, but they occur in meal-like hours with no carbohydrate records. Uncertainty about meals, delivery, CR, and UAM prevents attribution to basal; meal-linked observations are the key dependency."
real_gpt56sol_med_50,run_011,profile.basal.16_00,profile,True,0.5 U/h,keep,0.5 U/h,Evidence shows highs near 16:00 followed by increased low risk around 18:00-19:00. Uncertainty about meal absorption and accumulated automated IOB argues against increasing basal; automation and meal context must be separated first.
real_gpt56sol_med_50,run_011,profile.basal.18_00,profile,True,0.6 U/h,keep,0.6 U/h,"Evidence shows substantial TBR around 18:00-19:00, but high preceding IOB and corrections are plausible causes. The uncertainty and dependency on earlier dosing make a basal reduction unsupported without fasting-like evening observations."
real_gpt56sol_med_50,run_011,profile.basal.19_00,profile,True,0.7 U/h,keep,0.7 U/h,"Evidence shows 15.3% TBR at 19:00, but severe episodes followed daytime highs and correction activity. Because residual IOB, activity, and rescue carbs are unknown, this segment remains dependent on full evening insulin reconstruction."
real_gpt56sol_med_50,run_011,profile.cr.00_00,profile,True,13 g/U,keep,13 g/U,"No meal carbohydrate or bolus records test this CR. Overnight lows are not evidence of a CR defect because meals, corrections, and IOB are unresolved; meal-linked data are required before change."
real_gpt56sol_med_50,run_011,profile.cr.04_00,profile,True,11.1 g/U,keep,11.1 g/U,"The morning period is relatively stable, but no carbohydrate amount or immediate bolus is available. Uncertainty about meal execution prevents testing this ratio, which depends on synchronized breakfast records."
real_gpt56sol_med_50,run_011,profile.cr.08_00,profile,True,13.2 g/U,keep,13.2 g/U,"Daytime rises could suggest insufficient early meal insulin, but zero carb entries and active UAM make that interpretation uncertain. CR remains dependent on known carbs, prebolus, bolus percentage, and later IOB."
real_gpt56sol_med_50,run_011,profile.cr.16_00,profile,True,10.5 g/U,keep,10.5 g/U,"Evening lows argue against strengthening this ratio, while earlier highs cannot be linked to documented meals. Missing meal and rescue-carb context creates uncertainty, and automation effects must be separated first."
real_gpt56sol_med_50,run_011,profile.cr.20_00,profile,True,12.6 g/U,keep,12.6 g/U,"Late-evening and overnight low risk is present, but no meal-linked evidence isolates this CR. Residual correction and SMB IOB are major dependencies, so change is unsupported."
real_gpt56sol_med_50,run_011,profile.isf.00_00,profile,True,56 mg/dL/U,keep,56 mg/dL/U,"Correction windows show some large delayed declines, but Dynamic ISF, SMB, temp basal, prior IOB, meals, and activity prevent isolating the static ISF. The main dependency is an automation review after the target observation."
real_gpt56sol_med_50,run_011,profile.target.00_00,profile,True,90 mg/dL,change,100 mg/dL,"Evidence shows 11.4%-18.5% TBR from 00:00-02:00 and continued elevated TBR at 03:00. Residual IOB remains uncertain, but a 100 mg/dL target increases safety margin without asserting a basal defect; it depends on making no concurrent dosing changes."
real_gpt56sol_med_50,run_011,profile.target.08_00,profile,True,100 mg/dL,keep,100 mg/dL,"Evidence does not show a uniform daytime target problem; highs are concentrated in meal-like periods and lows occur later. Meal, correction, and automation uncertainty makes a daytime target change unsupported."
real_gpt56sol_med_50,run_011,profile.target.23_00,profile,True,90 mg/dL,change,100 mg/dL,"Evidence shows 10.1% TBR at 23:00 and a falling glucose pattern into the overnight low-risk peak. Evening IOB is an unresolved dependency, but changing this adjacent row with the 00:00 row creates one coherent 100 mg/dL overnight target."
real_gpt56sol_med_50,run_011,profile.dia,profile,True,10 h,keep,10 h,"Evidence shows continued glucose effects and IOB concerns through four to six hours and does not support a shorter DIA. Full insulin-action trajectories are missing, and DIA should remain stable while target and automation effects are evaluated."
real_gpt56sol_med_50,run_011,aaps.core.smb_uam,aaps,True,smb_enabled=true; uam_enabled=true,keep,smb_enabled=true; uam_enabled=true,"Evidence shows UAM is the main automated response to unannounced rises and is not duplicate COB counting. Delayed lows raise concern, but Dynamic ISF, broad activation, temp basal, and missing meal context create uncertainty; the overnight target should be evaluated first."
real_gpt56sol_med_50,run_011,aaps.core.smb_activation,aaps,True,smb_always_enabled=true; smb_with_cob_enabled=false; smb_after_carbs_enabled=false; smb_with_temp_target_enabled=true; smb_with_high_temp_target_enabled=false,keep,smb_always_enabled=true; smb_with_cob_enabled=false; smb_after_carbs_enabled=false; smb_with_temp_target_enabled=true; smb_with_high_temp_target_enabled=false,"The switches are present and internally coherent, although always-on SMB broadens exposure without carb announcements. The relative contribution to lows is uncertain and depends on Dynamic ISF, SMB limits, targets, and meal execution, so an isolated change is not yet supported."
real_gpt56sol_med_50,run_011,aaps.core.smb_delivery,aaps,True,smb_interval_minutes=3 min; max_smb_basal_minutes=15 min; max_uam_smb_basal_minutes=20 min,keep,smb_interval_minutes=3 min; max_smb_basal_minutes=15 min; max_uam_smb_basal_minutes=20 min,"Repeated microbolusing and high IOB are observed, but the package cannot isolate the configured interval or either SMB limit as causal. Dynamic ISF and unannounced rises are major dependencies, and no supported replacement values can be derived."
real_gpt56sol_med_50,run_011,aaps.core.safety_limits,aaps,True,max_basal_u_per_hour=12 U/h; max_iob_units=25 U,keep,max_basal_u_per_hour=12 U/h; max_iob_units=25 U,"The limits are permissive relative to profile basal and observed IOB and provide little practical backstop, which is a safety concern. However, lower internal constraints were binding in examples, and uncertainty about appropriate replacement values means they should be reviewed only after target and sensitivity observations rather than changed from this package alone."
real_gpt56sol_med_50,run_011,aaps.core.sensitivity,aaps,True,autosens_enabled=false; dynamic_sensitivity_enabled=true; autosens_raises_target=false; autosens_lowers_target=false; dynamic_isf_adjustment_factor_percent=70 %,keep,autosens_enabled=false; dynamic_sensitivity_enabled=true; autosens_raises_target=false; autosens_lowers_target=false; dynamic_isf_adjustment_factor_percent=70 %,"Dynamic ISF is a leading explanation for aggressive effective sensitivity during highs, but meals, pump error, SMB/UAM, temp basal, and user corrections remain unresolved. The dependency on observing the target change and reconstructing high-IOB episodes prevents selecting a supported new percentage."
real_gpt56sol_med_50,run_011,aaps.core.carb_absorption,aaps,True,min_5m_carbimpact=8 mg/dL/5 min; meal_max_absorption_hours=7 h,keep,min_5m_carbimpact=8 mg/dL/5 min; meal_max_absorption_hours=7 h,"No announced carbohydrate or e-carb entry exercised the model, so neither component can be validated. Delayed rises are nonspecific and depend on meal, IOB, SMB, correction, temporary-target, and delivery context."
real_gpt56sol_med_50,run_012,profile.basal.00_00,profile,True,0.6 U/h,keep,0.6 U/h,"Recurrent 00:00-03:00 lows raise concern, but late meal insulin, corrections, SMB/UAM, activity, targets, and IOB remain unresolved. Keep pending fasting-like verification with complete preceding insulin context."
real_gpt56sol_med_50,run_012,profile.basal.05_00,profile,True,0.7 U/h,keep,0.7 U/h,"Glucose around 06:00 was generally stable, and no isolated fasting defect is visible. Interpretation still depends on preceding overnight insulin and missing meal or activity records."
real_gpt56sol_med_50,run_012,profile.basal.06_00,profile,True,0.8 U/h,keep,0.8 U/h,"The 06:00-08:00 interval had high time in range and little low or high exposure. Morning meals and automation become plausible later, so no change is supported."
real_gpt56sol_med_50,run_012,profile.basal.10_00,profile,True,0.7 U/h,keep,0.7 U/h,"Late-morning and afternoon highs are evident, but zero carbohydrate records and repeated COB-zero UAM responses make meals, timing, and automation major dependencies. A basal increase could worsen later lows."
real_gpt56sol_med_50,run_012,profile.basal.16_00,profile,True,0.5 U/h,keep,0.5 U/h,"High exposure at 16:00-17:00 is followed by increased lows at 18:00-19:00. This transition is compatible with accumulated meal-related or corrective insulin, so a basal increase is unsupported and could increase hypoglycemia."
real_gpt56sol_med_50,run_012,profile.basal.18_00,profile,True,0.6 U/h,keep,0.6 U/h,"This segment overlaps increased low exposure, but preceding daytime SMBs, temporary basal, corrections, and IOB are unresolved. Complete event timelines are required before considering a segment change."
real_gpt56sol_med_50,run_012,profile.basal.19_00,profile,True,0.7 U/h,keep,0.7 U/h,"Low exposure is elevated at 19:00 and later at 22:00-01:00, but evening meal and insulin carryover are unknown. Keep pending fasting-like verification rather than changing a dependent segment."
real_gpt56sol_med_50,run_012,profile.cr.00_00,profile,True,13 g/U,keep,13 g/U,"No meal amount, meal bolus, or declared strategy is available for this interval. Overnight lows cannot be attributed to CR without meal-linked evidence and complete IOB context."
real_gpt56sol_med_50,run_012,profile.cr.04_00,profile,True,11.1 g/U,keep,11.1 g/U,"The morning interval is relatively stable before later meal-like rises, and no known carbohydrate dose exists to test this ratio. Meal timing, SMB/UAM, and Dynamic ISF remain dependencies."
real_gpt56sol_med_50,run_012,profile.cr.08_00,profile,True,13.2 g/U,keep,13.2 g/U,"Daytime highs could reflect meal timing or unannounced carbohydrates, but later declines show substantial insulin exposure. Without matched meals, strengthening or weakening this ratio is unsupported."
real_gpt56sol_med_50,run_012,profile.cr.16_00,profile,True,10.5 g/U,keep,10.5 g/U,"Afternoon highs and early-evening lows point in opposite directions. Missing meal amounts and concurrent SMB/UAM, corrections, and IOB prevent attribution to this ratio."
real_gpt56sol_med_50,run_012,profile.cr.20_00,profile,True,12.6 g/U,keep,12.6 g/U,"Evening and overnight low exposure warrants caution, but no meal-linked data exist to test this CR. Basal, corrections, automation, and persistent IOB remain unresolved dependencies."
real_gpt56sol_med_50,run_012,profile.isf.00_00,profile,True,56 mg/dL/U,keep,56 mg/dL/U,"Correction windows are not isolated, and Dynamic ISF changed effective sensitivity across a wide range while automated insulin continued. The static ISF cannot be assigned responsibility for the large declines."
real_gpt56sol_med_50,run_012,profile.target.00_00,profile,True,90 mg/dL,keep,90 mg/dL,"This target overlaps recurrent overnight lows, but operative targets varied and preceding insulin is unresolved. A target change cannot be isolated from basal, SMB/UAM, corrections, and IOB using this package."
real_gpt56sol_med_50,run_012,profile.target.08_00,profile,True,100 mg/dL,keep,100 mg/dL,"The interval contains both afternoon highs and evening lows, so one target change would not resolve the bidirectional pattern. Meal execution, Dynamic ISF, and accumulated insulin must be separated first."
real_gpt56sol_med_50,run_012,profile.target.23_00,profile,True,90 mg/dL,keep,90 mg/dL,"Low exposure increases around 23:00-03:00, but evening insulin carryover and temporary targets are unknown. Keep pending complete overnight event review."
real_gpt56sol_med_50,run_012,profile.dia,profile,True,10 h,keep,10 h,"Persistent IOB and late declines make DIA important, but the telemetry does not provide an isolated action endpoint. Changing DIA would alter IOB and automation interpretation and should not be combined with ISF or SMB changes."
real_gpt56sol_med_50,run_012,aaps.core.smb_uam,aaps,True,smb_enabled=true; uam_enabled=true,keep,smb_enabled=true; uam_enabled=true,"SMB/UAM appear to cover COB-zero meal-like rises, but meal execution is unknown and total automated insulin is not fully reconstructed. The low risk warrants review, yet disabling either feature is unsupported without separating Dynamic ISF, corrections, basal, and IOB."
real_gpt56sol_med_50,run_012,aaps.core.smb_activation,aaps,True,smb_always_enabled=true; smb_with_cob_enabled=false; smb_after_carbs_enabled=false; smb_with_temp_target_enabled=true; smb_with_high_temp_target_enabled=false,keep,smb_always_enabled=true; smb_with_cob_enabled=false; smb_after_carbs_enabled=false; smb_with_temp_target_enabled=true; smb_with_high_temp_target_enabled=false,"The switches are internally consistent, with SMB always making the COB-specific switches nonessential for activation. Their contribution to lows cannot be separated from absent meal records, Dynamic ISF, SMB limits, temporary targets, and prior IOB."
real_gpt56sol_med_50,run_012,aaps.core.smb_delivery,aaps,True,smb_interval_minutes=3 min; max_smb_basal_minutes=15 min; max_uam_smb_basal_minutes=20 min,keep,smb_interval_minutes=3 min; max_smb_basal_minutes=15 min; max_uam_smb_basal_minutes=20 min,"UAM has the larger allowance in a COB-zero dataset, and substantial IOB was observed. However, complete consecutive SMB records are absent, so the effects of frequency and limits cannot be separated from temporary basal, corrections, Dynamic ISF, and DIA."
real_gpt56sol_med_50,run_012,aaps.core.safety_limits,aaps,True,max_basal_u_per_hour=12 U/h; max_iob_units=25 U,keep,max_basal_u_per_hour=12 U/h; max_iob_units=25 U,"These are broad backstops relative to profile basal and representative IOB, which is a safety concern given severe lows. Neither configured ceiling was shown to bind, and the package cannot support exact replacements; practical delivery was constrained by other limits in the examples."
real_gpt56sol_med_50,run_012,aaps.core.sensitivity,aaps,True,autosens_enabled=false; dynamic_sensitivity_enabled=true; autosens_raises_target=false; autosens_lowers_target=false; dynamic_isf_adjustment_factor_percent=70 %,keep,autosens_enabled=false; dynamic_sensitivity_enabled=true; autosens_raises_target=false; autosens_lowers_target=false; dynamic_isf_adjustment_factor_percent=70 %,"Dynamic ISF plausibly strengthened high-glucose dosing, while Autosens was disabled and sensitivity ratios of 1 were neutral. The data do not isolate a supported replacement factor from UAM/SMB, meals, corrections, DIA, and static ISF."
real_gpt56sol_med_50,run_012,aaps.core.carb_absorption,aaps,True,min_5m_carbimpact=8 mg/dL/5 min; meal_max_absorption_hours=7 h,keep,min_5m_carbimpact=8 mg/dL/5 min; meal_max_absorption_hours=7 h,"No carbohydrate or e-carb entries exist, so these settings had no announced meal data against which to validate absorption. Meal-linked evidence must separate food absorption, IOB, corrections, SMB/UAM, and temporary targets before any change."
real_gpt56sol_med_50,run_013,profile.basal.00_00,profile,True,0.6 U/h,keep,0.6 U/h,"Midnight to 03:00 has recurrent low exposure, but residual evening IOB, corrections, the 90 mg/dL target, and activity remain unresolved dependencies. The stable 04:00–08:00 aggregate period and lack of fasting labels prevent attributing the pattern specifically to the 00:00 basal."
real_gpt56sol_med_50,run_013,profile.basal.05_00,profile,True,0.7 U/h,keep,0.7 U/h,"Local glucose is generally stable from 05:00 through 06:00 with low aggregate TBR, and no fasting evidence isolates this segment. An isolated later severe low does not support changing the 05:00 rate without complete IOB and event context."
real_gpt56sol_med_50,run_013,profile.basal.06_00,profile,True,0.8 U/h,keep,0.8 U/h,"Aggregate 06:00–08:00 control is strong, although one severe low occurred near 07:20. Missing correction, activity, meal, and IOB context makes that event insufficient to change the segment."
real_gpt56sol_med_50,run_013,profile.basal.10_00,profile,True,0.7 U/h,keep,0.7 U/h,"Daytime rises are plausibly meal-like and were managed with UAM, SMB, Dynamic ISF, and temp basal. With no carb entries or fasting intervals, the data do not demonstrate a 10:00 basal deficit."
real_gpt56sol_med_50,run_013,profile.basal.16_00,profile,True,0.5 U/h,keep,0.5 U/h,"The 16:00 hour has the highest above-range exposure, but subsequent evening lows and substantial automated IOB make meal timing and insulin accumulation more plausible dependencies than an isolated basal deficit. Increasing this segment is unsupported."
real_gpt56sol_med_50,run_013,profile.basal.18_00,profile,True,0.6 U/h,keep,0.6 U/h,"Low exposure rises at 18:00 after afternoon hyperglycemia, but SMB, corrections, Dynamic ISF, and residual IOB overlap this segment. The data do not isolate scheduled basal as the cause or support a numerical reduction."
real_gpt56sol_med_50,run_013,profile.basal.19_00,profile,True,0.7 U/h,keep,0.7 U/h,"TBR reaches 15.3% at 19:00, but this follows the afternoon insulin-response sequence and may reflect insulin already delivered. Complete meal, correction, activity, and IOB reconstruction is required before changing this basal segment."
real_gpt56sol_med_50,run_013,profile.cr.00_00,profile,True,13 g/U,keep,13 g/U,"No carbohydrate amounts or identifiable meals are available for this segment. Correction windows and overnight lows cannot validate CR because basal, target, Dynamic ISF, SMB, and residual IOB are unresolved dependencies."
real_gpt56sol_med_50,run_013,profile.cr.04_00,profile,True,11.1 g/U,keep,11.1 g/U,"Morning glucose rises could reflect meal timing, unannounced carbohydrates, absorption, or UAM response. With zero carb entries and no declared prebolus strategy, no old-to-new CR value is supportable."
real_gpt56sol_med_50,run_013,profile.cr.08_00,profile,True,13.2 g/U,keep,13.2 g/U,"Morning and afternoon above-range periods are not linked to known carbohydrate amounts. Later declines and automated insulin exposure create uncertainty about total dose versus timing, so strengthening or weakening this CR is unsupported."
real_gpt56sol_med_50,run_013,profile.cr.16_00,profile,True,10.5 g/U,keep,10.5 g/U,"This stronger CR coincides with both afternoon highs and later severe lows. The mixed response suggests timing, absorption, Dynamic ISF, SMB/UAM, corrections, and IOB must be separated before attributing the pattern to CR."
real_gpt56sol_med_50,run_013,profile.cr.20_00,profile,True,12.6 g/U,keep,12.6 g/U,"No meal-linked carbohydrate or bolus data validate this segment. Evening and overnight lows are confounded by prior automated and correction insulin, so a CR change is unsupported."
real_gpt56sol_med_50,run_013,profile.isf.00_00,profile,True,56 mg/dL/U,keep,56 mg/dL/U,"Dynamic ISF changed effective sensitivity from approximately 27.8 to 124 mg/dL/U, and sampled correction responses include overlapping SMB, temp basal, meals, and IOB. The static ISF cannot be isolated, and severe lows argue against an unsupported stronger value."
real_gpt56sol_med_50,run_013,profile.target.00_00,profile,True,90 mg/dL,keep,90 mg/dL,"Overnight low exposure makes this target a review focus, but basal, residual IOB, corrections, and temporary targets remain competing explanations. A numerical target change is withheld pending three low-IOB overnight observations."
real_gpt56sol_med_50,run_013,profile.target.08_00,profile,True,100 mg/dL,keep,100 mg/dL,"Daytime highs and later lows are dominated by meal-like rises, automation, and IOB rather than a demonstrated target defect. Changing the target together with meal or automation behavior would confound assessment."
real_gpt56sol_med_50,run_013,profile.target.23_00,profile,True,90 mg/dL,keep,90 mg/dL,"Low exposure begins around late evening, but prior meal and correction insulin may remain active. Without nights free of late meals, corrections, activity, and temporary targets, this target cannot be isolated."
real_gpt56sol_med_50,run_013,profile.dia,profile,True,10 h,keep,10 h,"Several response windows continue changing for four to six hours, confirming that residual IOB matters but not defining the full insulin action duration. Dynamic ISF and overlapping automated insulin prevent a supported DIA change, and the data provide no basis for shortening it."
real_gpt56sol_med_50,run_013,aaps.core.smb_uam,aaps,True,smb_enabled=true; uam_enabled=true,keep,smb_enabled=true; uam_enabled=true,"SMB/UAM manages unannounced meal-like rises and may contribute to accumulated IOB, but the representative data do not separate its effect from manual corrections, temp basal, Dynamic ISF, or meals. No source component is null, and no isolated old-to-new setting is supported."
real_gpt56sol_med_50,run_013,aaps.core.smb_activation,aaps,True,smb_always_enabled=true; smb_with_cob_enabled=false; smb_after_carbs_enabled=false; smb_with_temp_target_enabled=true; smb_with_high_temp_target_enabled=false,keep,smb_always_enabled=true; smb_with_cob_enabled=false; smb_after_carbs_enabled=false; smb_with_temp_target_enabled=true; smb_with_high_temp_target_enabled=false,"Always-on SMB is material when carb entries are absent, while high-temp-target SMB exclusion is directionally safety-oriented. The package cannot attribute lows to a specific activation flag independently of SMB limits, Dynamic ISF, corrections, and IOB."
real_gpt56sol_med_50,run_013,aaps.core.smb_delivery,aaps,True,smb_interval_minutes=3 min; max_smb_basal_minutes=15 min; max_uam_smb_basal_minutes=20 min,keep,smb_interval_minutes=3 min; max_smb_basal_minutes=15 min; max_uam_smb_basal_minutes=20 min,"Frequent delivery and the larger UAM limit may contribute to system-level IOB accumulation, but actual exposure depends on basal, sensitivity, predictions, and manual insulin. Representative telemetry cannot isolate the interval or either minute limit, so a numerical change is unsupported."
real_gpt56sol_med_50,run_013,aaps.core.safety_limits,aaps,True,max_basal_u_per_hour=12 U/h; max_iob_units=25 U,keep,max_basal_u_per_hour=12 U/h; max_iob_units=25 U,"These limits provide broad headroom relative to scheduled basal and observed IOB, making them a safety-review concern. However, lower effective safeguards bound sampled delivery, and the package lacks complete peak IOB and delivered-rate evidence needed to support safe replacement values."
real_gpt56sol_med_50,run_013,aaps.core.sensitivity,aaps,True,autosens_enabled=false; dynamic_sensitivity_enabled=true; autosens_raises_target=false; autosens_lowers_target=false; dynamic_isf_adjustment_factor_percent=70 %,keep,autosens_enabled=false; dynamic_sensitivity_enabled=true; autosens_raises_target=false; autosens_lowers_target=false; dynamic_isf_adjustment_factor_percent=70 %,"Dynamic ISF materially strengthens sensitivity during some highs and may contribute to later IOB risk, but its effect overlaps SMB/UAM, temp basal, meals, and corrections. A telemetry sensitivity ratio of one is neutral and does not contradict disabled Autosens. No isolated sensitivity change is supported."
real_gpt56sol_med_50,run_013,aaps.core.carb_absorption,aaps,True,min_5m_carbimpact=8 mg/dL/5 min; meal_max_absorption_hours=7 h,keep,min_5m_carbimpact=8 mg/dL/5 min; meal_max_absorption_hours=7 h,"No carbs, COB trajectories, or e-carb entries are available, so these settings had no testable meal-linked response. Prolonged excursions cannot be separated from insulin timing, IOB, SMB, temporary targets, corrections, or activity."
real_gpt56sol_med_50,run_014,profile.basal.00_00,profile,True,0.6 U/h,keep,0.6 U/h,"Evidence shows overnight lows, but uncertainty remains between basal, the 90 mg/dL target, preceding IOB, and automation. Keep basal while testing the 00:00 target alone; reassessment depends on fasting-like nights with complete IOB context."
real_gpt56sol_med_50,run_014,profile.basal.05_00,profile,True,0.7 U/h,keep,0.7 U/h,"Aggregate glucose from 05:00 onward was generally stable, although isolated lows occurred. Uncertainty from IOB and activity prevents attribution to this segment; review depends on the target-only observation and fasting-like data."
real_gpt56sol_med_50,run_014,profile.basal.06_00,profile,True,0.8 U/h,keep,0.8 U/h,"The 06:00–08:00 period was mostly in range, and later morning rises may be meal-related. Missing meal and activity data create uncertainty; any basal change depends on isolated fasting observations."
real_gpt56sol_med_50,run_014,profile.basal.10_00,profile,True,0.7 U/h,keep,0.7 U/h,"Daytime highs are evident, but no carbs were recorded and UAM was active. Meal timing, CR, Dynamic ISF, and IOB remain competing explanations, so increasing basal is unsupported and could worsen evening lows."
real_gpt56sol_med_50,run_014,profile.basal.16_00,profile,True,0.5 U/h,keep,0.5 U/h,"Afternoon highs are followed by evening declines, indicating possible accumulated insulin rather than a proven basal deficit. Uncertainty includes meals, SMBs, Dynamic ISF, and activity; meal-linked evidence is required before change."
real_gpt56sol_med_50,run_014,profile.basal.18_00,profile,True,0.6 U/h,keep,0.6 U/h,"Time below range reached 7.7% at 18:00, but preceding high-glucose dosing and IOB are major dependencies. Keep this segment while separating prior insulin from scheduled basal."
real_gpt56sol_med_50,run_014,profile.basal.19_00,profile,True,0.7 U/h,keep,0.7 U/h,"Time below range reached 15.3% at 19:00, yet severe lows often followed daytime highs and automated dosing. Uncertainty prevents a specific basal reduction; review depends on complete preceding IOB and activity data."
real_gpt56sol_med_50,run_014,profile.cr.00_00,profile,True,13 g/U,keep,13 g/U,"No carbohydrate treatments or meal strategy values were supplied. CR performance cannot be separated from timing, absorption, UAM, and corrections; meal-linked evidence is required."
real_gpt56sol_med_50,run_014,profile.cr.04_00,profile,True,11.1 g/U,keep,11.1 g/U,"Morning glucose is mostly stable before the later rise, and no documented meals permit CR assessment. Uncertainty includes breakfast timing and UAM; change depends on matched meal records."
real_gpt56sol_med_50,run_014,profile.cr.08_00,profile,True,13.2 g/U,keep,13.2 g/U,"Morning and afternoon rises could reflect unannounced meals, bolus timing, absorption, or CR, while later lows argue against stronger insulin without clarification. Assessment depends on documented carbs and six-hour responses."
real_gpt56sol_med_50,run_014,profile.cr.16_00,profile,True,10.5 g/U,keep,10.5 g/U,The afternoon-high-to-evening-low pattern does not support a stronger CR. Missing meal execution and accumulated IOB create substantial uncertainty; meal-linked evidence is required.
real_gpt56sol_med_50,run_014,profile.cr.20_00,profile,True,12.6 g/U,keep,12.6 g/U,"No evening meal data isolate this ratio, and overnight lows make additional insulin exposure a concern. Review depends on documented meal delivery, IOB, and six-hour response."
real_gpt56sol_med_50,run_014,profile.isf.00_00,profile,True,56 mg/dL/U,keep,56 mg/dL/U,"Representative Dynamic ISF values varied widely and were often stronger during highs, while correction windows included concurrent automated insulin. The fixed ISF cannot be isolated; change depends on target, Dynamic ISF, SMB/UAM, and clean correction observations."
real_gpt56sol_med_50,run_014,profile.target.00_00,profile,True,90 mg/dL,change,100 mg/dL,"Time below range was 10.1–18.5% from 00:00 through 03:00, supporting a conservative target-only safety test. Prior IOB and automation remain uncertain contributors, so basal and AAPS settings must remain unchanged during evaluation."
real_gpt56sol_med_50,run_014,profile.target.08_00,profile,True,100 mg/dL,keep,100 mg/dL,"Daytime highs are meal- and automation-exposed, and later lows limit more aggressive targeting. Missing meal context prevents attributing the pattern to this target; review depends on meal-linked observations."
real_gpt56sol_med_50,run_014,profile.target.23_00,profile,True,90 mg/dL,keep,90 mg/dL,"Low exposure is elevated at 23:00, but changing both overnight target segments together would prevent isolation. Keep this segment during the first 00:00 target test; later review depends on 23:00–00:00 glucose and preceding IOB."
real_gpt56sol_med_50,run_014,profile.dia,profile,True,10 h,keep,10 h,"Several large glucose falls occurred two to six hours after correction periods, supporting continued recognition of residual insulin. Exact DIA remains uncertain, but shortening it could increase stacking; assessment depends on isolated insulin-action data."
real_gpt56sol_med_50,run_014,aaps.core.smb_uam,aaps,True,smb_enabled=true; uam_enabled=true,keep,smb_enabled=true; uam_enabled=true,"SMB/UAM respond to substantial unannounced rises, but may contribute to cumulative IOB. No individual causal link to lows is proven; keep during the target-only test, with later review dependent on meal announcements and complete SMB history."
real_gpt56sol_med_50,run_014,aaps.core.smb_activation,aaps,True,smb_always_enabled=true; smb_with_cob_enabled=false; smb_after_carbs_enabled=false; smb_with_temp_target_enabled=true; smb_with_high_temp_target_enabled=false,keep,smb_always_enabled=true; smb_with_cob_enabled=false; smb_after_carbs_enabled=false; smb_with_temp_target_enabled=true; smb_with_high_temp_target_enabled=false,"Broad SMB eligibility may increase exposure, but the period lacks meal announcements and does not separate activation breadth from dose strength or Dynamic ISF. Keep unchanged until the target test and meal documentation clarify the dependency."
real_gpt56sol_med_50,run_014,aaps.core.smb_delivery,aaps,True,smb_interval_minutes=3 min; max_smb_basal_minutes=15 min; max_uam_smb_basal_minutes=20 min,keep,smb_interval_minutes=3 min; max_smb_basal_minutes=15 min; max_uam_smb_basal_minutes=20 min,"Frequent reassessment and a larger UAM envelope could contribute to cumulative IOB, but complete SMB delivery data are absent. Interval and dose limits are dependent settings and should not change together; review follows the isolated target result."
real_gpt56sol_med_50,run_014,aaps.core.safety_limits,aaps,True,max_basal_u_per_hour=12 U/h; max_iob_units=25 U,keep,max_basal_u_per_hour=12 U/h; max_iob_units=25 U,"The limits are permissive relative to scheduled basal and observed IOB, but lower effective constraints acted first and no user-specific safe replacements are supported. Review depends on total dose needs and should remain separate from target, SMB, Dynamic ISF, basal, and CR changes."
real_gpt56sol_med_50,run_014,aaps.core.sensitivity,aaps,True,autosens_enabled=false; dynamic_sensitivity_enabled=true; autosens_raises_target=false; autosens_lowers_target=false; dynamic_isf_adjustment_factor_percent=70 %,keep,autosens_enabled=false; dynamic_sensitivity_enabled=true; autosens_raises_target=false; autosens_lowers_target=false; dynamic_isf_adjustment_factor_percent=70 %,"Dynamic ISF materially strengthened correction sensitivity during highs and may contribute to delayed declines, but its effect cannot be separated from SMB/UAM, target, meals, and IOB. Keep during the target-only test and do not change it with fixed ISF or SMB limits."
real_gpt56sol_med_50,run_014,aaps.core.carb_absorption,aaps,True,min_5m_carbimpact=8 mg/dL/5 min; meal_max_absorption_hours=7 h,keep,min_5m_carbimpact=8 mg/dL/5 min; meal_max_absorption_hours=7 h,"There were no regular carb or e-carb entries, so the absorption model was not meaningfully tested. Meal-linked absorption evidence is required, and these settings should remain unchanged while a documented meal strategy is established."
real_gpt56sol_med_50,run_015,profile.basal.00_00,profile,True,0.6 U/h,keep,0.6 U/h,"Overnight below-range exposure suggests insulin pressure, but prior corrections, SMB/UAM, the 90 mg/dL target, and residual IOB are unresolved dependencies. Without fasting-like delivery records, changing 0.6 U/h is unsupported."
real_gpt56sol_med_50,run_015,profile.basal.05_00,profile,True,0.7 U/h,keep,0.7 U/h,"Glucose is relatively stable around 05:00–06:00 compared with the earlier overnight period. Meal, activity, and IOB uncertainty remains, and no isolated evidence supports changing this segment."
real_gpt56sol_med_50,run_015,profile.basal.06_00,profile,True,0.8 U/h,keep,0.8 U/h,"Below-range exposure is low around 07:00–08:00, while the later rise could reflect breakfast or dawn effects. Missing meal data and automated delivery prevent attribution to the basal segment."
real_gpt56sol_med_50,run_015,profile.basal.10_00,profile,True,0.7 U/h,keep,0.7 U/h,"Daytime high exposure is present, but unrecorded meals, CR, bolus timing, Dynamic ISF, and UAM are plausible dependencies. Later evening lows argue against increasing basal without meal-linked evidence."
real_gpt56sol_med_50,run_015,profile.basal.16_00,profile,True,0.5 U/h,keep,0.5 U/h,"The 16:00 high pattern is followed by increased low exposure at 18:00–19:00. Meal absorption, corrections, SMB/UAM, Dynamic ISF, and IOB remain unresolved, so the high alone does not support a basal increase."
real_gpt56sol_med_50,run_015,profile.basal.18_00,profile,True,0.6 U/h,keep,0.6 U/h,"Evening below-range exposure is substantial, but insulin delivered earlier may still be active. Complete IOB and delivery timelines are required before assigning the pattern to this scheduled basal segment."
real_gpt56sol_med_50,run_015,profile.basal.19_00,profile,True,0.7 U/h,keep,0.7 U/h,"Late-evening and overnight lows warrant review, but prior meal insulin, corrections, SMB/UAM, target effects, and activity are unresolved dependencies. No isolated segment change is supported."
real_gpt56sol_med_50,run_015,profile.cr.00_00,profile,True,13 g/U,keep,13 g/U,"No carbohydrate or meal-bolus observations test this ratio. Overnight hypoglycemia and unknown IOB make a stronger ratio unsafe to infer, while missing meal data prevents evidence for weakening it."
real_gpt56sol_med_50,run_015,profile.cr.04_00,profile,True,11.1 g/U,keep,11.1 g/U,"The morning rise could reflect breakfast timing, carbohydrate amount, dawn effects, or UAM. With no meal-linked data, this CR cannot be independently assessed."
real_gpt56sol_med_50,run_015,profile.cr.08_00,profile,True,13.2 g/U,keep,13.2 g/U,"Daytime highs are visible, but meal amount, prebolus, immediate percentage, corrections, and SMB/UAM are unknown. Those dependencies prevent a supported old-to-new CR change."
real_gpt56sol_med_50,run_015,profile.cr.16_00,profile,True,10.5 g/U,keep,10.5 g/U,"Afternoon highs followed by evening lows could indicate delayed absorption or excessive accumulated insulin rather than a weak CR. Dynamic ISF, SMB/UAM, corrections, and IOB must be separated first."
real_gpt56sol_med_50,run_015,profile.cr.20_00,profile,True,12.6 g/U,keep,12.6 g/U,"Late-evening and overnight low exposure argues against assuming insufficient meal insulin, but no meal-linked evidence supports weakening the ratio either. Meal timing and residual IOB remain uncertain."
real_gpt56sol_med_50,run_015,profile.isf.00_00,profile,True,56 mg/dL/U,keep,56 mg/dL/U,"Correction responses vary widely, while Dynamic ISF produced effective sensitivity from approximately 27.8–124 mg/dL/U. Profile ISF, Dynamic ISF, SMB/UAM, and IOB cannot be changed or interpreted together, so the flat ISF is retained."
real_gpt56sol_med_50,run_015,profile.target.00_00,profile,True,90 mg/dL,keep,90 mg/dL,"The target overlaps a low-prone period, but runtime targets varied and prior insulin may explain the lows. Fasting-like overnight observations are required before an exact target change is supported."
real_gpt56sol_med_50,run_015,profile.target.08_00,profile,True,100 mg/dL,keep,100 mg/dL,"Daytime highs coexist with later lows, and meal timing, Dynamic ISF, SMB/UAM, and corrections remain unresolved. Lowering the target could increase insulin exposure without resolving the underlying cause."
real_gpt56sol_med_50,run_015,profile.target.23_00,profile,True,90 mg/dL,keep,90 mg/dL,"Below-range exposure is elevated near 23:00 and after midnight, but residual evening insulin and variable runtime targets are important dependencies. No supported replacement target can be derived from aggregate hourly data."
real_gpt56sol_med_50,run_015,profile.dia,profile,True,10 h,keep,10 h,"Some glucose responses continue through four to six hours, but ongoing SMB/UAM, basal, food, activity, and low treatment prevent isolated action-curve assessment. The evidence does not support a different DIA."
real_gpt56sol_med_50,run_015,aaps.core.smb_uam,aaps,True,smb_enabled=true; uam_enabled=true,keep,smb_enabled=true; uam_enabled=true,"SMB/UAM respond to unannounced meal-like rises and may contribute to accumulated IOB, but Dynamic ISF, corrections, targets, and missing meal data are unresolved dependencies. Disabling either switch would confound evaluation and is unsupported."
real_gpt56sol_med_50,run_015,aaps.core.smb_activation,aaps,True,smb_always_enabled=true; smb_with_cob_enabled=false; smb_after_carbs_enabled=false; smb_with_temp_target_enabled=true; smb_with_high_temp_target_enabled=false,keep,smb_always_enabled=true; smb_with_cob_enabled=false; smb_after_carbs_enabled=false; smb_with_temp_target_enabled=true; smb_with_high_temp_target_enabled=false,"The activation settings are populated and not internally inconsistent. SMB Always is the dominant condition, while false COB-specific switches do not imply duplicate UAM counting. The package cannot isolate activation conditions from sensitivity, IOB, and meal announcement."
real_gpt56sol_med_50,run_015,aaps.core.smb_delivery,aaps,True,smb_interval_minutes=3 min; max_smb_basal_minutes=15 min; max_uam_smb_basal_minutes=20 min,keep,smb_interval_minutes=3 min; max_smb_basal_minutes=15 min; max_uam_smb_basal_minutes=20 min,"Frequent SMB opportunities and the UAM limit may contribute to IOB accumulation, but the complete SMB dose train is absent and Dynamic ISF is a competing explanation. No exact alternative interval or limit is supported, and dependent delivery settings should not be changed together."
real_gpt56sol_med_50,run_015,aaps.core.safety_limits,aaps,True,max_basal_u_per_hour=12 U/h; max_iob_units=25 U,keep,max_basal_u_per_hour=12 U/h; max_iob_units=25 U,"The limits are permissive relative to scheduled basal and observed IOB, but neither ceiling is shown to have been reached and runtime safety calculations imposed lower limits. Intended maximum delivery and full rate and IOB distributions are uncertain, so exact replacements are unsupported."
real_gpt56sol_med_50,run_015,aaps.core.sensitivity,aaps,True,autosens_enabled=false; dynamic_sensitivity_enabled=true; autosens_raises_target=false; autosens_lowers_target=false; dynamic_isf_adjustment_factor_percent=70 %,keep,autosens_enabled=false; dynamic_sensitivity_enabled=true; autosens_raises_target=false; autosens_lowers_target=false; dynamic_isf_adjustment_factor_percent=70 %,"Dynamic ISF is the leading automation hypothesis because effective sensitivity became much stronger during some highs, but only representative records are available and meals, corrections, SMB/UAM, and activity remain competing explanations. No supported new percentage or switch state can be derived."
real_gpt56sol_med_50,run_015,aaps.core.carb_absorption,aaps,True,min_5m_carbimpact=8 mg/dL/5 min; meal_max_absorption_hours=7 h,keep,min_5m_carbimpact=8 mg/dL/5 min; meal_max_absorption_hours=7 h,"There are no carbohydrate or e-carb entries with which to evaluate absorption. Correction-only response windows cannot isolate meal absorption from IOB, SMB/UAM, temporary targets, activity, and low treatment."
real_gpt56sol_med_50,run_016,profile.basal.00_00,profile,True,0.6 U/h,keep,0.6 U/h,"Low exposure is elevated from midnight to 03:00, but residual evening IOB, the 90 mg/dL target, SMB/UAM, Dynamic ISF, and corrections remain unresolved. Keep pending repeated fasting-like or fully reconstructed overnight sequences."
real_gpt56sol_med_50,run_016,profile.basal.05_00,profile,True,0.7 U/h,keep,0.7 U/h,Average glucose is broadly stable and aggregate low exposure falls after 04:00. One severe morning value does not isolate this segment because prior IOB and activity are unknown.
real_gpt56sol_med_50,run_016,profile.basal.06_00,profile,True,0.8 U/h,keep,0.8 U/h,"The 06:00–07:59 period has high aggregate time in range, but a 42 mg/dL minimum creates uncertainty. No fasting and IOB-controlled evidence supports a different value."
real_gpt56sol_med_50,run_016,profile.basal.10_00,profile,True,0.7 U/h,keep,0.7 U/h,"Morning rises overlap presumed meals, COB zero, UAM, Dynamic ISF, and the 08:00 target change. The data cannot separate insufficient basal from meal execution."
real_gpt56sol_med_50,run_016,profile.basal.16_00,profile,True,0.5 U/h,keep,0.5 U/h,"The highest aggregate glucose occurs near this segment, but subsequent evening lows and substantial automated IOB make an increase unsupported. Meal timing and reactive automation must be separated first."
real_gpt56sol_med_50,run_016,profile.basal.18_00,profile,True,0.6 U/h,keep,0.6 U/h,"This transition overlaps increasing low exposure, but insulin accumulated during preceding afternoon highs is an equally plausible cause. Complete pre-low delivery histories are required before changing basal."
real_gpt56sol_med_50,run_016,profile.basal.19_00,profile,True,0.7 U/h,keep,0.7 U/h,"Time below range is 15.3% at 19:00, but severe events follow periods of corrections, SMB/UAM, Dynamic ISF, and temporary basal. The segment cannot be isolated from residual IOB."
real_gpt56sol_med_50,run_016,profile.cr.00_00,profile,True,13 g/U,keep,13 g/U,No meal-linked carbohydrate or bolus data exist for this segment. Overnight lows are not evidence of a CR defect without meal execution and IOB context.
real_gpt56sol_med_50,run_016,profile.cr.04_00,profile,True,11.1 g/U,keep,11.1 g/U,"Morning rises could involve meals, timing, target changes, or UAM, but zero carbohydrate entries prevent assessment of the ratio."
real_gpt56sol_med_50,run_016,profile.cr.08_00,profile,True,13.2 g/U,keep,13.2 g/U,"Morning and afternoon elevations are not linked to carbohydrate amounts, prebolus timing, or identifiable meal doses. CR cannot be separated from reactive automation."
real_gpt56sol_med_50,run_016,profile.cr.16_00,profile,True,10.5 g/U,keep,10.5 g/U,"This stronger ratio overlaps the afternoon high-to-evening-low sequence, but no associated meal bolus or carbohydrate amount is available. Both strengthening and weakening are unsupported."
real_gpt56sol_med_50,run_016,profile.cr.20_00,profile,True,12.6 g/U,keep,12.6 g/U,Evening and overnight lows may reflect residual automated or correction insulin rather than meal dosing. Meal-linked evidence is absent.
real_gpt56sol_med_50,run_016,profile.isf.00_00,profile,True,56 mg/dL/U,keep,56 mg/dL/U,"Dynamic ISF changes effective sensitivity substantially, and correction windows contain overlapping insulin and possible food effects. The static ISF cannot be isolated."
real_gpt56sol_med_50,run_016,profile.target.00_00,profile,True,90 mg/dL,keep,90 mg/dL,"Overnight low exposure makes this target relevant, but actual dosing also depends on residual IOB, temporary targets, SMB/UAM, Dynamic ISF, and basal. Operational target histories during lows are incomplete."
real_gpt56sol_med_50,run_016,profile.target.08_00,profile,True,100 mg/dL,keep,100 mg/dL,Daytime highs do not establish that this target is too high because meals and reactive automation are unresolved. Increasing dosing pressure could worsen later lows.
real_gpt56sol_med_50,run_016,profile.target.23_00,profile,True,90 mg/dL,keep,90 mg/dL,"The change to 90 mg/dL overlaps elevated late-night low exposure, but preceding insulin and temporary-target context are not fully known. A value change requires repeated comparable sequences."
real_gpt56sol_med_50,run_016,profile.dia,profile,True,10 h,keep,10 h,"Observed glucose effects persist for several hours, but frequent overlapping insulin prevents measurement of an isolated action curve. DIA interacts with IOB recognition, SMB/UAM, and Dynamic ISF and should not change with those settings."
real_gpt56sol_med_50,run_016,aaps.core.smb_uam,aaps,True,smb_enabled=true; uam_enabled=true,keep,smb_enabled=true; uam_enabled=true,"SMB/UAM respond to unexplained rises with COB zero and may contribute to cumulative IOB, but meals, corrections, Dynamic ISF, and temporary basal are not separated. Disabling both would be a dependent and unsupported change."
real_gpt56sol_med_50,run_016,aaps.core.smb_activation,aaps,True,smb_always_enabled=true; smb_with_cob_enabled=false; smb_after_carbs_enabled=false; smb_with_temp_target_enabled=true; smb_with_high_temp_target_enabled=false,keep,smb_always_enabled=true; smb_with_cob_enabled=false; smb_after_carbs_enabled=false; smb_with_temp_target_enabled=true; smb_with_high_temp_target_enabled=false,"The switches are internally consistent and do not show duplicate COB dosing. Always-on SMB may increase exposure during unexplained rises, but event-level evidence does not isolate activation from SMB strength, UAM, Dynamic ISF, or corrections."
real_gpt56sol_med_50,run_016,aaps.core.smb_delivery,aaps,True,smb_interval_minutes=3 min; max_smb_basal_minutes=15 min; max_uam_smb_basal_minutes=20 min,keep,smb_interval_minutes=3 min; max_smb_basal_minutes=15 min; max_uam_smb_basal_minutes=20 min,"The higher UAM allowance and three-minute opportunity interval may contribute to accumulation, but complete SMB histories are absent and temporary basal, corrections, and Dynamic ISF overlap. No supported replacement values can be derived."
real_gpt56sol_med_50,run_016,aaps.core.safety_limits,aaps,True,max_basal_u_per_hour=12 U/h; max_iob_units=25 U,keep,max_basal_u_per_hour=12 U/h; max_iob_units=25 U,"These limits are permissive relative to profile basal and observed IOB, but sampled events were constrained by lower operational calculations and neither configured maximum was shown to trigger the adverse sequences. Changing both guardrails would not isolate the initiating mechanism."
real_gpt56sol_med_50,run_016,aaps.core.sensitivity,aaps,True,autosens_enabled=false; dynamic_sensitivity_enabled=true; autosens_raises_target=false; autosens_lowers_target=false; dynamic_isf_adjustment_factor_percent=70 %,keep,autosens_enabled=false; dynamic_sensitivity_enabled=true; autosens_raises_target=false; autosens_lowers_target=false; dynamic_isf_adjustment_factor_percent=70 %,"Dynamic ISF materially strengthens sensitivity during some highs and is a plausible contributor to IOB accumulation, while Autosens is correctly represented as disabled. Static ISF, SMB/UAM, temporary basal, and corrections remain dependent confounders, so no isolated new value is supported."
real_gpt56sol_med_50,run_016,aaps.core.carb_absorption,aaps,True,min_5m_carbimpact=8 mg/dL/5 min; meal_max_absorption_hours=7 h,keep,min_5m_carbimpact=8 mg/dL/5 min; meal_max_absorption_hours=7 h,No regular-carb or e-carb entries exercised the entered-carbohydrate model during the period. Prolonged glucose changes cannot be attributed to absorption without meal-linked evidence.
real_gpt56sol_med_50,run_017,profile.basal.00_00,profile,True,0.6 U/h,keep,0.6 U/h,"Evidence shows overnight lows, but uncertainty remains because prior corrections, SMB/UAM, Dynamic ISF, activity, and the 90 mg/dL target may contribute. Dependency on the target review and fasting-like overnight observations supports withholding a basal change."
real_gpt56sol_med_50,run_017,profile.basal.05_00,profile,True,0.7 U/h,keep,0.7 U/h,"Evidence from 05:00–06:00 shows 95.2%–97.5% TIR and only 2.5%–4.8% TBR. Uncertainty from missing fasting context remains, but there is no directional evidence for change. This depends on keeping the target review isolated."
real_gpt56sol_med_50,run_017,profile.basal.06_00,profile,True,0.8 U/h,keep,0.8 U/h,Evidence shows 97.5%–98.7% TIR at 06:00–07:00 with low TBR. Meal and activity uncertainty does not indicate a defect. A change is withheld pending isolated overnight validation.
real_gpt56sol_med_50,run_017,profile.basal.10_00,profile,True,0.7 U/h,keep,0.7 U/h,"Daytime highs are evident, but missing meals and reactive UAM, SMB, and Dynamic ISF are major uncertainties. The basal assessment depends on fasting or skipped-meal evidence, so increased basal is unsupported."
real_gpt56sol_med_50,run_017,profile.basal.16_00,profile,True,0.5 U/h,keep,0.5 U/h,Evidence shows highs near 16:00 followed by increased low risk at 18:00–19:00. Uncertainty about meals and accumulated IOB makes either direction unsafe to infer. This depends on complete high-to-low event review.
real_gpt56sol_med_50,run_017,profile.basal.18_00,profile,True,0.6 U/h,keep,0.6 U/h,"TBR is elevated at 18:00–19:00, but evidence also shows preceding daytime hyperglycemia and correction exposure. Uncertainty about IOB and activity prevents attributing lows to basal. Review depends on separating prior insulin from fasting basal action."
real_gpt56sol_med_50,run_017,profile.basal.19_00,profile,True,0.7 U/h,keep,0.7 U/h,"Local TBR is 15.3% at 19:00, but delayed correction and SMB effects remain plausible. Because this segment also precedes overnight behavior, it depends on the isolated target review and complete evening IOB data."
real_gpt56sol_med_50,run_017,profile.cr.00_00,profile,True,13 g/U,keep,13 g/U,"There are no recorded carbs or meal boluses to test this CR. Correction windows are not CR tests. The uncertainty depends on obtaining meal-linked carb, bolus, IOB, and six-hour response data."
real_gpt56sol_med_50,run_017,profile.cr.04_00,profile,True,11.1 g/U,keep,11.1 g/U,Evidence is insufficient because carb entries and declared meal execution are absent. Stable morning aggregate glucose does not validate a meal ratio. Assessment depends on a documented meal with limited overlapping IOB.
real_gpt56sol_med_50,run_017,profile.cr.08_00,profile,True,13.2 g/U,keep,13.2 g/U,"Morning and daytime rises may be meal-related, but no carb amounts or bolus timing exist. UAM and Dynamic ISF add uncertainty. A CR change depends on repeated documented meals rather than hourly glucose alone."
real_gpt56sol_med_50,run_017,profile.cr.16_00,profile,True,10.5 g/U,keep,10.5 g/U,"High glucose near 16:00 is followed by evening low risk, so strengthening this CR could increase hypoglycemia. Missing meal records create substantial uncertainty. Review depends on separating meal insulin from later SMB and correction exposure."
real_gpt56sol_med_50,run_017,profile.cr.20_00,profile,True,12.6 g/U,keep,12.6 g/U,"Overnight lows exist, but there are no recorded evening carbs or meal boluses linking them to this CR. The result depends on evening meal, IOB, and activity data, so no ratio change is supported."
real_gpt56sol_med_50,run_017,profile.isf.00_00,profile,True,56 mg/dL/U,keep,56 mg/dL/U,"Large delayed falls raise concern about aggregate correction strength, but Dynamic ISF ranged widely and overlapping SMB, basal, food, and IOB confound the static ISF. Any ISF review depends on isolated corrections after the target assessment."
real_gpt56sol_med_50,run_017,profile.target.00_00,profile,True,90 mg/dL,change,100 mg/dL,"Evidence shows recurrent TBR of approximately 10%–18.5% from 00:00–03:00. Although prior IOB and automation remain uncertain, raising the target is a conservative single-setting candidate that does not assume a basal defect. Its effect depends on holding basal, ISF, SMB/UAM, and Dynamic ISF unchanged."
real_gpt56sol_med_50,run_017,profile.target.08_00,profile,True,100 mg/dL,keep,100 mg/dL,"Daytime highs are meal and automation confounded, while later lows limit stronger correction pressure. Evidence does not isolate the target as causal. Assessment depends on meal-linked observations and the overnight target review."
real_gpt56sol_med_50,run_017,profile.target.23_00,profile,True,90 mg/dL,keep,90 mg/dL,"TBR is elevated at 23:00, but the safest sequence is to change only one target segment initially. Uncertainty about evening IOB remains high. This segment can be reconsidered only after evaluating the 00:00 target candidate."
real_gpt56sol_med_50,run_017,profile.dia,profile,True,10 h,keep,10 h,"Delayed declines through four to six hours support respecting long-tail insulin action and do not support shortening DIA. Insulin-curve detail and isolated correction data are missing, so any DIA change depends on better action-curve evidence."
real_gpt56sol_med_50,run_017,aaps.core.smb_uam,aaps,True,smb_enabled=true; uam_enabled=true,keep,smb_enabled=true; uam_enabled=true,"SMB/UAM covered rises when COB was zero, and UAM was not duplicate COB counting. Delayed lows create concern about cumulative insulin, but meals, corrections, Dynamic ISF, and IOB remain confounders. This group depends on target evaluation and complete dose-sequence review."
real_gpt56sol_med_50,run_017,aaps.core.smb_activation,aaps,True,smb_always_enabled=true; smb_with_cob_enabled=false; smb_after_carbs_enabled=false; smb_with_temp_target_enabled=true; smb_with_high_temp_target_enabled=false,keep,smb_always_enabled=true; smb_with_cob_enabled=false; smb_after_carbs_enabled=false; smb_with_temp_target_enabled=true; smb_with_high_temp_target_enabled=false,"The configuration is internally consistent with UAM and absent carb announcements. Always-enabled SMB may contribute to reactive dosing, but changing activation could worsen unannounced-meal highs. The decision depends on defining the intended meal workflow first."
real_gpt56sol_med_50,run_017,aaps.core.smb_delivery,aaps,True,smb_interval_minutes=3 min; max_smb_basal_minutes=15 min; max_uam_smb_basal_minutes=20 min,keep,smb_interval_minutes=3 min; max_smb_basal_minutes=15 min; max_uam_smb_basal_minutes=20 min,"Representative records show meaningful SMB exposure and high IOB, but the package cannot separate SMB frequency, SMB size, basal, and manual corrections. Uncertainty prevents a replacement value. This group depends on complete high-to-low event sequences and should not change with Dynamic ISF."
real_gpt56sol_med_50,run_017,aaps.core.safety_limits,aaps,True,max_basal_u_per_hour=12 U/h; max_iob_units=25 U,keep,max_basal_u_per_hour=12 U/h; max_iob_units=25 U,"The ceilings are permissive compared with profile basal, but other constraints limited representative basal and observed IOB did not approach 25 U. Recurrent lows are a safety concern, yet no individualized replacement is supported. Review depends on actual limit engagement and complete dosing records."
real_gpt56sol_med_50,run_017,aaps.core.sensitivity,aaps,True,autosens_enabled=false; dynamic_sensitivity_enabled=true; autosens_raises_target=false; autosens_lowers_target=false; dynamic_isf_adjustment_factor_percent=70 %,keep,autosens_enabled=false; dynamic_sensitivity_enabled=true; autosens_raises_target=false; autosens_lowers_target=false; dynamic_isf_adjustment_factor_percent=70 %,"Dynamic ISF became materially stronger during some highs and may contribute to accumulated IOB, but it may also compensate for unannounced meals or changing sensitivity. Static ISF, SMB, and absorption remain confounders. This group depends on isolated event review and must not change with target or SMB settings."
real_gpt56sol_med_50,run_017,aaps.core.carb_absorption,aaps,True,min_5m_carbimpact=8 mg/dL/5 min; meal_max_absorption_hours=7 h,keep,min_5m_carbimpact=8 mg/dL/5 min; meal_max_absorption_hours=7 h,"No carbs or e-carbs were entered, so the COB absorption model was not meaningfully tested. Prolonged rises have multiple explanations. Any change depends on meal-linked carb entries and six-hour glucose, IOB, SMB, correction, and temporary-target data."
real_gpt56sol_med_50,run_018,profile.basal.00_00,profile,True,0.6 U/h,keep,0.6 U/h,"Overnight lows are documented, but target, prior-evening IOB, SMB/UAM, Dynamic ISF, corrections, and unrecorded activity or carbohydrates remain competing causes. Keep this basal while evaluating the 00:00 target alone; fasting-like low-IOB nights are needed before a basal change."
real_gpt56sol_med_50,run_018,profile.basal.05_00,profile,True,0.7 U/h,keep,0.7 U/h,"The 04:00-08:00 interval is comparatively stable, with no clear evidence of a basal defect. Delivered basal is modified by the loop, and fasting evidence is absent; retain this segment while the target change is assessed."
real_gpt56sol_med_50,run_018,profile.basal.06_00,profile,True,0.8 U/h,keep,0.8 U/h,"Local glucose from 06:00-08:00 is largely in range and meal effects begin to become plausible later. Without fasting and delivered-basal data, changing this segment is unsupported and would confound the target assessment."
real_gpt56sol_med_50,run_018,profile.basal.10_00,profile,True,0.7 U/h,keep,0.7 U/h,"Daytime highs are present, but absent meal records, UAM dosing, Dynamic ISF, corrections, temporary targets, and delayed absorption prevent attribution to basal. Increasing basal could worsen the subsequent evening low pattern."
real_gpt56sol_med_50,run_018,profile.basal.16_00,profile,True,0.5 U/h,keep,0.5 U/h,"High exposure near 16:00 is followed by falling glucose and increased lows by 18:00-19:00. Accumulated IOB is a stronger unresolved explanation than inadequate basal, so this segment should remain unchanged pending meal-linked and insulin-linked observations."
real_gpt56sol_med_50,run_018,profile.basal.18_00,profile,True,0.6 U/h,keep,0.6 U/h,"The 18:00 interval is low-prone, but prior daytime SMBs, corrections, Dynamic ISF, activity, and rescue carbohydrates are unresolved. The loop frequently reduces basal, so a scheduled-basal change is unsupported before total IOB is separated."
real_gpt56sol_med_50,run_018,profile.basal.19_00,profile,True,0.7 U/h,keep,0.7 U/h,"Time below range reaches 15.3% at 19:00, but this follows daytime hyperglycemia and automated correction. The evidence does not separate this basal segment from accumulated IOB, so retain it while reviewing the connected six-hour sequence."
real_gpt56sol_med_50,run_018,profile.cr.00_00,profile,True,13 g/U,keep,13 g/U,No overnight carbohydrate entries or declared meal strategy are available. Overnight lows are more directly linked to target and prior IOB than to a demonstrated CR defect; changing CR would require meal amount and bolus timing.
real_gpt56sol_med_50,run_018,profile.cr.04_00,profile,True,11.1 g/U,keep,11.1 g/U,"The early-morning interval is comparatively stable, and no meal-linked response validates this CR. Keep it pending a representative meal with carbohydrate amount, bolus timing, automated insulin, and six-hour glucose follow-up."
real_gpt56sol_med_50,run_018,profile.cr.08_00,profile,True,13.2 g/U,keep,13.2 g/U,"Late-morning highs could reflect CR, absent or late bolusing, unannounced meals, delayed absorption, or UAM timing. Later lows and accumulated IOB make a stronger CR unsafe to infer without meal-linked evidence."
real_gpt56sol_med_50,run_018,profile.cr.16_00,profile,True,10.5 g/U,keep,10.5 g/U,"This stronger CR overlaps the transition from afternoon highs toward evening lows, but no meal amount or bolus denominator is recorded. Keep it because either strengthening or weakening it would be speculative until meal insulin is separated from SMB/UAM and corrections."
real_gpt56sol_med_50,run_018,profile.cr.20_00,profile,True,12.6 g/U,keep,12.6 g/U,"Evening and overnight lows occur in a period affected by prior IOB, but no meal-linked evidence identifies this CR as causal. Retain it while target and prior-insulin effects are evaluated."
real_gpt56sol_med_50,run_018,profile.isf.00_00,profile,True,56 mg/dL/U,keep,56 mg/dL/U,"Dynamic ISF produces effective sensitivities that differ substantially from the static 56 mg/dL/U value, and correction windows contain overlapping insulin and meals. Static ISF should remain unchanged until Dynamic ISF, SMBs, and IOB are separated in clean correction observations."
real_gpt56sol_med_50,run_018,profile.target.00_00,profile,True,90 mg/dL,change,100 mg/dL,The 00:00-03:00 period has recurrent low exposure and severe hypoglycemia while the target is 90 mg/dL. Increasing it to 100 mg/dL is a conservative safety-focused candidate that avoids simultaneously changing basal or automation. Confidence is medium because prior IOB and the stable 04:00-08:00 interval remain dependencies.
real_gpt56sol_med_50,run_018,profile.target.08_00,profile,True,100 mg/dL,keep,100 mg/dL,"Daytime highs cannot be attributed to the target because meals are unrecorded and UAM, Dynamic ISF, corrections, and absorption remain plausible causes. Lowering the target could increase IOB and worsen evening lows."
real_gpt56sol_med_50,run_018,profile.target.23_00,profile,True,90 mg/dL,keep,90 mg/dL,"Low exposure is elevated at 23:00, but changing both nighttime target segments together would prevent attribution of effect. Keep this one-hour segment initially and evaluate the 00:00 target change before considering expansion."
real_gpt56sol_med_50,run_018,profile.dia,profile,True,10 h,keep,10 h,"Mixed six-hour response windows do not isolate the insulin action tail, and a long DIA may help retain IOB awareness. Changing DIA would affect correction, SMB, and IOB calculations and should not accompany the target change."
real_gpt56sol_med_50,run_018,aaps.core.smb_uam,aaps,True,smb_enabled=true; uam_enabled=true,keep,smb_enabled=true; uam_enabled=true,"UAM is the main observed response to unannounced glucose rises because COB is absent, and disabling it could worsen daytime highs. Accumulated IOB is a concern, but Dynamic ISF, custom boosts, meals, and targets remain unresolved dependencies; keep this group during the target assessment."
real_gpt56sol_med_50,run_018,aaps.core.smb_activation,aaps,True,smb_always_enabled=true; smb_with_cob_enabled=false; smb_after_carbs_enabled=false; smb_with_temp_target_enabled=true; smb_with_high_temp_target_enabled=false,keep,smb_always_enabled=true; smb_with_cob_enabled=false; smb_after_carbs_enabled=false; smb_with_temp_target_enabled=true; smb_with_high_temp_target_enabled=false,"Activation is permissive, but no paired observations identify activation conditions as the cause of lows. Missing meal announcements make broad SMB access functionally important, and changing activation with the target would confound interpretation."
real_gpt56sol_med_50,run_018,aaps.core.smb_delivery,aaps,True,smb_interval_minutes=3 min; max_smb_basal_minutes=15 min; max_uam_smb_basal_minutes=20 min,keep,smb_interval_minutes=3 min; max_smb_basal_minutes=15 min; max_uam_smb_basal_minutes=20 min,"The configured interval and limits cannot be isolated from repeated dosing, Dynamic ISF, and custom Enhanced oref1 and UAM Boost behavior. Observed IOB creates a safety concern, but no supported replacement values are available; retain these values while collecting complete SMB sequences."
real_gpt56sol_med_50,run_018,aaps.core.safety_limits,aaps,True,max_basal_u_per_hour=12 U/h; max_iob_units=25 U,keep,max_basal_u_per_hour=12 U/h; max_iob_units=25 U,"These backstops are permissive relative to the profile, but neither was binding in representative telemetry because enacted basal was constrained earlier and IOB remained below 6 U. Concrete alternatives cannot be derived without total daily dose, peak-delivery distributions, and intended safety rationale."
real_gpt56sol_med_50,run_018,aaps.core.sensitivity,aaps,True,autosens_enabled=false; dynamic_sensitivity_enabled=true; autosens_raises_target=false; autosens_lowers_target=false; dynamic_isf_adjustment_factor_percent=70 %,keep,autosens_enabled=false; dynamic_sensitivity_enabled=true; autosens_raises_target=false; autosens_lowers_target=false; dynamic_isf_adjustment_factor_percent=70 %,"Dynamic ISF is a plausible contributor to strong correction and later IOB, but it is also compensating for unannounced daytime rises. No controlled comparison supports a new percentage, and changing it with the target would alter a dependent insulin-delivery pathway."
real_gpt56sol_med_50,run_018,aaps.core.carb_absorption,aaps,True,min_5m_carbimpact=8 mg/dL/5 min; meal_max_absorption_hours=7 h,keep,min_5m_carbimpact=8 mg/dL/5 min; meal_max_absorption_hours=7 h,"No carbohydrate or e-carb entries exercised these settings in an observable meal-linked way. Delayed absorption is plausible but unproven, so the current values should remain until carb amount, timing, absorption, IOB, SMB, corrections, and six-hour glucose are recorded together."
real_gpt56sol_med_50,run_019,profile.basal.00_00,profile,True,0.6 U/h,keep,0.6 U/h,"Low exposure is high at 00:00-03:00, but evening IOB, the 90 mg/dL target, SMBs, corrections, activity, and low treatment remain unresolved. Keep this segment until low-IOB overnight observations separate scheduled basal from those dependencies."
real_gpt56sol_med_50,run_019,profile.basal.05_00,profile,True,0.7 U/h,keep,0.7 U/h,"Local 04:00-06:00 glucose is comparatively stable, with time below range declining across this period. No isolated evidence supports a change, and interpretation still depends on delivered basal and overnight IOB."
real_gpt56sol_med_50,run_019,profile.basal.06_00,profile,True,0.8 U/h,keep,0.8 U/h,"Local 06:00-07:00 has 1.3-2.5% time below range and high time in range, so the scheduled increase is not independently implicated. Meal onset, activity, and automated delivery remain uncertainties."
real_gpt56sol_med_50,run_019,profile.basal.10_00,profile,True,0.7 U/h,keep,0.7 U/h,"Daytime highs occur during plausible meal and UAM periods and are followed by later lows. Strengthening or weakening this segment is unsupported without fasting-like data and separation from Dynamic ISF, SMBs, corrections, and IOB."
real_gpt56sol_med_50,run_019,profile.basal.16_00,profile,True,0.5 U/h,keep,0.5 U/h,"Glucose is often high at 16:00-17:00, but the subsequent 18:00-19:00 low exposure argues against treating this as isolated basal insufficiency. Meal effects and accumulated automated insulin remain unresolved dependencies."
real_gpt56sol_med_50,run_019,profile.basal.18_00,profile,True,0.6 U/h,keep,0.6 U/h,"Time below range increases at 18:00, but prior afternoon SMBs, corrections, Dynamic ISF, and IOB may be the dominant causes. A segment change is withheld until complete high-to-low traces isolate delivered basal."
real_gpt56sol_med_50,run_019,profile.basal.19_00,profile,True,0.7 U/h,keep,0.7 U/h,"Local 19:00 time below range is 15.3%, creating concern, but insulin delivered before 19:00 cannot be separated from this segment. Keep it while reviewing prior IOB, activity, corrections, low treatment, and actual delivered basal."
real_gpt56sol_med_50,run_019,profile.cr.00_00,profile,True,13 g/U,keep,13 g/U,"No meal carbohydrate amounts or identifiable meal boluses are available for this segment. Nighttime lows are confounded by basal, target, IOB, and automation, so they do not support an isolated CR change."
real_gpt56sol_med_50,run_019,profile.cr.04_00,profile,True,11.1 g/U,keep,11.1 g/U,"Morning glucose rises cannot be linked to entered carbohydrates, prebolus timing, or an immediate bolus percentage. Keep the ratio until repeatable meal-linked records separate CR from timing and UAM."
real_gpt56sol_med_50,run_019,profile.cr.08_00,profile,True,13.2 g/U,keep,13.2 g/U,"Observed morning and daytime rises may reflect unannounced meals, timing, absorption, or automation rather than a weak ratio. Zero carbohydrate records and later low risk prevent a supported numeric change."
real_gpt56sol_med_50,run_019,profile.cr.16_00,profile,True,10.5 g/U,keep,10.5 g/U,"Afternoon highs are followed by substantial evening lows, so strengthening this ratio could increase hypoglycemia. Meal amount, timing, Dynamic ISF, SMB delivery, and residual IOB remain unresolved."
real_gpt56sol_med_50,run_019,profile.cr.20_00,profile,True,12.6 g/U,keep,12.6 g/U,"No meal-linked evidence tests this ratio, while evening and overnight lows create a strong safety constraint. Interpretation depends on preceding IOB, meal timing, activity, and automation."
real_gpt56sol_med_50,run_019,profile.isf.00_00,profile,True,56 mg/dL/U,keep,56 mg/dL/U,"Correction responses are highly confounded, and Dynamic ISF produced effective sensitivity values far from the static profile value. Keep static ISF unchanged while Dynamic ISF, SMBs, meals, and IOB are evaluated separately."
real_gpt56sol_med_50,run_019,profile.target.00_00,profile,True,90 mg/dL,keep,90 mg/dL,"The tight overnight target may reduce safety margin, but current data cannot separate it from scheduled basal and evening IOB. Keep it pending several low-IOB overnight observations with no recent meal, correction, temporary target, or unusual activity."
real_gpt56sol_med_50,run_019,profile.target.08_00,profile,True,100 mg/dL,keep,100 mg/dL,"Daytime highs are more plausibly related to unannounced rises, meal timing, UAM, and Dynamic ISF than to this target alone. Later low exposure and absent meal data make a numeric target change unsupported."
real_gpt56sol_med_50,run_019,profile.target.23_00,profile,True,90 mg/dL,keep,90 mg/dL,"Time below range is elevated at 23:00 and after midnight, but evening IOB and prior automated dosing remain major dependencies. Keep this value until low-IOB overnight traces establish whether the target itself contributes."
real_gpt56sol_med_50,run_019,profile.dia,profile,True,10 h,keep,10 h,"Several glucose falls continue over four to six hours, so shortening DIA is not supported and could discount residual IOB sooner. Exact adequacy remains uncertain because insulin formulation and isolated action curves are absent."
real_gpt56sol_med_50,run_019,aaps.core.smb_uam,aaps,True,smb_enabled=true; uam_enabled=true,keep,smb_enabled=true; uam_enabled=true,"SMB/UAM likely helps contain unannounced rises and supports strong time in range, but may contribute to cumulative IOB. Disabling either is unsupported until Dynamic ISF, complete SMB sequences, meal onset, and later lows are separated."
real_gpt56sol_med_50,run_019,aaps.core.smb_activation,aaps,True,smb_always_enabled=true; smb_with_cob_enabled=false; smb_after_carbs_enabled=false; smb_with_temp_target_enabled=true; smb_with_high_temp_target_enabled=false,keep,smb_always_enabled=true; smb_with_cob_enabled=false; smb_after_carbs_enabled=false; smb_with_temp_target_enabled=true; smb_with_high_temp_target_enabled=false,"The configuration is internally consistent and does not imply duplicate COB dosing. Always-enabled SMB is consequential when meals are unannounced, but changing activation could worsen daytime rises and cannot be isolated from Dynamic ISF or meal strategy."
real_gpt56sol_med_50,run_019,aaps.core.smb_delivery,aaps,True,smb_interval_minutes=3 min; max_smb_basal_minutes=15 min; max_uam_smb_basal_minutes=20 min,keep,smb_interval_minutes=3 min; max_smb_basal_minutes=15 min; max_uam_smb_basal_minutes=20 min,"Frequent SMB availability and the larger UAM allowance could add to IOB, but the independent effect is not quantified. Keep these values while complete high-to-low traces test Dynamic ISF and SMB accumulation without changing dependent settings together."
real_gpt56sol_med_50,run_019,aaps.core.safety_limits,aaps,True,max_basal_u_per_hour=12 U/h; max_iob_units=25 U,keep,max_basal_u_per_hour=12 U/h; max_iob_units=25 U,"These outer ceilings are permissive relative to scheduled basal, but representative records show lower constraints binding first and do not establish that either ceiling caused routine dosing. Individualized replacement values are unavailable, so they should be reviewed separately rather than changed with profile or sensitivity settings."
real_gpt56sol_med_50,run_019,aaps.core.sensitivity,aaps,True,autosens_enabled=false; dynamic_sensitivity_enabled=true; autosens_raises_target=false; autosens_lowers_target=false; dynamic_isf_adjustment_factor_percent=70 %,keep,autosens_enabled=false; dynamic_sensitivity_enabled=true; autosens_raises_target=false; autosens_lowers_target=false; dynamic_isf_adjustment_factor_percent=70 %,"Dynamic ISF is the leading automation hypothesis because effective sensitivity strengthened markedly during highs, but no supported replacement percentage is available. Keep the group unchanged while reviewing complete dosing traces and holding static ISF, SMB limits, basal, targets, CR, and DIA stable."
real_gpt56sol_med_50,run_019,aaps.core.carb_absorption,aaps,True,min_5m_carbimpact=8 mg/dL/5 min; meal_max_absorption_hours=7 h,keep,min_5m_carbimpact=8 mg/dL/5 min; meal_max_absorption_hours=7 h,"No entered carbohydrates or e-carbs generated an interpretable COB trajectory. Delayed glucose changes cannot be separated from IOB, SMBs, corrections, temporary targets, activity, or low treatment, so changing absorption values is unsupported."
real_gpt56sol_med_50,run_020,profile.basal.00_00,profile,True,0.6 U/h,keep,0.6 U/h,"Overnight lows support concern about total insulin exposure, but residual evening IOB, the 90 mg/dL target, SMB/UAM, Dynamic ISF, corrections, and activity remain unresolved. Fasting-like overnight verification is required before attributing the pattern to this basal segment."
real_gpt56sol_med_50,run_020,profile.basal.05_00,profile,True,0.7 U/h,keep,0.7 U/h,"Low exposure improves after the main 00:00–03:00 cluster, and no isolated fasting evidence identifies the 05:00 segment. Interpretation remains dependent on prior IOB and automated delivery."
real_gpt56sol_med_50,run_020,profile.basal.06_00,profile,True,0.8 U/h,keep,0.8 U/h,"Local 07:00–08:00 had more than 98% time in range with little hypoglycemia. Meals and automation remain possible influences, but the available evidence does not support changing this comparatively stable segment."
real_gpt56sol_med_50,run_020,profile.basal.10_00,profile,True,0.7 U/h,keep,0.7 U/h,"Late-morning and afternoon rises may reflect unannounced meals, bolus timing, UAM, or Dynamic ISF rather than inadequate basal. Subsequent evening lows make basal strengthening unsafe to infer without fasting-like evidence."
real_gpt56sol_med_50,run_020,profile.basal.16_00,profile,True,0.5 U/h,keep,0.5 U/h,High glucose at 16:00 is followed by increasing low exposure at 18:00–19:00. Missing meal data and substantial automated IOB prevent distinguishing insufficient basal from delayed meal and automation effects.
real_gpt56sol_med_50,run_020,profile.basal.18_00,profile,True,0.6 U/h,keep,0.6 U/h,"Evening hypoglycemia is present, but afternoon corrections, SMB/UAM, Dynamic ISF, and accumulated IOB are strong competing causes. Complete high-to-low episode review is needed before changing this segment."
real_gpt56sol_med_50,run_020,profile.basal.19_00,profile,True,0.7 U/h,keep,0.7 U/h,"Local 19:00 had 15.3% below range, but the lows commonly follow afternoon hyperglycemia and substantial insulin exposure. The scheduled segment cannot be isolated from earlier automation or corrections."
real_gpt56sol_med_50,run_020,profile.cr.00_00,profile,True,13 g/U,keep,13 g/U,"No carbohydrate entries or declared meal strategy are available, so this CR cannot be tested. Overnight lows may involve prior IOB or targets rather than meal dosing."
real_gpt56sol_med_50,run_020,profile.cr.04_00,profile,True,11.1 g/U,keep,11.1 g/U,"Meal amount, bolus timing, and execution are absent. Comparatively stable early-morning glucose does not provide evidence for changing this CR segment."
real_gpt56sol_med_50,run_020,profile.cr.08_00,profile,True,13.2 g/U,keep,13.2 g/U,"Daytime rises could reflect meal timing, unannounced carbohydrates, or reactive automation. Later lows and missing meal-linked data prevent safely attributing the pattern to a weak CR."
real_gpt56sol_med_50,run_020,profile.cr.16_00,profile,True,10.5 g/U,keep,10.5 g/U,"The afternoon-high/evening-low cycle could involve insufficient early coverage followed by excessive delayed insulin. Without carbohydrate amount, prebolus, immediate percentage, and six-hour delivery data, changing this CR would confound meal and automation effects."
real_gpt56sol_med_50,run_020,profile.cr.20_00,profile,True,12.6 g/U,keep,12.6 g/U,"Late-evening and overnight lows create a safety constraint, but meal-linked bolus data are absent and residual IOB is unresolved. No isolated evidence supports changing this CR."
real_gpt56sol_med_50,run_020,profile.isf.00_00,profile,True,56 mg/dL/U,keep,56 mg/dL/U,"Large glucose declines occurred in correction windows, but the small listed corrections were confounded by prior IOB, SMB, automated basal, food, and Dynamic ISF. The base ISF cannot be isolated and should not be changed together with Dynamic ISF or SMB."
real_gpt56sol_med_50,run_020,profile.target.00_00,profile,True,90 mg/dL,keep,90 mg/dL,"This target overlaps the strongest low-risk period and is a plausible contributor, but residual evening insulin and automation remain unresolved. A fasting-like overnight comparison is required before a numerical target change is supported."
real_gpt56sol_med_50,run_020,profile.target.08_00,profile,True,100 mg/dL,keep,100 mg/dL,"Both afternoon highs and evening lows occur under this target, indicating that meal handling and cumulative insulin are more immediate competing explanations. No isolated target effect is demonstrated."
real_gpt56sol_med_50,run_020,profile.target.23_00,profile,True,90 mg/dL,keep,90 mg/dL,"The target precedes recurrent overnight lows, but prior evening IOB, corrections, SMB/UAM, and activity cannot be separated. Verification should occur before changing it or the overlapping basal."
real_gpt56sol_med_50,run_020,profile.dia,profile,True,10 h,keep,10 h,"Substantial IOB and glucose declines continue for several hours, so prolonged insulin action remains relevant. No isolated insulin-action test shows the 10-hour DIA is incorrect, and DIA should not be changed to compensate for SMB, Dynamic ISF, or meal uncertainty."
real_gpt56sol_med_50,run_020,aaps.core.smb_uam,aaps,True,smb_enabled=true; uam_enabled=true,keep,smb_enabled=true; uam_enabled=true,"SMB/UAM plausibly handles COB-zero glucose rises but may contribute to cumulative IOB. Complete meal and SMB sequences are unavailable, so disabling or changing these features is unsupported and remains dependent on Dynamic ISF and meal strategy."
real_gpt56sol_med_50,run_020,aaps.core.smb_activation,aaps,True,smb_always_enabled=true; smb_with_cob_enabled=false; smb_after_carbs_enabled=false; smb_with_temp_target_enabled=true; smb_with_high_temp_target_enabled=false,keep,smb_always_enabled=true; smb_with_cob_enabled=false; smb_after_carbs_enabled=false; smb_with_temp_target_enabled=true; smb_with_high_temp_target_enabled=false,"Always-enabled SMB creates broad eligibility, while disabling SMB with a high temporary target is safety-oriented. No evidence shows duplicate COB counting or identifies one activation switch as the cause of lows; meal strategy and cumulative delivery must be reviewed first."
real_gpt56sol_med_50,run_020,aaps.core.smb_delivery,aaps,True,smb_interval_minutes=3 min; max_smb_basal_minutes=15 min; max_uam_smb_basal_minutes=20 min,keep,smb_interval_minutes=3 min; max_smb_basal_minutes=15 min; max_uam_smb_basal_minutes=20 min,"Representative episodes show meaningful IOB accumulation, but complete SMB sequences are absent and custom enhanced or boost behavior complicates attribution. Interval and SMB limits should not be changed together or before identifying cumulative delivery."
real_gpt56sol_med_50,run_020,aaps.core.safety_limits,aaps,True,max_basal_u_per_hour=12 U/h; max_iob_units=25 U,keep,max_basal_u_per_hour=12 U/h; max_iob_units=25 U,"The limits are permissive relative to scheduled basal and observed IOB, but neither limit was shown to bind or directly cause a low. Effective lower caps appeared in representative loops, and full delivered-rate distributions are unavailable, so a numerical change is unsupported."
real_gpt56sol_med_50,run_020,aaps.core.sensitivity,aaps,True,autosens_enabled=false; dynamic_sensitivity_enabled=true; autosens_raises_target=false; autosens_lowers_target=false; dynamic_isf_adjustment_factor_percent=70 %,keep,autosens_enabled=false; dynamic_sensitivity_enabled=true; autosens_raises_target=false; autosens_lowers_target=false; dynamic_isf_adjustment_factor_percent=70 %,"Dynamic ISF strengthened sensitivity during highs and may amplify cumulative insulin, but unannounced meals, SMB/UAM, corrections, and the base ISF remain confounded. Autosens is explicitly disabled, and neutral sensitivity_ratio values do not alter that configuration. No isolated numerical change is supported."
real_gpt56sol_med_50,run_020,aaps.core.carb_absorption,aaps,True,min_5m_carbimpact=8 mg/dL/5 min; meal_max_absorption_hours=7 h,keep,min_5m_carbimpact=8 mg/dL/5 min; meal_max_absorption_hours=7 h,"No carbohydrate or e-carb entries are available, so neither absorption component can be validated. Delayed rises remain confounded by meal timing, IOB, SMB, temporary targets, and corrections, and UAM is not duplicate COB counting."
real_gpt56sol_med_50,run_021,profile.basal.00_00,profile,True,0.6 U/h,keep,0.6 U/h,"Overnight lows are established, but excess basal is not separated from evening IOB, SMB/UAM, corrections, activity, or the 90 mg/dL target. Keep this segment while testing the target alone; reassessment depends on low-IOB fasting-like nights."
real_gpt56sol_med_50,run_021,profile.basal.05_00,profile,True,0.7 U/h,keep,0.7 U/h,"Aggregate glucose is comparatively stable after 04:00, and low exposure declines by 05:00–07:00. Uncertainty from residual IOB remains, and no independent evidence supports changing this segment."
real_gpt56sol_med_50,run_021,profile.basal.06_00,profile,True,0.8 U/h,keep,0.8 U/h,"The 06:00 increase is not followed by a consistent aggregate low pattern, although one isolated 42 mg/dL reading occurred around 07:20. Sensor artifact and preceding insulin are unresolved, so the segment should remain unchanged pending fasting-like verification."
real_gpt56sol_med_50,run_021,profile.basal.10_00,profile,True,0.7 U/h,keep,0.7 U/h,"Daytime highs could reflect unannounced meals, bolus timing, UAM, or absorption rather than weak basal. Missing meal-linked data and later low risk make a basal increase unsupported."
real_gpt56sol_med_50,run_021,profile.basal.16_00,profile,True,0.5 U/h,keep,0.5 U/h,"Glucose is often high at 16:00–17:00 but then falls sharply by 18:00–19:00. Accumulated meal, correction, SMB/UAM, and Dynamic ISF insulin are stronger competing explanations than weak basal, so changing this segment could increase low risk."
real_gpt56sol_med_50,run_021,profile.basal.18_00,profile,True,0.6 U/h,keep,0.6 U/h,"Low exposure rises around 18:00–19:00, but the preceding daytime high-to-low trajectory indicates substantial residual insulin may be involved. Keep while complete IOB and meal traces are unavailable and while the target is assessed first."
real_gpt56sol_med_50,run_021,profile.basal.19_00,profile,True,0.7 U/h,keep,0.7 U/h,"The 19:00 hour has 15.3% time below range, but this segment cannot be isolated from afternoon corrections, UAM/SMB, activity, and low treatment. A basal reduction is withheld until low-IOB observations distinguish basal from carryover insulin."
real_gpt56sol_med_50,run_021,profile.cr.00_00,profile,True,13 g/U,keep,13 g/U,"No carbohydrate-labelled meals exist for this segment. Overnight lows do not independently validate CR because meal amount, bolus timing, IOB, and corrections are unknown."
real_gpt56sol_med_50,run_021,profile.cr.04_00,profile,True,11.1 g/U,keep,11.1 g/U,"Morning rises may reflect breakfast timing or unannounced carbohydrates, while no meal-linked bolus is available. CR, prebolus, basal, and UAM effects cannot be separated."
real_gpt56sol_med_50,run_021,profile.cr.08_00,profile,True,13.2 g/U,keep,13.2 g/U,"Late-morning and afternoon highs are present, but zero carbohydrate entries prevent assessment of meal dose adequacy. Strengthening CR is unsupported because later falls and substantial IOB indicate stacking risk."
real_gpt56sol_med_50,run_021,profile.cr.16_00,profile,True,10.5 g/U,keep,10.5 g/U,"This stronger CR overlaps the daytime high-to-evening-low transition. Without meal amounts, timing, and attributable boluses, it is unclear whether CR, delayed absorption, or automated catch-up insulin drives the pattern."
real_gpt56sol_med_50,run_021,profile.cr.20_00,profile,True,12.6 g/U,keep,12.6 g/U,"Overnight lows could involve evening meal insulin, but there are no meal-linked records to test this CR. Keep pending observations that separate meal bolus, SMB/UAM, correction, and basal effects."
real_gpt56sol_med_50,run_021,profile.isf.00_00,profile,True,56 mg/dL/U,keep,56 mg/dL/U,"Correction responses are not isolated, and Dynamic ISF sometimes changes effective sensitivity to approximately 27.8–124 mg/dL/U. Static ISF should not be changed until dynamic sensitivity, food, SMB, and IOB effects are separated."
real_gpt56sol_med_50,run_021,profile.target.00_00,profile,True,90 mg/dL,change,100 mg/dL,"Recurring 00:00–03:00 low exposure and severe hypoglycemia support a conservative safety review of a higher target. Basal and residual IOB remain uncertain, so this should be the only initial change and must be evaluated before any dependent profile or automation adjustment."
real_gpt56sol_med_50,run_021,profile.target.08_00,profile,True,100 mg/dL,keep,100 mg/dL,"Daytime highs are confounded by meals and automation, while later lows argue against lowering the target. No evidence supports a daytime target change independent of meal and IOB effects."
real_gpt56sol_med_50,run_021,profile.target.23_00,profile,True,90 mg/dL,keep,90 mg/dL,"Low exposure exists at 23:00–00:00, but the primary recurring pattern is strongest after 00:00. Keeping this segment avoids changing two dependent target segments simultaneously; its review depends on the result of the 00:00 target assessment."
real_gpt56sol_med_50,run_021,profile.dia,profile,True,10 h,keep,10 h,"Falls can continue for four to six hours, and substantial IOB remains visible, so the 10-hour DIA is not shown to be too short. Changing DIA would alter IOB and SMB behavior and requires isolated insulin-action observations."
real_gpt56sol_med_50,run_021,aaps.core.smb_uam,aaps,True,smb_enabled=true; uam_enabled=true,keep,smb_enabled=true; uam_enabled=true,"SMB/UAM responds to unexplained rises in a dataset with no carb entries, and UAM is not duplicate COB counting. Although automation may contribute to IOB accumulation, disabling it could worsen unannounced-meal highs; complete SMB and meal traces are required before a change."
real_gpt56sol_med_50,run_021,aaps.core.smb_activation,aaps,True,smb_always_enabled=true; smb_with_cob_enabled=false; smb_after_carbs_enabled=false; smb_with_temp_target_enabled=true; smb_with_high_temp_target_enabled=false,keep,smb_always_enabled=true; smb_with_cob_enabled=false; smb_after_carbs_enabled=false; smb_with_temp_target_enabled=true; smb_with_high_temp_target_enabled=false,"Broad activation is relevant to high-IOB episodes but is not isolated as the cause of lows. Activation should not be changed with Dynamic ISF, SMB limits, or safety limits, and the first assessment is the overnight target."
real_gpt56sol_med_50,run_021,aaps.core.smb_delivery,aaps,True,smb_interval_minutes=3 min; max_smb_basal_minutes=15 min; max_uam_smb_basal_minutes=20 min,keep,smb_interval_minutes=3 min; max_smb_basal_minutes=15 min; max_uam_smb_basal_minutes=20 min,"The package does not provide complete SMB totals per episode, so interval and dose-limit effects cannot be separated from Dynamic ISF, corrections, and UAM. No supported replacement values exist, and these settings should remain stable during the target review."
real_gpt56sol_med_50,run_021,aaps.core.safety_limits,aaps,True,max_basal_u_per_hour=12 U/h; max_iob_units=25 U,keep,max_basal_u_per_hour=12 U/h; max_iob_units=25 U,"The limits are permissive relative to the 0.8 U/h maximum scheduled basal and did not constrain representative IOB of 4.73–5.935 U. This is a material safety-review concern, but no validated replacement values are supported. Keep for the single target assessment, then review separately using complete delivery data."
real_gpt56sol_med_50,run_021,aaps.core.sensitivity,aaps,True,autosens_enabled=false; dynamic_sensitivity_enabled=true; autosens_raises_target=false; autosens_lowers_target=false; dynamic_isf_adjustment_factor_percent=70 %,keep,autosens_enabled=false; dynamic_sensitivity_enabled=true; autosens_raises_target=false; autosens_lowers_target=false; dynamic_isf_adjustment_factor_percent=70 %,"Dynamic ISF materially strengthens effective sensitivity during some highs and could contribute to delayed falls, but food and SMB effects are unresolved. A sensitivity ratio of 1 is neutral and does not contradict disabled Autosens. No exact alternative factor is supported, and it should not change with the target or delivery limits."
real_gpt56sol_med_50,run_021,aaps.core.carb_absorption,aaps,True,min_5m_carbimpact=8 mg/dL/5 min; meal_max_absorption_hours=7 h,keep,min_5m_carbimpact=8 mg/dL/5 min; meal_max_absorption_hours=7 h,"No carbohydrate or e-carb entries populate COB, so the absorption settings cannot be validated. Their review depends on repeated meal-linked observations separating food, IOB, SMB/UAM, corrections, temporary targets, and activity."
real_gpt56sol_med_50,run_022,profile.basal.00_00,profile,True,0.6 U/h,keep,0.6 U/h,"Evidence shows recurrent lows from local 00:00-03:00, but uncertainty remains about preceding corrections, SMB/UAM, activity, and low treatment. The decision depends on fasting-like low-IOB overnight traces, so a numerical basal change is withheld."
real_gpt56sol_med_50,run_022,profile.basal.05_00,profile,True,0.7 U/h,keep,0.7 U/h,"Evidence shows mostly stable glucose from 04:00-08:00, although an isolated severe low occurred. Uncertainty about IOB and activity prevents attribution, and the decision depends on comparable fasting-like traces."
real_gpt56sol_med_50,run_022,profile.basal.06_00,profile,True,0.8 U/h,keep,0.8 U/h,"Evidence shows high time in range during most of 06:00-08:00, with one 42 mg/dL minimum. Uncertainty about the cause of that event and dependence on IOB, automation, and activity make a change unsupported."
real_gpt56sol_med_50,run_022,profile.basal.10_00,profile,True,0.7 U/h,keep,0.7 U/h,"Evidence shows daytime hyperglycemia, but unrecorded meals and UAM activity are plausible explanations. Uncertainty is high without fasting data, and the decision depends on separating meal, correction, and automation effects."
real_gpt56sol_med_50,run_022,profile.basal.16_00,profile,True,0.5 U/h,keep,0.5 U/h,"Evidence shows the highest average glucose near 16:00, followed by frequent evening declines. Uncertainty about meals and accumulated insulin is substantial, and the decision depends on complete IOB and automation reconstruction rather than the high average alone."
real_gpt56sol_med_50,run_022,profile.basal.18_00,profile,True,0.6 U/h,keep,0.6 U/h,"Evidence shows increasing low exposure during this period after afternoon highs. Uncertainty remains about delayed SMB, UAM, temporary basal, and correction insulin, so the decision depends on separating residual IOB from scheduled basal."
real_gpt56sol_med_50,run_022,profile.basal.19_00,profile,True,0.7 U/h,keep,0.7 U/h,"Evidence shows 15.3% below range at local 19:00, but many events follow earlier hyperglycemia and insulin accumulation. Uncertainty about preceding delivery is material, and complete high-to-low sequences are required before changing this segment."
real_gpt56sol_med_50,run_022,profile.cr.00_00,profile,True,13 g/U,keep,13 g/U,"No meal-linked carbohydrate evidence tests this CR segment. Uncertainty is high because carbohydrate amount and bolus timing are absent, and assessment depends on documented meals plus IOB and automation data."
real_gpt56sol_med_50,run_022,profile.cr.04_00,profile,True,11.1 g/U,keep,11.1 g/U,"Evidence is insufficient because no carbohydrate treatments or meal execution are recorded. The decision depends on a representative meal trace and separation from Dynamic ISF, SMB/UAM, and residual IOB."
real_gpt56sol_med_50,run_022,profile.cr.08_00,profile,True,13.2 g/U,keep,13.2 g/U,"Morning and daytime rises are visible, but they cannot establish a weak CR without meal amount, prebolus, or immediate bolus information. Uncertainty and dependence on UAM and correction behavior require keeping the current value."
real_gpt56sol_med_50,run_022,profile.cr.16_00,profile,True,10.5 g/U,keep,10.5 g/U,"Afternoon highs are followed by substantial declines and lows, which argues against strengthening meal insulin without meal-linked evidence. Uncertainty about food and automation is high, and the decision depends on a complete six-hour meal trace."
real_gpt56sol_med_50,run_022,profile.cr.20_00,profile,True,12.6 g/U,keep,12.6 g/U,"No documented evening meal tests this segment, while evening and late-night hypoglycemia increases the risk of an unsupported stronger ratio. The decision depends on meal-linked data and preceding IOB."
real_gpt56sol_med_50,run_022,profile.isf.00_00,profile,True,56 mg/dL/U,keep,56 mg/dL/U,"Correction windows show large delayed falls, but Dynamic ISF changes effective sensitivity and automated insulin overlaps corrections. Uncertainty prevents attributing the pattern to the static ISF, and assessment depends on isolated corrections and automation review."
real_gpt56sol_med_50,run_022,profile.target.00_00,profile,True,90 mg/dL,keep,90 mg/dL,"Overnight low exposure makes this target a review priority, but actual dosing also reflects IOB, temporary targets, and automation. Uncertainty about those dependencies prevents a supported numerical target change."
real_gpt56sol_med_50,run_022,profile.target.08_00,profile,True,100 mg/dL,keep,100 mg/dL,"Daytime highs do not show that the target is causal because meals, UAM, Dynamic ISF, and corrections dominate the observed pattern. The decision depends on resolving those effects, so the current target is retained."
real_gpt56sol_med_50,run_022,profile.target.23_00,profile,True,90 mg/dL,keep,90 mg/dL,"Local 23:00 has 10.1% below range, but prior evening insulin and low treatments are unknown. The decision depends on low-IOB overnight verification rather than aggregate hourly data alone."
real_gpt56sol_med_50,run_022,profile.dia,profile,True,10 h,keep,10 h,"Delayed declines through four to six hours are compatible with long insulin action and stacking risk, but do not prove that 10 hours is inaccurate. Uncertainty about repeated automated and correction insulin requires complete delivery data before changing DIA."
real_gpt56sol_med_50,run_022,aaps.core.smb_uam,aaps,True,smb_enabled=true; uam_enabled=true,keep,smb_enabled=true; uam_enabled=true,"SMB/UAM responds to unannounced rises and may contribute to insulin accumulation, but representative telemetry cannot isolate these switches from Dynamic ISF, temporary basal, corrections, and meals. Complete event sequences are required before changing either switch."
real_gpt56sol_med_50,run_022,aaps.core.smb_activation,aaps,True,smb_always_enabled=true; smb_with_cob_enabled=false; smb_after_carbs_enabled=false; smb_with_temp_target_enabled=true; smb_with_high_temp_target_enabled=false,keep,smb_always_enabled=true; smb_with_cob_enabled=false; smb_after_carbs_enabled=false; smb_with_temp_target_enabled=true; smb_with_high_temp_target_enabled=false,"The activation combination is internally interpretable, and no recorded carbohydrate entries test the COB or post-carb conditions. Uncertainty about actual meal strategy and dependence on SMB/UAM delivery make activation changes unsupported."
real_gpt56sol_med_50,run_022,aaps.core.smb_delivery,aaps,True,smb_interval_minutes=3 min; max_smb_basal_minutes=15 min; max_uam_smb_basal_minutes=20 min,keep,smb_interval_minutes=3 min; max_smb_basal_minutes=15 min; max_uam_smb_basal_minutes=20 min,"The 20-minute UAM allowance may contribute to accumulated insulin, but the package does not separate SMB size, configured interval, temporary basal, corrections, or Dynamic ISF. Complete SMB sequences are required, and dependent delivery settings should not be changed together."
real_gpt56sol_med_50,run_022,aaps.core.safety_limits,aaps,True,max_basal_u_per_hour=12 U/h; max_iob_units=25 U,keep,max_basal_u_per_hour=12 U/h; max_iob_units=25 U,"The absolute limits are permissive relative to profile basal and observed IOB, but representative records show lower effective basal constraints and do not identify a safe replacement value. The decision depends on pump constraints, effective safety multipliers, and complete delivery records; loosening is unsupported."
real_gpt56sol_med_50,run_022,aaps.core.sensitivity,aaps,True,autosens_enabled=false; dynamic_sensitivity_enabled=true; autosens_raises_target=false; autosens_lowers_target=false; dynamic_isf_adjustment_factor_percent=70 %,keep,autosens_enabled=false; dynamic_sensitivity_enabled=true; autosens_raises_target=false; autosens_lowers_target=false; dynamic_isf_adjustment_factor_percent=70 %,"Dynamic ISF produced substantially stronger effective sensitivity during some highs and is a plausible contributor to delayed lows, but SMB/UAM, corrections, meals, and DIA remain unresolved dependencies. The evidence supports review but not an exact new percentage or enabling Autosens."
real_gpt56sol_med_50,run_022,aaps.core.carb_absorption,aaps,True,min_5m_carbimpact=8 mg/dL/5 min; meal_max_absorption_hours=7 h,keep,min_5m_carbimpact=8 mg/dL/5 min; meal_max_absorption_hours=7 h,"No regular carbohydrate or e-carb entries exist, so the absorption settings cannot be compared with an announced meal. Meal-linked evidence and separation from IOB, SMB, temporary targets, and corrections are required before changing either value."
real_gpt56sol_med_50,run_023,profile.basal.00_00,profile,True,0.6 U/h,keep,0.6 U/h,"Overnight lows are documented, but residual evening IOB, the 90 mg/dL target, SMB/UAM, and corrections remain competing explanations. Keep this basal while evaluating the target change alone."
real_gpt56sol_med_50,run_023,profile.basal.05_00,profile,True,0.7 U/h,keep,0.7 U/h,"The 05:00 hour averages 104.2 mg/dL with 4.8% below range, but there is no fasting test and overnight IOB remains uncertain. Evidence does not support an isolated basal change."
real_gpt56sol_med_50,run_023,profile.basal.06_00,profile,True,0.8 U/h,keep,0.8 U/h,"Aggregate 06:00–08:00 glucose is generally stable, although an isolated 42 mg/dL event occurred. Without fasting and activity data, changing basal is unsupported and should not accompany the target review."
real_gpt56sol_med_50,run_023,profile.basal.10_00,profile,True,0.7 U/h,keep,0.7 U/h,"Daytime highs may reflect unannounced meals, CR, Dynamic ISF, or insulin timing, and they are followed by later falls. No fasting evidence isolates this basal segment."
real_gpt56sol_med_50,run_023,profile.basal.16_00,profile,True,0.5 U/h,keep,0.5 U/h,"High glucose around 16:00 is followed by increased low exposure at 18:00–19:00. Raising basal could worsen delayed insulin accumulation, while lowering it is not supported without complete delivery and meal data."
real_gpt56sol_med_50,run_023,profile.basal.18_00,profile,True,0.6 U/h,keep,0.6 U/h,"Low exposure rises during this segment, but preceding meal, correction, SMB/UAM, and IOB effects are unresolved. Keep until the cause of the afternoon-to-evening fall is separated."
real_gpt56sol_med_50,run_023,profile.basal.19_00,profile,True,0.7 U/h,keep,0.7 U/h,"The 19:00 hour has 15.3% below range, but accumulated daytime insulin is a strong alternative explanation. A basal change should not be combined with the target review."
real_gpt56sol_med_50,run_023,profile.cr.00_00,profile,True,13 g/U,keep,13 g/U,"No meal-linked carbohydrate entries exist, so this ratio cannot be tested. Overnight low exposure argues against strengthening meal insulin without better evidence."
real_gpt56sol_med_50,run_023,profile.cr.04_00,profile,True,11.1 g/U,keep,11.1 g/U,"The morning rise may reflect meal timing or unannounced carbohydrates, but carb amount and prebolus execution are absent. CR, SMB/UAM, and Dynamic ISF cannot be separated."
real_gpt56sol_med_50,run_023,profile.cr.08_00,profile,True,13.2 g/U,keep,13.2 g/U,"Morning and afternoon highs occur during this segment, but later falls and missing meal records prevent attribution to CR. Changing it with automation or target settings would confound evaluation."
real_gpt56sol_med_50,run_023,profile.cr.16_00,profile,True,10.5 g/U,keep,10.5 g/U,"This stronger ratio overlaps a recurring high-to-low transition, but meal amount, bolus timing, corrections, and UAM delivery are unknown. Evidence is insufficient to select a new value."
real_gpt56sol_med_50,run_023,profile.cr.20_00,profile,True,12.6 g/U,keep,12.6 g/U,"Evening and overnight lows may include insulin from this period, but no meal-linked data isolate CR from correction, SMB/UAM, and residual IOB effects."
real_gpt56sol_med_50,run_023,profile.isf.00_00,profile,True,56 mg/dL/U,keep,56 mg/dL/U,"Correction responses are highly variable and include concurrent automated insulin. Dynamic ISF changes effective sensitivity substantially, so the static ISF should remain unchanged while the target is evaluated."
real_gpt56sol_med_50,run_023,profile.target.00_00,profile,True,90 mg/dL,change,100 mg/dL,"Below-range exposure is recurrent from 00:00 through 03:00, reaching 18.5% at 01:00. Raising this target is a conservative safety-oriented candidate that reduces insulin pressure, although evening IOB remains uncertain. Basal, ISF, DIA, and automation should stay unchanged during evaluation."
real_gpt56sol_med_50,run_023,profile.target.08_00,profile,True,100 mg/dL,keep,100 mg/dL,"Daytime highs coexist with delayed lows, so lowering this target could increase insulin accumulation. Raising it is not isolated by the available meal and IOB data."
real_gpt56sol_med_50,run_023,profile.target.23_00,profile,True,90 mg/dL,keep,90 mg/dL,"Low exposure is elevated at 23:00 and after midnight, but only one target segment should be changed initially. Keep this value to isolate the response to the 00:00 target review."
real_gpt56sol_med_50,run_023,profile.dia,profile,True,10 h,keep,10 h,"Large delayed falls support meaningful residual insulin action, and shortening DIA could increase stacking. Complete insulin-action data are absent, so no alternative value is supported."
real_gpt56sol_med_50,run_023,aaps.core.smb_uam,aaps,True,smb_enabled=true; uam_enabled=true,keep,smb_enabled=true; uam_enabled=true,"The settings are present and coherent with zero-COB, unannounced-rise handling. UAM-driven insulin may contribute to accumulation, but meals, Dynamic ISF, corrections, and targets remain unresolved dependencies. Changing SMB/UAM with the target is unsupported."
real_gpt56sol_med_50,run_023,aaps.core.smb_activation,aaps,True,smb_always_enabled=true; smb_with_cob_enabled=false; smb_after_carbs_enabled=false; smb_with_temp_target_enabled=true; smb_with_high_temp_target_enabled=false,keep,smb_always_enabled=true; smb_with_cob_enabled=false; smb_after_carbs_enabled=false; smb_with_temp_target_enabled=true; smb_with_high_temp_target_enabled=false,"This activation combination is internally consistent with the observed zero-COB workflow. Its safety depends on sensitivity, IOB, and meal execution, but the package does not isolate an activation defect."
real_gpt56sol_med_50,run_023,aaps.core.smb_delivery,aaps,True,smb_interval_minutes=3 min; max_smb_basal_minutes=15 min; max_uam_smb_basal_minutes=20 min,keep,smb_interval_minutes=3 min; max_smb_basal_minutes=15 min; max_uam_smb_basal_minutes=20 min,"Later lows make stronger SMB delivery unsupported, but representative loop snapshots do not establish that interval or minute limits alone caused them. These controls should remain stable during the target evaluation."
real_gpt56sol_med_50,run_023,aaps.core.safety_limits,aaps,True,max_basal_u_per_hour=12 U/h; max_iob_units=25 U,keep,max_basal_u_per_hour=12 U/h; max_iob_units=25 U,"The absolute ceilings are permissive relative to profile basal and deserve future safety review, but other algorithm constraints were usually active in representative records and no supported replacement values can be derived. Do not change them with the target or Dynamic ISF."
real_gpt56sol_med_50,run_023,aaps.core.sensitivity,aaps,True,autosens_enabled=false; dynamic_sensitivity_enabled=true; autosens_raises_target=false; autosens_lowers_target=false; dynamic_isf_adjustment_factor_percent=70 %,keep,autosens_enabled=false; dynamic_sensitivity_enabled=true; autosens_raises_target=false; autosens_lowers_target=false; dynamic_isf_adjustment_factor_percent=70 %,"Dynamic ISF sometimes makes effective sensitivity much stronger during highs and may contribute to accumulated IOB, but meal effects and SMB/UAM are unresolved. Autosens is explicitly disabled, and sensitivity_ratio 1 is only a neutral adjustment. Keep this group unchanged while testing the target."
real_gpt56sol_med_50,run_023,aaps.core.carb_absorption,aaps,True,min_5m_carbimpact=8 mg/dL/5 min; meal_max_absorption_hours=7 h,keep,min_5m_carbimpact=8 mg/dL/5 min; meal_max_absorption_hours=7 h,"There are no entered carbohydrates or e-carbs, so these settings cannot be tested. Changing them would not resolve zero-COB UAM responses and would confound later meal-linked evaluation."
real_gpt56sol_med_50,run_024,profile.basal.00_00,profile,True,0.6 U/h,keep,0.6 U/h,"Overnight TBR is elevated, but evidence is confounded by residual evening IOB, SMB/UAM, corrections, Dynamic ISF, and the 90 mg/dL target. Uncertainty remains because no fasting-like overnight trace is available. Keep this segment until those dependencies are separated."
real_gpt56sol_med_50,run_024,profile.basal.05_00,profile,True,0.7 U/h,keep,0.7 U/h,"Local 05:00 glucose had 95.2% time in range and does not show a clear independent basal defect. Meal, activity, and prior IOB context are uncertain. This segment depends on interpretation of the preceding overnight period, so a change is unsupported."
real_gpt56sol_med_50,run_024,profile.basal.06_00,profile,True,0.8 U/h,keep,0.8 U/h,"Local 06:00–08:00 had 97.5–98.7% time in range with little above-range exposure. The isolated 42 mg/dL minimum does not establish a recurring segment defect, and prior IOB or sensor effects remain uncertain. Keep pending fasting-like verification."
real_gpt56sol_med_50,run_024,profile.basal.10_00,profile,True,0.7 U/h,keep,0.7 U/h,"Daytime rises occur in a period with no meal records and repeated UAM behavior. Evidence cannot distinguish basal need from meal timing, CR, SMB/UAM, Dynamic ISF, or corrections. Because later lows occur, increasing this segment is unsupported."
real_gpt56sol_med_50,run_024,profile.basal.16_00,profile,True,0.5 U/h,keep,0.5 U/h,"Local 16:00–17:00 hyperglycemia is followed by increased low exposure at 18:00–19:00. The evidence favors possible accumulated automated insulin rather than a simple basal deficiency, but meal and correction context is uncertain. Keep until cumulative delivery is reconstructed."
real_gpt56sol_med_50,run_024,profile.basal.18_00,profile,True,0.6 U/h,keep,0.6 U/h,"Local TBR was 7.7% at 18:00, but insulin delivered during preceding afternoon highs is a major dependency. No fasting-like evidence isolates this basal segment, and lowering it could worsen unrelated evening rises. Keep pending episode-level IOB review."
real_gpt56sol_med_50,run_024,profile.basal.19_00,profile,True,0.7 U/h,keep,0.7 U/h,"Local TBR reached 15.3% at 19:00, creating concern, but afternoon SMB, UAM, temporary basal, corrections, activity, and low treatment are unresolved. The segment cannot be separated from preceding insulin exposure, so no supported replacement value is available."
real_gpt56sol_med_50,run_024,profile.cr.00_00,profile,True,13 g/U,keep,13 g/U,"There are no meal-linked carbohydrate or bolus records for this period. Overnight lows do not independently test CR and depend on IOB, correction, basal, target, and automation effects. Keep because any change would be speculative."
real_gpt56sol_med_50,run_024,profile.cr.04_00,profile,True,11.1 g/U,keep,11.1 g/U,"No documented meals test this segment, while local early-morning glucose is generally stable. Meal timing and execution are absent, and CR remains dependent on bolus timing, SMB/UAM, Dynamic ISF, and DIA. A change is unsupported."
real_gpt56sol_med_50,run_024,profile.cr.08_00,profile,True,13.2 g/U,keep,13.2 g/U,"Morning and afternoon rises could suggest insufficient meal coverage, but no carbohydrates, meal boluses, or prebolus data are available. Delayed lows and substantial automated insulin create opposing evidence. Keep until repeated meal-linked six-hour traces separate CR from timing and automation."
real_gpt56sol_med_50,run_024,profile.cr.16_00,profile,True,10.5 g/U,keep,10.5 g/U,"Afternoon hyperglycemia is followed by recurrent evening lows, so stronger meal insulin could increase risk. No meal amount or bolus execution is available, and SMB/UAM plus Dynamic ISF are major dependencies. Keep pending documented meals."
real_gpt56sol_med_50,run_024,profile.cr.20_00,profile,True,12.6 g/U,keep,12.6 g/U,"No documented evening meal tests this CR, and overnight lows may reflect earlier insulin rather than this ratio. Uncertainty about food, corrections, and IOB prevents attribution. Keep until meal-linked evidence is available."
real_gpt56sol_med_50,run_024,profile.isf.00_00,profile,True,56 mg/dL/U,keep,56 mg/dL/U,"Correction responses were highly variable, and Dynamic ISF changed effective sensitivity from roughly 27.8 to 124 mg/dL/U in representative loops. Static ISF cannot be separated from SMB, temporary basal, IOB, food, and low treatment. Keep and avoid changing it with Dynamic ISF."
real_gpt56sol_med_50,run_024,profile.target.00_00,profile,True,90 mg/dL,keep,90 mg/dL,"TBR is elevated after midnight, but the evidence does not isolate target effect from residual evening insulin and automation. Changing this target together with basal or the 23:00 target would obscure causality. Keep pending a complete overnight trace."
real_gpt56sol_med_50,run_024,profile.target.08_00,profile,True,100 mg/dL,keep,100 mg/dL,"Daytime highs are meal- and automation-confounded, while later lows argue against a lower target. No evidence supports a higher target as the sole remedy because cumulative insulin mechanisms remain unresolved. Keep while meal and IOB patterns are documented."
real_gpt56sol_med_50,run_024,profile.target.23_00,profile,True,90 mg/dL,keep,90 mg/dL,"The target reduction overlaps a period of increased low exposure, but correlation is insufficient because preceding evening IOB, corrections, SMB/UAM, and temporary basal are unknown. Keep this value until the first hour of overnight decline is reconstructed without changing the 00:00 target simultaneously."
real_gpt56sol_med_50,run_024,profile.dia,profile,True,10 h,keep,10 h,"Delayed lows demonstrate prolonged net insulin effect but do not show whether the 10-hour action model is too long or too short. DIA interpretation depends on insulin type, Dynamic ISF, SMB/UAM, corrections, and complete IOB behavior. No isolated bolus evidence supports a new value."
real_gpt56sol_med_50,run_024,aaps.core.smb_uam,aaps,True,smb_enabled=true; uam_enabled=true,keep,smb_enabled=true; uam_enabled=true,"SMB and UAM help contain unexplained daytime rises, while cumulative automated insulin may contribute to delayed lows. The evidence is representative rather than complete and cannot isolate either switch from Dynamic ISF, meal execution, or corrections. Keep both while reconstructing complete episodes."
real_gpt56sol_med_50,run_024,aaps.core.smb_activation,aaps,True,smb_always_enabled=true; smb_with_cob_enabled=false; smb_after_carbs_enabled=false; smb_with_temp_target_enabled=true; smb_with_high_temp_target_enabled=false,keep,smb_always_enabled=true; smb_with_cob_enabled=false; smb_after_carbs_enabled=false; smb_with_temp_target_enabled=true; smb_with_high_temp_target_enabled=false,"The activation group is internally coherent, and UAM is not duplicate COB counting. SMB-always creates broad exposure, but no complete event links a particular activation condition to severe lows. Meal context and temporary-target timelines are uncertain, so changing an activation switch is unsupported."
real_gpt56sol_med_50,run_024,aaps.core.smb_delivery,aaps,True,smb_interval_minutes=3 min; max_smb_basal_minutes=15 min; max_uam_smb_basal_minutes=20 min,keep,smb_interval_minutes=3 min; max_smb_basal_minutes=15 min; max_uam_smb_basal_minutes=20 min,"Frequent opportunities and the UAM limit could contribute to cumulative IOB, but the package lacks complete SMB sequences and dose totals. Dynamic ISF, corrections, and undocumented meals are unresolved dependencies. No evidence-based replacement interval or minute cap is available."
real_gpt56sol_med_50,run_024,aaps.core.safety_limits,aaps,True,max_basal_u_per_hour=12 U/h; max_iob_units=25 U,keep,max_basal_u_per_hour=12 U/h; max_iob_units=25 U,"The limits are permissive relative to profile basal and observed average daily insulin, creating a material review concern. However, sampled rates and IOB remained below these ceilings, and other constraints were active. Uncertainty about exceptional insulin needs prevents selecting supported replacement values; keep pending a full peak-delivery distribution and review this group separately."
real_gpt56sol_med_50,run_024,aaps.core.sensitivity,aaps,True,autosens_enabled=false; dynamic_sensitivity_enabled=true; autosens_raises_target=false; autosens_lowers_target=false; dynamic_isf_adjustment_factor_percent=70 %,keep,autosens_enabled=false; dynamic_sensitivity_enabled=true; autosens_raises_target=false; autosens_lowers_target=false; dynamic_isf_adjustment_factor_percent=70 %,"Dynamic ISF plausibly strengthens high-glucose treatment and contributes to later IOB, but it may also appropriately address genuine rises. Representative variable sensitivity is informative but not sufficient for causal attribution. Keep this group while static ISF, meals, SMB/UAM, and corrections remain confounded."
real_gpt56sol_med_50,run_024,aaps.core.carb_absorption,aaps,True,min_5m_carbimpact=8 mg/dL/5 min; meal_max_absorption_hours=7 h,keep,min_5m_carbimpact=8 mg/dL/5 min; meal_max_absorption_hours=7 h,"No carbohydrate or e-carb entry activated the COB model during the supplied period, so these values are effectively untested. Prolonged rises cannot be attributed to absorption without meal-linked evidence separating IOB, SMB, corrections, and temporary targets. Keep pending documented meals."
real_gpt56sol_med_50,run_025,profile.basal.00_00,profile,True,0.6 U/h,keep,0.6 U/h,"Local 00:00 to 03:00 low exposure is high, but preceding evening correction, SMB, temp-basal, and activity effects are unresolved. Keep provisionally until fasting-like nights with complete IOB context separate basal from residual insulin."
real_gpt56sol_med_50,run_025,profile.basal.05_00,profile,True,0.7 U/h,keep,0.7 U/h,"The surrounding early-morning interval is comparatively stable. One isolated severe reading does not support a segment change without sensor confirmation, preceding insulin, activity, and fasting context."
real_gpt56sol_med_50,run_025,profile.basal.06_00,profile,True,0.8 U/h,keep,0.8 U/h,"Local 06:00 to 08:00 generally has high time in range and little below-range exposure. The later rise may be meal-related, so increasing basal is unsupported without meal-free observations."
real_gpt56sol_med_50,run_025,profile.basal.10_00,profile,True,0.7 U/h,keep,0.7 U/h,"Afternoon hyperglycaemia could suggest inadequate insulin, but absent meal records and visible UAM catch-up prevent basal attribution. Increasing this segment could worsen the subsequent evening lows."
real_gpt56sol_med_50,run_025,profile.basal.16_00,profile,True,0.5 U/h,keep,0.5 U/h,"Glucose is often high near 16:00 but then declines into increased low exposure. Total prior IOB and automation are unresolved, so neither increasing nor decreasing this basal has isolated support."
real_gpt56sol_med_50,run_025,profile.basal.18_00,profile,True,0.6 U/h,keep,0.6 U/h,"Severe evening lows make this segment a review candidate, but sampled sequences also contain substantial prior corrections and automated insulin. A change is withheld pending complete preceding IOB and activity data."
real_gpt56sol_med_50,run_025,profile.basal.19_00,profile,True,0.7 U/h,keep,0.7 U/h,"Local 19:00 time below range is 15.3%, but the segment overlaps delayed action from afternoon automation and corrections. Fasting-like evening evidence is required before attributing the lows to basal."
real_gpt56sol_med_50,run_025,profile.cr.00_00,profile,True,13 g/U,keep,13 g/U,"There are no recorded carbohydrate and insulin pairs in this interval. Overnight lows cannot be assigned to CR rather than basal, target, correction IOB, SMB, activity, or rescue treatment."
real_gpt56sol_med_50,run_025,profile.cr.04_00,profile,True,11.1 g/U,keep,11.1 g/U,"The interval is initially stable and the later morning rise may reflect meal timing or absent announcements. No meal-linked carb amount, bolus, and response exists to support a different ratio."
real_gpt56sol_med_50,run_025,profile.cr.08_00,profile,True,13.2 g/U,keep,13.2 g/U,"This ratio overlaps recurring daytime rises, but COB is absent and automation responds through UAM. Meal timing, immediate insulin, absorption, Dynamic ISF, and SMB exposure must be separated before changing CR."
real_gpt56sol_med_50,run_025,profile.cr.16_00,profile,True,10.5 g/U,keep,10.5 g/U,"The ratio overlaps the transition from afternoon highs to evening lows, but no meal-dose pair exists. Total automated and correction insulin is a major dependency, so a weaker or stronger ratio is unsupported."
real_gpt56sol_med_50,run_025,profile.cr.20_00,profile,True,12.6 g/U,keep,12.6 g/U,"Late-evening and overnight lows could occur within the action window of evening meal insulin, but evening carbohydrates, bolus timing, SMBs, activity, and rescue treatment are absent from the record."
real_gpt56sol_med_50,run_025,profile.isf.00_00,profile,True,56 mg/dL/U,keep,56 mg/dL/U,"Correction responses are highly variable and include concurrent Dynamic ISF, SMBs, temp basal, glucose momentum, and possible food. The static ISF cannot be isolated, and changing it with unresolved automation exposure would confound attribution."
real_gpt56sol_med_50,run_025,profile.target.00_00,profile,True,90 mg/dL,keep,90 mg/dL,"This target overlaps substantial overnight low exposure and may provide limited margin, but residual evening IOB is an unresolved competing cause. Keep provisionally while verifying clean overnight sequences before selecting a supported new target."
real_gpt56sol_med_50,run_025,profile.target.08_00,profile,True,100 mg/dL,keep,100 mg/dL,Daytime highs are more consistent with unmodelled meals and delayed automated catch-up than a demonstrated target defect. Lowering the target could increase insulin and worsen later lows.
real_gpt56sol_med_50,run_025,profile.target.23_00,profile,True,90 mg/dL,keep,90 mg/dL,"Below-range exposure is elevated at 23:00 and afterward, but the effect of the target cannot be separated from evening correction and automated IOB. A supported replacement value requires complete preceding insulin context."
real_gpt56sol_med_50,run_025,profile.dia,profile,True,10 h,keep,10 h,"Several response windows continue changing four to six hours after correction, so preserving long-tail IOB accounting is reasonable. Isolated action curves are absent, and shortening DIA could undercount residual insulin."
real_gpt56sol_med_50,run_025,aaps.core.smb_uam,aaps,True,smb_enabled=true; uam_enabled=true,keep,smb_enabled=true; uam_enabled=true,"UAM visibly responds to COB-zero rises and may be necessary when meals are unannounced or missing from telemetry. It may also contribute to accumulated IOB, but disabling core SMB/UAM without resolving meal execution could worsen highs; complete delivery traces are required first."
real_gpt56sol_med_50,run_025,aaps.core.smb_activation,aaps,True,smb_always_enabled=true; smb_with_cob_enabled=false; smb_after_carbs_enabled=false; smb_with_temp_target_enabled=true; smb_with_high_temp_target_enabled=false,keep,smb_always_enabled=true; smb_with_cob_enabled=false; smb_after_carbs_enabled=false; smb_with_temp_target_enabled=true; smb_with_high_temp_target_enabled=false,"Always-on SMB is the dominant activation condition and is a plausible contributor to catch-up insulin, but its effect is inseparable from UAM, Dynamic ISF, and absent meal data. Changing activation and delivery limits together would prevent attribution."
real_gpt56sol_med_50,run_025,aaps.core.smb_delivery,aaps,True,smb_interval_minutes=3 min; max_smb_basal_minutes=15 min; max_uam_smb_basal_minutes=20 min,keep,smb_interval_minutes=3 min; max_smb_basal_minutes=15 min; max_uam_smb_basal_minutes=20 min,"The three-minute interval and 20-minute UAM limit provide repeated-delivery capacity during sustained rises, but no component is isolated as causal. A supported new interval or limit requires full SMB and IOB traces and should not coincide with Dynamic ISF or activation changes."
real_gpt56sol_med_50,run_025,aaps.core.safety_limits,aaps,True,max_basal_u_per_hour=12 U/h; max_iob_units=25 U,keep,max_basal_u_per_hour=12 U/h; max_iob_units=25 U,"The nominal ceilings are broad and warrant safety review, but sampled loops show lower effective constraints and do not establish safe replacement values. Keep is provisional rather than evidence that the ceilings are optimal; effective caps and actual IOB must be reviewed before changing one limit."
real_gpt56sol_med_50,run_025,aaps.core.sensitivity,aaps,True,autosens_enabled=false; dynamic_sensitivity_enabled=true; autosens_raises_target=false; autosens_lowers_target=false; dynamic_isf_adjustment_factor_percent=70 %,keep,autosens_enabled=false; dynamic_sensitivity_enabled=true; autosens_raises_target=false; autosens_lowers_target=false; dynamic_isf_adjustment_factor_percent=70 %,"Dynamic ISF materially changes sensitivity and may amplify correction during high glucose, but it also compensates for unmodelled rises. Its effect cannot be separated from SMB/UAM, static ISF, and meal timing, so changing these dependent settings together is unsupported."
real_gpt56sol_med_50,run_025,aaps.core.carb_absorption,aaps,True,min_5m_carbimpact=8 mg/dL/5 min; meal_max_absorption_hours=7 h,keep,min_5m_carbimpact=8 mg/dL/5 min; meal_max_absorption_hours=7 h,"There are no carbohydrate or e-carb entries with which to test absorption. GLP-1 use makes delayed absorption plausible, but meal-linked evidence is required before changing minimum carb impact or maximum absorption time."
real_gpt56sol_med_50,run_026,profile.basal.00_00,profile,True,0.6 U/h,keep,0.6 U/h,"Evidence shows elevated TBR from 00:00 to 03:00, but uncertainty remains from evening IOB, corrections, SMB/UAM, and Dynamic ISF. A low-IOB fasting interval is required before attributing the pattern to this basal segment."
real_gpt56sol_med_50,run_026,profile.basal.05_00,profile,True,0.7 U/h,keep,0.7 U/h,"Evidence shows 95.2% to 97.5% TIR around 05:00 to 06:00. An isolated low does not establish a segment defect, and meal, correction, activity, sensor, and IOB effects remain uncertain."
real_gpt56sol_med_50,run_026,profile.basal.06_00,profile,True,0.8 U/h,keep,0.8 U/h,"Evidence shows 97.5% to 98.7% TIR from 06:00 to 07:00 and no recurring high pattern. The isolated 42 mg/dL reading requires context, and any change depends on repeat low-IOB fasting observations."
real_gpt56sol_med_50,run_026,profile.basal.10_00,profile,True,0.7 U/h,keep,0.7 U/h,"Evidence shows daytime rises after 09:00, but zero carbohydrate entries make meals and UAM responses unresolved. This segment depends on meal timing, CR, SMB/UAM, Dynamic ISF, and IOB, so a basal change is unsupported."
real_gpt56sol_med_50,run_026,profile.basal.16_00,profile,True,0.5 U/h,keep,0.5 U/h,"Evidence shows high glucose at 16:00 followed by evening lows, while basal already decreases to 0.5 U/h. Uncertainty from meal absorption, corrections, SMB/UAM, Dynamic ISF, and accumulated IOB prevents assigning either pattern to this basal segment."
real_gpt56sol_med_50,run_026,profile.basal.18_00,profile,True,0.6 U/h,keep,0.6 U/h,"Evidence shows 7.7% TBR at 18:00, but this follows afternoon highs and automated insulin delivery. The decision depends on separating pre-existing IOB from basal action, so no numeric change is supported."
real_gpt56sol_med_50,run_026,profile.basal.19_00,profile,True,0.7 U/h,keep,0.7 U/h,"Evidence shows 15.3% TBR at 19:00, which is safety-relevant. However, uncertainty from afternoon corrections, SMB/UAM, Dynamic ISF, temporary basal, and low treatment requires an isolated low-IOB observation before changing this segment."
real_gpt56sol_med_50,run_026,profile.cr.00_00,profile,True,13 g/U,keep,13 g/U,"There are no carbohydrate amounts or identifiable meal boluses for this segment. CR assessment depends on meal-linked insulin and glucose data, and existing overnight hypoglycemia makes an empiric stronger ratio unsafe to infer."
real_gpt56sol_med_50,run_026,profile.cr.04_00,profile,True,11.1 g/U,keep,11.1 g/U,"No meal-linked evidence tests this ratio, while early-morning aggregate control is generally stable. Uncertainty from absent carb entries, UAM, Dynamic ISF, and IOB prevents a supported change."
real_gpt56sol_med_50,run_026,profile.cr.08_00,profile,True,13.2 g/U,keep,13.2 g/U,"Morning and afternoon rises could reflect timing, unannounced meals, delayed absorption, or CR mismatch. Without grams and identifiable meal insulin, the ratio cannot be isolated from SMB/UAM and Dynamic ISF."
real_gpt56sol_med_50,run_026,profile.cr.16_00,profile,True,10.5 g/U,keep,10.5 g/U,"Afternoon hyperglycemia is followed by significant evening hypoglycemia, arguing against assuming insufficient meal insulin. The evidence is confounded by absent carb entries, UAM/SMB, corrections, Dynamic ISF, and accumulated IOB."
real_gpt56sol_med_50,run_026,profile.cr.20_00,profile,True,12.6 g/U,keep,12.6 g/U,"No documented meal tests this ratio, and late-evening to overnight lows may include residual insulin. A decision depends on meal grams, bolus timing, IOB, and automation context."
real_gpt56sol_med_50,run_026,profile.isf.00_00,profile,True,56 mg/dL/U,keep,56 mg/dL/U,"Correction windows show some large declines, but the static ISF is not isolated because Dynamic ISF, SMB/UAM, temporary basal, food, and IOB overlap. Existing severe lows argue against strengthening it without isolated correction evidence."
real_gpt56sol_med_50,run_026,profile.target.00_00,profile,True,90 mg/dL,keep,90 mg/dL,"Overnight TBR is elevated and the target may provide limited margin, but residual insulin and automation are unresolved. The decision depends on a meal-free, low-IOB overnight observation before assigning the pattern to target."
real_gpt56sol_med_50,run_026,profile.target.08_00,profile,True,100 mg/dL,keep,100 mg/dL,"Daytime highs coexist with later lows, so lowering this target could increase insulin accumulation. Meal timing, UAM/SMB, Dynamic ISF, and corrections remain uncertain dependencies."
real_gpt56sol_med_50,run_026,profile.target.23_00,profile,True,90 mg/dL,keep,90 mg/dL,"Low exposure begins around midnight, but the 23:00 target cannot be separated from evening IOB and automated insulin. A precise overnight verification is required before considering a change."
real_gpt56sol_med_50,run_026,profile.dia,profile,True,10 h,keep,10 h,"Glucose responses continue through four to six hours, and substantial residual IOB is a safety concern. Available windows do not extend beyond six hours, so shortening or lengthening the 10-hour DIA is unsupported and depends on isolated insulin-action observations."
real_gpt56sol_med_50,run_026,aaps.core.smb_uam,aaps,True,smb_enabled=true; uam_enabled=true,keep,smb_enabled=true; uam_enabled=true,"SMB/UAM responds to COB-zero rises and may contribute to IOB accumulation, but it also compensates for unannounced intake. Complete event sequences and documented meals are absent, so the core switches cannot be isolated from activation, limits, Dynamic ISF, and meal strategy."
real_gpt56sol_med_50,run_026,aaps.core.smb_activation,aaps,True,smb_always_enabled=true; smb_with_cob_enabled=false; smb_after_carbs_enabled=false; smb_with_temp_target_enabled=true; smb_with_high_temp_target_enabled=false,keep,smb_always_enabled=true; smb_with_cob_enabled=false; smb_after_carbs_enabled=false; smb_with_temp_target_enabled=true; smb_with_high_temp_target_enabled=false,"Always-on SMB creates broad exposure, but no low is conclusively linked to this activation group. The decision depends on meal announcement behavior, SMB strength, Dynamic ISF, temporary targets, and IOB and should not be combined with changes to those groups."
real_gpt56sol_med_50,run_026,aaps.core.smb_delivery,aaps,True,smb_interval_minutes=3 min; max_smb_basal_minutes=15 min; max_uam_smb_basal_minutes=20 min,keep,smb_interval_minutes=3 min; max_smb_basal_minutes=15 min; max_uam_smb_basal_minutes=20 min,"The UAM limit is higher than the standard SMB limit and could contribute to accumulated IOB, but the 3-minute interval is not independently implicated. Complete SMB sequences are absent, and the group depends on activation, Dynamic ISF, basal, DIA, and meal strategy."
real_gpt56sol_med_50,run_026,aaps.core.safety_limits,aaps,True,max_basal_u_per_hour=12 U/h; max_iob_units=25 U,keep,max_basal_u_per_hour=12 U/h; max_iob_units=25 U,"The limits are wide relative to profile basal and representative IOB, making them a material safety-review item. However, observed delivery did not reach them, no supported replacement values are available, and their review should remain separate from routine basal, SMB, or sensitivity changes."
real_gpt56sol_med_50,run_026,aaps.core.sensitivity,aaps,True,autosens_enabled=false; dynamic_sensitivity_enabled=true; autosens_raises_target=false; autosens_lowers_target=false; dynamic_isf_adjustment_factor_percent=70 %,keep,autosens_enabled=false; dynamic_sensitivity_enabled=true; autosens_raises_target=false; autosens_lowers_target=false; dynamic_isf_adjustment_factor_percent=70 %,"Dynamic ISF sometimes produces sensitivity substantially stronger than the static 56 mg/dL/U ISF during highs and may contribute to overshoot. It remains confounded by UAM/SMB, temporary basal, food, corrections, and IOB, so no replacement factor is supported."
real_gpt56sol_med_50,run_026,aaps.core.carb_absorption,aaps,True,min_5m_carbimpact=8 mg/dL/5 min; meal_max_absorption_hours=7 h,keep,min_5m_carbimpact=8 mg/dL/5 min; meal_max_absorption_hours=7 h,"There are no carbohydrate or e-carb entries, so the absorption model cannot be tested against observed meals. Any change depends on meal-linked grams, timing, absorption duration, SMB/UAM, corrections, and IOB."
real_gpt56sol_med_50,run_027,profile.basal.00_00,profile,True,0.6 U/h,keep,0.6 U/h,"Low exposure from 00:00-03:00 is strong evidence of excessive net insulin exposure, but late corrections, SMB/UAM, Dynamic ISF, target 90 mg/dL, and residual IOB remain unresolved dependencies. Scheduled basal is not isolated, so a numeric change is unsupported."
real_gpt56sol_med_50,run_027,profile.basal.05_00,profile,True,0.7 U/h,keep,0.7 U/h,"Local glucose is comparatively stable during this segment. Meal and automated-delivery uncertainty remains, but there is no evidence of a consistent basal defect requiring change."
real_gpt56sol_med_50,run_027,profile.basal.06_00,profile,True,0.8 U/h,keep,0.8 U/h,"The 06:00-07:00 period has high time in range and low below-range exposure. Later morning rises may be meal-related, so they do not support changing this basal segment."
real_gpt56sol_med_50,run_027,profile.basal.10_00,profile,True,0.7 U/h,keep,0.7 U/h,"Daytime hyperglycemia is visible, but zero recorded carbohydrates and active UAM/SMB prevent separation of basal deficiency from meals, timing, absorption, CR, delivery, or correction effects."
real_gpt56sol_med_50,run_027,profile.basal.16_00,profile,True,0.5 U/h,keep,0.5 U/h,"Glucose is often high near 16:00 but subsequently falls, with increased low exposure by 18:00-19:00. Existing IOB and automated correction are major dependencies, so increasing basal is unsupported and could worsen lows."
real_gpt56sol_med_50,run_027,profile.basal.18_00,profile,True,0.6 U/h,keep,0.6 U/h,"Time below range rises to 7.7% at 18:00, but preceding daytime IOB, meals, activity, and automated dosing are unresolved. A basal reduction cannot be isolated from these dependencies."
real_gpt56sol_med_50,run_027,profile.basal.19_00,profile,True,0.7 U/h,keep,0.7 U/h,"Time below range is 15.3% at 19:00, creating a safety concern, but the pattern follows afternoon highs and accumulated insulin. Complete preceding IOB and activity data are needed before attributing the lows to this basal segment."
real_gpt56sol_med_50,run_027,profile.cr.00_00,profile,True,13 g/U,keep,13 g/U,"No carbohydrate entries or meal-linked responses exist for this segment. Overnight lows constrain stronger dosing, while meals, correction insulin, and IOB remain unresolved."
real_gpt56sol_med_50,run_027,profile.cr.04_00,profile,True,11.1 g/U,keep,11.1 g/U,"Morning glucose rises are not paired with carb amounts, bolus timing, or immediate percentage. Basal, UAM, Dynamic ISF, and meal effects cannot be separated, so no CR change is supported."
real_gpt56sol_med_50,run_027,profile.cr.08_00,profile,True,13.2 g/U,keep,13.2 g/U,"Daytime highs could suggest insufficient or late meal insulin, but no meal data establish CR as the cause. Subsequent low exposure and active SMB/UAM make strengthening this CR unsafe without meal-linked evidence."
real_gpt56sol_med_50,run_027,profile.cr.16_00,profile,True,10.5 g/U,keep,10.5 g/U,"Afternoon highs are followed by substantial falls and evening lows. Missing carbs, meal timing, absorption, Dynamic ISF, and accumulated IOB prevent deciding whether this CR is weak or already too strong in practice."
real_gpt56sol_med_50,run_027,profile.cr.20_00,profile,True,12.6 g/U,keep,12.6 g/U,"Late-evening and overnight low exposure argues against strengthening meal insulin, but no documented meals establish that this CR causes the pattern. Preceding IOB and automated dosing remain dependencies."
real_gpt56sol_med_50,run_027,profile.isf.00_00,profile,True,56 mg/dL/U,keep,56 mg/dL/U,"Dynamic ISF frequently replaces the effective profile sensitivity with values from approximately 27.8 to 124 mg/dL/U. Correction responses are confounded by SMB, temp basal, food, and prior IOB, so the underlying ISF cannot be isolated."
real_gpt56sol_med_50,run_027,profile.target.00_00,profile,True,90 mg/dL,keep,90 mg/dL,"The low overnight target is a plausible contributor to 00:00-03:00 low exposure, but residual IOB and automated dosing are unresolved. A target change is withheld until nights with modest preceding IOB can be reviewed."
real_gpt56sol_med_50,run_027,profile.target.08_00,profile,True,100 mg/dL,keep,100 mg/dL,"Daytime highs and later lows coexist, and the target cannot be separated from meal timing, UAM/SMB, Dynamic ISF, and corrections. No supported replacement value is available."
real_gpt56sol_med_50,run_027,profile.target.23_00,profile,True,90 mg/dL,keep,90 mg/dL,"Time below range is elevated around 23:00, making this target a review candidate, but preceding evening IOB and correction effects are not isolated. The current value is retained pending focused overnight verification."
real_gpt56sol_med_50,run_027,profile.dia,profile,True,10 h,keep,10 h,"Several glucose declines occur two to six hours after correction-labelled events, and substantial IOB persists during excursions. These observations do not support shortening DIA; exact validation requires complete action curves."
real_gpt56sol_med_50,run_027,aaps.core.smb_uam,aaps,True,smb_enabled=true; uam_enabled=true,keep,smb_enabled=true; uam_enabled=true,"SMB/UAM may contribute to accumulated IOB during unannounced rises, but they also contain recurrent hyperglycemia. Missing meal execution and complete SMB sequences prevent isolating either switch as the cause of lows."
real_gpt56sol_med_50,run_027,aaps.core.smb_activation,aaps,True,smb_always_enabled=true; smb_with_cob_enabled=false; smb_after_carbs_enabled=false; smb_with_temp_target_enabled=true; smb_with_high_temp_target_enabled=false,keep,smb_always_enabled=true; smb_with_cob_enabled=false; smb_after_carbs_enabled=false; smb_with_temp_target_enabled=true; smb_with_high_temp_target_enabled=false,"Always-enabled SMB is the dominant activation condition, but there are no recorded carbs with which to test COB-based alternatives. Temporary-target behavior is internally consistent, and changing activation before meal documentation would confound later assessment."
real_gpt56sol_med_50,run_027,aaps.core.smb_delivery,aaps,True,smb_interval_minutes=3 min; max_smb_basal_minutes=15 min; max_uam_smb_basal_minutes=20 min,keep,smb_interval_minutes=3 min; max_smb_basal_minutes=15 min; max_uam_smb_basal_minutes=20 min,"Frequent eligibility and the larger UAM limit could contribute to IOB accumulation, but representative snapshots do not establish a safe replacement interval or limit. Dynamic ISF, meal timing, and prior IOB are unresolved dependencies and should not be changed simultaneously."
real_gpt56sol_med_50,run_027,aaps.core.safety_limits,aaps,True,max_basal_u_per_hour=12 U/h; max_iob_units=25 U,keep,max_basal_u_per_hour=12 U/h; max_iob_units=25 U,"The limits appear permissive relative to scheduled basal and observed use, but neither is shown to bind during a documented event. Insulin concentration, unit conventions, and verified total daily dose must be confirmed before a supported numeric replacement can be proposed."
real_gpt56sol_med_50,run_027,aaps.core.sensitivity,aaps,True,autosens_enabled=false; dynamic_sensitivity_enabled=true; autosens_raises_target=false; autosens_lowers_target=false; dynamic_isf_adjustment_factor_percent=70 %,keep,autosens_enabled=false; dynamic_sensitivity_enabled=true; autosens_raises_target=false; autosens_lowers_target=false; dynamic_isf_adjustment_factor_percent=70 %,"Dynamic ISF sometimes produces substantially stronger effective sensitivity during highs and is a plausible contributor to later IOB-driven falls. However, complete meal and SMB traces are missing, no replacement factor is supported, and sensitivity should not be changed together with SMB limits."
real_gpt56sol_med_50,run_027,aaps.core.carb_absorption,aaps,True,min_5m_carbimpact=8 mg/dL/5 min; meal_max_absorption_hours=7 h,keep,min_5m_carbimpact=8 mg/dL/5 min; meal_max_absorption_hours=7 h,"No carbohydrate or e-carb entries test these settings, and COB is zero in representative loops. GLP-1 use makes delayed absorption plausible but does not provide meal-linked evidence for changing either value."
real_gpt56sol_med_50,run_028,profile.basal.00_00,profile,True,0.6 U/h,keep,0.6 U/h,"Overnight lows are supported, but residual evening IOB, SMB, corrections, activity, and the 90 mg/dL target remain competing causes. Review the overnight target first and retain this basal until fasting-like evidence separates those dependencies."
real_gpt56sol_med_50,run_028,profile.basal.05_00,profile,True,0.7 U/h,keep,0.7 U/h,"Local 05:00 TBR is 4.8%, but no fasting test isolates this one-hour segment. Uncertainty from residual IOB and the overnight target supports withholding a basal change."
real_gpt56sol_med_50,run_028,profile.basal.06_00,profile,True,0.8 U/h,keep,0.8 U/h,"The 06:00 to 08:00 period is comparatively stable, with means near 100 to 111 mg/dL and low TBR. One isolated 42 mg/dL event and missing insulin and activity context do not support changing this segment."
real_gpt56sol_med_50,run_028,profile.basal.10_00,profile,True,0.7 U/h,keep,0.7 U/h,"Daytime glucose rises are observed, but zero carbohydrate records and COB-0 UAM responses make meals, bolus timing, and automation more plausible than proven basal deficiency. Meal-linked evidence is required before changing this segment."
real_gpt56sol_med_50,run_028,profile.basal.16_00,profile,True,0.5 U/h,keep,0.5 U/h,"Local 16:00 has the highest mean and TAR, but it is followed by increasing low exposure. Accumulated SMB, temporary basal, corrections, and Dynamic ISF are unresolved dependencies, so increasing basal would carry additional low risk."
real_gpt56sol_med_50,run_028,profile.basal.18_00,profile,True,0.6 U/h,keep,0.6 U/h,"Evening TBR and severe lows are concerning, but preceding afternoon correction insulin and missing activity and low-treatment data prevent attribution to this basal segment. Evaluate the target and complete insulin context first."
real_gpt56sol_med_50,run_028,profile.basal.19_00,profile,True,0.7 U/h,keep,0.7 U/h,"Later low exposure could involve this segment, but preceding high-glucose correction and residual IOB remain major uncertainties. No fasting-like evidence supports a concrete replacement value."
real_gpt56sol_med_50,run_028,profile.cr.00_00,profile,True,13 g/U,keep,13 g/U,"No carbohydrate amount or meal-linked bolus response is available for this segment. Overnight lows cannot be assigned to CR because meal execution, correction insulin, and IOB are unknown."
real_gpt56sol_med_50,run_028,profile.cr.04_00,profile,True,11.1 g/U,keep,11.1 g/U,There are no documented meals or carbohydrate amounts in this window. The relatively stable early-morning glucose pattern and missing meal evidence do not support a CR change.
real_gpt56sol_med_50,run_028,profile.cr.08_00,profile,True,13.2 g/U,keep,13.2 g/U,"Morning and afternoon rises could reflect unrecorded meals, prebolus timing, or UAM response. Without carb amount and bolus timing, these rises do not prove that this CR is weak."
real_gpt56sol_med_50,run_028,profile.cr.16_00,profile,True,10.5 g/U,keep,10.5 g/U,"Evening lows occur after daytime highs and substantial automated or correction insulin, but no meal bolus is identifiable. CR, SMB, Dynamic ISF, and IOB cannot be separated, so a concrete change is unsupported."
real_gpt56sol_med_50,run_028,profile.cr.20_00,profile,True,12.6 g/U,keep,12.6 g/U,No meal-linked carbohydrate or bolus record exists for this period. Overnight low exposure is more directly addressed by reviewing the target while retaining CR pending structured meal evidence.
real_gpt56sol_med_50,run_028,profile.isf.00_00,profile,True,56 mg/dL/U,keep,56 mg/dL/U,"Correction-labelled windows show large and variable responses, but Dynamic ISF, SMB, temporary basal, food, activity, and pre-existing IOB are unresolved. The static ISF cannot be isolated, and changing it with the target would confound safety evaluation."
real_gpt56sol_med_50,run_028,profile.target.00_00,profile,True,90 mg/dL,change,100 mg/dL,"Local TBR is 11.4% at 00:00, 18.5% at 01:00, 10.1% at 02:00, and 10.2% at 03:00. Residual IOB remains uncertain, but raising the continuous overnight target is a more conservative first review than changing basal, ISF, or automation."
real_gpt56sol_med_50,run_028,profile.target.08_00,profile,True,100 mg/dL,keep,100 mg/dL,"This daytime target already matches the candidate overnight target. Daytime highs are confounded by unrecorded meals and automation, while later lows argue against lowering the target."
real_gpt56sol_med_50,run_028,profile.target.23_00,profile,True,90 mg/dL,change,100 mg/dL,"Local 23:00 TBR is 10.1% and the low pattern continues after midnight. This row and the 00:00 row form one continuous overnight target, so they must remain aligned when evaluating a single overnight-target adjustment."
real_gpt56sol_med_50,run_028,profile.dia,profile,True,10 h,keep,10 h,"Several correction-labelled responses continue for four to six hours, supporting continued IOB awareness. The data lack a clean insulin decay test and do not support shortening or lengthening DIA while Dynamic ISF and repeated automated insulin remain active."
real_gpt56sol_med_50,run_028,aaps.core.smb_uam,aaps,True,smb_enabled=true; uam_enabled=true,keep,smb_enabled=true; uam_enabled=true,"SMB and UAM respond to recurring COB-0 rises and may also contribute to cumulative IOB, but complete SMB sequences and meal records are absent. Altering them with the overnight target would confound attribution and could worsen daytime highs."
real_gpt56sol_med_50,run_028,aaps.core.smb_activation,aaps,True,smb_always_enabled=true; smb_with_cob_enabled=false; smb_after_carbs_enabled=false; smb_with_temp_target_enabled=true; smb_with_high_temp_target_enabled=false,keep,smb_always_enabled=true; smb_with_cob_enabled=false; smb_after_carbs_enabled=false; smb_with_temp_target_enabled=true; smb_with_high_temp_target_enabled=false,"Broad SMB availability is relevant to COB-0 rises, but no activation-condition comparison or announced-meal execution is available. The current group is internally interpretable, and changing it before target and meal verification is unsupported."
real_gpt56sol_med_50,run_028,aaps.core.smb_delivery,aaps,True,smb_interval_minutes=3 min; max_smb_basal_minutes=15 min; max_uam_smb_basal_minutes=20 min,keep,smb_interval_minutes=3 min; max_smb_basal_minutes=15 min; max_uam_smb_basal_minutes=20 min,"High IOB and delayed lows make cumulative delivery important, but representative records do not show the full number and spacing of SMBs. Interval and minute limits should not be changed together or alongside the overnight target without delivery reconstruction."
real_gpt56sol_med_50,run_028,aaps.core.safety_limits,aaps,True,max_basal_u_per_hour=12 U/h; max_iob_units=25 U,keep,max_basal_u_per_hour=12 U/h; max_iob_units=25 U,"The ceilings are broad relative to profile basal, but neither was reached or shown to cause the observed lows, and other effective safety constraints limited representative delivery. Individualized replacement values cannot be derived from this package, so independent review is appropriate without an invented change."
real_gpt56sol_med_50,run_028,aaps.core.sensitivity,aaps,True,autosens_enabled=false; dynamic_sensitivity_enabled=true; autosens_raises_target=false; autosens_lowers_target=false; dynamic_isf_adjustment_factor_percent=70 %,keep,autosens_enabled=false; dynamic_sensitivity_enabled=true; autosens_raises_target=false; autosens_lowers_target=false; dynamic_isf_adjustment_factor_percent=70 %,"Dynamic ISF sometimes produces much stronger effective sensitivity during highs, but it also varies with glucose conditions and cannot be isolated from UAM, SMB, temporary basal, or corrections. Change is withheld until the target response and insulin delivery around lows are evaluated."
real_gpt56sol_med_50,run_028,aaps.core.carb_absorption,aaps,True,min_5m_carbimpact=8 mg/dL/5 min; meal_max_absorption_hours=7 h,keep,min_5m_carbimpact=8 mg/dL/5 min; meal_max_absorption_hours=7 h,"Zero carbohydrate and e-carb entries mean the absorption model has no meal-linked response for evaluation. COB-0 UAM behavior, rather than entered-carbohydrate absorption, dominates the observed telemetry."
real_gpt56sol_med_50,run_029,profile.basal.00_00,profile,True,0.6 U/h,keep,0.6 U/h,"TBR is high from 00:00-03:00, but evening IOB, SMB/UAM, corrections, activity, and the 19:00 basal segment may carry into this window. A fasting-like trace is required before attributing the lows to this segment."
real_gpt56sol_med_50,run_029,profile.basal.05_00,profile,True,0.7 U/h,keep,0.7 U/h,"This is a short one-hour segment with no isolated fasting evidence. Nearby glucose is comparatively stable, and automation plus preceding IOB remain confounders."
real_gpt56sol_med_50,run_029,profile.basal.06_00,profile,True,0.8 U/h,keep,0.8 U/h,"Glucose is comparatively stable from 06:00-08:00 local. The later rise occurs during likely meal hours, so meal timing and UAM are stronger competing explanations than demonstrated basal insufficiency."
real_gpt56sol_med_50,run_029,profile.basal.10_00,profile,True,0.7 U/h,keep,0.7 U/h,Late-morning and afternoon highs are strongly meal-confounded and are followed on some days by substantial lows. Strengthening basal could compound accumulated SMB/UAM and Dynamic ISF insulin.
real_gpt56sol_med_50,run_029,profile.basal.16_00,profile,True,0.5 U/h,keep,0.5 U/h,The 16:00-17:00 high pattern is followed by increased low exposure at 18:00-19:00. Missing meal data and substantial automated IOB prevent distinguishing low basal from delayed food or correction effects.
real_gpt56sol_med_50,run_029,profile.basal.18_00,profile,True,0.6 U/h,keep,0.6 U/h,"Severe lows occur near this period, but preceding afternoon corrections, SMB/UAM, Dynamic ISF, activity, and meal insulin are unresolved dependencies. A segment change is unsupported without delivered-insulin reconstruction."
real_gpt56sol_med_50,run_029,profile.basal.19_00,profile,True,0.7 U/h,keep,0.7 U/h,"TBR is 15.3% at 19:00 and rises again overnight, making this segment important to test. However, residual afternoon IOB and the 23:00 target change prevent causal attribution."
real_gpt56sol_med_50,run_029,profile.cr.00_00,profile,True,13 g/U,keep,13 g/U,"No meal-linked carbohydrate or bolus records exist for this segment. Overnight lows cannot be assigned to CR because basal, correction, SMB/UAM, activity, and rescue-carbohydrate effects are unresolved."
real_gpt56sol_med_50,run_029,profile.cr.04_00,profile,True,11.1 g/U,keep,11.1 g/U,"Morning rises may be meal-related, but carb amount, bolus timing, and immediate bolus fraction are absent. Stable earlier glucose and active UAM prevent a supported CR direction."
real_gpt56sol_med_50,run_029,profile.cr.08_00,profile,True,13.2 g/U,keep,13.2 g/U,"Daytime highs could reflect unannounced meals or timing rather than a weak CR, while later lows create a risk from strengthening it. A repeated documented meal is the required dependency."
real_gpt56sol_med_50,run_029,profile.cr.16_00,profile,True,10.5 g/U,keep,10.5 g/U,"Afternoon highs followed by early-evening lows are compatible with delayed absorption and insulin accumulation. Without meal-linked data, changing this relatively stronger CR is unsupported."
real_gpt56sol_med_50,run_029,profile.cr.20_00,profile,True,12.6 g/U,keep,12.6 g/U,"Evening and overnight lows are present, but there are no documented meals or bolus fractions. Residual corrections, SMB/UAM, basal, and activity remain plausible causes."
real_gpt56sol_med_50,run_029,profile.isf.00_00,profile,True,56 mg/dL/U,keep,56 mg/dL/U,"Correction windows show heterogeneous and sometimes large delayed falls, but Dynamic ISF varies effective sensitivity from approximately 28 to 124 mg/dL/U and overlapping IOB is substantial. Static ISF cannot be isolated and should not be changed alongside automation."
real_gpt56sol_med_50,run_029,profile.target.00_00,profile,True,90 mg/dL,keep,90 mg/dL,"Overnight TBR is excessive and target margin warrants focused review, but temporary targets, effective loop targets, residual IOB, SMB/UAM, and basal delivery are unresolved. A fasting-like overnight observation is needed before selecting another target."
real_gpt56sol_med_50,run_029,profile.target.08_00,profile,True,100 mg/dL,keep,100 mg/dL,"Daytime highs do not establish that this target is too high, and subsequent lows argue against lowering it. Meal effects and automated insulin are unresolved dependencies."
real_gpt56sol_med_50,run_029,profile.target.23_00,profile,True,90 mg/dL,keep,90 mg/dL,"TBR is elevated from 23:00 into early night, but the target change overlaps the 19:00 basal segment and residual evening IOB. The precise contribution of this target cannot be separated from automation."
real_gpt56sol_med_50,run_029,profile.dia,profile,True,10 h,keep,10 h,"Delayed falls are compatible with prolonged insulin action, but correction windows contain overlapping insulin, unrecorded food, and possible activity. Shortening DIA could reduce represented IOB and increase dosing, while lengthening it is unsupported; an isolated action curve is required."
real_gpt56sol_med_50,run_029,aaps.core.smb_uam,aaps,True,smb_enabled=true; uam_enabled=true,keep,smb_enabled=true; uam_enabled=true,"SMB/UAM are active and plausibly contribute to insulin accumulation, but they may also be compensating for unannounced meals. UAM is not duplicating COB because supplied loops report COB 0. Disabling both would be a broad dependent change unsupported by representative telemetry."
real_gpt56sol_med_50,run_029,aaps.core.smb_activation,aaps,True,smb_always_enabled=true; smb_with_cob_enabled=false; smb_after_carbs_enabled=false; smb_with_temp_target_enabled=true; smb_with_high_temp_target_enabled=false,keep,smb_always_enabled=true; smb_with_cob_enabled=false; smb_after_carbs_enabled=false; smb_with_temp_target_enabled=true; smb_with_high_temp_target_enabled=false,"The always-enabled pathway is broad and safety-relevant, but no complete SMB sequence links it independently to a severe low. Meal announcement, Dynamic ISF, IOB, and targets are unresolved dependencies, so changing activation conditions is withheld."
real_gpt56sol_med_50,run_029,aaps.core.smb_delivery,aaps,True,smb_interval_minutes=3 min; max_smb_basal_minutes=15 min; max_uam_smb_basal_minutes=20 min,keep,smb_interval_minutes=3 min; max_smb_basal_minutes=15 min; max_uam_smb_basal_minutes=20 min,"Representative loops show substantial IOB during UAM-treated rises, but the package lacks every SMB delivery and cannot isolate interval from ordinary or UAM caps. Remaining time in loop messages was not treated as the configured interval. Any future test should alter only one component."
real_gpt56sol_med_50,run_029,aaps.core.safety_limits,aaps,True,max_basal_u_per_hour=12 U/h; max_iob_units=25 U,keep,max_basal_u_per_hour=12 U/h; max_iob_units=25 U,"The ceilings are permissive relative to profile basal and observed representative IOB, but neither ceiling is shown to have been reached and lower effective safety calculations limited observed rates. No exact alternative is supported. Max basal and max IOB should be reviewed separately before any numeric change."
real_gpt56sol_med_50,run_029,aaps.core.sensitivity,aaps,True,autosens_enabled=false; dynamic_sensitivity_enabled=true; autosens_raises_target=false; autosens_lowers_target=false; dynamic_isf_adjustment_factor_percent=70 %,keep,autosens_enabled=false; dynamic_sensitivity_enabled=true; autosens_raises_target=false; autosens_lowers_target=false; dynamic_isf_adjustment_factor_percent=70 %,"Dynamic ISF produces materially stronger effective sensitivity during some highs and may interact with SMB/UAM, but its independent contribution cannot be separated. A sensitivity ratio of 1 is neutral and was not interpreted as disabled Autosens. Static ISF, Dynamic ISF, and SMB should not be changed together."
real_gpt56sol_med_50,run_029,aaps.core.carb_absorption,aaps,True,min_5m_carbimpact=8 mg/dL/5 min; meal_max_absorption_hours=7 h,keep,min_5m_carbimpact=8 mg/dL/5 min; meal_max_absorption_hours=7 h,"There are no carbohydrate, COB, or e-carb observations with which to validate these settings. Prolonged rises cannot be attributed to absorption independently of IOB, SMB, temporary targets, and corrections."
real_gpt56sol_med_50,run_030,profile.basal.00_00,profile,True,0.6 U/h,keep,0.6 U/h,"Overnight lows are clear evidence of excess insulin pressure, but scheduled basal cannot be separated from the 90 mg/dL target, prior corrections, SMBs, and residual IOB. Keep this value while evaluating the single target change first; basal review depends on fasting-like nights with complete preceding-insulin data."
real_gpt56sol_med_50,run_030,profile.basal.05_00,profile,True,0.7 U/h,keep,0.7 U/h,"Glucose averages 104.2 mg/dL at 05:00 and 99.5 mg/dL at 06:00, without a distinct segment-specific pattern. Uncertainty from earlier overnight insulin remains, so assessment depends on the target observation and isolated fasting data."
real_gpt56sol_med_50,run_030,profile.basal.06_00,profile,True,0.8 U/h,keep,0.8 U/h,"Most readings remain stable through 08:00, and the later rise may reflect breakfast or foot-on-floor effects. The isolated 42 mg/dL morning reading and absent meal/activity data create uncertainty; meal-free observation is required before changing this segment."
real_gpt56sol_med_50,run_030,profile.basal.10_00,profile,True,0.7 U/h,keep,0.7 U/h,"Daytime hyperglycaemia is evident, but it overlaps likely unrecorded meals, UAM, Dynamic ISF, corrections, and possible delivery problems. A daytime basal change depends on documented fasting-like periods and would be unsafe to combine with the target review."
real_gpt56sol_med_50,run_030,profile.basal.16_00,profile,True,0.5 U/h,keep,0.5 U/h,"Afternoon highs are followed by increased evening low exposure, supporting accumulated correction or automation insulin rather than a simple basal deficiency. Missing meals and complete insulin delivery create uncertainty; automation must be evaluated before this segment."
real_gpt56sol_med_50,run_030,profile.basal.18_00,profile,True,0.6 U/h,keep,0.6 U/h,"Severe lows occur near this period, but they often follow afternoon hyperglycaemia and substantial insulin exposure. Direct basal attribution is uncertain and depends on complete preceding IOB, SMB, correction, meal, and activity data."
real_gpt56sol_med_50,run_030,profile.basal.19_00,profile,True,0.7 U/h,keep,0.7 U/h,"Evening glucose is generally near range and does not show sustained basal-driven hyperglycaemia. Residual IOB and the later target transition confound low exposure, so this segment should remain unchanged during the target assessment."
real_gpt56sol_med_50,run_030,profile.cr.00_00,profile,True,13 g/U,keep,13 g/U,"There are no meal-linked carbohydrate entries to evaluate this ratio, while overnight hypoglycaemia argues against assuming more insulin is needed. Assessment depends on documented meals and separation from the target, IOB, SMBs, and corrections."
real_gpt56sol_med_50,run_030,profile.cr.04_00,profile,True,11.1 g/U,keep,11.1 g/U,"The morning rise is real but meal timing and carbohydrate amount are absent, and dawn or foot-on-floor effects remain plausible. CR evaluation depends on one documented morning meal and stable preceding IOB."
real_gpt56sol_med_50,run_030,profile.cr.08_00,profile,True,13.2 g/U,keep,13.2 g/U,"Daytime highs overlap unrecorded meals and automation, and correction windows show both rises and delayed lows. Missing meal-linked evidence and dependence on Dynamic ISF and SMB/UAM do not support a ratio change."
real_gpt56sol_med_50,run_030,profile.cr.16_00,profile,True,10.5 g/U,keep,10.5 g/U,"Afternoon highs are followed by substantial 18:00–19:00 low exposure, so strengthening this ratio could compound accumulated IOB. Meal amount, timing, absorption, and automated insulin are unresolved dependencies."
real_gpt56sol_med_50,run_030,profile.cr.20_00,profile,True,12.6 g/U,keep,12.6 g/U,"Evening averages are mostly near range and are followed by late-evening or overnight lows. No meal-linked data support changing this ratio, and interpretation depends on the target review and preceding IOB."
real_gpt56sol_med_50,run_030,profile.isf.00_00,profile,True,56 mg/dL/U,keep,56 mg/dL/U,"Correction responses are highly variable and overlap Dynamic ISF, SMBs, temporary basal, prior IOB, and possible food. Effective sensitivity was sometimes much stronger than the fixed ISF, so the fixed value should remain unchanged until automation is isolated."
real_gpt56sol_med_50,run_030,profile.target.00_00,profile,True,90 mg/dL,change,100 mg/dL,"From 00:00 to 03:00 local, time below range is 11.4% to 18.5% with little above-range exposure. A 100 mg/dL candidate reduces automated target pressure without increasing insulin. Prior IOB remains uncertain, so this should be the only initial change and must be evaluated before basal, Dynamic ISF, or SMB settings."
real_gpt56sol_med_50,run_030,profile.target.08_00,profile,True,100 mg/dL,keep,100 mg/dL,"Daytime highs are confounded by meals, absorption, UAM, Dynamic ISF, and corrections, while later lows discourage a more aggressive target. The evidence does not support changing this value; meal-linked and automation-separated observations are required."
real_gpt56sol_med_50,run_030,profile.target.23_00,profile,True,90 mg/dL,keep,90 mg/dL,"Low exposure is elevated at 23:00, but changing both adjacent target segments together would obscure attribution. Keep this value initially and evaluate the 00:00 change first; later review depends on 23:00 IOB, SMBs, evening food, and activity."
real_gpt56sol_med_50,run_030,profile.dia,profile,True,10 h,keep,10 h,"Several windows show glucose action continuing four to six hours after a correction timestamp, and shortening DIA could cause active insulin to be discounted sooner. There is no isolated bolus washout curve, so DIA assessment depends on complete insulin and meal chronology."
real_gpt56sol_med_50,run_030,aaps.core.smb_uam,aaps,True,smb_enabled=true; uam_enabled=true,keep,smb_enabled=true; uam_enabled=true,"SMB/UAM responds to unexplained rises while COB is zero, but UAM is not evidence of duplicate COB counting. High-to-low episodes may involve the combined system, yet complete SMB and meal chronology is absent; sensitivity and the target response must be assessed before changing these switches."
real_gpt56sol_med_50,run_030,aaps.core.smb_activation,aaps,True,smb_always_enabled=true; smb_with_cob_enabled=false; smb_after_carbs_enabled=false; smb_with_temp_target_enabled=true; smb_with_high_temp_target_enabled=false,keep,smb_always_enabled=true; smb_with_cob_enabled=false; smb_after_carbs_enabled=false; smb_with_temp_target_enabled=true; smb_with_high_temp_target_enabled=false,"Broad SMB availability may contribute to correction exposure, but no activation condition is isolated as the cause of a low. COB-related behavior cannot be tested without carb entries, and any activation review depends on Dynamic ISF and complete SMB sequences."
real_gpt56sol_med_50,run_030,aaps.core.smb_delivery,aaps,True,smb_interval_minutes=3 min; max_smb_basal_minutes=15 min; max_uam_smb_basal_minutes=20 min,keep,smb_interval_minutes=3 min; max_smb_basal_minutes=15 min; max_uam_smb_basal_minutes=20 min,"Repeated SMB eligibility may add to IOB, but the package cannot separate the configured interval and limits from Dynamic ISF, temporary basal, manual corrections, and meals. Keep these values during the target assessment; later review depends on complete high-to-low event traces."
real_gpt56sol_med_50,run_030,aaps.core.safety_limits,aaps,True,max_basal_u_per_hour=12 U/h; max_iob_units=25 U,keep,max_basal_u_per_hour=12 U/h; max_iob_units=25 U,"These ceilings are permissive relative to scheduled basal and representative IOB, but supplied examples show lower internal basal limits and do not show either configured ceiling directly causing an event. A supported replacement requires complete maximum enacted basal and IOB distributions and should not be changed with the target."
real_gpt56sol_med_50,run_030,aaps.core.sensitivity,aaps,True,autosens_enabled=false; dynamic_sensitivity_enabled=true; autosens_raises_target=false; autosens_lowers_target=false; dynamic_isf_adjustment_factor_percent=70 %,keep,autosens_enabled=false; dynamic_sensitivity_enabled=true; autosens_raises_target=false; autosens_lowers_target=false; dynamic_isf_adjustment_factor_percent=70 %,"Dynamic ISF is a plausible contributor because effective sensitivity became substantially stronger than the fixed ISF during highs, but meals, corrections, SMBs, temporary basal, and IOB remain unresolved. No supported replacement percentage can be calculated; review depends on the target observation and complete event-level traces."
real_gpt56sol_med_50,run_030,aaps.core.carb_absorption,aaps,True,min_5m_carbimpact=8 mg/dL/5 min; meal_max_absorption_hours=7 h,keep,min_5m_carbimpact=8 mg/dL/5 min; meal_max_absorption_hours=7 h,"There are no announced carbohydrate or e-carb treatments against which to test these settings. Delayed rises have multiple explanations, so absorption changes depend on meal-linked carb amount, timing, IOB, SMBs, temporary targets, corrections, and six-hour glucose response."
real_gpt56sol_med_50,run_031,profile.basal.00_00,profile,True,0.6 U/h,keep,0.6 U/h,"Evidence: overnight low exposure is substantial. Uncertainty: preceding corrections, SMB, Dynamic ISF, and IOB are incomplete. Dependency: an isolated 23:00 to 04:00 low-IOB trace is required before attributing the pattern to this basal."
real_gpt56sol_med_50,run_031,profile.basal.05_00,profile,True,0.7 U/h,keep,0.7 U/h,Evidence: local 05:00 average glucose is 104.2 mg/dL with 4.8% time below range. Uncertainty: aggregate data do not isolate fasting behavior. Dependency: complete low-IOB overnight delivery context is needed before changing this segment.
real_gpt56sol_med_50,run_031,profile.basal.06_00,profile,True,0.8 U/h,keep,0.8 U/h,"Evidence: 06:00 to 08:00 is the most stable basal-like interval, with averages near 100 to 111 mg/dL and little time below range. Uncertainty: fasting status is unconfirmed. Dependency: change would require reproducible fasting evidence."
real_gpt56sol_med_50,run_031,profile.basal.10_00,profile,True,0.7 U/h,keep,0.7 U/h,"Evidence: daytime glucose rises during this segment. Uncertainty: no meals are recorded, and UAM, bolus timing, CR, absorption, and activity remain plausible. Dependency: a documented meal-linked trace is needed before assigning the rise to basal."
real_gpt56sol_med_50,run_031,profile.basal.16_00,profile,True,0.5 U/h,keep,0.5 U/h,"Evidence: glucose is highest around 16:00 but later low exposure increases. Uncertainty: UAM, SMB, Dynamic ISF, temporary basal, and unrecorded meals confound both directions. Dependency: the full afternoon-to-evening insulin trace must be separated before changing this basal."
real_gpt56sol_med_50,run_031,profile.basal.18_00,profile,True,0.6 U/h,keep,0.6 U/h,"Evidence: time below range reaches 7.7% at 18:00 local. Uncertainty: lows often follow afternoon highs and substantial insulin exposure, so contemporaneous basal may not be responsible. Dependency: preceding IOB, SMB, and temporary basal must be quantified first."
real_gpt56sol_med_50,run_031,profile.basal.19_00,profile,True,0.7 U/h,keep,0.7 U/h,Evidence: time below range is 15.3% at 19:00 local. Uncertainty: delayed insulin from afternoon automation and unrecorded low treatment are unresolved. Dependency: an isolated evening trace with full preceding insulin delivery is required.
real_gpt56sol_med_50,run_031,profile.cr.00_00,profile,True,13 g/U,keep,13 g/U,Evidence: no carbohydrate or meal-bolus records test this CR. Uncertainty: overnight corrections and residual IOB confound glucose movement. Dependency: a documented meal with a complete six-hour response is required.
real_gpt56sol_med_50,run_031,profile.cr.04_00,profile,True,11.1 g/U,keep,11.1 g/U,"Evidence: no meal-linked carbohydrate data are available for this segment. Uncertainty: aggregate morning glucose cannot distinguish CR from timing, basal, UAM, or activity. Dependency: known meal execution is required."
real_gpt56sol_med_50,run_031,profile.cr.08_00,profile,True,13.2 g/U,keep,13.2 g/U,"Evidence: glucose rises from approximately 08:00 to 10:00 local. Uncertainty: there are no recorded carbohydrates, prebolus details, or meal boluses. Dependency: a representative documented morning meal is needed before changing CR."
real_gpt56sol_med_50,run_031,profile.cr.16_00,profile,True,10.5 g/U,keep,10.5 g/U,"Evidence: this is the strongest CR segment and overlaps the afternoon high-to-evening-low pattern. Uncertainty: UAM, SMB, Dynamic ISF, absorption, and meal timing are unseparated. Dependency: a six-hour documented afternoon meal trace is required before strengthening or weakening it."
real_gpt56sol_med_50,run_031,profile.cr.20_00,profile,True,12.6 g/U,keep,12.6 g/U,"Evidence: no meal-linked data test this segment, while late-evening low exposure is present. Uncertainty: residual afternoon insulin and rescue carbohydrates are unknown. Dependency: documented meal and IOB context is required."
real_gpt56sol_med_50,run_031,profile.isf.00_00,profile,True,56 mg/dL/U,keep,56 mg/dL/U,"Evidence: correction responses include large delayed falls, but effective variable sensitivity ranges approximately from 27.8 to 124 mg/dL/U. Uncertainty: Dynamic ISF, SMB, temporary basal, meals, and activity prevent isolation of static ISF. Dependency: static ISF must be assessed separately from Dynamic ISF using an isolated correction trace."
real_gpt56sol_med_50,run_031,profile.target.00_00,profile,True,90 mg/dL,keep,90 mg/dL,"Evidence: overnight time below range is excessive. Uncertainty: effective targets, residual IOB, basal, SMB, and Dynamic ISF are not separated. Dependency: a complete low-IOB overnight trace is required before selecting a supported new target."
real_gpt56sol_med_50,run_031,profile.target.08_00,profile,True,100 mg/dL,keep,100 mg/dL,Evidence: daytime highs and later lows coexist under this target period. Uncertainty: meals and automation dominate the observed pattern. Dependency: meal and automation effects must be separated before attributing outcomes to this target.
real_gpt56sol_med_50,run_031,profile.target.23_00,profile,True,90 mg/dL,keep,90 mg/dL,"Evidence: late-evening and overnight time below range is elevated after this segment begins. Uncertainty: preceding corrections, afternoon IOB, and effective loop targets remain unresolved. Dependency: verify one 23:00 to 04:00 low-IOB interval before changing the value."
real_gpt56sol_med_50,run_031,profile.dia,profile,True,10 h,keep,10 h,"Evidence: several response windows continue declining over two to six hours. Uncertainty: complete bolus-decay and IOB curves are unavailable, so ten hours is not proven optimal. Dependency: DIA should be reviewed only with confirmed insulin model and isolated action traces, not together with ISF or SMB changes."
real_gpt56sol_med_50,run_031,aaps.core.smb_uam,aaps,True,smb_enabled=true; uam_enabled=true,keep,smb_enabled=true; uam_enabled=true,"Evidence: UAM and SMB manage rises when COB is zero and may contribute to accumulated IOB. Uncertainty: no complete consecutive loop sequence attributes later lows to these switches alone. Dependency: review activation, delivery, Dynamic ISF, temporary basal, and meal execution before changing either switch."
real_gpt56sol_med_50,run_031,aaps.core.smb_activation,aaps,True,smb_always_enabled=true; smb_with_cob_enabled=false; smb_after_carbs_enabled=false; smb_with_temp_target_enabled=true; smb_with_high_temp_target_enabled=false,keep,smb_always_enabled=true; smb_with_cob_enabled=false; smb_after_carbs_enabled=false; smb_with_temp_target_enabled=true; smb_with_high_temp_target_enabled=false,"Evidence: activation settings are internally coherent, with broad always-enabled SMB and high-temp-target suppression. Uncertainty: practical exposure without meal announcements is incompletely sampled. Dependency: a full meal-linked loop trace is required before changing activation conditions."
real_gpt56sol_med_50,run_031,aaps.core.smb_delivery,aaps,True,smb_interval_minutes=3 min; max_smb_basal_minutes=15 min; max_uam_smb_basal_minutes=20 min,keep,smb_interval_minutes=3 min; max_smb_basal_minutes=15 min; max_uam_smb_basal_minutes=20 min,"Evidence: repeated dosing opportunities and a larger UAM allowance can accumulate insulin during rises. Uncertainty: actual SMB frequency, cumulative dose, and limit utilization are unavailable. Dependency: evaluate one delivery component only after complete consecutive loop data identify it as the responsible factor."
real_gpt56sol_med_50,run_031,aaps.core.safety_limits,aaps,True,max_basal_u_per_hour=12 U/h; max_iob_units=25 U,keep,max_basal_u_per_hour=12 U/h; max_iob_units=25 U,"Evidence: sampled exposure reaches approximately 4 U/h and 5.94 U IOB, below the absolute limits. Uncertainty: full exposure distributions are unavailable, although the ceilings provide a distant backstop relative to scheduled basal. Dependency: any ceiling change requires concentration-aware review of practical multipliers and observed maximum exposure, separate from routine dosing changes."
real_gpt56sol_med_50,run_031,aaps.core.sensitivity,aaps,True,autosens_enabled=false; dynamic_sensitivity_enabled=true; autosens_raises_target=false; autosens_lowers_target=false; dynamic_isf_adjustment_factor_percent=70 %,keep,autosens_enabled=false; dynamic_sensitivity_enabled=true; autosens_raises_target=false; autosens_lowers_target=false; dynamic_isf_adjustment_factor_percent=70 %,"Evidence: Dynamic ISF materially strengthens effective sensitivity during highs, while Autosens is disabled and a sensitivity ratio of one is neutral. Uncertainty: its insulin contribution cannot be separated from UAM, SMB, temporary basal, and unrecorded meals. Dependency: do not change Dynamic ISF together with static ISF, CR, target, DIA, or SMB."
real_gpt56sol_med_50,run_031,aaps.core.carb_absorption,aaps,True,min_5m_carbimpact=8 mg/dL/5 min; meal_max_absorption_hours=7 h,keep,min_5m_carbimpact=8 mg/dL/5 min; meal_max_absorption_hours=7 h,Evidence: there are no carb or e-carb treatments and sampled COB is zero. Uncertainty: the absorption model was not testable through recorded meals. Dependency: meal-linked regular-carbohydrate or e-carb evidence is required before changing either value.
real_gpt56sol_med_50,run_032,profile.basal.00_00,profile,True,0.6 U/h,keep,0.6 U/h,"Early-night time below range is elevated, but evidence does not isolate this basal from residual evening IOB, SMB/UAM, corrections, target, activity, or rescue carbohydrates. A low-confound overnight observation is required before changing it."
real_gpt56sol_med_50,run_032,profile.basal.05_00,profile,True,0.7 U/h,keep,0.7 U/h,"Local 04:00-08:00 time in range is 95.2-98.7%, providing no evidence for more basal. An isolated low occurred in the broader morning period, and meal, IOB, and activity context is missing."
real_gpt56sol_med_50,run_032,profile.basal.06_00,profile,True,0.8 U/h,keep,0.8 U/h,"The morning period is comparatively stable and does not show a recurring fasting high. Without fasting, activity, and IOB context, either direction would be unsupported."
real_gpt56sol_med_50,run_032,profile.basal.10_00,profile,True,0.7 U/h,keep,0.7 U/h,"Daytime highs occur when meals are unrecorded and UAM, SMB, Dynamic ISF, temporary basal, and corrections are active. They are not fasting evidence for a basal increase, especially given later lows."
real_gpt56sol_med_50,run_032,profile.basal.16_00,profile,True,0.5 U/h,keep,0.5 U/h,"Local 16:00 has the highest average glucose, but glucose subsequently falls and time below range increases at 18:00-19:00. Meal exposure and accumulated automated insulin prevent attributing the high to this basal segment."
real_gpt56sol_med_50,run_032,profile.basal.18_00,profile,True,0.6 U/h,keep,0.6 U/h,"Time below range is 7.7% at 18:00, but preceding daytime corrections, SMB/UAM, Dynamic ISF, activity, and rescue treatment are unresolved. No isolated basal effect is available."
real_gpt56sol_med_50,run_032,profile.basal.19_00,profile,True,0.7 U/h,keep,0.7 U/h,"Time below range reaches 15.3% at 19:00, creating a safety concern, but afternoon insulin accumulation is a strong competing explanation. A matched low-confound evening observation is required before a basal change."
real_gpt56sol_med_50,run_032,profile.cr.00_00,profile,True,13 g/U,keep,13 g/U,"There are no meal-linked carbohydrate amounts or boluses for this segment. Overnight lows increase the risk of strengthening meal insulin, and CR cannot be separated from IOB, ISF, DIA, target, or automation."
real_gpt56sol_med_50,run_032,profile.cr.04_00,profile,True,11.1 g/U,keep,11.1 g/U,"The corresponding morning period is generally stable, but no recorded meal permits CR testing. Prebolus, immediate-bolus percentage, activity, and automated insulin are absent or unresolved."
real_gpt56sol_med_50,run_032,profile.cr.08_00,profile,True,13.2 g/U,keep,13.2 g/U,"Daytime rises could reflect unannounced meals, timing, absorption, or UAM response rather than a weak CR. Later IOB and lows make a stronger ratio unsupported without a linked meal."
real_gpt56sol_med_50,run_032,profile.cr.16_00,profile,True,10.5 g/U,keep,10.5 g/U,"Afternoon highs are followed by evening low exposure, so strengthening this already more aggressive segment could worsen late hypoglycaemia. Meal amount, timing, absorption, and correction effects are missing."
real_gpt56sol_med_50,run_032,profile.cr.20_00,profile,True,12.6 g/U,keep,12.6 g/U,"Late-evening and overnight hypoglycaemia limits stronger dosing, while no meal-linked evidence supports weakening or strengthening this CR. Residual IOB and automation remain dependencies."
real_gpt56sol_med_50,run_032,profile.isf.00_00,profile,True,56 mg/dL/U,keep,56 mg/dL/U,"Dynamic ISF changes effective sensitivity across the period, with representative values approximately 27.8-124 mg/dL/U. Correction windows are confounded by additional insulin, food, activity, and rescue treatment, so the static value cannot be isolated."
real_gpt56sol_med_50,run_032,profile.target.00_00,profile,True,90 mg/dL,keep,90 mg/dL,"The target may contribute to early-night insulin pressure, but residual IOB, SMB/UAM, corrections, and temporary targets are unresolved. The recurrent low pattern warrants focused verification before a numerical target change."
real_gpt56sol_med_50,run_032,profile.target.08_00,profile,True,100 mg/dL,keep,100 mg/dL,"Daytime highs are meal-confounded and loop records include varying effective or temporary targets. The package cannot isolate this profile target from automation, IOB, CR, or meal timing."
real_gpt56sol_med_50,run_032,profile.target.23_00,profile,True,90 mg/dL,keep,90 mg/dL,"Time below range is elevated from 23:00 through early night, making this a review focus. A target change remains unsupported because preceding evening insulin, SMB/UAM, activity, food, and correction effects are not separated."
real_gpt56sol_med_50,run_032,profile.dia,profile,True,10 h,keep,10 h,"Several response windows continue declining four to six hours after indexed corrections, supporting continued accounting for residual insulin. The data do not show that 10 hours is too long, and shortening DIA could under-represent IOB; insulin action is still confounded by repeated delivery and food."
real_gpt56sol_med_50,run_032,aaps.core.smb_uam,aaps,True,smb_enabled=true; uam_enabled=true,keep,smb_enabled=true; uam_enabled=true,"Observed COB is commonly zero while UAM detects rises, so the features are operating consistently with unannounced glucose effects and there is no evidence of duplicate COB counting. High IOB and later lows warrant review, but missing meals, Dynamic ISF, corrections, and temporary basal prevent isolating SMB or UAM."
real_gpt56sol_med_50,run_032,aaps.core.smb_activation,aaps,True,smb_always_enabled=true; smb_with_cob_enabled=false; smb_after_carbs_enabled=false; smb_with_temp_target_enabled=true; smb_with_high_temp_target_enabled=false,keep,smb_always_enabled=true; smb_with_cob_enabled=false; smb_after_carbs_enabled=false; smb_with_temp_target_enabled=true; smb_with_high_temp_target_enabled=false,"The switches are internally present and no inappropriate activation state is demonstrated. Always-enabled SMB can contribute to accumulation, but exact temporary-target, meal, IOB, and SMB timelines are insufficient for selecting a different activation combination."
real_gpt56sol_med_50,run_032,aaps.core.smb_delivery,aaps,True,smb_interval_minutes=3 min; max_smb_basal_minutes=15 min; max_uam_smb_basal_minutes=20 min,keep,smb_interval_minutes=3 min; max_smb_basal_minutes=15 min; max_uam_smb_basal_minutes=20 min,"A three-minute interval and the SMB minute limits can build IOB during steep rises, but complete dose trains are unavailable and later outcomes also depend on Dynamic ISF, temporary basal, corrections, CR, DIA, and meals. No alternative numerical values are supported."
real_gpt56sol_med_50,run_032,aaps.core.safety_limits,aaps,True,max_basal_u_per_hour=12 U/h; max_iob_units=25 U,keep,max_basal_u_per_hour=12 U/h; max_iob_units=25 U,"These limits are permissive relative to the 0.5-0.8 U/h basal profile, but representative suggestions and IOB remained below the absolute ceilings. The intended safety architecture and individualized replacement limits are absent, so only a separate safety review is supported."
real_gpt56sol_med_50,run_032,aaps.core.sensitivity,aaps,True,autosens_enabled=false; dynamic_sensitivity_enabled=true; autosens_raises_target=false; autosens_lowers_target=false; dynamic_isf_adjustment_factor_percent=70 %,keep,autosens_enabled=false; dynamic_sensitivity_enabled=true; autosens_raises_target=false; autosens_lowers_target=false; dynamic_isf_adjustment_factor_percent=70 %,"Autosens is disabled, while Dynamic ISF produces materially variable effective sensitivity and is a plausible contributor to high-glucose insulin accumulation. Its independent effect cannot be separated from UAM, SMB, corrections, targets, static ISF, or meals, so no factor change is supported."
real_gpt56sol_med_50,run_032,aaps.core.carb_absorption,aaps,True,min_5m_carbimpact=8 mg/dL/5 min; meal_max_absorption_hours=7 h,keep,min_5m_carbimpact=8 mg/dL/5 min; meal_max_absorption_hours=7 h,"No carbohydrate or e-carb entries exercised a meal-linked COB model in the supplied data. Daytime rises cannot distinguish delayed absorption from unannounced meals, timing, UAM, or corrections, so neither value has evidence for change."
real_gpt56sol_med_50,run_033,profile.basal.00_00,profile,True,0.6 U/h,keep,0.6 U/h,"Overnight lows are clear, but residual evening IOB, SMB/UAM, Dynamic ISF, and the 90 mg/dL target remain competing explanations. Keep basal unchanged while evaluating the target alone; fasting-like overnight data are required before a basal change."
real_gpt56sol_med_50,run_033,profile.basal.05_00,profile,True,0.7 U/h,keep,0.7 U/h,"The 05:00 local average is 104.2 mg/dL with less low exposure than earlier overnight hours. There is no isolated fasting evidence for changing this segment, and interpretation depends on prior IOB and the target review."
real_gpt56sol_med_50,run_033,profile.basal.06_00,profile,True,0.8 U/h,keep,0.8 U/h,"Glucose averages about 99.5 mg/dL at 06:00 and 07:00 with comparatively low below-range exposure. The later rise could be meal-related, so neither an increase nor decrease is supported without fasting and meal-linked evidence."
real_gpt56sol_med_50,run_033,profile.basal.10_00,profile,True,0.7 U/h,keep,0.7 U/h,"High exposure from late morning through afternoon is real, but no carbohydrates were recorded and UAM was active. Meals, bolus timing, Dynamic ISF, and automated delivery remain dependencies, so the pattern cannot establish a basal deficit."
real_gpt56sol_med_50,run_033,profile.basal.16_00,profile,True,0.5 U/h,keep,0.5 U/h,"The 16:00 mean is high, but glucose subsequently falls and below-range exposure increases at 18:00 and 19:00. Accumulated meal or automated insulin is a plausible explanation, making a basal increase unsafe and unsupported."
real_gpt56sol_med_50,run_033,profile.basal.18_00,profile,True,0.6 U/h,keep,0.6 U/h,"Low exposure rises during this segment, but it follows the afternoon high and automated-insulin period. The uncertainty between basal excess and prior IOB should be resolved before changing this basal."
real_gpt56sol_med_50,run_033,profile.basal.19_00,profile,True,0.7 U/h,keep,0.7 U/h,"Evening and late-night lows raise concern, but meals, corrections, SMB/UAM, temporary targets, and residual IOB are not separated. Keep this segment while evaluating the 00:00 target and collecting complete evening trajectories."
real_gpt56sol_med_50,run_033,profile.cr.00_00,profile,True,13 g/U,keep,13 g/U,"There are no carbohydrate entries or declared meal details for testing this ratio. Overnight lows do not establish a CR defect and depend on prior IOB, basal, target, SMB/UAM, and low treatments."
real_gpt56sol_med_50,run_033,profile.cr.04_00,profile,True,11.1 g/U,keep,11.1 g/U,"Morning glucose is comparatively stable before later rises, and no meal amount or bolus timing is available. CR cannot be distinguished from breakfast timing, UAM, Dynamic ISF, and IOB."
real_gpt56sol_med_50,run_033,profile.cr.08_00,profile,True,13.2 g/U,keep,13.2 g/U,"Late-morning rises could suggest insufficient or delayed meal insulin, but no meal carbohydrates, prebolus, or immediate bolus percentage are available. Later lows make strengthening the ratio unsupported until meal-linked responses separate CR from automation."
real_gpt56sol_med_50,run_033,profile.cr.16_00,profile,True,10.5 g/U,keep,10.5 g/U,"This is already the strongest listed ratio, and afternoon highs are followed by substantial evening low exposure. Without documented meals, strengthening it could worsen delayed hypoglycemia; CR, UAM/SMB, Dynamic ISF, and IOB remain interdependent."
real_gpt56sol_med_50,run_033,profile.cr.20_00,profile,True,12.6 g/U,keep,12.6 g/U,"Evening and overnight low exposure argues against adding meal insulin without meal-linked evidence. The effect of this ratio cannot be separated from prior afternoon insulin, evening meals, corrections, targets, or SMB/UAM."
real_gpt56sol_med_50,run_033,profile.isf.00_00,profile,True,56 mg/dL/U,keep,56 mg/dL/U,"Representative variable sensitivity ranged from about 27.8 to 124 mg/dL/U because Dynamic ISF was active. Correction windows were not isolated and had widely variable responses, so no replacement static ISF can be supported independently of Dynamic ISF, meals, SMB/UAM, DIA, and IOB."
real_gpt56sol_med_50,run_033,profile.target.00_00,profile,True,90 mg/dL,change,100 mg/dL,"The recurring low signal is strongest after midnight, including 18.5% below range at 01:00 and approximately 10% at 02:00 and 03:00. A modest increase to 100 mg/dL is a safety-oriented candidate that avoids changing basal or automation. Residual evening IOB remains uncertain, so the target should be changed alone and evaluated on low-confounder nights."
real_gpt56sol_med_50,run_033,profile.target.08_00,profile,True,100 mg/dL,keep,100 mg/dL,"Daytime highs occur under this target, but no meal data separate target effects from CR, bolus timing, UAM/SMB, Dynamic ISF, or delivery interruption. Lowering the target is not supported given later hypoglycemia."
real_gpt56sol_med_50,run_033,profile.target.23_00,profile,True,90 mg/dL,keep,90 mg/dL,"Below-range exposure is elevated at 23:00, but changing both target segments together would obscure attribution. Keep this segment initially while evaluating the 00:00 target and reviewing evening IOB, meals, corrections, and temporary targets."
real_gpt56sol_med_50,run_033,profile.dia,profile,True,10 h,keep,10 h,"Delayed lows and substantial IOB make insulin-action modelling relevant, but repeated SMBs, Dynamic ISF, meals, and prior delivery can mimic a DIA mismatch. No isolated trajectory supports a specific replacement DIA."
real_gpt56sol_med_50,run_033,aaps.core.smb_uam,aaps,True,smb_enabled=true; uam_enabled=true,keep,smb_enabled=true; uam_enabled=true,"SMB/UAM plausibly contributed to accumulated IOB, but they also responded to recurring highs in the absence of announced carbohydrates. Disabling either component is unsupported without meal-linked comparisons and separation from Dynamic ISF, targets, CR, DIA, and IOB."
real_gpt56sol_med_50,run_033,aaps.core.smb_activation,aaps,True,smb_always_enabled=true; smb_with_cob_enabled=false; smb_after_carbs_enabled=false; smb_with_temp_target_enabled=true; smb_with_high_temp_target_enabled=false,keep,smb_always_enabled=true; smb_with_cob_enabled=false; smb_after_carbs_enabled=false; smb_with_temp_target_enabled=true; smb_with_high_temp_target_enabled=false,"The group is internally coherent, but SMB always enabled makes UAM-driven dosing especially relevant when COB is zero. No activation switch can be isolated from missing meal declarations, Dynamic ISF, SMB limits, temporary targets, and later IOB, so a specific change is unsupported."
real_gpt56sol_med_50,run_033,aaps.core.smb_delivery,aaps,True,smb_interval_minutes=3 min; max_smb_basal_minutes=15 min; max_uam_smb_basal_minutes=20 min,keep,smb_interval_minutes=3 min; max_smb_basal_minutes=15 min; max_uam_smb_basal_minutes=20 min,"Frequent UAM dosing is a plausible contributor to insulin accumulation, but the representative telemetry does not quantify complete SMB totals per episode. Interval, standard cap, and UAM cap should not be changed together or before separating meal handling and Dynamic ISF effects."
real_gpt56sol_med_50,run_033,aaps.core.safety_limits,aaps,True,max_basal_u_per_hour=12 U/h; max_iob_units=25 U,keep,max_basal_u_per_hour=12 U/h; max_iob_units=25 U,"The ceilings are permissive relative to profile basal, but sampled output showed lower effective safety caps and observed lows occurred well below 25 U IOB. No supported replacement values can be calculated, and interpretation depends on independently confirmed pump and insulin unit conventions."
real_gpt56sol_med_50,run_033,aaps.core.sensitivity,aaps,True,autosens_enabled=false; dynamic_sensitivity_enabled=true; autosens_raises_target=false; autosens_lowers_target=false; dynamic_isf_adjustment_factor_percent=70 %,keep,autosens_enabled=false; dynamic_sensitivity_enabled=true; autosens_raises_target=false; autosens_lowers_target=false; dynamic_isf_adjustment_factor_percent=70 %,"Dynamic ISF materially affected effective sensitivity during highs, while Autosens was disabled. It is a plausible contributor to accumulated IOB, but no controlled comparison or isolated correction evidence supports a new factor. Keep this group while evaluating the target alone and collecting meal-linked data."
real_gpt56sol_med_50,run_033,aaps.core.carb_absorption,aaps,True,min_5m_carbimpact=8 mg/dL/5 min; meal_max_absorption_hours=7 h,keep,min_5m_carbimpact=8 mg/dL/5 min; meal_max_absorption_hours=7 h,"There are no carbohydrate or e-carb entries, so the absorption model cannot be validated against observed COB. Changing it would not resolve the missing meal linkage and would add a confounder to CR, SMB/UAM, IOB, and delayed-low assessment."
real_gpt56sol_med_50,run_034,profile.basal.00_00,profile,True,0.6 U/h,keep,0.6 U/h,"Overnight TBR is elevated, but residual evening IOB, corrections, targets, and automation remain unresolved dependencies. Glucose becomes comparatively stable later in this segment, so evidence does not support a lower or higher value."
real_gpt56sol_med_50,run_034,profile.basal.05_00,profile,True,0.7 U/h,keep,0.7 U/h,"The local 05:00 hour has high TIR and limited low exposure. Without an isolated fasting test, uncertainty remains, but there is no directional evidence supporting change."
real_gpt56sol_med_50,run_034,profile.basal.06_00,profile,True,0.8 U/h,keep,0.8 U/h,Local 06:00–08:00 is among the most stable periods. One isolated low at approximately 07:20 does not establish a segment defect and may depend on prior IOB or sensor context.
real_gpt56sol_med_50,run_034,profile.basal.10_00,profile,True,0.7 U/h,keep,0.7 U/h,"Daytime hyperglycemia is present, but absent meal records, UAM activity, corrections, and later evening lows make meal and automation effects plausible. Increasing basal is unsupported and could worsen delayed hypoglycemia."
real_gpt56sol_med_50,run_034,profile.basal.16_00,profile,True,0.5 U/h,keep,0.5 U/h,"The 16:00 hour has the highest mean glucose and above-range exposure, but it is followed by increased TBR at 18:00–19:00. Meal absorption and accumulated automated insulin must be separated before attributing the rise to basal."
real_gpt56sol_med_50,run_034,profile.basal.18_00,profile,True,0.6 U/h,keep,0.6 U/h,"Low exposure rises during this segment, but preceding SMB, temporary basal, corrections, meal effects, and activity are unresolved. There is no isolated fasting evidence supporting a concrete reduction."
real_gpt56sol_med_50,run_034,profile.basal.19_00,profile,True,0.7 U/h,keep,0.7 U/h,"Local 19:00 and late-night TBR are elevated, but this segment follows the afternoon high-to-low cycle and may inherit substantial IOB. A supported replacement value requires an overnight observation without late correction, meal, or unusual activity."
real_gpt56sol_med_50,run_034,profile.cr.00_00,profile,True,13 g/U,keep,13 g/U,"No carbohydrate entries or meal-linked boluses are available. Overnight lows do not independently identify CR because basal, target, corrections, and residual IOB are competing dependencies."
real_gpt56sol_med_50,run_034,profile.cr.04_00,profile,True,11.1 g/U,keep,11.1 g/U,"The 04:00–08:00 glucose period is stable, but there are no meal-linked carb and bolus observations. A numerical CR change would be unsupported."
real_gpt56sol_med_50,run_034,profile.cr.08_00,profile,True,13.2 g/U,keep,13.2 g/U,"Morning and daytime rises could reflect meal timing or absent upfront insulin, but no carb entries exist and UAM handled unexplained rises. Later declines make a stronger CR potentially hazardous without meal-linked evidence."
real_gpt56sol_med_50,run_034,profile.cr.16_00,profile,True,10.5 g/U,keep,10.5 g/U,"Afternoon highs are followed by evening lows. Without exact meal execution and total automated insulin, uncertainty is high and strengthening this already lower g/U ratio is unsupported."
real_gpt56sol_med_50,run_034,profile.cr.20_00,profile,True,12.6 g/U,keep,12.6 g/U,"Late-evening and overnight lows create a safety constraint, but no carb-linked response identifies this CR as causal. Basal, target, IOB, and correction effects remain dependencies."
real_gpt56sol_med_50,run_034,profile.isf.00_00,profile,True,56 mg/dL/U,keep,56 mg/dL/U,"Dynamic ISF changed effective sensitivity widely, and correction windows included additional automated insulin and possible food or activity. The observed delayed falls argue against strengthening ISF, but do not provide a supported alternative base value."
real_gpt56sol_med_50,run_034,profile.target.00_00,profile,True,90 mg/dL,keep,90 mg/dL,"TBR is elevated from 00:00–03:00, making this a priority for verification. However, preceding IOB, corrections, food, and automation are unresolved, while 04:00–08:00 is stable. No isolated new target value is sufficiently supported."
real_gpt56sol_med_50,run_034,profile.target.08_00,profile,True,100 mg/dL,keep,100 mg/dL,"Daytime highs coexist with later lows, and representative effective targets were also affected by temporary-target and loop context. Changing the scheduled target would not isolate meal, SMB/UAM, or Dynamic ISF effects."
real_gpt56sol_med_50,run_034,profile.target.23_00,profile,True,90 mg/dL,keep,90 mg/dL,"Local 23:00 TBR is elevated, but the hour may reflect insulin accumulated earlier in the evening. A one-parameter target change lacks a supported replacement value until starting IOB and preceding therapy are documented."
real_gpt56sol_med_50,run_034,profile.dia,profile,True,10 h,keep,10 h,"Several response windows continued falling through four to six hours, so shortening DIA could underrepresent residual insulin. The full action tail cannot be validated without isolated observations, but no alternative value is supported."
real_gpt56sol_med_50,run_034,aaps.core.smb_uam,aaps,True,smb_enabled=true; uam_enabled=true,keep,smb_enabled=true; uam_enabled=true,"SMB and UAM compensated for unexplained rises with COB of zero and may also have contributed to later IOB. Disabling them could worsen daytime peaks, while the incomplete SMB timeline prevents attributing lows to either setting alone."
real_gpt56sol_med_50,run_034,aaps.core.smb_activation,aaps,True,smb_always_enabled=true; smb_with_cob_enabled=false; smb_after_carbs_enabled=false; smb_with_temp_target_enabled=true; smb_with_high_temp_target_enabled=false,keep,smb_always_enabled=true; smb_with_cob_enabled=false; smb_after_carbs_enabled=false; smb_with_temp_target_enabled=true; smb_with_high_temp_target_enabled=false,"The group is internally coherent and the high-temp-target exclusion provides protection. Always-enabled SMB is permissive, but absent meal entries and incomplete dose reconstruction prevent separating activation from dose strength, Dynamic ISF, and meal execution."
real_gpt56sol_med_50,run_034,aaps.core.smb_delivery,aaps,True,smb_interval_minutes=3 min; max_smb_basal_minutes=15 min; max_uam_smb_basal_minutes=20 min,keep,smb_interval_minutes=3 min; max_smb_basal_minutes=15 min; max_uam_smb_basal_minutes=20 min,"Frequent SMB opportunities and the larger UAM limit are plausible contributors to IOB accumulation, but only representative doses are available. Interval and dose limits are dependent settings and no single supported replacement value can be derived."
real_gpt56sol_med_50,run_034,aaps.core.safety_limits,aaps,True,max_basal_u_per_hour=12 U/h; max_iob_units=25 U,keep,max_basal_u_per_hour=12 U/h; max_iob_units=25 U,"The ceilings are broad relative to scheduled basal and merit safety review, but observed IOB stayed below 6 U and representative effective basal constraints were lower than 12 U/h. The data do not show either ceiling caused the events or support concrete lower values."
real_gpt56sol_med_50,run_034,aaps.core.sensitivity,aaps,True,autosens_enabled=false; dynamic_sensitivity_enabled=true; autosens_raises_target=false; autosens_lowers_target=false; dynamic_isf_adjustment_factor_percent=70 %,keep,autosens_enabled=false; dynamic_sensitivity_enabled=true; autosens_raises_target=false; autosens_lowers_target=false; dynamic_isf_adjustment_factor_percent=70 %,"Dynamic ISF materially strengthened effective sensitivity during highs and may interact with SMB/UAM, but it also compensated for unexplained rises. Base ISF, Dynamic ISF, meal execution, and SMB delivery remain unresolved dependencies, so a numerical change is unsupported."
real_gpt56sol_med_50,run_034,aaps.core.carb_absorption,aaps,True,min_5m_carbimpact=8 mg/dL/5 min; meal_max_absorption_hours=7 h,keep,min_5m_carbimpact=8 mg/dL/5 min; meal_max_absorption_hours=7 h,"No carb or e-carb entries engaged the COB absorption model, so neither component was tested. Meal-linked evidence separating absorption, IOB, SMB, temporary targets, and corrections is required before considering change."
real_gpt56sol_med_50,run_035,profile.basal.00_00,profile,True,0.6 U/h,keep,0.6 U/h,"Overnight TBR is elevated, but late corrections and residual IOB are documented alternatives. Keep pending repeated low-IOB fasting-like overnight observations; target and automation effects must be separated first."
real_gpt56sol_med_50,run_035,profile.basal.05_00,profile,True,0.7 U/h,keep,0.7 U/h,"Local 05:00 glucose was generally stable and TBR was lower than at 00:00-03:00. Meal, activity, and IOB uncertainty prevents a supported change."
real_gpt56sol_med_50,run_035,profile.basal.06_00,profile,True,0.8 U/h,keep,0.8 U/h,Local 06:00-08:00 control was strong with little low exposure. Later rises are plausibly meal-related and cannot be assigned to this basal segment without fasting evidence.
real_gpt56sol_med_50,run_035,profile.basal.10_00,profile,True,0.7 U/h,keep,0.7 U/h,"Daytime highs overlap likely unannounced meals, UAM, SMB, Dynamic ISF, and corrections. Subsequent lows make stronger basal unsafe to infer, while missing meal data prevent attribution."
real_gpt56sol_med_50,run_035,profile.basal.16_00,profile,True,0.5 U/h,keep,0.5 U/h,"Glucose was often high at 16:00-17:00 but fell later, sometimes severely, with substantial preceding insulin exposure. Meal and automation effects must be separated before changing basal."
real_gpt56sol_med_50,run_035,profile.basal.18_00,profile,True,0.6 U/h,keep,0.6 U/h,"TBR was elevated around 18:00, but severe events followed earlier highs and insulin delivery. Keep until low-linked IOB, meal, activity, and rescue-carb effects are resolved."
real_gpt56sol_med_50,run_035,profile.basal.19_00,profile,True,0.7 U/h,keep,0.7 U/h,"Local 19:00 TBR was 15.3%, creating concern, but aggregate data cannot distinguish the basal transition from preceding SMB, corrections, meal insulin, activity, or low treatment."
real_gpt56sol_med_50,run_035,profile.cr.00_00,profile,True,13 g/U,keep,13 g/U,No carbohydrate amounts or identifiable meal boluses are available for this segment. Overnight lows argue against strengthening CR without meal-linked evidence and separation from IOB.
real_gpt56sol_med_50,run_035,profile.cr.04_00,profile,True,11.1 g/U,keep,11.1 g/U,"Morning rises could reflect meal timing, unannounced carbohydrates, UAM response, or absorption. No meal-linked carbohydrate and bolus data support a CR change."
real_gpt56sol_med_50,run_035,profile.cr.08_00,profile,True,13.2 g/U,keep,13.2 g/U,"Daytime TAR is elevated, but no recorded carbohydrates or declared bolus strategy permit CR testing. Late declines and hypoglycaemia make empiric strengthening unsupported."
real_gpt56sol_med_50,run_035,profile.cr.16_00,profile,True,10.5 g/U,keep,10.5 g/U,"This segment overlaps both daytime highs and the later 18:00-19:00 low pattern. Meal insulin, Dynamic ISF, SMB/UAM, and accumulated IOB must be separated before changing CR."
real_gpt56sol_med_50,run_035,profile.cr.20_00,profile,True,12.6 g/U,keep,12.6 g/U,"Late-evening and overnight low exposure creates a safety constraint, while no meal-linked data identify this CR as causal. Residual correction and automated insulin remain dependencies."
real_gpt56sol_med_50,run_035,profile.isf.00_00,profile,True,56 mg/dL/U,keep,56 mg/dL/U,"Dynamic ISF frequently produced effective sensitivity materially different from 56 mg/dL/U, and correction windows included overlapping insulin and possible meals. Static ISF cannot be isolated from Dynamic ISF, SMB/UAM, and IOB."
real_gpt56sol_med_50,run_035,profile.target.00_00,profile,True,90 mg/dL,keep,90 mg/dL,"The 90 mg/dL overnight target may contribute to low pressure, but residual IOB and automated delivery remain plausible causes. Lowering is unsupported, and raising requires repeated low-IOB overnight confirmation."
real_gpt56sol_med_50,run_035,profile.target.08_00,profile,True,100 mg/dL,keep,100 mg/dL,Daytime highs do not justify a lower target because they overlap likely meals and are followed by substantial declines. Meal handling and automation must be resolved first.
real_gpt56sol_med_50,run_035,profile.target.23_00,profile,True,90 mg/dL,keep,90 mg/dL,"TBR rises around 23:00 and after midnight, but late corrections and residual IOB provide competing explanations. A target change requires low-IOB overnight evidence."
real_gpt56sol_med_50,run_035,profile.dia,profile,True,10 h,keep,10 h,"The 10-hour DIA preserves long IOB accounting, but the package cannot isolate the insulin action curve from Dynamic ISF, SMB/UAM, meals, and temporary basal. No old-to-new value is supportable."
real_gpt56sol_med_50,run_035,aaps.core.smb_uam,aaps,True,smb_enabled=true; uam_enabled=true,keep,smb_enabled=true; uam_enabled=true,"SMB/UAM appear to handle rises with COB zero and may contribute to later IOB, but no documented meal comparison separates benefit from overshoot. Dynamic ISF and meal execution are unresolved dependencies."
real_gpt56sol_med_50,run_035,aaps.core.smb_activation,aaps,True,smb_always_enabled=true; smb_with_cob_enabled=false; smb_after_carbs_enabled=false; smb_with_temp_target_enabled=true; smb_with_high_temp_target_enabled=false,keep,smb_always_enabled=true; smb_with_cob_enabled=false; smb_after_carbs_enabled=false; smb_with_temp_target_enabled=true; smb_with_high_temp_target_enabled=false,"The activation combination is internally consistent with always-enabled SMB and UAM. Its contribution to lows cannot be separated from SMB limits, Dynamic ISF, meals, and IOB, so a change is unsupported."
real_gpt56sol_med_50,run_035,aaps.core.smb_delivery,aaps,True,smb_interval_minutes=3 min; max_smb_basal_minutes=15 min; max_uam_smb_basal_minutes=20 min,keep,smb_interval_minutes=3 min; max_smb_basal_minutes=15 min; max_uam_smb_basal_minutes=20 min,"Representative episodes show substantial IOB, but the independent effects of the configured interval and minute limits are not separable from Dynamic ISF and repeated SMB eligibility. Exhaustive meal-linked delivery data are absent."
real_gpt56sol_med_50,run_035,aaps.core.safety_limits,aaps,True,max_basal_u_per_hour=12 U/h; max_iob_units=25 U,keep,max_basal_u_per_hour=12 U/h; max_iob_units=25 U,"The ceilings are permissive relative to scheduled basal and average daily insulin, but the package does not show that they were reached or support replacement values. Unit consistency and runtime safety caps must be confirmed before any one-at-a-time change."
real_gpt56sol_med_50,run_035,aaps.core.sensitivity,aaps,True,autosens_enabled=false; dynamic_sensitivity_enabled=true; autosens_raises_target=false; autosens_lowers_target=false; dynamic_isf_adjustment_factor_percent=70 %,keep,autosens_enabled=false; dynamic_sensitivity_enabled=true; autosens_raises_target=false; autosens_lowers_target=false; dynamic_isf_adjustment_factor_percent=70 %,"Dynamic ISF is a plausible contributor to strong dosing during highs, but its effect overlaps UAM, SMB, meals, and previous IOB. A sensitivity_ratio of 1 is neutral and does not alter the declared Autosens state. No isolated replacement is supported."
real_gpt56sol_med_50,run_035,aaps.core.carb_absorption,aaps,True,min_5m_carbimpact=8 mg/dL/5 min; meal_max_absorption_hours=7 h,keep,min_5m_carbimpact=8 mg/dL/5 min; meal_max_absorption_hours=7 h,"No carbohydrate or e-carb treatments exercised the model in a measurable meal-linked way. Absorption settings cannot be attributed to highs or lows without entered carbs and separation from IOB, SMB, corrections, and temporary targets."
real_gpt56sol_med_50,run_036,profile.basal.00_00,profile,True,0.6 U/h,keep,0.6 U/h,"Overnight below-range exposure raises concern, but residual evening IOB, automated insulin, corrections, activity, and low treatment are unresolved. Keep this segment until a fasting-like overnight period isolates basal action."
real_gpt56sol_med_50,run_036,profile.basal.05_00,profile,True,0.7 U/h,keep,0.7 U/h,"The 05:00 hour averaged 104.2 mg/dL with 95.2% in range. An isolated low minimum does not establish a recurring defect, and interpretation still depends on prior IOB and automation."
real_gpt56sol_med_50,run_036,profile.basal.06_00,profile,True,0.8 U/h,keep,0.8 U/h,"Local glucose from 06:00 to 08:00 was highly stable, with 97.5% to 98.7% in range. There is no supported change despite uncertainty from an isolated 42 mg/dL minimum."
real_gpt56sol_med_50,run_036,profile.basal.10_00,profile,True,0.7 U/h,keep,0.7 U/h,"Daytime rises may be meal-related and are followed by later declines. Missing meal and bolus data prevent distinguishing basal insufficiency from CR, timing, absorption, SMB, UAM, and Dynamic ISF effects."
real_gpt56sol_med_50,run_036,profile.basal.16_00,profile,True,0.5 U/h,keep,0.5 U/h,"Glucose is highest near 16:00 but falls toward increased low exposure at 18:00 to 19:00. Increasing basal is unsupported while meal, correction, SMB, Dynamic ISF, and IOB effects remain plausible."
real_gpt56sol_med_50,run_036,profile.basal.18_00,profile,True,0.6 U/h,keep,0.6 U/h,"Below-range exposure increases at 18:00, but many episodes follow afternoon highs and substantial IOB. Clean evenings without preceding meal or correction insulin are required before attributing the pattern to this basal segment."
real_gpt56sol_med_50,run_036,profile.basal.19_00,profile,True,0.7 U/h,keep,0.7 U/h,"The 19:00 hour has 15.3% below range, creating concern, but delayed afternoon insulin is a strong dependency. A numeric basal reduction is not supported without complete preceding IOB, SMB, temporary-basal, meal, and activity context."
real_gpt56sol_med_50,run_036,profile.cr.00_00,profile,True,13 g/U,keep,13 g/U,"No documented carbohydrate-linked meal tests this ratio. Overnight glucose also depends on basal, target, residual IOB, automation, and low treatment, so a CR change is unsupported."
real_gpt56sol_med_50,run_036,profile.cr.04_00,profile,True,11.1 g/U,keep,11.1 g/U,"The early-morning period is comparatively stable, but no carbohydrate amount or meal bolus is recorded. CR cannot be separated from timing, absorption, IOB, and SMB/UAM."
real_gpt56sol_med_50,run_036,profile.cr.08_00,profile,True,13.2 g/U,keep,13.2 g/U,"Late-morning and afternoon rises could reflect meals or bolus timing, but no meal-linked evidence exists and later lows constrain stronger insulin. Keep pending one documented meal with six-hour follow-up."
real_gpt56sol_med_50,run_036,profile.cr.16_00,profile,True,10.5 g/U,keep,10.5 g/U,"This is already the strongest CR segment, and afternoon highs are followed by increased evening low exposure. Meal timing, Dynamic ISF, SMB/UAM, corrections, and IOB must be separated before considering a change."
real_gpt56sol_med_50,run_036,profile.cr.20_00,profile,True,12.6 g/U,keep,12.6 g/U,"Evening and overnight lows make stronger insulin exposure unsafe to infer, while no documented evening meal tests this ratio. Basal, target, IOB, automation, and low treatment remain dependencies."
real_gpt56sol_med_50,run_036,profile.isf.00_00,profile,True,56 mg/dL/U,keep,56 mg/dL/U,"Representative effective sensitivity varies widely because Dynamic ISF is enabled, and correction windows include additional automated insulin. The fixed ISF cannot be isolated from Dynamic ISF, SMB, temporary basal, targets, and IOB."
real_gpt56sol_med_50,run_036,profile.target.00_00,profile,True,90 mg/dL,keep,90 mg/dL,"Overnight below-range exposure makes this target a review priority, but residual evening IOB, automation, activity, and low treatment remain unresolved. Keep pending a fasting-like overnight observation rather than inventing a replacement target."
real_gpt56sol_med_50,run_036,profile.target.08_00,profile,True,100 mg/dL,keep,100 mg/dL,"Daytime highs and subsequent lows do not establish that this target is too high or too low. Meal execution, correction insulin, Dynamic ISF, SMB/UAM, and temporary targets are unresolved dependencies."
real_gpt56sol_med_50,run_036,profile.target.23_00,profile,True,90 mg/dL,keep,90 mg/dL,"Below-range exposure is elevated at 23:00 and early night, but preceding evening IOB and automation may dominate. A target change is unsupported until the transition is observed without food, correction, activity, or significant IOB."
real_gpt56sol_med_50,run_036,profile.dia,profile,True,10 h,keep,10 h,"Glucose effects continue for several hours, but repeated automated delivery prevents an isolated action-duration estimate. Shortening DIA could undercount residual insulin, while lengthening it lacks supporting evidence."
real_gpt56sol_med_50,run_036,aaps.core.smb_uam,aaps,True,smb_enabled=true; uam_enabled=true,keep,smb_enabled=true; uam_enabled=true,"SMB and UAM may contribute to accumulated IOB, but they also compensate for rises with no recorded COB. Missing meal and complete delivery context prevents separating benefit from risk, so no switch change is supported."
real_gpt56sol_med_50,run_036,aaps.core.smb_activation,aaps,True,smb_always_enabled=true; smb_with_cob_enabled=false; smb_after_carbs_enabled=false; smb_with_temp_target_enabled=true; smb_with_high_temp_target_enabled=false,keep,smb_always_enabled=true; smb_with_cob_enabled=false; smb_after_carbs_enabled=false; smb_with_temp_target_enabled=true; smb_with_high_temp_target_enabled=false,"Broad SMB availability is a plausible contributor to IOB accumulation, but no episode isolates an activation condition from UAM, Dynamic ISF, corrections, targets, and meals. Changing several activation switches together would prevent attribution."
real_gpt56sol_med_50,run_036,aaps.core.smb_delivery,aaps,True,smb_interval_minutes=3 min; max_smb_basal_minutes=15 min; max_uam_smb_basal_minutes=20 min,keep,smb_interval_minutes=3 min; max_smb_basal_minutes=15 min; max_uam_smb_basal_minutes=20 min,"Substantial IOB and later declines make delivery intensity a safety-review candidate, but the package does not show the complete SMB sequence or how often configured caps were reached. Dynamic ISF, manual corrections, meals, and targets remain dependencies."
real_gpt56sol_med_50,run_036,aaps.core.safety_limits,aaps,True,max_basal_u_per_hour=12 U/h; max_iob_units=25 U,keep,max_basal_u_per_hour=12 U/h; max_iob_units=25 U,"The ceilings are permissive relative to profile basal, but observed telemetry does not show either absolute ceiling being reached and lower effective safeguards constrain delivery. A supported replacement requires confirmed dose scale, typical insulin use, and complete dose distributions."
real_gpt56sol_med_50,run_036,aaps.core.sensitivity,aaps,True,autosens_enabled=false; dynamic_sensitivity_enabled=true; autosens_raises_target=false; autosens_lowers_target=false; dynamic_isf_adjustment_factor_percent=70 %,keep,autosens_enabled=false; dynamic_sensitivity_enabled=true; autosens_raises_target=false; autosens_lowers_target=false; dynamic_isf_adjustment_factor_percent=70 %,"Dynamic ISF plausibly strengthens dosing during some highs, but representative sensitivity also weakens in other contexts. It cannot be isolated from SMB/UAM, fixed ISF, targets, corrections, meals, and IOB, so a numeric change is unsupported."
real_gpt56sol_med_50,run_036,aaps.core.carb_absorption,aaps,True,min_5m_carbimpact=8 mg/dL/5 min; meal_max_absorption_hours=7 h,keep,min_5m_carbimpact=8 mg/dL/5 min; meal_max_absorption_hours=7 h,"No carbohydrate or e-carb entry exercised the COB absorption model during this period. Meal-linked amount, timing, absorption, IOB, SMB, temporary targets, and corrections are required before changing either component."
real_gpt56sol_med_50,run_037,profile.basal.00_00,profile,True,0.6 U/h,keep,0.6 U/h,"Overnight lows raise concern, but residual evening IOB, the 90 mg/dL target, SMB/UAM, and corrections remain competing causes. Keep basal unchanged while the 00:00 target is evaluated so the effect is attributable."
real_gpt56sol_med_50,run_037,profile.basal.05_00,profile,True,0.7 U/h,keep,0.7 U/h,"The 04:00–06:00 period has comparatively stable glucose and does not show a consistent isolated basal defect. Meal, IOB, and automation uncertainty further limit a change."
real_gpt56sol_med_50,run_037,profile.basal.06_00,profile,True,0.8 U/h,keep,0.8 U/h,"Aggregate 06:00–08:00 control is strong despite one severe minimum. Without fasting and IOB context, that isolated event does not support changing this basal segment."
real_gpt56sol_med_50,run_037,profile.basal.10_00,profile,True,0.7 U/h,keep,0.7 U/h,"Daytime highs are confounded by unrecorded meals, CR, Dynamic ISF, SMB/UAM, and corrections. Later evening lows argue against increasing daytime basal before accumulated insulin is assessed."
real_gpt56sol_med_50,run_037,profile.basal.16_00,profile,True,0.5 U/h,keep,0.5 U/h,"High glucose commonly persists at 16:00–17:00, but this is followed by increased low exposure and substantial IOB in representative records. Meal and automation effects prevent attributing the pattern to basal insufficiency."
real_gpt56sol_med_50,run_037,profile.basal.18_00,profile,True,0.6 U/h,keep,0.6 U/h,"Low exposure increases at 18:00, but preceding afternoon corrections and automated insulin are strong competing explanations. Keep this segment while earlier IOB is reconstructed."
real_gpt56sol_med_50,run_037,profile.basal.19_00,profile,True,0.7 U/h,keep,0.7 U/h,"Time below range reaches 15.3% at 19:00, but the pattern frequently follows afternoon hyperglycaemia and insulin accumulation. A basal change is withheld until meal, correction, SMB, and IOB effects are separated."
real_gpt56sol_med_50,run_037,profile.cr.00_00,profile,True,13 g/U,keep,13 g/U,"No carbohydrate entries or identified meals test this CR. Overnight lows cannot be attributed to meal ratio rather than target, basal, IOB, or automation."
real_gpt56sol_med_50,run_037,profile.cr.04_00,profile,True,11.1 g/U,keep,11.1 g/U,"The morning rise could reflect meal timing, unannounced carbohydrate, absorption, or automation. Carb amount and bolus execution are absent, so a CR change is unsupported."
real_gpt56sol_med_50,run_037,profile.cr.08_00,profile,True,13.2 g/U,keep,13.2 g/U,"Morning and afternoon highs occur, but no meal-linked carbohydrate or bolus record distinguishes CR from prebolus timing, UAM, Dynamic ISF, or absorption. Subsequent lows increase the risk of strengthening this ratio."
real_gpt56sol_med_50,run_037,profile.cr.16_00,profile,True,10.5 g/U,keep,10.5 g/U,"Afternoon highs are followed by recurring evening lows, and complete meal and insulin exposure is unavailable. Strengthening this already lower g/U ratio could worsen delayed hypoglycaemia."
real_gpt56sol_med_50,run_037,profile.cr.20_00,profile,True,12.6 g/U,keep,12.6 g/U,"Overnight lows may include residual evening meal or correction insulin, but no meal-linked evidence tests this CR. Target and IOB effects must be assessed first."
real_gpt56sol_med_50,run_037,profile.isf.00_00,profile,True,56 mg/dL/U,keep,56 mg/dL/U,"Large delayed declines raise concern about total correction strength, but Dynamic ISF often used values much stronger than the profile ISF and automated insulin overlapped correction windows. The profile ISF cannot be isolated."
real_gpt56sol_med_50,run_037,profile.target.00_00,profile,True,90 mg/dL,change,100 mg/dL,"Recurring low exposure from 00:00–03:00 and severe hypoglycaemia support a conservative target increase. Residual IOB remains uncertain, so this should be the only initial setting change, with basal and automation held constant."
real_gpt56sol_med_50,run_037,profile.target.08_00,profile,True,100 mg/dL,keep,100 mg/dL,"Daytime highs are plausibly meal and automation related, while later lows constrain additional insulin pressure. No isolated evidence supports changing this target."
real_gpt56sol_med_50,run_037,profile.target.23_00,profile,True,90 mg/dL,keep,90 mg/dL,"Low exposure begins around 23:00, but this one-hour segment is confounded by evening IOB and the subsequent 00:00 target. Keep it unchanged while the 00:00 target change is evaluated to avoid simultaneous dependent changes."
real_gpt56sol_med_50,run_037,profile.dia,profile,True,10 h,keep,10 h,Delayed lows are compatible with continuing insulin action but do not establish that the 10-hour model is incorrect. Complete insulin exposure and predicted-versus-observed IOB are needed before changing DIA.
real_gpt56sol_med_50,run_037,aaps.core.smb_uam,aaps,True,smb_enabled=true; uam_enabled=true,keep,smb_enabled=true; uam_enabled=true,"SMB/UAM may contribute to accumulated IOB but also addresses substantial COB-zero daytime rises. Complete dosing sequences are unavailable, and this group should remain unchanged during the target evaluation."
real_gpt56sol_med_50,run_037,aaps.core.smb_activation,aaps,True,smb_always_enabled=true; smb_with_cob_enabled=false; smb_after_carbs_enabled=false; smb_with_temp_target_enabled=true; smb_with_high_temp_target_enabled=false,keep,smb_always_enabled=true; smb_with_cob_enabled=false; smb_after_carbs_enabled=false; smb_with_temp_target_enabled=true; smb_with_high_temp_target_enabled=false,"Broad SMB availability is a plausible contributor to IOB accumulation, but activation policy cannot be separated from Dynamic ISF, SMB limits, user corrections, and absent meal announcements. No activation change is supported while the target is being tested."
real_gpt56sol_med_50,run_037,aaps.core.smb_delivery,aaps,True,smb_interval_minutes=3 min; max_smb_basal_minutes=15 min; max_uam_smb_basal_minutes=20 min,keep,smb_interval_minutes=3 min; max_smb_basal_minutes=15 min; max_uam_smb_basal_minutes=20 min,"The three-minute interval and UAM allowance may facilitate rapid insulin accumulation, but complete SMB sequences and matched events are absent. Changing delivery limits with the overnight target or Dynamic ISF would prevent attribution."
real_gpt56sol_med_50,run_037,aaps.core.safety_limits,aaps,True,max_basal_u_per_hour=12 U/h; max_iob_units=25 U,keep,max_basal_u_per_hour=12 U/h; max_iob_units=25 U,"These limits are permissive relative to the basal profile, but representative effective basal caps were lower and observed IOB did not reach 25 U. A concrete replacement is unsupported without the maximum actual IOB, daily insulin distribution, and complete delivery traces."
real_gpt56sol_med_50,run_037,aaps.core.sensitivity,aaps,True,autosens_enabled=false; dynamic_sensitivity_enabled=true; autosens_raises_target=false; autosens_lowers_target=false; dynamic_isf_adjustment_factor_percent=70 %,keep,autosens_enabled=false; dynamic_sensitivity_enabled=true; autosens_raises_target=false; autosens_lowers_target=false; dynamic_isf_adjustment_factor_percent=70 %,"Dynamic ISF is a leading explanation for strong correction during highs, with representative sensitivity values substantially stronger than the profile ISF. However, meal execution, SMB/UAM, temporary basal, and corrections remain unresolved, and sensitivity should not change with the overnight target."
real_gpt56sol_med_50,run_037,aaps.core.carb_absorption,aaps,True,min_5m_carbimpact=8 mg/dL/5 min; meal_max_absorption_hours=7 h,keep,min_5m_carbimpact=8 mg/dL/5 min; meal_max_absorption_hours=7 h,"There are no carbohydrate or e-carb entries with which to validate these values. COB-zero UAM responses do not demonstrate an absorption-model defect, so meal-linked evidence is required first."
real_gpt56sol_med_50,run_038,profile.basal.00_00,profile,True,0.6 U/h,keep,0.6 U/h,"Overnight low exposure is clear, but glucose does not fall uniformly and residual evening IOB, SMBs, Dynamic ISF, corrections, and the 90 mg/dL target remain competing explanations. Keep depends on obtaining fasting-like overnight traces; uncertainty is medium."
real_gpt56sol_med_50,run_038,profile.basal.05_00,profile,True,0.7 U/h,keep,0.7 U/h,"Local 05:00-06:00 glucose is comparatively stable with high time in range. One aggregate pattern cannot exclude IOB effects, but there is no recurring evidence for changing this segment; interpretation depends on fasting-like observations."
real_gpt56sol_med_50,run_038,profile.basal.06_00,profile,True,0.8 U/h,keep,0.8 U/h,"Local 06:00-07:00 has 97.5%-98.7% time in range and low aggregate low exposure, aside from one isolated severe reading. Sensor confirmation and IOB context are uncertain, so no supported change exists."
real_gpt56sol_med_50,run_038,profile.basal.10_00,profile,True,0.7 U/h,keep,0.7 U/h,"Daytime hyperglycemia overlaps probable unannounced food, UAM, SMBs, corrections, and temporary basal. The later evening lows argue against increasing this segment; a decrease is also unsupported without fasting data. The decision depends on meal-linked and IOB-separated evidence."
real_gpt56sol_med_50,run_038,profile.basal.16_00,profile,True,0.5 U/h,keep,0.5 U/h,"Glucose is often high at 16:00-17:00 but falls sharply toward a low-prone 18:00-19:00 period. Delayed automated and correction insulin is a strong dependency, and no fasting evidence isolates this basal segment."
real_gpt56sol_med_50,run_038,profile.basal.18_00,profile,True,0.6 U/h,keep,0.6 U/h,"This segment overlaps elevated low exposure, but lows may originate from insulin delivered against earlier highs. Complete preceding SMB, temporary basal, correction, and IOB data are required before changing scheduled basal; causal confidence is low."
real_gpt56sol_med_50,run_038,profile.basal.19_00,profile,True,0.7 U/h,keep,0.7 U/h,"Time below range reaches 15.3% at 19:00, creating a safety concern, but the pattern follows afternoon highs and substantial reactive insulin. The dependency on earlier IOB prevents an isolated basal change."
real_gpt56sol_med_50,run_038,profile.cr.00_00,profile,True,13 g/U,keep,13 g/U,"No meal carbohydrate amount or linked meal bolus is available for this segment. Overnight lows may involve residual meal insulin, but CR attribution is unsupported and depends on matched meal execution."
real_gpt56sol_med_50,run_038,profile.cr.04_00,profile,True,11.1 g/U,keep,11.1 g/U,"Morning rises cannot distinguish CR strength from meal timing, unannounced food, absorption, UAM, or temporary basal. Hypoglycemia risk limits stronger dosing, and the missing meal linkage leaves high uncertainty."
real_gpt56sol_med_50,run_038,profile.cr.08_00,profile,True,13.2 g/U,keep,13.2 g/U,"This segment overlaps recurring daytime rises, but COB remains zero and no carb or bolus execution is recorded. UAM and Dynamic ISF are major dependencies, so a stronger or weaker ratio is not supported."
real_gpt56sol_med_50,run_038,profile.cr.16_00,profile,True,10.5 g/U,keep,10.5 g/U,"This is the strongest ratio and overlaps the daytime-high to evening-low transition, but no linked meal confirms that it was used. Changing it requires meal amount, timing, bolus execution, SMB, and IOB evidence; uncertainty is high."
real_gpt56sol_med_50,run_038,profile.cr.20_00,profile,True,12.6 g/U,keep,12.6 g/U,"Overnight lows could involve dinner insulin, but no dinner carbohydrate or bolus data exist. Scheduled basal, target, corrections, automation, and residual IOB remain unresolved dependencies."
real_gpt56sol_med_50,run_038,profile.isf.00_00,profile,True,56 mg/dL/U,keep,56 mg/dL/U,"Correction responses vary widely and are not isolated from Dynamic ISF, SMBs, temporary basal, meals, rescue carbohydrates, or existing IOB. Effective variable sensitivity ranges far above and below the fixed value, so the fixed ISF cannot be changed confidently."
real_gpt56sol_med_50,run_038,profile.target.00_00,profile,True,90 mg/dL,keep,90 mg/dL,"The target overlaps recurrent overnight lows, but residual IOB, automation, and scheduled basal are unresolved. Keep is provisional and depends on matched overnight review; current evidence does not support a specific replacement value."
real_gpt56sol_med_50,run_038,profile.target.08_00,profile,True,100 mg/dL,keep,100 mg/dL,"Daytime rises are more plausibly linked to unannounced glucose input and reactive automation than to the target alone. Lowering the target could increase IOB and later hypoglycemia, while raising it cannot be justified without separating meal effects."
real_gpt56sol_med_50,run_038,profile.target.23_00,profile,True,90 mg/dL,keep,90 mg/dL,"Low exposure increases around 23:00-02:00, but the target change coincides with uncertain evening IOB and automated delivery. A replacement value is unsupported until nights with complete preceding insulin context are reviewed."
real_gpt56sol_med_50,run_038,profile.dia,profile,True,10 h,keep,10 h,"Delayed lows and substantial IOB make shortening DIA unsupported, while incomplete insulin-action traces prevent showing that 10 hours is too short or too long. DIA assessment depends on the insulin model and complete delivery history."
real_gpt56sol_med_50,run_038,aaps.core.smb_uam,aaps,True,smb_enabled=true; uam_enabled=true,keep,smb_enabled=true; uam_enabled=true,"SMB and UAM visibly manage rises while COB is zero, and disabling both is not supported. They may contribute to excess IOB when combined with Dynamic ISF, but their isolated effect is uncertain and depends on complete meal and delivery traces."
real_gpt56sol_med_50,run_038,aaps.core.smb_activation,aaps,True,smb_always_enabled=true; smb_with_cob_enabled=false; smb_after_carbs_enabled=false; smb_with_temp_target_enabled=true; smb_with_high_temp_target_enabled=false,keep,smb_always_enabled=true; smb_with_cob_enabled=false; smb_after_carbs_enabled=false; smb_with_temp_target_enabled=true; smb_with_high_temp_target_enabled=false,"Always-enabled SMB explains why SMB can occur without COB. No announced meals support adding COB or after-carbs pathways, and the disabled high-temp-target pathway is comparatively protective. Effects remain dependent on UAM, Dynamic ISF, and temporary targets."
real_gpt56sol_med_50,run_038,aaps.core.smb_delivery,aaps,True,smb_interval_minutes=3 min; max_smb_basal_minutes=15 min; max_uam_smb_basal_minutes=20 min,keep,smb_interval_minutes=3 min; max_smb_basal_minutes=15 min; max_uam_smb_basal_minutes=20 min,"The larger UAM limit is a plausible contributor to IOB accumulation, but representative records do not quantify the complete SMB sequence or isolate it from Dynamic ISF and temporary basal. No supported replacement value exists, and dependent automation settings should not change together."
real_gpt56sol_med_50,run_038,aaps.core.safety_limits,aaps,True,max_basal_u_per_hour=12 U/h; max_iob_units=25 U,keep,max_basal_u_per_hour=12 U/h; max_iob_units=25 U,"The ceilings are permissive relative to the selected profile, but telemetry does not show either absolute limit being reached, and other safety multipliers constrain actual temporary basal. A supported replacement requires complete dosing distributions and insulin concentration context; changing limits with SMB or Dynamic ISF would confound evaluation."
real_gpt56sol_med_50,run_038,aaps.core.sensitivity,aaps,True,autosens_enabled=false; dynamic_sensitivity_enabled=true; autosens_raises_target=false; autosens_lowers_target=false; dynamic_isf_adjustment_factor_percent=70 %,keep,autosens_enabled=false; dynamic_sensitivity_enabled=true; autosens_raises_target=false; autosens_lowers_target=false; dynamic_isf_adjustment_factor_percent=70 %,"Dynamic ISF materially strengthens sensitivity during some highs and may contribute to excess IOB with UAM and SMBs, but the data do not isolate its effect or support a new percentage. Enabling Autosens would add another dependent mechanism, so current settings remain unchanged pending complete traces."
real_gpt56sol_med_50,run_038,aaps.core.carb_absorption,aaps,True,min_5m_carbimpact=8 mg/dL/5 min; meal_max_absorption_hours=7 h,keep,min_5m_carbimpact=8 mg/dL/5 min; meal_max_absorption_hours=7 h,"There are no announced carb or e-carb traces for testing either component. UAM rather than COB is managing the observed rises, so any absorption-setting change would be unsupported and depends on meal-linked evidence."
real_gpt56sol_med_50,run_039,profile.basal.00_00,profile,True,0.6 U/h,keep,0.6 U/h,"Overnight TBR is elevated, but prior evening IOB, corrections, SMB/UAM, activity, and delayed food action remain unresolved. Without clean fasting nights, changing this segment could misattribute an automation or meal effect to basal."
real_gpt56sol_med_50,run_039,profile.basal.05_00,profile,True,0.7 U/h,keep,0.7 U/h,Local 05:00-06:00 glucose is generally stable with high TIR. One isolated severe reading does not establish a segment defect and may depend on prior IOB or sensor context.
real_gpt56sol_med_50,run_039,profile.basal.06_00,profile,True,0.8 U/h,keep,0.8 U/h,Local 06:00-08:00 control is strong without a consistent fasting rise. Breakfast and unrecorded meal effects prevent using the later rise as evidence for more basal.
real_gpt56sol_med_50,run_039,profile.basal.10_00,profile,True,0.7 U/h,keep,0.7 U/h,"Daytime hyperglycemia is confounded by absent meal records, UAM, corrections, Dynamic ISF, and infusion events. Subsequent evening lows make a basal increase unsafe to infer."
real_gpt56sol_med_50,run_039,profile.basal.16_00,profile,True,0.5 U/h,keep,0.5 U/h,The 16:00 high pattern transitions into evening lows while IOB may be substantial. Meal and automated-correction effects must be separated before changing this basal segment.
real_gpt56sol_med_50,run_039,profile.basal.18_00,profile,True,0.6 U/h,keep,0.6 U/h,"TBR rises during 18:00-19:00, but accumulated afternoon insulin is a strong competing cause. Complete delivery and meal timelines are required before attributing lows to this basal rate."
real_gpt56sol_med_50,run_039,profile.basal.19_00,profile,True,0.7 U/h,keep,0.7 U/h,"Evening and late-night lows may reflect earlier corrections, SMB/UAM, and delayed insulin action. There are no fasting-like observations sufficient to support a numerical change."
real_gpt56sol_med_50,run_039,profile.cr.00_00,profile,True,13 g/U,keep,13 g/U,"No meal carbohydrate amounts, bolus timing, or immediate bolus percentages are available. CR cannot be separated from UAM, Dynamic ISF, DIA, and hypoglycemia risk."
real_gpt56sol_med_50,run_039,profile.cr.04_00,profile,True,11.1 g/U,keep,11.1 g/U,"The early-morning aggregate is generally stable, and no meal-linked CR test exists. The later rise may be meal-related rather than evidence that this CR is weak."
real_gpt56sol_med_50,run_039,profile.cr.08_00,profile,True,13.2 g/U,keep,13.2 g/U,Morning and afternoon rises occur with no carbohydrate entries and reactive UAM delivery. Strengthening CR without meal-linked data could worsen later IOB-related lows.
real_gpt56sol_med_50,run_039,profile.cr.16_00,profile,True,10.5 g/U,keep,10.5 g/U,"This is already the strongest CR segment, and the associated period includes afternoon highs followed by evening lows. Meal timing, bolus execution, Dynamic ISF, and SMB/UAM must be separated first."
real_gpt56sol_med_50,run_039,profile.cr.20_00,profile,True,12.6 g/U,keep,12.6 g/U,Late insulin effects and overnight hypoglycemia are important constraints. No documented meal response supports changing the evening CR.
real_gpt56sol_med_50,run_039,profile.isf.00_00,profile,True,56 mg/dL/U,keep,56 mg/dL/U,"Large late declines raise concern about effective correction strength, but Dynamic ISF often changes actual sensitivity substantially from the fixed value. Dynamic ISF, SMB/UAM, meals, and IOB must be evaluated before fixed ISF."
real_gpt56sol_med_50,run_039,profile.target.00_00,profile,True,90 mg/dL,keep,90 mg/dL,"Overnight lows create a safety concern, but prior evening IOB, corrections, SMB/UAM, activity, and delayed food action remain unresolved. Clean fasting-like nights are required before assigning the pattern to this target."
real_gpt56sol_med_50,run_039,profile.target.08_00,profile,True,100 mg/dL,keep,100 mg/dL,"Daytime highs coexist with substantial later lows. Lowering the target could increase automated insulin, while raising it cannot be quantified from representative data; meal and automation effects must be separated first."
real_gpt56sol_med_50,run_039,profile.target.23_00,profile,True,90 mg/dL,keep,90 mg/dL,"Late-night TBR is elevated, but the 23:00 target acts amid unresolved evening IOB and corrections. A numerical change is withheld pending fasting-like overnight verification."
real_gpt56sol_med_50,run_039,profile.dia,profile,True,10 h,keep,10 h,"Late declines and persistent IOB do not support shortening DIA, while no isolated insulin-action curve supports lengthening it. DIA depends on the insulin model, meal absorption, SMB/UAM, and complete dose history."
real_gpt56sol_med_50,run_039,aaps.core.smb_uam,aaps,True,smb_enabled=true; uam_enabled=true,keep,smb_enabled=true; uam_enabled=true,"SMB/UAM plausibly support daytime control but may contribute to IOB accumulation. Their independent effect cannot be separated from Dynamic ISF, corrections, meals, or temporary basal, so disabling them is unsupported."
real_gpt56sol_med_50,run_039,aaps.core.smb_activation,aaps,True,smb_always_enabled=true; smb_with_cob_enabled=false; smb_after_carbs_enabled=false; smb_with_temp_target_enabled=true; smb_with_high_temp_target_enabled=false,keep,smb_always_enabled=true; smb_with_cob_enabled=false; smb_after_carbs_enabled=false; smb_with_temp_target_enabled=true; smb_with_high_temp_target_enabled=false,"The switches are internally coherent, and high-temp-target SMB is disabled. Always-on SMB may contribute to accumulation, but absent meal records and overlapping Dynamic ISF effects prevent isolating an activation-condition change."
real_gpt56sol_med_50,run_039,aaps.core.smb_delivery,aaps,True,smb_interval_minutes=3 min; max_smb_basal_minutes=15 min; max_uam_smb_basal_minutes=20 min,keep,smb_interval_minutes=3 min; max_smb_basal_minutes=15 min; max_uam_smb_basal_minutes=20 min,"Frequent reassessment and the larger UAM allowance could amplify insulin accumulation, but complete SMB sequences are unavailable. Dynamic ISF and meal execution should be assessed first, without changing multiple delivery components together."
real_gpt56sol_med_50,run_039,aaps.core.safety_limits,aaps,True,max_basal_u_per_hour=12 U/h; max_iob_units=25 U,keep,max_basal_u_per_hour=12 U/h; max_iob_units=25 U,"The limits are permissive but did not appear to bind in representative records; multiplier-derived limits constrained basal nearer 4 U/h and observed IOB remained below 6 U. A supported replacement requires complete delivery, concentration, and total-daily-dose context."
real_gpt56sol_med_50,run_039,aaps.core.sensitivity,aaps,True,autosens_enabled=false; dynamic_sensitivity_enabled=true; autosens_raises_target=false; autosens_lowers_target=false; dynamic_isf_adjustment_factor_percent=70 %,keep,autosens_enabled=false; dynamic_sensitivity_enabled=true; autosens_raises_target=false; autosens_lowers_target=false; dynamic_isf_adjustment_factor_percent=70 %,"Dynamic ISF is the leading automation factor to investigate because effective sensitivity becomes much stronger during some highs, but representative telemetry cannot support a replacement percentage. It should be reviewed before fixed ISF, CR, basal, or SMB changes."
real_gpt56sol_med_50,run_039,aaps.core.carb_absorption,aaps,True,min_5m_carbimpact=8 mg/dL/5 min; meal_max_absorption_hours=7 h,keep,min_5m_carbimpact=8 mg/dL/5 min; meal_max_absorption_hours=7 h,"No carbohydrate or e-carb entries exercised the configured absorption model. Without meal-linked glucose appearance, IOB, SMB, and correction data, neither component can be validated or changed."
real_gpt56sol_med_50,run_040,profile.basal.00_00,profile,True,0.6 U/h,keep,0.6 U/h,"Overnight lows are evident, but prior-evening IOB, the 23:00 target, SMB/UAM, corrections, activity, and low treatment are unresolved dependencies. A low-IOB overnight trace is required before attributing the pattern to this basal segment."
real_gpt56sol_med_50,run_040,profile.basal.05_00,profile,True,0.7 U/h,keep,0.7 U/h,"Local 05:00 control is comparatively stable, but aggregate data remain affected by closed-loop delivery. There is no recurring segment-specific defect or supported replacement value."
real_gpt56sol_med_50,run_040,profile.basal.06_00,profile,True,0.8 U/h,keep,0.8 U/h,"Time in range from 06:00–07:00 is high, and only an isolated severe value is visible. Without a clean fasting trace, activity and prior insulin remain unresolved, so a change is unsupported."
real_gpt56sol_med_50,run_040,profile.basal.10_00,profile,True,0.7 U/h,keep,0.7 U/h,"Daytime highs may reflect undocumented meals, timing, UAM, corrections, or absorption rather than basal deficiency. Known meals and fasting-like evidence are absent, and later lows constrain intensification."
real_gpt56sol_med_50,run_040,profile.basal.16_00,profile,True,0.5 U/h,keep,0.5 U/h,"High exposure at 16:00 is followed by increased low exposure at 18:00–19:00. Meal insulin, Dynamic ISF, SMB/UAM, corrections, and IOB are unresolved dependencies, so increasing this segment is unsupported."
real_gpt56sol_med_50,run_040,profile.basal.18_00,profile,True,0.6 U/h,keep,0.6 U/h,"Low exposure rises in this window, but delayed afternoon insulin and correction stacking are strong competing explanations. A complete high-to-low insulin trace is needed before assigning causality to basal."
real_gpt56sol_med_50,run_040,profile.basal.19_00,profile,True,0.7 U/h,keep,0.7 U/h,"Time below range is 15.3% at 19:00, but preceding meal, correction, SMB/UAM, Dynamic ISF, activity, and IOB effects are unknown. No isolated basal evidence supports a new value."
real_gpt56sol_med_50,run_040,profile.cr.00_00,profile,True,13 g/U,keep,13 g/U,No known carbohydrate entries or meal-linked responses exist for this segment. Overnight lows do not validate CR because prior insulin and low treatment are unresolved.
real_gpt56sol_med_50,run_040,profile.cr.04_00,profile,True,11.1 g/U,keep,11.1 g/U,"The package contains no meal amount or bolus timing for this CR segment. Morning glucose patterns cannot separate CR, prebolus, basal, absorption, or UAM effects."
real_gpt56sol_med_50,run_040,profile.cr.08_00,profile,True,13.2 g/U,keep,13.2 g/U,"The 08:00–10:00 rise is reproducible, but no breakfast carbohydrate amount, entry time, or insulin strategy is present. Meal timing, absorption, and UAM remain dependencies, so a stronger CR is unsupported."
real_gpt56sol_med_50,run_040,profile.cr.16_00,profile,True,10.5 g/U,keep,10.5 g/U,"Afternoon highs are followed by evening lows. Without known carbohydrates and total automated insulin, strengthening this CR could worsen delayed hypoglycaemia."
real_gpt56sol_med_50,run_040,profile.cr.20_00,profile,True,12.6 g/U,keep,12.6 g/U,"No meal-linked evidence validates this segment, and late-evening low exposure makes additional insulin uncertain. Prior IOB, corrections, and activity must be separated first."
real_gpt56sol_med_50,run_040,profile.isf.00_00,profile,True,56 mg/dL/U,keep,56 mg/dL/U,"Dynamic ISF changes effective sensitivity substantially, and correction windows include SMB/UAM, temporary basal, food, and prior IOB. The base ISF cannot be isolated, so changing it with Dynamic ISF unresolved is unsupported."
real_gpt56sol_med_50,run_040,profile.target.00_00,profile,True,90 mg/dL,keep,90 mg/dL,"Overnight lows make this target safety-relevant, but the data do not separate target effects from prior insulin, basal, SMB/UAM, corrections, and activity. One controlled overnight observation is the dependency before any numeric change."
real_gpt56sol_med_50,run_040,profile.target.08_00,profile,True,100 mg/dL,keep,100 mg/dL,"Daytime highs are meal- and automation-confounded, and lowering the target could increase insulin exposure before evening lows. No target-specific replacement is supported."
real_gpt56sol_med_50,run_040,profile.target.23_00,profile,True,90 mg/dL,keep,90 mg/dL,"The target reduction coincides with a period of elevated low exposure, but correlation does not establish causality. Prior-evening IOB, corrections, SMB/UAM, activity, and basal are unresolved dependencies."
real_gpt56sol_med_50,run_040,profile.dia,profile,True,10 h,keep,10 h,"Delayed falls show that insulin remains relevant for several hours, but they do not establish that 10 h is incorrect. DIA affects IOB and all dependent automation, so a change requires insulin-model evidence and should not accompany ISF or SMB changes."
real_gpt56sol_med_50,run_040,aaps.core.smb_uam,aaps,True,smb_enabled=true; uam_enabled=true,keep,smb_enabled=true; uam_enabled=true,"UAM/SMB responds to rises with COB at zero and may compensate for undocumented meals. It is not proven to duplicate COB or independently cause lows. Meal execution, Dynamic ISF, corrections, DIA, and IOB remain unresolved dependencies."
real_gpt56sol_med_50,run_040,aaps.core.smb_activation,aaps,True,smb_always_enabled=true; smb_with_cob_enabled=false; smb_after_carbs_enabled=false; smb_with_temp_target_enabled=true; smb_with_high_temp_target_enabled=false,keep,smb_always_enabled=true; smb_with_cob_enabled=false; smb_after_carbs_enabled=false; smb_with_temp_target_enabled=true; smb_with_high_temp_target_enabled=false,All switch values are present and internally interpretable. Their isolated effect cannot be measured because carbohydrate announcements and complete SMB sequences are absent. Changing activation with UAM limits or Dynamic ISF would obscure attribution.
real_gpt56sol_med_50,run_040,aaps.core.smb_delivery,aaps,True,smb_interval_minutes=3 min; max_smb_basal_minutes=15 min; max_uam_smb_basal_minutes=20 min,keep,smb_interval_minutes=3 min; max_smb_basal_minutes=15 min; max_uam_smb_basal_minutes=20 min,"High IOB and delayed lows raise cumulative-exposure concern, but representative records do not isolate SMB amount or frequency from corrections, temporary basal, Dynamic ISF, and meals. No supported alternative interval or limit is available."
real_gpt56sol_med_50,run_040,aaps.core.safety_limits,aaps,True,max_basal_u_per_hour=12 U/h; max_iob_units=25 U,keep,max_basal_u_per_hour=12 U/h; max_iob_units=25 U,"The ceilings are permissive relative to profile basal and observed IOB, making them a safety-review priority, but insulin concentration context, complete peak IOB, expected meal insulin, and actual binding frequency are unresolved. No safe numeric replacement is supported, and both limits should not change with sensitivity or SMB settings."
real_gpt56sol_med_50,run_040,aaps.core.sensitivity,aaps,True,autosens_enabled=false; dynamic_sensitivity_enabled=true; autosens_raises_target=false; autosens_lowers_target=false; dynamic_isf_adjustment_factor_percent=70 %,keep,autosens_enabled=false; dynamic_sensitivity_enabled=true; autosens_raises_target=false; autosens_lowers_target=false; dynamic_isf_adjustment_factor_percent=70 %,"Dynamic ISF is a plausible amplifier because effective sensitivity reached approximately 27.8–42.5 mg/dL/U during highs, but correction windows include UAM, SMB, temporary basal, food, and prior IOB. A sensitivity_ratio of 1 is neutral and does not alter the explicit Autosens setting. No isolated alternative is supported."
real_gpt56sol_med_50,run_040,aaps.core.carb_absorption,aaps,True,min_5m_carbimpact=8 mg/dL/5 min; meal_max_absorption_hours=7 h,keep,min_5m_carbimpact=8 mg/dL/5 min; meal_max_absorption_hours=7 h,"No carbohydrate or e-carb entries exist, so these values cannot be compared with meal-linked absorption. Changing them would not correct absent meal data and could alter COB and SMB behavior without measurable evidence."
real_gpt56sol_med_50,run_041,profile.basal.00_00,profile,True,0.6 U/h,keep,0.6 U/h,"Overnight TBR is elevated, but late-evening IOB, SMB/UAM, Dynamic ISF, the 90 mg/dL target, food, corrections, and activity remain competing explanations. Evidence supports verification of this segment, not a numerical change."
real_gpt56sol_med_50,run_041,profile.basal.05_00,profile,True,0.7 U/h,keep,0.7 U/h,"Local 05:00 to 06:00 control is comparatively stable with high TIR. Isolated minima and unknown IOB prevent stronger inference, and no evidence supports changing this segment independently."
real_gpt56sol_med_50,run_041,profile.basal.06_00,profile,True,0.8 U/h,keep,0.8 U/h,"Local 06:00 to 08:00 is among the most stable intervals. The isolated 42 mg/dL reading and absent fasting or activity context create uncertainty, so a change is unsupported."
real_gpt56sol_med_50,run_041,profile.basal.10_00,profile,True,0.7 U/h,keep,0.7 U/h,"Daytime hyperglycemia is meal-compatible and occurs without carb records. CR, meal timing, UAM, Dynamic ISF, and corrections are unresolved dependencies, while later lows argue against inferring insufficient basal."
real_gpt56sol_med_50,run_041,profile.basal.16_00,profile,True,0.5 U/h,keep,0.5 U/h,"High glucose around 16:00 is followed by increased evening low exposure. Meal response and accumulated automated insulin are plausible, so neither an increase for the high nor a decrease for the later low is isolated."
real_gpt56sol_med_50,run_041,profile.basal.18_00,profile,True,0.6 U/h,keep,0.6 U/h,"Local TBR rises at 18:00, but preceding daytime insulin, IOB, SMB/UAM, corrections, activity, and rescue treatment are unknown. A segment change depends on event reconstruction."
real_gpt56sol_med_50,run_041,profile.basal.19_00,profile,True,0.7 U/h,keep,0.7 U/h,"Local 19:00 TBR is 15.3%, but this interval follows afternoon highs and substantial insulin exposure. Evidence establishes risk without separating basal from residual IOB and automation."
real_gpt56sol_med_50,run_041,profile.cr.00_00,profile,True,13 g/U,keep,13 g/U,"No carbohydrate entries or meal-linked responses exist for this segment. Overnight hypoglycemia and unresolved IOB make a stronger ratio unsafe to infer, while no meal evidence supports weakening it."
real_gpt56sol_med_50,run_041,profile.cr.04_00,profile,True,11.1 g/U,keep,11.1 g/U,"The surrounding early-morning interval is stable, but zero recorded carbohydrates prevent CR assessment. Meal timing, bolus execution, and UAM remain unresolved."
real_gpt56sol_med_50,run_041,profile.cr.08_00,profile,True,13.2 g/U,keep,13.2 g/U,"Morning and daytime rises could reflect meals, timing, omitted carb announcements, absorption, or CR, but no carb records separate these explanations. Later low risk argues against strengthening this ratio from aggregate glucose."
real_gpt56sol_med_50,run_041,profile.cr.16_00,profile,True,10.5 g/U,keep,10.5 g/U,"Afternoon hyperglycemia is followed by evening low exposure. Without meal amount, bolus timing, IOB, and full SMB delivery, the 16:00 CR cannot be identified as weak or strong."
real_gpt56sol_med_50,run_041,profile.cr.20_00,profile,True,12.6 g/U,keep,12.6 g/U,"Evening and overnight lows create a safety concern, but no meal-linked data establish that this CR contributes. Basal, target, accumulated IOB, SMB/UAM, and activity remain dependencies."
real_gpt56sol_med_50,run_041,profile.isf.00_00,profile,True,56 mg/dL/U,keep,56 mg/dL/U,"Correction-labelled responses are highly variable and confounded by Dynamic ISF, SMB/UAM, basal changes, meals, and IOB. Variable sensitivity frequently differs from the fixed ISF, so no supported replacement value can be derived."
real_gpt56sol_med_50,run_041,profile.target.00_00,profile,True,90 mg/dL,keep,90 mg/dL,"The target may contribute to overnight insulin pressure, but effective targets varied and late-evening IOB remains unresolved. The low pattern supports a focused verification before selecting a new numerical target."
real_gpt56sol_med_50,run_041,profile.target.08_00,profile,True,100 mg/dL,keep,100 mg/dL,"Daytime highs are meal-compatible, and later lows indicate that lowering the target could increase risk. Meal execution, Dynamic ISF, SMB/UAM, and IOB must be separated first."
real_gpt56sol_med_50,run_041,profile.target.23_00,profile,True,90 mg/dL,keep,90 mg/dL,"TBR is elevated at 23:00 and after midnight, but preceding afternoon and evening insulin exposure is a strong competing explanation. A new target value is unsupported without low-IOB observations."
real_gpt56sol_med_50,run_041,profile.dia,profile,True,10 h,keep,10 h,"Delayed glucose declines show prolonged consequences of prior insulin but do not prove an incorrect action model. Insulin type, Dynamic ISF, repeated SMBs, basal delivery, and undocumented food confound DIA assessment."
real_gpt56sol_med_50,run_041,aaps.core.smb_uam,aaps,True,smb_enabled=true; uam_enabled=true,keep,smb_enabled=true; uam_enabled=true,"SMB and UAM are internally compatible and help respond to daytime rises. Severe low risk is established, but the data do not isolate either core switch from Dynamic ISF, IOB, corrections, basal, targets, and undocumented meals."
real_gpt56sol_med_50,run_041,aaps.core.smb_activation,aaps,True,smb_always_enabled=true; smb_with_cob_enabled=false; smb_after_carbs_enabled=false; smb_with_temp_target_enabled=true; smb_with_high_temp_target_enabled=false,keep,smb_always_enabled=true; smb_with_cob_enabled=false; smb_after_carbs_enabled=false; smb_with_temp_target_enabled=true; smb_with_high_temp_target_enabled=false,"Always-on SMB is materially relevant because COB is generally zero, but no complete event isolates activation from UAM, Dynamic ISF, corrections, and IOB. A numerical or switch change is therefore withheld pending reconstruction."
real_gpt56sol_med_50,run_041,aaps.core.smb_delivery,aaps,True,smb_interval_minutes=3 min; max_smb_basal_minutes=15 min; max_uam_smb_basal_minutes=20 min,keep,smb_interval_minutes=3 min; max_smb_basal_minutes=15 min; max_uam_smb_basal_minutes=20 min,"The configured interval and limits are known, but representative telemetry does not provide every SMB sequence around lows. Dynamic ISF, activation rules, IOB, and meal execution are unresolved dependencies, so changing strength or frequency is unsupported."
real_gpt56sol_med_50,run_041,aaps.core.safety_limits,aaps,True,max_basal_u_per_hour=12 U/h; max_iob_units=25 U,keep,max_basal_u_per_hour=12 U/h; max_iob_units=25 U,"The 25 U maximum IOB is permissive relative to observed IOB of 4.73 to 5.935 U, creating a material review concern. However, the dataset cannot derive a supported replacement, and lower effective basal ceilings sometimes applied. This keep decision withholds an unsupported numerical change rather than confirming the limits are optimal."
real_gpt56sol_med_50,run_041,aaps.core.sensitivity,aaps,True,autosens_enabled=false; dynamic_sensitivity_enabled=true; autosens_raises_target=false; autosens_lowers_target=false; dynamic_isf_adjustment_factor_percent=70 %,keep,autosens_enabled=false; dynamic_sensitivity_enabled=true; autosens_raises_target=false; autosens_lowers_target=false; dynamic_isf_adjustment_factor_percent=70 %,"Dynamic sensitivity sometimes becomes substantially stronger than the profile ISF during highs and is a plausible contributor to IOB accumulation. It cannot be separated from SMB/UAM, meal execution, corrections, and targets, so no supported new factor or switch state is available."
real_gpt56sol_med_50,run_041,aaps.core.carb_absorption,aaps,True,min_5m_carbimpact=8 mg/dL/5 min; meal_max_absorption_hours=7 h,keep,min_5m_carbimpact=8 mg/dL/5 min; meal_max_absorption_hours=7 h,"No carb or e-carb entries exist, so absorption settings cannot be validated. UAM is not duplicate COB counting, and no meal-linked evidence supports changing either value."
real_gpt56sol_med_50,run_042,profile.basal.00_00,profile,True,0.6 U/h,keep,0.6 U/h,"Overnight lows overlap this segment, but residual evening IOB, SMB/UAM, corrections, and the 90 mg/dL target remain unresolved. Keep basal constant so the isolated target proposal can be assessed."
real_gpt56sol_med_50,run_042,profile.basal.05_00,profile,True,0.7 U/h,keep,0.7 U/h,"Aggregate glucose from 05:00 onward is comparatively stable and low exposure declines. An isolated fasting test is absent, so no basal change is supported."
real_gpt56sol_med_50,run_042,profile.basal.06_00,profile,True,0.8 U/h,keep,0.8 U/h,Local 06:00 to 08:00 glucose is largely in range with low aggregate TBR. One isolated severe reading and missing IOB or sensor context do not support a segment change.
real_gpt56sol_med_50,run_042,profile.basal.10_00,profile,True,0.7 U/h,keep,0.7 U/h,"Daytime highs occur in meal-likely periods with no carbohydrate records and active UAM. Meal, CR, Dynamic ISF, and SMB effects must be separated before attributing the pattern to basal."
real_gpt56sol_med_50,run_042,profile.basal.16_00,profile,True,0.5 U/h,keep,0.5 U/h,"The 16:00 high is followed by increasing evening low exposure. Strengthening this segment could worsen delayed hypoglycemia, while reducing it is unsupported without fasting-like evidence."
real_gpt56sol_med_50,run_042,profile.basal.18_00,profile,True,0.6 U/h,keep,0.6 U/h,"Evening lows overlap this segment, but several are preceded by hyperglycemia, corrections, SMB/UAM insulin, and substantial IOB. Keep it unchanged until those effects are separated."
real_gpt56sol_med_50,run_042,profile.basal.19_00,profile,True,0.7 U/h,keep,0.7 U/h,"TBR is high at 19:00, but correction and automated-insulin carryover remain plausible causes. A basal change would conflict with the need to assess target and IOB effects separately."
real_gpt56sol_med_50,run_042,profile.cr.00_00,profile,True,13 g/U,keep,13 g/U,"No carbohydrate amount or identifiable meal bolus is recorded in this segment. Overnight lows cannot be assigned to CR rather than basal, target, corrections, or IOB."
real_gpt56sol_med_50,run_042,profile.cr.04_00,profile,True,11.1 g/U,keep,11.1 g/U,"There is no meal-linked carbohydrate and bolus evidence for this ratio. The aggregate morning period is relatively stable, and CR assessment depends on documented meals."
real_gpt56sol_med_50,run_042,profile.cr.08_00,profile,True,13.2 g/U,keep,13.2 g/U,"Morning and daytime rises could reflect unannounced meals, bolus timing, absorption, or UAM behavior. Without carbohydrate amounts, a stronger or weaker CR is unsupported."
real_gpt56sol_med_50,run_042,profile.cr.16_00,profile,True,10.5 g/U,keep,10.5 g/U,"This stronger ratio overlaps the transition from afternoon highs to evening lows, but no meal bolus is identifiable. Changing it could compound or obscure SMB/UAM and Dynamic ISF effects."
real_gpt56sol_med_50,run_042,profile.cr.20_00,profile,True,12.6 g/U,keep,12.6 g/U,"Overnight low risk exists, but no evening carbohydrate or meal-bolus evidence links it to this ratio. Residual corrections, automation, target, and IOB remain dependencies."
real_gpt56sol_med_50,run_042,profile.isf.00_00,profile,True,56 mg/dL/U,keep,56 mg/dL/U,"Dynamic ISF produces effective sensitivity from approximately 27.8 to 124 mg/dL/U, and response windows include continuing automated insulin. Static ISF should remain fixed until Dynamic ISF and isolated correction effects are separated."
real_gpt56sol_med_50,run_042,profile.target.00_00,profile,True,90 mg/dL,change,100 mg/dL,"The 00:00 to 03:00 interval has recurrent 10.1% to 18.5% TBR and is the strongest safety pattern. Residual IOB and automation create uncertainty, so this less aggressive target is proposed as the only profile change, with all dependent settings held constant."
real_gpt56sol_med_50,run_042,profile.target.08_00,profile,True,100 mg/dL,keep,100 mg/dL,"Daytime highs are meal- and automation-confounded, while later lows argue against a lower target. No evidence supports increasing this target independently."
real_gpt56sol_med_50,run_042,profile.target.23_00,profile,True,90 mg/dL,keep,90 mg/dL,"Low exposure begins before midnight, but changing both overnight target segments together would reduce attribution. Keep this segment unchanged while first assessing the more strongly supported 00:00 change."
real_gpt56sol_med_50,run_042,profile.dia,profile,True,10 h,keep,10 h,"Persistent IOB is relevant, but no isolated bolus-action trace validates a different DIA. DIA changes would alter IOB, corrections, SMB, and Dynamic ISF behavior simultaneously."
real_gpt56sol_med_50,run_042,aaps.core.smb_uam,aaps,True,smb_enabled=true; uam_enabled=true,keep,smb_enabled=true; uam_enabled=true,"UAM and SMB respond to unannounced rises with COB 0 and may contribute to delayed lows, but disabling either is unsupported without meal context and complete delivery sequences. Keep them fixed during the target observation."
real_gpt56sol_med_50,run_042,aaps.core.smb_activation,aaps,True,smb_always_enabled=true; smb_with_cob_enabled=false; smb_after_carbs_enabled=false; smb_with_temp_target_enabled=true; smb_with_high_temp_target_enabled=false,keep,smb_always_enabled=true; smb_with_cob_enabled=false; smb_after_carbs_enabled=false; smb_with_temp_target_enabled=true; smb_with_high_temp_target_enabled=false,"The activation pattern is internally consistent with an unannounced-meal strategy. SMB-always may increase exposure, but meal intent and temporary-target contribution are unresolved, so changing activation alongside the target would obscure causality."
real_gpt56sol_med_50,run_042,aaps.core.smb_delivery,aaps,True,smb_interval_minutes=3 min; max_smb_basal_minutes=15 min; max_uam_smb_basal_minutes=20 min,keep,smb_interval_minutes=3 min; max_smb_basal_minutes=15 min; max_uam_smb_basal_minutes=20 min,"Frequent availability and the larger UAM allowance could contribute to accumulation, but no complete SMB sequence identifies which component should change or supports an alternative value. Hold this group constant during the primary target review."
real_gpt56sol_med_50,run_042,aaps.core.safety_limits,aaps,True,max_basal_u_per_hour=12 U/h; max_iob_units=25 U,keep,max_basal_u_per_hour=12 U/h; max_iob_units=25 U,"The ceilings are permissive relative to scheduled basal and observed IOB, but telemetry does not show that either ceiling was reached or directly caused a low. A safer alternative value cannot be derived from this package and should not be changed with the target."
real_gpt56sol_med_50,run_042,aaps.core.sensitivity,aaps,True,autosens_enabled=false; dynamic_sensitivity_enabled=true; autosens_raises_target=false; autosens_lowers_target=false; dynamic_isf_adjustment_factor_percent=70 %,keep,autosens_enabled=false; dynamic_sensitivity_enabled=true; autosens_raises_target=false; autosens_lowers_target=false; dynamic_isf_adjustment_factor_percent=70 %,"Dynamic ISF is a plausible contributor because effective sensitivity strengthens during highs, but the data do not support a concrete alternative factor. Static ISF, SMB, and target dependencies require this group to remain fixed during the initial observation."
real_gpt56sol_med_50,run_042,aaps.core.carb_absorption,aaps,True,min_5m_carbimpact=8 mg/dL/5 min; meal_max_absorption_hours=7 h,keep,min_5m_carbimpact=8 mg/dL/5 min; meal_max_absorption_hours=7 h,"No announced carbohydrate, COB trace, or e-carb treatment is available. These settings cannot be linked to observed rises or delayed falls and should remain unchanged pending meal-linked evidence."
real_gpt56sol_med_50,run_043,profile.basal.00_00,profile,True,0.6 U/h,keep,0.6 U/h,"Overnight TBR is elevated, but residual evening IOB, automation, the 90 mg/dL target, and undocumented intake remain competing causes. Keep pending fasting-like, low-IOB overnight verification."
real_gpt56sol_med_50,run_043,profile.basal.05_00,profile,True,0.7 U/h,keep,0.7 U/h,"Local glucose around 06:00 is near 99.5 mg/dL with limited TBR, and no isolated fasting evidence shows a segment defect. Interpretation depends on preceding overnight IOB and the adjacent basal segments."
real_gpt56sol_med_50,run_043,profile.basal.06_00,profile,True,0.8 U/h,keep,0.8 U/h,Glucose is generally stable from 06:00 through 08:00 before meal-confounded morning rises. The isolated 07:19 severe low and absent activity or meal records make a numeric change unsupported.
real_gpt56sol_med_50,run_043,profile.basal.10_00,profile,True,0.7 U/h,keep,0.7 U/h,"Daytime hyperglycemia could reflect undocumented meals, CR, prebolus, site issues, UAM response, or Dynamic ISF rather than inadequate basal. No fasting daytime test separates these dependencies."
real_gpt56sol_med_50,run_043,profile.basal.16_00,profile,True,0.5 U/h,keep,0.5 U/h,"The highest hourly glucose occurs near this segment, but it is followed by substantial evening low exposure and elevated IOB in sampled excursions. Strengthening basal would be unsafe without separating meal and automation effects."
real_gpt56sol_med_50,run_043,profile.basal.18_00,profile,True,0.6 U/h,keep,0.6 U/h,"Local TBR is 7.7% at 18:00, but the fall may originate from earlier SMB/UAM, corrections, Dynamic ISF, or activity. Complete preceding insulin histories are required before attributing the pattern to this basal segment."
real_gpt56sol_med_50,run_043,profile.basal.19_00,profile,True,0.7 U/h,keep,0.7 U/h,"Local TBR reaches 15.3% at 19:00, creating concern, but scheduled basal is confounded by earlier daytime insulin and closed-loop temporary basal. Keep while excursion-level IOB and enacted delivery are reviewed."
real_gpt56sol_med_50,run_043,profile.cr.00_00,profile,True,13 g/U,keep,13 g/U,"There are no entered carbohydrate amounts or meal-linked boluses for this interval. CR cannot be separated from overnight basal, targets, SMB/UAM, and residual IOB."
real_gpt56sol_med_50,run_043,profile.cr.04_00,profile,True,11.1 g/U,keep,11.1 g/U,"Morning rises may represent breakfast or dawn effects, but no carb amount, prebolus, or immediate bolus percentage is available. Hypoglycemia risk and automation dependencies make a CR change unsupported."
real_gpt56sol_med_50,run_043,profile.cr.08_00,profile,True,13.2 g/U,keep,13.2 g/U,"Morning and afternoon highs are meal-confounded, while later falls suggest substantial catch-up insulin. A documented repeated meal is required before deciding whether this CR is weak."
real_gpt56sol_med_50,run_043,profile.cr.16_00,profile,True,10.5 g/U,keep,10.5 g/U,"This is the strongest CR segment, and the period shows marked evening hypoglycemia after daytime highs. Without meal amount and bolus execution, strengthening it could compound SMB/UAM and Dynamic ISF exposure."
real_gpt56sol_med_50,run_043,profile.cr.20_00,profile,True,12.6 g/U,keep,12.6 g/U,"Late-evening and overnight lows create a safety constraint, but no meal-linked data establish that this CR is responsible. Basal, targets, prior corrections, and IOB remain unresolved dependencies."
real_gpt56sol_med_50,run_043,profile.isf.00_00,profile,True,56 mg/dL/U,keep,56 mg/dL/U,"Correction responses vary widely, and Dynamic ISF changes effective sensitivity from approximately 27.8 to 124 mg/dL/U in samples. The profile ISF cannot be isolated from SMB/UAM, temporary basal, meals, and IOB."
real_gpt56sol_med_50,run_043,profile.target.00_00,profile,True,90 mg/dL,keep,90 mg/dL,"The low overnight target may reduce safety margin, but the data do not separate its effect from scheduled basal and residual evening insulin. Keep pending comparable low-IOB overnight observations."
real_gpt56sol_med_50,run_043,profile.target.08_00,profile,True,100 mg/dL,keep,100 mg/dL,"Daytime highs do not prove that this target is inappropriate, and later lows may reflect catch-up insulin rather than target pressure. Meal and automation dependencies remain unresolved."
real_gpt56sol_med_50,run_043,profile.target.23_00,profile,True,90 mg/dL,keep,90 mg/dL,"TBR is already elevated at 23:00 and increases after midnight, so this segment warrants focused verification. A numeric change is withheld because preceding evening IOB, food, corrections, and automation are unavailable."
real_gpt56sol_med_50,run_043,profile.dia,profile,True,10 h,keep,10 h,"Several excursions continue falling four to six hours after correction activity, supporting continued recognition of prolonged IOB. Insulin-model details and complete dose sequences are insufficient to support a different DIA."
real_gpt56sol_med_50,run_043,aaps.core.smb_uam,aaps,True,smb_enabled=true; uam_enabled=true,keep,smb_enabled=true; uam_enabled=true,"SMB/UAM plausibly contributes to catch-up insulin and later IOB, but it also responds effectively to undocumented rises and is not shown duplicating COB. Complete meal and SMB sequences are needed before changing either feature."
real_gpt56sol_med_50,run_043,aaps.core.smb_activation,aaps,True,smb_always_enabled=true; smb_with_cob_enabled=false; smb_after_carbs_enabled=false; smb_with_temp_target_enabled=true; smb_with_high_temp_target_enabled=false,keep,smb_always_enabled=true; smb_with_cob_enabled=false; smb_after_carbs_enabled=false; smb_with_temp_target_enabled=true; smb_with_high_temp_target_enabled=false,"Broad SMB availability may amplify unannounced-meal catch-up, while disabling SMB with high temporary targets is safety-consistent. The net effect cannot be separated from SMB limits, Dynamic ISF, IOB, and absent carb entries."
real_gpt56sol_med_50,run_043,aaps.core.smb_delivery,aaps,True,smb_interval_minutes=3 min; max_smb_basal_minutes=15 min; max_uam_smb_basal_minutes=20 min,keep,smb_interval_minutes=3 min; max_smb_basal_minutes=15 min; max_uam_smb_basal_minutes=20 min,"Frequent eligibility and the higher UAM limit provide a plausible IOB-accumulation mechanism, but total SMB insulin per excursion is unavailable. Changing these values with activation or Dynamic ISF would obscure causality."
real_gpt56sol_med_50,run_043,aaps.core.safety_limits,aaps,True,max_basal_u_per_hour=12 U/h; max_iob_units=25 U,keep,max_basal_u_per_hour=12 U/h; max_iob_units=25 U,"The limits are permissive relative to 0.5-0.8 U/h scheduled basal and observed insulin use, creating a material safety-review issue. Sampled effective caps were lower and neither configured ceiling is proven causal, so no replacement value is supported without maximum enacted-delivery data."
real_gpt56sol_med_50,run_043,aaps.core.sensitivity,aaps,True,autosens_enabled=false; dynamic_sensitivity_enabled=true; autosens_raises_target=false; autosens_lowers_target=false; dynamic_isf_adjustment_factor_percent=70 %,keep,autosens_enabled=false; dynamic_sensitivity_enabled=true; autosens_raises_target=false; autosens_lowers_target=false; dynamic_isf_adjustment_factor_percent=70 %,"Dynamic ISF is a credible contributor to stronger high-glucose corrections, but no isolated corrections establish that the 70% factor is inappropriate. It depends on SMB/UAM, profile ISF, CR, IOB, and meal execution and should not be changed with them."
real_gpt56sol_med_50,run_043,aaps.core.carb_absorption,aaps,True,min_5m_carbimpact=8 mg/dL/5 min; meal_max_absorption_hours=7 h,keep,min_5m_carbimpact=8 mg/dL/5 min; meal_max_absorption_hours=7 h,"No carb or e-carb treatments are available, and representative loops generally report COB 0. Meal-linked evidence is required before attributing glucose patterns to these absorption values."
real_gpt56sol_med_50,run_044,profile.basal.00_00,profile,True,0.6 U/h,keep,0.6 U/h,"Overnight lows overlap this segment, but evening IOB carryover, corrections, SMBs, activity, and rescue carbohydrates remain plausible. Keep basal unchanged while testing the isolated overnight target candidate."
real_gpt56sol_med_50,run_044,profile.basal.05_00,profile,True,0.7 U/h,keep,0.7 U/h,"The 05:00 hour averaged 104.2 mg/dL with 4.8% below range, but no fasting-labelled data isolate basal. This segment also depends on overnight IOB and the proposed target observation."
real_gpt56sol_med_50,run_044,profile.basal.06_00,profile,True,0.8 U/h,keep,0.8 U/h,The 06:00 to 08:00 period was comparatively stable and does not establish a recurring rise or fall caused by this basal. One isolated 42 mg/dL event is insufficient without IOB and activity context.
real_gpt56sol_med_50,run_044,profile.basal.10_00,profile,True,0.7 U/h,keep,0.7 U/h,"Late-morning and afternoon highs may reflect unrecorded meals, bolus timing, CR, UAM, or Dynamic ISF rather than basal. Later evening lows make an increase unsupported."
real_gpt56sol_med_50,run_044,profile.basal.16_00,profile,True,0.5 U/h,keep,0.5 U/h,"The largest hourly high exposure overlaps this segment, but it is followed by increased low exposure at 18:00 and 19:00. Meal and accumulated automated-insulin effects must be separated before changing basal."
real_gpt56sol_med_50,run_044,profile.basal.18_00,profile,True,0.6 U/h,keep,0.6 U/h,"Time below range was 7.7% at 18:00, but preceding corrections, SMBs, IOB, meals, and activity are unresolved. The evidence does not isolate this basal segment."
real_gpt56sol_med_50,run_044,profile.basal.19_00,profile,True,0.7 U/h,keep,0.7 U/h,"Time below range reached 15.3% at 19:00, but the pattern follows afternoon hyperglycaemia and automated correction. Keep this segment unchanged until preceding IOB is separated from basal effect."
real_gpt56sol_med_50,run_044,profile.cr.00_00,profile,True,13 g/U,keep,13 g/U,"There are no meal-linked carb amounts or boluses in this interval. Overnight lows cannot be assigned to this CR rather than IOB, basal, target, or low treatment."
real_gpt56sol_med_50,run_044,profile.cr.04_00,profile,True,11.1 g/U,keep,11.1 g/U,"Morning rises are visible, but no carb amount, prebolus timing, immediate bolus percentage, or meal dose exists to test this CR. UAM and Dynamic ISF are major dependencies."
real_gpt56sol_med_50,run_044,profile.cr.08_00,profile,True,13.2 g/U,keep,13.2 g/U,Daytime highs could reflect unannounced meals or delayed insulin rather than a weak CR. Strengthening this ratio is unsupported given subsequent low exposure.
real_gpt56sol_med_50,run_044,profile.cr.16_00,profile,True,10.5 g/U,keep,10.5 g/U,"This stronger CR overlaps the afternoon-high to evening-low transition, but no meal-linked dose proves that it contributed. Meal execution, SMBs, Dynamic ISF, and IOB remain unresolved."
real_gpt56sol_med_50,run_044,profile.cr.20_00,profile,True,12.6 g/U,keep,12.6 g/U,"Late-evening and overnight lows exist, but no recorded meal permits assessment of this CR. Preceding automated insulin and the overnight target are stronger dependencies."
real_gpt56sol_med_50,run_044,profile.isf.00_00,profile,True,56 mg/dL/U,keep,56 mg/dL/U,"Correction-associated falls are concerning, but Dynamic ISF sometimes used effective sensitivities near 28 to 43 mg/dL/U. The static ISF cannot be isolated from Dynamic ISF, SMBs, IOB, meals, and targets."
real_gpt56sol_med_50,run_044,profile.target.00_00,profile,True,90 mg/dL,change,100 mg/dL,"Time below range was repeatedly high from 00:00 to 03:00, including 18.5% at 01:00. A 100 mg/dL candidate adds overnight safety margin and matches an existing target value elsewhere in the profile. Evening IOB remains uncertain, so this should be the only initial change."
real_gpt56sol_med_50,run_044,profile.target.08_00,profile,True,100 mg/dL,keep,100 mg/dL,"Daytime highs are confounded by unrecorded meals, UAM, Dynamic ISF, and bolus timing. Changing this target together with the overnight target would prevent attribution."
real_gpt56sol_med_50,run_044,profile.target.23_00,profile,True,90 mg/dL,keep,90 mg/dL,"Low exposure is present near 23:00, but the primary test is limited to the 00:00 segment to preserve attribution. Reassess this segment only after reviewing 23:00 to 00:00 glucose and IOB under the isolated change."
real_gpt56sol_med_50,run_044,profile.dia,profile,True,10 h,keep,10 h,"The long DIA retains substantial IOB, but repeated SMBs and corrections prevent a clean duration assessment. No evidence supports a different numerical DIA independently of automation and meal effects."
real_gpt56sol_med_50,run_044,aaps.core.smb_uam,aaps,True,smb_enabled=true; uam_enabled=true,keep,smb_enabled=true; uam_enabled=true,"UAM is responding to COB-zero rises and is not duplicating recorded COB. Although accumulated insulin is a concern, core switch changes are unsupported without complete SMB sequences and meal context, and they should not accompany the target change."
real_gpt56sol_med_50,run_044,aaps.core.smb_activation,aaps,True,smb_always_enabled=true; smb_with_cob_enabled=false; smb_after_carbs_enabled=false; smb_with_temp_target_enabled=true; smb_with_high_temp_target_enabled=false,keep,smb_always_enabled=true; smb_with_cob_enabled=false; smb_after_carbs_enabled=false; smb_with_temp_target_enabled=true; smb_with_high_temp_target_enabled=false,"Broad SMB eligibility may contribute to cumulative IOB, but Dynamic ISF, meal execution, effective targets, and repeated dosing are unresolved dependencies. The high-temp-target exclusion is directionally protective."
real_gpt56sol_med_50,run_044,aaps.core.smb_delivery,aaps,True,smb_interval_minutes=3 min; max_smb_basal_minutes=15 min; max_uam_smb_basal_minutes=20 min,keep,smb_interval_minutes=3 min; max_smb_basal_minutes=15 min; max_uam_smb_basal_minutes=20 min,"Frequent reassessment and the higher UAM cap may contribute to cumulative delivery, but snapshots do not identify which component caused later lows. Changing interval and caps with the target or Dynamic ISF would prevent attribution."
real_gpt56sol_med_50,run_044,aaps.core.safety_limits,aaps,True,max_basal_u_per_hour=12 U/h; max_iob_units=25 U,keep,max_basal_u_per_hour=12 U/h; max_iob_units=25 U,"These limits are permissive relative to profile basal and observed risk, but actual IOB remained below 25 U and another maxSafeBasal calculation constrained delivery. No supported replacement values can be derived without complete delivery and safety-limit traces."
real_gpt56sol_med_50,run_044,aaps.core.sensitivity,aaps,True,autosens_enabled=false; dynamic_sensitivity_enabled=true; autosens_raises_target=false; autosens_lowers_target=false; dynamic_isf_adjustment_factor_percent=70 %,keep,autosens_enabled=false; dynamic_sensitivity_enabled=true; autosens_raises_target=false; autosens_lowers_target=false; dynamic_isf_adjustment_factor_percent=70 %,"Dynamic ISF plausibly strengthens the high-to-low response, but its effect cannot be separated from UAM, SMBs, targets, IOB, and unrecorded meals. Sensitivity ratio 1 is neutral and does not contradict disabled Autosens. Keep this group stable during the target test."
real_gpt56sol_med_50,run_044,aaps.core.carb_absorption,aaps,True,min_5m_carbimpact=8 mg/dL/5 min; meal_max_absorption_hours=7 h,keep,min_5m_carbimpact=8 mg/dL/5 min; meal_max_absorption_hours=7 h,"No carb or e-carb entries activated the announced-carbohydrate model, so neither value can be validated. Meal-linked evidence must separate absorption from IOB, SMBs, temporary targets, and corrections before a change."
real_gpt56sol_med_50,run_045,profile.basal.00_00,profile,True,0.6 U/h,keep,0.6 U/h,"Evidence shows overnight lows, but uncertainty from preceding corrections, SMB/UAM, targets, and IOB prevents assigning them to basal. This decision depends on evaluating the 00:00 target change first."
real_gpt56sol_med_50,run_045,profile.basal.05_00,profile,True,0.7 U/h,keep,0.7 U/h,"Evidence shows only a mild low tendency around 05:00-06:00. Uncertainty from overnight IOB remains, and assessment depends on a fasting-like observation after the target review."
real_gpt56sol_med_50,run_045,profile.basal.06_00,profile,True,0.8 U/h,keep,0.8 U/h,"Evidence does not show recurrent low exposure at 08:00 and the later rise may be meal-related. Missing meal context creates uncertainty, so this decision depends on fasting or meal-linked data."
real_gpt56sol_med_50,run_045,profile.basal.10_00,profile,True,0.7 U/h,keep,0.7 U/h,"Evidence shows daytime hyperglycemia, but absent carbohydrate data and active UAM/SMB make a basal deficit uncertain. This decision depends on meal-linked or fasting observations."
real_gpt56sol_med_50,run_045,profile.basal.16_00,profile,True,0.5 U/h,keep,0.5 U/h,"Evidence shows a 16:00 high period followed by declining glucose and later lows. Uncertainty about meals, corrections, Dynamic ISF, and IOB makes more basal unsafe to infer; reassessment depends on complete post-high timelines."
real_gpt56sol_med_50,run_045,profile.basal.18_00,profile,True,0.6 U/h,keep,0.6 U/h,"Evidence shows elevated low exposure around 18:00-19:00, but preceding automated and correction insulin is a strong competing cause. This decision depends on isolating basal from prior IOB."
real_gpt56sol_med_50,run_045,profile.basal.19_00,profile,True,0.7 U/h,keep,0.7 U/h,"Evidence includes 15.3% TBR at 19:00, but uncertainty from treatment of earlier highs prevents attributing this to the basal segment. Review depends on a complete preceding insulin timeline."
real_gpt56sol_med_50,run_045,profile.cr.00_00,profile,True,13 g/U,keep,13 g/U,"There is no meal-linked evidence for this CR. Uncertainty is high because carbohydrate amount and bolus execution are absent, and evaluation depends on recorded meals."
real_gpt56sol_med_50,run_045,profile.cr.04_00,profile,True,11.1 g/U,keep,11.1 g/U,"Morning rises are observed, but no carbohydrate amount, prebolus, or immediate percentage is available. The uncertainty depends on separating meal timing, UAM/SMB, and basal effects."
real_gpt56sol_med_50,run_045,profile.cr.08_00,profile,True,13.2 g/U,keep,13.2 g/U,"Evidence shows daytime highs but no meal-linked dosing information. Uncertainty from unannounced meals, timing, Dynamic ISF, and UAM means any CR change depends on recurring meal observations."
real_gpt56sol_med_50,run_045,profile.cr.16_00,profile,True,10.5 g/U,keep,10.5 g/U,"Afternoon highs are followed by evening lows, which argues against strengthening this CR without meal evidence. Uncertainty from IOB and automation requires meal-linked six-hour data first."
real_gpt56sol_med_50,run_045,profile.cr.20_00,profile,True,12.6 g/U,keep,12.6 g/U,"Late glucose patterns include substantial low exposure and residual IOB. No meal-linked evidence supports changing this CR, and review depends on separating evening meals from corrections and automation."
real_gpt56sol_med_50,run_045,profile.isf.00_00,profile,True,56 mg/dL/U,keep,56 mg/dL/U,"Representative effective sensitivity varied widely under Dynamic ISF, so correction outcomes do not isolate the static ISF. Uncertainty from SMB/UAM, temporary basal, food, activity, and IOB means this decision depends on isolated correction evidence."
real_gpt56sol_med_50,run_045,profile.target.00_00,profile,True,90 mg/dL,change,100 mg/dL,"Evidence shows recurrent local TBR of approximately 10-18.5% from 00:00 through 03:00. Residual IOB remains uncertain, but hypoglycemia risk supports a modest safety-margin candidate; evaluation depends on holding basal and automation constant."
real_gpt56sol_med_50,run_045,profile.target.08_00,profile,True,100 mg/dL,keep,100 mg/dL,"Daytime highs are observed, but meals and automation are unresolved and recurrent lows constrain a lower target. This decision depends on meal-linked evidence rather than hourly glucose alone."
real_gpt56sol_med_50,run_045,profile.target.23_00,profile,True,90 mg/dL,keep,90 mg/dL,"Evidence shows 10.1% TBR at 23:00, but changing both adjacent target segments together would obscure attribution. Uncertainty from evening IOB remains, so this decision depends on first observing the isolated 00:00 target change."
real_gpt56sol_med_50,run_045,profile.dia,profile,True,10 h,keep,10 h,Evidence shows glucose effects through four to six hours but provides no observations beyond six hours that can validate the full DIA. Uncertainty from overlapping insulin and meals means review depends on complete IOB-response data.
real_gpt56sol_med_50,run_045,aaps.core.smb_uam,aaps,True,smb_enabled=true; uam_enabled=true,keep,smb_enabled=true; uam_enabled=true,"Evidence shows UAM/SMB responding to rises with COB zero and substantial IOB in some episodes, but causality is uncertain because Dynamic ISF, corrections, and temporary basal overlap. This decision depends on evaluating the target change and complete insulin timelines first."
real_gpt56sol_med_50,run_045,aaps.core.smb_activation,aaps,True,smb_always_enabled=true; smb_with_cob_enabled=false; smb_after_carbs_enabled=false; smb_with_temp_target_enabled=true; smb_with_high_temp_target_enabled=false,keep,smb_always_enabled=true; smb_with_cob_enabled=false; smb_after_carbs_enabled=false; smb_with_temp_target_enabled=true; smb_with_high_temp_target_enabled=false,The activation settings are internally coherent and no individual condition is isolated as causal. Uncertainty from absent meal announcements and overlapping automation means any change depends on meal-linked and post-high reconstruction.
real_gpt56sol_med_50,run_045,aaps.core.smb_delivery,aaps,True,smb_interval_minutes=3 min; max_smb_basal_minutes=15 min; max_uam_smb_basal_minutes=20 min,keep,smb_interval_minutes=3 min; max_smb_basal_minutes=15 min; max_uam_smb_basal_minutes=20 min,"Evidence suggests possible insulin accumulation, but the configured interval and SMB limits are not independently linked to an event. Uncertainty from Dynamic ISF and other insulin requires assessment after the target change with full SMB and IOB timelines."
real_gpt56sol_med_50,run_045,aaps.core.safety_limits,aaps,True,max_basal_u_per_hour=12 U/h; max_iob_units=25 U,keep,max_basal_u_per_hour=12 U/h; max_iob_units=25 U,"The limits are permissive relative to profile basal and observed IOB, but evidence does not show either ceiling being reached or causing a low. Exact safer replacements are unsupported; review depends on complete delivery and IOB trajectories."
real_gpt56sol_med_50,run_045,aaps.core.sensitivity,aaps,True,autosens_enabled=false; dynamic_sensitivity_enabled=true; autosens_raises_target=false; autosens_lowers_target=false; dynamic_isf_adjustment_factor_percent=70 %,keep,autosens_enabled=false; dynamic_sensitivity_enabled=true; autosens_raises_target=false; autosens_lowers_target=false; dynamic_isf_adjustment_factor_percent=70 %,"Evidence shows Dynamic ISF sometimes produced much stronger effective sensitivity than the static ISF, making it a plausible contributor to post-high lows. Its independent effect remains uncertain because SMB/UAM and corrections overlap; reassessment depends on first testing the target change alone."
real_gpt56sol_med_50,run_045,aaps.core.carb_absorption,aaps,True,min_5m_carbimpact=8 mg/dL/5 min; meal_max_absorption_hours=7 h,keep,min_5m_carbimpact=8 mg/dL/5 min; meal_max_absorption_hours=7 h,"There are no regular carb or e-carb entries with which to test these values. Uncertainty is therefore high, and any change depends on meal-linked carbohydrate and six-hour response data."
real_gpt56sol_med_50,run_046,profile.basal.00_00,profile,True,0.6 U/h,keep,0.6 U/h,"Overnight low exposure is present, but meal, correction, SMB/UAM, Dynamic ISF, target, activity, and residual IOB effects are unresolved. Keep pending low-confounder overnight verification."
real_gpt56sol_med_50,run_046,profile.basal.05_00,profile,True,0.7 U/h,keep,0.7 U/h,"The aggregate 04:00 to 08:00 interval was comparatively stable. One isolated severe reading does not isolate this segment, and sensor reliability, IOB, and activity remain uncertain."
real_gpt56sol_med_50,run_046,profile.basal.06_00,profile,True,0.8 U/h,keep,0.8 U/h,"Local 06:00 to 08:00 data were mostly in range without a recurring rise. The isolated 07:20 low is insufficient for a segment change without insulin, activity, and sensor context."
real_gpt56sol_med_50,run_046,profile.basal.10_00,profile,True,0.7 U/h,keep,0.7 U/h,"Daytime highs occur in meal-adjacent hours. Missing meal records and dependencies on CR, UAM/SMB, Dynamic ISF, and corrections prevent attribution to basal."
real_gpt56sol_med_50,run_046,profile.basal.16_00,profile,True,0.5 U/h,keep,0.5 U/h,"Afternoon highs are followed by evening low exposure. Increasing basal could worsen delayed lows, while decreasing it is unsupported without fasting-like data; meal insulin and IOB remain major dependencies."
real_gpt56sol_med_50,run_046,profile.basal.18_00,profile,True,0.6 U/h,keep,0.6 U/h,"Time below range rises during this interval, but preceding meal, correction, SMB/UAM, Dynamic ISF, and IOB effects are unresolved. A basal-specific reduction cannot be selected safely."
real_gpt56sol_med_50,run_046,profile.basal.19_00,profile,True,0.7 U/h,keep,0.7 U/h,"Local 19:00 time below range was 15.3%, but this follows afternoon hyperglycemia and substantial automated or correction exposure. Keep until delayed IOB is separated from basal."
real_gpt56sol_med_50,run_046,profile.cr.00_00,profile,True,13 g/U,keep,13 g/U,"No meal-linked carbohydrate or bolus data support assessing this CR. Overnight lows may instead depend on corrections, automation, target, basal, activity, and IOB."
real_gpt56sol_med_50,run_046,profile.cr.04_00,profile,True,11.1 g/U,keep,11.1 g/U,"Zero carbohydrate entries prevent CR assessment, while the early-morning aggregate is relatively stable. Meal execution and automation effects remain unknown."
real_gpt56sol_med_50,run_046,profile.cr.08_00,profile,True,13.2 g/U,keep,13.2 g/U,"Morning and afternoon rises may be meal-related, but carbohydrate amount, prebolus, immediate percentage, absorption, SMB/UAM, and IOB are unavailable."
real_gpt56sol_med_50,run_046,profile.cr.16_00,profile,True,10.5 g/U,keep,10.5 g/U,"Afternoon highs are followed by marked evening declines, so strengthening this CR could worsen low risk. Weakening it is also unsupported without meal-linked observations."
real_gpt56sol_med_50,run_046,profile.cr.20_00,profile,True,12.6 g/U,keep,12.6 g/U,"No meal-linked carbohydrate data exist, and overnight low exposure depends on evening meal timing, corrections, SMB/UAM, Dynamic ISF, DIA, and IOB."
real_gpt56sol_med_50,run_046,profile.isf.00_00,profile,True,56 mg/dL/U,keep,56 mg/dL/U,"Dynamic ISF changed effective sensitivity from approximately 27.8 to 124 mg/dL/U, so the base ISF cannot be isolated. Correction windows also contain ongoing automated insulin and unresolved food or activity effects."
real_gpt56sol_med_50,run_046,profile.target.00_00,profile,True,90 mg/dL,keep,90 mg/dL,"Overnight low exposure suggests limited safety margin, but target effects remain confounded by basal, evening corrections, SMB/UAM, Dynamic ISF, temporary targets, and residual IOB. Verify overnight conditions before a numeric change."
real_gpt56sol_med_50,run_046,profile.target.08_00,profile,True,100 mg/dL,keep,100 mg/dL,"Daytime highs and later lows cannot be resolved by target alone. Meal handling, CR, Dynamic ISF, SMB/UAM, corrections, and IOB are unresolved dependencies."
real_gpt56sol_med_50,run_046,profile.target.23_00,profile,True,90 mg/dL,keep,90 mg/dL,"Late-evening time below range is elevated, but recent meals, corrections, automation, and IOB have not been separated. Keep pending the same overnight verification used for the 00:00 target."
real_gpt56sol_med_50,run_046,profile.dia,profile,True,10 h,keep,10 h,"Several windows show effects over four to six hours, but continued automated delivery prevents validation of true action duration. DIA should not change with ISF or automation settings before isolated observations exist."
real_gpt56sol_med_50,run_046,aaps.core.smb_uam,aaps,True,smb_enabled=true; uam_enabled=true,keep,smb_enabled=true; uam_enabled=true,"SMB/UAM addresses unannounced rises but may contribute to IOB accumulation. No complete dose sequence isolates this group from Dynamic ISF, meals, corrections, CR, DIA, or targets, so a binary change is unsupported."
real_gpt56sol_med_50,run_046,aaps.core.smb_activation,aaps,True,smb_always_enabled=true; smb_with_cob_enabled=false; smb_after_carbs_enabled=false; smb_with_temp_target_enabled=true; smb_with_high_temp_target_enabled=false,keep,smb_always_enabled=true; smb_with_cob_enabled=false; smb_after_carbs_enabled=false; smb_with_temp_target_enabled=true; smb_with_high_temp_target_enabled=false,"The configuration is internally coherent, but intended meal-announcement behavior is not declared. Zero carb entries and dependencies on UAM, temporary targets, Dynamic ISF, and IOB prevent selecting a different activation combination."
real_gpt56sol_med_50,run_046,aaps.core.smb_delivery,aaps,True,smb_interval_minutes=3 min; max_smb_basal_minutes=15 min; max_uam_smb_basal_minutes=20 min,keep,smb_interval_minutes=3 min; max_smb_basal_minutes=15 min; max_uam_smb_basal_minutes=20 min,"Severe-low risk rules out stronger delivery, but the package does not isolate which interval or cap would be safer. Dynamic ISF, IOB, meal handling, and correction behavior must be reviewed first."
real_gpt56sol_med_50,run_046,aaps.core.safety_limits,aaps,True,max_basal_u_per_hour=12 U/h; max_iob_units=25 U,keep,max_basal_u_per_hour=12 U/h; max_iob_units=25 U,"The limits are permissive relative to scheduled basal and observed IOB, but neither ceiling was reached and no exact safer replacement is supported. Review this group separately after complete insulin-delivery sequences are available."
real_gpt56sol_med_50,run_046,aaps.core.sensitivity,aaps,True,autosens_enabled=false; dynamic_sensitivity_enabled=true; autosens_raises_target=false; autosens_lowers_target=false; dynamic_isf_adjustment_factor_percent=70 %,keep,autosens_enabled=false; dynamic_sensitivity_enabled=true; autosens_raises_target=false; autosens_lowers_target=false; dynamic_isf_adjustment_factor_percent=70 %,"Dynamic ISF materially strengthens effective sensitivity at high glucose and is a plausible contributor to later lows, but meal, correction, SMB/UAM, base ISF, DIA, target, and IOB effects remain inseparable. No supported replacement percentage exists."
real_gpt56sol_med_50,run_046,aaps.core.carb_absorption,aaps,True,min_5m_carbimpact=8 mg/dL/5 min; meal_max_absorption_hours=7 h,keep,min_5m_carbimpact=8 mg/dL/5 min; meal_max_absorption_hours=7 h,"No recorded carbohydrate or e-carb entry exercised this model. Meal-linked amount, timing, absorption, IOB, SMB, temporary-target, and correction evidence is required before changing either component."
real_gpt56sol_med_50,run_047,profile.basal.00_00,profile,True,0.6 U/h,keep,0.6 U/h,"Overnight lows are evident, but scheduled basal is confounded by the 90 mg/dL target, prior IOB, temporary basal, SMB/UAM, meals, and corrections. Evidence supports addressing the target first; uncertainty about fasting behavior and dependence on automation make a basal change unsupported."
real_gpt56sol_med_50,run_047,profile.basal.05_00,profile,True,0.7 U/h,keep,0.7 U/h,"Glucose is comparatively stable from 05:00 onward, and no recurring segment-specific defect is visible. Uncertainty from automated delivery and the isolated 07:00 low, plus dependence on fasting and IOB context, supports keeping this value."
real_gpt56sol_med_50,run_047,profile.basal.06_00,profile,True,0.8 U/h,keep,0.8 U/h,The 06:00 to 08:00 aggregate pattern has low TBR and no consistent rise or fall despite this being the highest scheduled basal. One severe reading does not isolate the segment; uncertainty about sensor confirmation and dependence on prior insulin support keeping it.
real_gpt56sol_med_50,run_047,profile.basal.10_00,profile,True,0.7 U/h,keep,0.7 U/h,"Late-morning and afternoon hyperglycemia is observed, but absent meal records, COB at zero, UAM activity, corrections, and delayed absorption remain stronger competing explanations. Because basal attribution depends on fasting-like data, a change is unsupported."
real_gpt56sol_med_50,run_047,profile.basal.16_00,profile,True,0.5 U/h,keep,0.5 U/h,"High glucose often persists near 16:00 but is followed by increased evening low risk. This opposing pattern may reflect meal absorption and accumulated automated insulin; uncertainty and dependence on SMB/UAM, Dynamic ISF, and IOB argue against increasing basal."
real_gpt56sol_med_50,run_047,profile.basal.18_00,profile,True,0.6 U/h,keep,0.6 U/h,"TBR rises during the 18:00 to 19:00 period, but preceding correction and automated insulin exposure is unresolved. Evidence does not separate scheduled basal from accumulated IOB, so the value should remain stable while those dependencies are assessed."
real_gpt56sol_med_50,run_047,profile.basal.19_00,profile,True,0.7 U/h,keep,0.7 U/h,"Local TBR is 15.3% at 19:00, but this follows afternoon highs and substantial automated insulin exposure. Meal, correction, activity, Dynamic ISF, and IOB uncertainty prevents assigning the lows to this basal segment."
real_gpt56sol_med_50,run_047,profile.cr.00_00,profile,True,13 g/U,keep,13 g/U,"There are no meal-linked carbohydrate records for this segment. Overnight lows could involve prior meal or correction insulin, but CR cannot be separated from target, IOB, SMB/UAM, and basal, so a change is unsupported."
real_gpt56sol_med_50,run_047,profile.cr.04_00,profile,True,11.1 g/U,keep,11.1 g/U,"No declared or observed meal response supports assessing this CR segment. Stable early-morning aggregate glucose and uncertainty about meal execution, IOB, and automation support keeping it."
real_gpt56sol_med_50,run_047,profile.cr.08_00,profile,True,13.2 g/U,keep,13.2 g/U,"Morning and midday rises are visible, but unrecorded meals, absent prebolus data, UAM handling, Dynamic ISF, and delayed absorption remain plausible. CR assessment depends on meal-linked six-hour data, which are absent."
real_gpt56sol_med_50,run_047,profile.cr.16_00,profile,True,10.5 g/U,keep,10.5 g/U,"This strongest CR overlaps afternoon highs followed by evening low risk, but no carbohydrate entries establish whether it was used for meals. Dependence on meal timing, SMB/UAM, Dynamic ISF, corrections, and IOB makes either strengthening or weakening unsupported."
real_gpt56sol_med_50,run_047,profile.cr.20_00,profile,True,12.6 g/U,keep,12.6 g/U,"Late-evening and overnight lows could involve dinner insulin, but no dinner amount, timing, or bolus execution is available. Uncertainty and dependence on the overnight target, DIA, SMB/UAM, and residual IOB support keeping this value."
real_gpt56sol_med_50,run_047,profile.isf.00_00,profile,True,56 mg/dL/U,keep,56 mg/dL/U,"Correction responses vary widely, and Dynamic ISF frequently substituted effective sensitivities from approximately 28 to 124 mg/dL/U. Static ISF cannot be isolated from Dynamic ISF, SMB/UAM, meals, targets, and additional insulin, so no replacement value is supported."
real_gpt56sol_med_50,run_047,profile.target.00_00,profile,True,90 mg/dL,change,100 mg/dL,"TBR is approximately 10% to 19% from 00:00 to 03:00, with documented severe lows. Prior IOB, meals, corrections, basal, and SMB/UAM remain uncertain, but raising the target is a conservative single-variable review that avoids directly increasing or recalibrating insulin delivery. All dependent settings should remain stable during verification."
real_gpt56sol_med_50,run_047,profile.target.08_00,profile,True,100 mg/dL,keep,100 mg/dL,"Daytime highs and later lows do not identify the daytime target as the primary cause. Meal execution, Dynamic ISF, SMB/UAM, corrections, and IOB remain unresolved dependencies, so changing this target is unsupported."
real_gpt56sol_med_50,run_047,profile.target.23_00,profile,True,90 mg/dL,keep,90 mg/dL,"TBR is elevated at 23:00, but the initial review is intentionally limited to the more strongly affected 00:00 to 03:00 segment to preserve single-change interpretation. Prior evening insulin and meal effects remain uncertain, so this segment should be reconsidered only after the 00:00 target assessment."
real_gpt56sol_med_50,run_047,profile.dia,profile,True,10 h,keep,10 h,"Delayed declines make insulin-action accounting relevant, but the data do not show whether the 10-hour model overstates or understates residual action. DIA depends on the insulin model, complete delivery history, Dynamic ISF, and SMB/UAM, so changing it could conceal another cause."
real_gpt56sol_med_50,run_047,aaps.core.smb_uam,aaps,True,smb_enabled=true; uam_enabled=true,keep,smb_enabled=true; uam_enabled=true,"SMB/UAM respond to observed rises with COB at zero and may contribute to later IOB, but the evidence does not isolate their net effect from meals, Dynamic ISF, target, CR, and corrections. Their values are present, and disabling them during the target review would create a dependent simultaneous change."
real_gpt56sol_med_50,run_047,aaps.core.smb_activation,aaps,True,smb_always_enabled=true; smb_with_cob_enabled=false; smb_after_carbs_enabled=false; smb_with_temp_target_enabled=true; smb_with_high_temp_target_enabled=false,keep,smb_always_enabled=true; smb_with_cob_enabled=false; smb_after_carbs_enabled=false; smb_with_temp_target_enabled=true; smb_with_high_temp_target_enabled=false,"The activation flags are internally consistent, and UAM was not interpreted as duplicate COB counting. Meal-entry absence and dependence on SMB strength, Dynamic ISF, targets, and IOB prevent isolating an activation change."
real_gpt56sol_med_50,run_047,aaps.core.smb_delivery,aaps,True,smb_interval_minutes=3 min; max_smb_basal_minutes=15 min; max_uam_smb_basal_minutes=20 min,keep,smb_interval_minutes=3 min; max_smb_basal_minutes=15 min; max_uam_smb_basal_minutes=20 min,"Representative high-glucose episodes show substantial IOB and later declines, but complete SMB sequences are absent. The configured three-minute interval was distinguished from waiting-message text; uncertainty about Dynamic ISF, meals, corrections, and target effects makes a delivery-limit change unsupported."
real_gpt56sol_med_50,run_047,aaps.core.safety_limits,aaps,True,max_basal_u_per_hour=12 U/h; max_iob_units=25 U,keep,max_basal_u_per_hour=12 U/h; max_iob_units=25 U,"The limits are permissive relative to scheduled basal, but observed representative IOB remained below 25 U and lower algorithmic basal constraints operated in supplied examples. No supported replacement values are available, and changing limits with the target would prevent attribution."
real_gpt56sol_med_50,run_047,aaps.core.sensitivity,aaps,True,autosens_enabled=false; dynamic_sensitivity_enabled=true; autosens_raises_target=false; autosens_lowers_target=false; dynamic_isf_adjustment_factor_percent=70 %,keep,autosens_enabled=false; dynamic_sensitivity_enabled=true; autosens_raises_target=false; autosens_lowers_target=false; dynamic_isf_adjustment_factor_percent=70 %,"Dynamic ISF sometimes became much stronger during highs and may contribute to later IOB, but no isolated factor is supported. A sensitivity ratio of 1 is neutral rather than evidence of disabled Autosens. Dependence on SMB/UAM, meals, target, static ISF, and DIA requires keeping this group stable during the primary target review."
real_gpt56sol_med_50,run_047,aaps.core.carb_absorption,aaps,True,min_5m_carbimpact=8 mg/dL/5 min; meal_max_absorption_hours=7 h,keep,min_5m_carbimpact=8 mg/dL/5 min; meal_max_absorption_hours=7 h,"There are no entered carbohydrate or e-carb treatments with which to evaluate these settings. Absorption changes depend on meal-linked carb amount, timing, e-carb duration, IOB, SMB/UAM, and correction effects, so changing them would compensate for missing meal evidence rather than a demonstrated model defect."
real_gpt56sol_med_50,run_048,profile.basal.00_00,profile,True,0.6 U/h,keep,0.6 U/h,"Overnight hypoglycemia is evident, but scheduled basal is confounded by the 90 mg/dL target, residual evening IOB, SMB/UAM, temporary basal reductions, activity, and possible sensor artifact. Keep this segment while evaluating the 00:00 target first."
real_gpt56sol_med_50,run_048,profile.basal.05_00,profile,True,0.7 U/h,keep,0.7 U/h,"Local glucose was relatively stable around 05:00 and below-range exposure was lower than earlier overnight. Closed-loop modulation and absent fasting evidence create uncertainty, so this segment should remain unchanged during the target evaluation."
real_gpt56sol_med_50,run_048,profile.basal.06_00,profile,True,0.8 U/h,keep,0.8 U/h,"The morning rise may reflect breakfast or unannounced carbohydrate rather than inadequate basal, while 06:00 to 07:00 glucose was generally stable. Meal data and fasting tests are absent, so no change is supported."
real_gpt56sol_med_50,run_048,profile.basal.10_00,profile,True,0.7 U/h,keep,0.7 U/h,"Daytime highs are meal, correction, UAM, and Dynamic ISF confounded and later lows argue against adding insulin. Complete meal and delivery records are needed before attributing the pattern to this basal segment."
real_gpt56sol_med_50,run_048,profile.basal.16_00,profile,True,0.5 U/h,keep,0.5 U/h,"The 16:00 mean was high, but this was followed by substantial hypoglycemia at 18:00 and 19:00. Delayed meals, corrections, SMB/UAM, Dynamic ISF, and IOB are plausible dependencies, so increasing basal is unsupported."
real_gpt56sol_med_50,run_048,profile.basal.18_00,profile,True,0.6 U/h,keep,0.6 U/h,"Evening hypoglycemia is significant, but preceding automated and correction insulin is not reconstructed. Keep this segment until the target review and complete high-to-low delivery analysis separate basal from accumulated IOB."
real_gpt56sol_med_50,run_048,profile.basal.19_00,profile,True,0.7 U/h,keep,0.7 U/h,"Time below range was 15.3% at 19:00, but closed-loop basal reductions, prior insulin, activity, and low treatment are unresolved. A basal change is not supported without fasting-like evidence."
real_gpt56sol_med_50,run_048,profile.cr.00_00,profile,True,13 g/U,keep,13 g/U,"There are no meal-linked carbohydrate or bolus records for this segment. Overnight lows are more directly relevant to target and residual IOB, and CR cannot be isolated from SMB/UAM, ISF, DIA, or low treatment."
real_gpt56sol_med_50,run_048,profile.cr.04_00,profile,True,11.1 g/U,keep,11.1 g/U,"Morning glucose rises are not linked to known meals, carbohydrate amounts, prebolus timing, or immediate bolus percentage. Basal, UAM, Dynamic ISF, and IOB remain competing explanations."
real_gpt56sol_med_50,run_048,profile.cr.08_00,profile,True,13.2 g/U,keep,13.2 g/U,"Morning and afternoon rises could reflect meals, but no carbohydrate execution data exist and some response windows later fall substantially. Changing CR would be unsafe before separating bolus timing, absorption, SMB/UAM, and IOB."
real_gpt56sol_med_50,run_048,profile.cr.16_00,profile,True,10.5 g/U,keep,10.5 g/U,"Afternoon hyperglycemia is followed by recurrent evening hypoglycemia. Strengthening this CR could worsen delayed lows, while weakening it could worsen highs; meal-linked evidence is absent."
real_gpt56sol_med_50,run_048,profile.cr.20_00,profile,True,12.6 g/U,keep,12.6 g/U,Late-evening and overnight outcomes are confounded by prior insulin and absent meal records. The 00:00 target should be evaluated before changing meal insulin settings.
real_gpt56sol_med_50,run_048,profile.isf.00_00,profile,True,56 mg/dL/U,keep,56 mg/dL/U,"Observed correction behavior cannot isolate the static ISF because Dynamic ISF varied from approximately 27.8 to 124 mg/dL/U and SMB, temporary basal, meals, activity, and IOB were not controlled. Keep static ISF while evaluating the target and reconstructing automation."
real_gpt56sol_med_50,run_048,profile.target.00_00,profile,True,90 mg/dL,change,100 mg/dL,"The 00:00 target overlaps recurrent 00:00 to 03:00 hypoglycemia, including 18.5% below range at 01:00. Raising it to 100 mg/dL is a conservative candidate that does not add insulin. Residual IOB and sensor artifact remain uncertain, so it should be independently confirmed and evaluated without concurrent basal or automation changes."
real_gpt56sol_med_50,run_048,profile.target.08_00,profile,True,100 mg/dL,keep,100 mg/dL,This target already matches the proposed overnight value and daytime highs are followed by evening lows. Meal and automation dependencies prevent supporting a lower or higher daytime target from the current data.
real_gpt56sol_med_50,run_048,profile.target.23_00,profile,True,90 mg/dL,keep,90 mg/dL,"Time below range was elevated at 23:00, but this segment should not be changed simultaneously with the dependent 00:00 target. Evaluate the 00:00 change first, then reassess 23:00 using confirmed low onset and complete IOB data."
real_gpt56sol_med_50,run_048,profile.dia,profile,True,10 h,keep,10 h,"Glucose continued changing through six hours in several response windows, but the supplied data do not extend far enough to validate a 10-hour action duration. DIA also interacts with IOB, SMB/UAM, and corrections, so no replacement value is supported."
real_gpt56sol_med_50,run_048,aaps.core.smb_uam,aaps,True,smb_enabled=true; uam_enabled=true,keep,smb_enabled=true; uam_enabled=true,"SMB/UAM plausibly addresses unannounced rises, but complete delivery histories do not establish that either feature caused the later lows. Keep both during the isolated target evaluation; subsequent review depends on cumulative SMB, IOB, meals, and Dynamic ISF."
real_gpt56sol_med_50,run_048,aaps.core.smb_activation,aaps,True,smb_always_enabled=true; smb_with_cob_enabled=false; smb_after_carbs_enabled=false; smb_with_temp_target_enabled=true; smb_with_high_temp_target_enabled=false,keep,smb_always_enabled=true; smb_with_cob_enabled=false; smb_after_carbs_enabled=false; smb_with_temp_target_enabled=true; smb_with_high_temp_target_enabled=false,"Broad SMB activation is safety-relevant given recurrent lows, but no complete low-event sequence proves that activation conditions rather than Dynamic ISF, corrections, basal, activity, or IOB caused them. Do not change activation while evaluating the target."
real_gpt56sol_med_50,run_048,aaps.core.smb_delivery,aaps,True,smb_interval_minutes=3 min; max_smb_basal_minutes=15 min; max_uam_smb_basal_minutes=20 min,keep,smb_interval_minutes=3 min; max_smb_basal_minutes=15 min; max_uam_smb_basal_minutes=20 min,"Representative logs do not reconstruct repeated SMB delivery or isolate interval from dose limits and enhanced behavior. Lowering these settings might reduce lows but could worsen highs, so a specific change is unsupported without complete enacted sequences."
real_gpt56sol_med_50,run_048,aaps.core.safety_limits,aaps,True,max_basal_u_per_hour=12 U/h; max_iob_units=25 U,keep,max_basal_u_per_hour=12 U/h; max_iob_units=25 U,"The limits are permissive relative to scheduled basal and observed insulin use, but sampled operative basal caps were lower and neither headline limit is shown to have caused an event. A supported replacement requires enacted basal and IOB distributions, and both limits should not be changed together."
real_gpt56sol_med_50,run_048,aaps.core.sensitivity,aaps,True,autosens_enabled=false; dynamic_sensitivity_enabled=true; autosens_raises_target=false; autosens_lowers_target=false; dynamic_isf_adjustment_factor_percent=70 %,keep,autosens_enabled=false; dynamic_sensitivity_enabled=true; autosens_raises_target=false; autosens_lowers_target=false; dynamic_isf_adjustment_factor_percent=70 %,"Dynamic ISF sometimes produced much more aggressive effective sensitivity and is a leading automation hypothesis, but no precise replacement factor is supported. Static ISF, DIA, SMB/UAM, meals, corrections, and IOB are unresolved dependencies, so keep this group during the target evaluation."
real_gpt56sol_med_50,run_048,aaps.core.carb_absorption,aaps,True,min_5m_carbimpact=8 mg/dL/5 min; meal_max_absorption_hours=7 h,keep,min_5m_carbimpact=8 mg/dL/5 min; meal_max_absorption_hours=7 h,"There are no announced carbohydrate or e-carb entries with which to validate either setting. Delayed absorption is plausible, but meal-linked amount, timing, IOB, SMB, correction, and six-hour response data are required before a change."
real_gpt56sol_med_50,run_049,profile.basal.00_00,profile,True,0.6 U/h,keep,0.6 U/h,"Local 00:00–03:00 time below range is elevated, but scheduled basal cannot be separated from evening IOB, corrections, SMB/UAM, Dynamic ISF, and the 90 mg/dL target. Overnight verification without these dependencies is required before a supported change."
real_gpt56sol_med_50,run_049,profile.basal.05_00,profile,True,0.7 U/h,keep,0.7 U/h,"Local 05:00 is comparatively stable with 95.2% time in range and 4.8% time below range. Meals, IOB, and automation remain uncertain, and no isolated fasting evidence supports a change."
real_gpt56sol_med_50,run_049,profile.basal.06_00,profile,True,0.8 U/h,keep,0.8 U/h,"Local 06:00–08:00 shows 97.5–98.2% time in range and little or no time below range. Later morning rises are meal-confounded and depend on UAM, SMB, and missing bolus context, so they do not support a basal change."
real_gpt56sol_med_50,run_049,profile.basal.10_00,profile,True,0.7 U/h,keep,0.7 U/h,"Late-morning and afternoon highs could reflect unrecorded meals, meal timing, UAM response, or corrections. Without fasting-like data and complete delivered insulin, the 10:00 basal segment cannot be identified as insufficient."
real_gpt56sol_med_50,run_049,profile.basal.16_00,profile,True,0.5 U/h,keep,0.5 U/h,"Local 16:00–17:00 is frequently high, but this period is meal-confounded and is followed by delayed lows with substantial automated and correction insulin. Increasing basal would depend on resolving SMB/UAM, Dynamic ISF, IOB, and meal effects first."
real_gpt56sol_med_50,run_049,profile.basal.18_00,profile,True,0.6 U/h,keep,0.6 U/h,"Local 18:00 begins the transition from afternoon highs to evening lows. Correction stacking, SMB/UAM, Dynamic ISF, and residual IOB are stronger competing explanations than an isolated basal defect, and event-level delivery is incomplete."
real_gpt56sol_med_50,run_049,profile.basal.19_00,profile,True,0.7 U/h,keep,0.7 U/h,"Local 19:00 has 15.3% time below range, but it follows the period of greatest daytime hyperglycemia and accumulated correction insulin. A change depends on separating scheduled basal from prior IOB, SMB/UAM, Dynamic ISF, meals, and activity."
real_gpt56sol_med_50,run_049,profile.cr.00_00,profile,True,13 g/U,keep,13 g/U,"There are no meal-linked carbohydrate or bolus records for this segment. Overnight lows may reflect IOB, automation, target, or basal rather than CR, so a change is unsupported."
real_gpt56sol_med_50,run_049,profile.cr.04_00,profile,True,11.1 g/U,keep,11.1 g/U,"No carbohydrate amounts, meal times, or immediate bolus percentages are available. The comparatively stable early-morning glucose pattern does not independently support a CR change."
real_gpt56sol_med_50,run_049,profile.cr.08_00,profile,True,13.2 g/U,keep,13.2 g/U,"Morning and afternoon rises may be meal-related, but meals are unrecorded and UAM operates with COB 0. CR cannot be separated from prebolus timing, immediate bolus percentage, SMB/UAM, Dynamic ISF, or absorption."
real_gpt56sol_med_50,run_049,profile.cr.16_00,profile,True,10.5 g/U,keep,10.5 g/U,"This is the strongest CR segment and overlaps afternoon-high-to-evening-low cycles, but no meal carbohydrate or bolus data link those cycles to CR. Correction and automated insulin are major dependencies, so neither strengthening nor weakening is supported."
real_gpt56sol_med_50,run_049,profile.cr.20_00,profile,True,12.6 g/U,keep,12.6 g/U,"Evening and overnight low exposure exists, but no meal-linked evidence distinguishes CR from residual IOB, corrections, SMB/UAM, Dynamic ISF, basal, or target effects."
real_gpt56sol_med_50,run_049,profile.isf.00_00,profile,True,56 mg/dL/U,keep,56 mg/dL/U,"Correction windows include large delayed declines, but Dynamic ISF changes effective sensitivity to approximately 27.8–124 mg/dL/U and corrections are not isolated from SMBs, temporary basal, prior IOB, food, or activity. The static ISF cannot be changed independently."
real_gpt56sol_med_50,run_049,profile.target.00_00,profile,True,90 mg/dL,keep,90 mg/dL,"The 90 mg/dL target may reduce overnight safety margin, but local lows are confounded by evening IOB, SMB/UAM, Dynamic ISF, corrections, and basal. A structured overnight comparison is required before assigning the pattern to the target."
real_gpt56sol_med_50,run_049,profile.target.08_00,profile,True,100 mg/dL,keep,100 mg/dL,"Daytime highs and subsequent lows reflect unresolved meals, corrections, Dynamic ISF, SMB/UAM, and IOB. No evidence isolates the 100 mg/dL target as the cause of either pattern."
real_gpt56sol_med_50,run_049,profile.target.23_00,profile,True,90 mg/dL,keep,90 mg/dL,"Local 23:00 has 10.1% time below range and precedes the strongest overnight low period, but residual evening insulin and automation are unresolved dependencies. The evidence supports targeted verification rather than a numeric change."
real_gpt56sol_med_50,run_049,profile.dia,profile,True,10 h,keep,10 h,"Glucose often continues declining four to six hours after corrections, and a 10-hour DIA preserves prolonged IOB accounting. Additional automated insulin and prior IOB prevent direct estimation, so the data do not support shortening or lengthening DIA."
real_gpt56sol_med_50,run_049,aaps.core.smb_uam,aaps,True,smb_enabled=true; uam_enabled=true,keep,smb_enabled=true; uam_enabled=true,"SMB/UAM is responding to unannounced rises with COB 0 and also suppresses insulin when lows are predicted. It may contribute to accumulated IOB, but meal, Dynamic ISF, correction, and temporary-basal dependencies prevent isolating the core switches."
real_gpt56sol_med_50,run_049,aaps.core.smb_activation,aaps,True,smb_always_enabled=true; smb_with_cob_enabled=false; smb_after_carbs_enabled=false; smb_with_temp_target_enabled=true; smb_with_high_temp_target_enabled=false,keep,smb_always_enabled=true; smb_with_cob_enabled=false; smb_after_carbs_enabled=false; smb_with_temp_target_enabled=true; smb_with_high_temp_target_enabled=false,"The activation settings are populated and internally coherent with COB 0 operation. No specific route is linked to the lows, and changing activation would depend on separating unannounced meals, temporary targets, Dynamic ISF, SMB delivery, and IOB."
real_gpt56sol_med_50,run_049,aaps.core.smb_delivery,aaps,True,smb_interval_minutes=3 min; max_smb_basal_minutes=15 min; max_uam_smb_basal_minutes=20 min,keep,smb_interval_minutes=3 min; max_smb_basal_minutes=15 min; max_uam_smb_basal_minutes=20 min,"Repeated and boosted SMB behavior may contribute to high IOB, but the representative records do not reconstruct every SMB in each high-to-low episode. Dynamic ISF, corrections, meals, temporary basal, and DIA remain dependencies, so no supported alternative interval or limit is available."
real_gpt56sol_med_50,run_049,aaps.core.safety_limits,aaps,True,max_basal_u_per_hour=12 U/h; max_iob_units=25 U,keep,max_basal_u_per_hour=12 U/h; max_iob_units=25 U,"The limits are permissive relative to scheduled basal, representative IOB, and average daily insulin, creating a safety-review concern. However, lower effective constraints capped at least one basal recommendation at 4 U/h, and the package lacks a complete dosing distribution from which to derive safe replacement values."
real_gpt56sol_med_50,run_049,aaps.core.sensitivity,aaps,True,autosens_enabled=false; dynamic_sensitivity_enabled=true; autosens_raises_target=false; autosens_lowers_target=false; dynamic_isf_adjustment_factor_percent=70 %,keep,autosens_enabled=false; dynamic_sensitivity_enabled=true; autosens_raises_target=false; autosens_lowers_target=false; dynamic_isf_adjustment_factor_percent=70 %,"Dynamic ISF is a plausible contributor because variable sensitivity became substantially stronger than the static ISF during highs. It cannot be separated from SMB/UAM, corrections, IOB, temporary basal, and unannounced meals, so no supported replacement factor or switch change is available."
real_gpt56sol_med_50,run_049,aaps.core.carb_absorption,aaps,True,min_5m_carbimpact=8 mg/dL/5 min; meal_max_absorption_hours=7 h,keep,min_5m_carbimpact=8 mg/dL/5 min; meal_max_absorption_hours=7 h,"There are no regular-carb or e-carb entries against which to evaluate absorption. Changes would depend on repeated meal-linked evidence separating absorption from meal insulin, IOB, SMB/UAM, temporary targets, corrections, and activity."
real_gpt56sol_med_50,run_050,profile.basal.00_00,profile,True,0.6 U/h,keep,0.6 U/h,"Overnight lows are evident, but they cannot be attributed to this segment because antecedent evening IOB, SMB/UAM, Dynamic ISF, and the 90 mg/dL target remain plausible dependencies. Lows lessen after later basal increases, which weakens a simple basal-excess explanation. Keep while assessing the target candidate alone."
real_gpt56sol_med_50,run_050,profile.basal.05_00,profile,True,0.7 U/h,keep,0.7 U/h,"Below-range exposure decreases around this period despite the programmed increase, so evidence does not support reduction or increase. Fasting status, IOB, and loop temp basal effects remain uncertain dependencies."
real_gpt56sol_med_50,run_050,profile.basal.06_00,profile,True,0.8 U/h,keep,0.8 U/h,"Local glucose is relatively stable from 06:00 to 08:00, with low below-range and above-range exposure. No fasting evidence identifies this segment as defective, and meal or IOB effects remain uncertain."
real_gpt56sol_med_50,run_050,profile.basal.10_00,profile,True,0.7 U/h,keep,0.7 U/h,"Afternoon highs occur during this segment, but absent meal data, UAM activity, Dynamic ISF, corrections, and later evening lows prevent attribution to insufficient basal. Strengthening it could increase delayed hypoglycaemia."
real_gpt56sol_med_50,run_050,profile.basal.16_00,profile,True,0.5 U/h,keep,0.5 U/h,"Glucose is often high at 16:00 to 17:00 but falls substantially by 18:00 to 19:00. Meal absorption, SMB/UAM, corrections, Dynamic ISF, and antecedent IOB are unresolved dependencies, so an increase is unsupported."
real_gpt56sol_med_50,run_050,profile.basal.18_00,profile,True,0.6 U/h,keep,0.6 U/h,"Low exposure rises during this period, but insulin delivered earlier is a major competing explanation. The package lacks fasting-like evening windows, so changing this segment would confound target and automation assessment."
real_gpt56sol_med_50,run_050,profile.basal.19_00,profile,True,0.7 U/h,keep,0.7 U/h,"Local time below range is 15.3% at 19:00, but the timing is compatible with earlier meal and correction insulin rather than the newly active basal alone. Complete IOB and activity timelines are absent."
real_gpt56sol_med_50,run_050,profile.cr.00_00,profile,True,13 g/U,keep,13 g/U,"No carbohydrate entries or meal-linked doses validate this ratio. Overnight lows make stronger meal dosing unsafe to infer, while unrecorded intake and residual IOB prevent a weaker-ratio conclusion."
real_gpt56sol_med_50,run_050,profile.cr.04_00,profile,True,11.1 g/U,keep,11.1 g/U,"Morning glucose rises later in the morning, but no meal amount, first-bite time, or immediate bolus information separates CR from timing and UAM effects. Hypoglycaemia risk and missing meal-linked evidence support withholding change."
real_gpt56sol_med_50,run_050,profile.cr.08_00,profile,True,13.2 g/U,keep,13.2 g/U,"Morning and afternoon rises may reflect unannounced meals, timing, or absorption. Later declines and active Dynamic ISF and SMB/UAM make strengthening this CR unsupported without a matched meal trace."
real_gpt56sol_med_50,run_050,profile.cr.16_00,profile,True,10.5 g/U,keep,10.5 g/U,"This is already the strongest programmed ratio, and afternoon highs are followed by significant evening low exposure. Missing meal records and substantial automated correction activity prevent determining whether the CR is weak, strong, or appropriate."
real_gpt56sol_med_50,run_050,profile.cr.20_00,profile,True,12.6 g/U,keep,12.6 g/U,"Late-evening and overnight lows make additional meal insulin a concern, but no documented meals identify this ratio as causal. Residual IOB, targets, SMB/UAM, and activity remain dependencies."
real_gpt56sol_med_50,run_050,profile.isf.00_00,profile,True,56 mg/dL/U,keep,56 mg/dL/U,"Static ISF cannot be isolated because Dynamic ISF produced sampled effective sensitivity values from approximately 27.8 to 124 mg/dL/U. Correction windows include ongoing automated insulin, unrecorded intake, and later dosing. Static and Dynamic ISF should not be changed together."
real_gpt56sol_med_50,run_050,profile.target.00_00,profile,True,90 mg/dL,change,100 mg/dL,"Recurring below-range exposure is greatest after midnight, including 18.5% at 01:00, and severe lows are present in the period. Raising the target is a conservative, non-intensifying candidate. Confidence is limited because antecedent IOB, temporary targets, and CGM confirmation are incomplete; therefore it should be assessed alone after confirming representative lows."
real_gpt56sol_med_50,run_050,profile.target.08_00,profile,True,100 mg/dL,keep,100 mg/dL,"Daytime highs and later lows do not establish that this target is incorrect. Meal timing, Dynamic ISF, SMB/UAM, corrections, and activity remain competing explanations, and changing it with the overnight target would obscure assessment."
real_gpt56sol_med_50,run_050,profile.target.23_00,profile,True,90 mg/dL,keep,90 mg/dL,"Below-range exposure is elevated at 23:00, but changing both overnight target segments together would reduce the ability to identify effect and could obscure antecedent evening IOB. Keep initially and reassess after the isolated 00:00 target review."
real_gpt56sol_med_50,run_050,profile.dia,profile,True,10 h,keep,10 h,"Several sampled responses continue changing materially through four to six hours, and the loop identifies substantial residual IOB. The evidence does not support shortening DIA. A longer value is also unsupported without complete insulin-action endpoints."
real_gpt56sol_med_50,run_050,aaps.core.smb_uam,aaps,True,smb_enabled=true; uam_enabled=true,keep,smb_enabled=true; uam_enabled=true,"SMB/UAM provides response to unannounced meal-like rises, but may contribute to later IOB. The package cannot separate its effect from Dynamic ISF, corrections, absorption, and targets. Disabling it is unsupported, and it should remain unchanged while the target candidate is assessed."
real_gpt56sol_med_50,run_050,aaps.core.smb_activation,aaps,True,smb_always_enabled=true; smb_with_cob_enabled=false; smb_after_carbs_enabled=false; smb_with_temp_target_enabled=true; smb_with_high_temp_target_enabled=false,keep,smb_always_enabled=true; smb_with_cob_enabled=false; smb_after_carbs_enabled=false; smb_with_temp_target_enabled=true; smb_with_high_temp_target_enabled=false,"The components are internally consistent, and UAM is not duplicate COB counting. Broad activation is safety-relevant with 5.1% below range, but no matched comparison separates activation breadth from SMB amount, Dynamic ISF, or manual corrections."
real_gpt56sol_med_50,run_050,aaps.core.smb_delivery,aaps,True,smb_interval_minutes=3 min; max_smb_basal_minutes=15 min; max_uam_smb_basal_minutes=20 min,keep,smb_interval_minutes=3 min; max_smb_basal_minutes=15 min; max_uam_smb_basal_minutes=20 min,"The configured interval is three minutes, and waiting-message text does not redefine it. Cumulative UAM/SMB delivery is a plausible contributor to later lows, but the package lacks a complete dose distribution and cannot identify which delivery component should change. Delivery settings should not be changed with target or Dynamic ISF."
real_gpt56sol_med_50,run_050,aaps.core.safety_limits,aaps,True,max_basal_u_per_hour=12 U/h; max_iob_units=25 U,keep,max_basal_u_per_hour=12 U/h; max_iob_units=25 U,"These limits are permissive relative to profile basal and sampled delivery, creating a material safety-review concern. However, neither limit was reached in the supplied sample, lower practical ceilings were observed, and insulin concentration and scaling are not independently reconciled. A numerical replacement would be invented, so values remain unchanged pending review."
real_gpt56sol_med_50,run_050,aaps.core.sensitivity,aaps,True,autosens_enabled=false; dynamic_sensitivity_enabled=true; autosens_raises_target=false; autosens_lowers_target=false; dynamic_isf_adjustment_factor_percent=70 %,keep,autosens_enabled=false; dynamic_sensitivity_enabled=true; autosens_raises_target=false; autosens_lowers_target=false; dynamic_isf_adjustment_factor_percent=70 %,"Dynamic ISF materially changes effective sensitivity and may contribute to high IOB during highs, but representative records do not quantify its independent effect. A sensitivity ratio of 1 is neutral and does not contradict disabled Autosens. Dynamic ISF should not be changed with static ISF, SMB delivery, or the initial target candidate."
real_gpt56sol_med_50,run_050,aaps.core.carb_absorption,aaps,True,min_5m_carbimpact=8 mg/dL/5 min; meal_max_absorption_hours=7 h,keep,min_5m_carbimpact=8 mg/dL/5 min; meal_max_absorption_hours=7 h,"No carb or e-carb entries permit evaluation of COB decay or absorption duration. Delayed responses are plausible but confounded by additional intake, corrections, activity, IOB, and UAM. Meal-linked evidence is required before changing either component."
