experiment,run_a,run_b,summary_similarity,profile_rec_similarity,meal_suggestion_similarity,change_set_jaccard,same_primary_rec_area,same_profile_focus
real_deepseek_v4pro_50,run_001,run_002,0.007,0.011,0.01,0.0,False,False
real_deepseek_v4pro_50,run_001,run_003,0.029,0.101,0.017,0.0,False,False
real_deepseek_v4pro_50,run_001,run_004,0.02,0.074,0.049,0.0,False,False
real_deepseek_v4pro_50,run_001,run_005,0.073,0.293,0.03,0.0,False,True
real_deepseek_v4pro_50,run_001,run_006,0.058,0.123,0.038,0.0,False,True
real_deepseek_v4pro_50,run_001,run_007,0.052,0.102,0.021,0.333,False,False
real_deepseek_v4pro_50,run_001,run_008,0.046,0.22,0.023,0.0,False,True
real_deepseek_v4pro_50,run_001,run_009,0.079,0.025,0.051,0.0,False,False
real_deepseek_v4pro_50,run_001,run_010,0.007,0.011,0.01,0.0,False,False
real_deepseek_v4pro_50,run_001,run_011,0.041,0.222,0.07,0.0,False,True
real_deepseek_v4pro_50,run_001,run_012,0.07,0.027,0.049,0.0,False,False
real_deepseek_v4pro_50,run_001,run_013,0.06,0.137,0.011,0.0,False,True
real_deepseek_v4pro_50,run_001,run_014,0.041,0.221,0.058,0.0,False,False
real_deepseek_v4pro_50,run_001,run_015,0.033,0.227,0.04,0.0,False,False
real_deepseek_v4pro_50,run_001,run_016,0.037,0.134,0.074,0.0,False,False
real_deepseek_v4pro_50,run_001,run_017,0.104,0.129,0.073,0.0,False,False
real_deepseek_v4pro_50,run_001,run_018,0.044,0.228,0.044,0.25,False,False
real_deepseek_v4pro_50,run_001,run_019,0.049,0.076,0.125,0.0,False,False
real_deepseek_v4pro_50,run_001,run_020,0.043,0.21,0.029,0.0,False,False
real_deepseek_v4pro_50,run_001,run_021,0.088,0.158,0.054,0.0,False,False
real_deepseek_v4pro_50,run_001,run_022,0.033,0.169,0.05,0.25,False,False
real_deepseek_v4pro_50,run_001,run_023,0.031,0.137,0.069,0.0,False,False
real_deepseek_v4pro_50,run_001,run_024,0.033,0.082,0.201,0.4,False,False
real_deepseek_v4pro_50,run_001,run_025,0.057,0.213,0.027,0.0,False,True
real_deepseek_v4pro_50,run_001,run_026,0.035,0.192,0.12,0.0,False,False
real_deepseek_v4pro_50,run_001,run_027,0.05,0.243,0.019,0.0,False,True
real_deepseek_v4pro_50,run_001,run_028,0.077,0.121,0.043,0.0,False,True
real_deepseek_v4pro_50,run_001,run_029,0.038,0.12,0.01,0.0,False,False
real_deepseek_v4pro_50,run_001,run_030,0.031,0.107,0.05,0.0,False,False
real_deepseek_v4pro_50,run_001,run_031,0.03,0.186,0.063,0.0,False,True
real_deepseek_v4pro_50,run_001,run_032,0.072,0.086,0.062,0.333,False,False
real_deepseek_v4pro_50,run_001,run_033,0.022,0.209,0.04,0.25,False,True
real_deepseek_v4pro_50,run_001,run_034,0.051,0.117,0.043,0.0,False,True
real_deepseek_v4pro_50,run_001,run_035,0.022,0.035,0.188,0.0,False,False
real_deepseek_v4pro_50,run_001,run_036,0.044,0.132,0.049,0.167,False,True
real_deepseek_v4pro_50,run_001,run_037,0.069,0.102,0.098,0.0,False,False
real_deepseek_v4pro_50,run_001,run_038,0.03,0.098,0.053,0.0,False,False
real_deepseek_v4pro_50,run_001,run_039,0.093,0.098,0.014,0.0,False,False
real_deepseek_v4pro_50,run_001,run_040,0.074,0.247,0.015,0.0,False,False
real_deepseek_v4pro_50,run_001,run_041,0.061,0.217,0.041,0.0,False,False
real_deepseek_v4pro_50,run_001,run_042,0.075,0.025,0.02,0.333,False,False
real_deepseek_v4pro_50,run_001,run_043,0.027,0.207,0.049,0.0,False,True
real_deepseek_v4pro_50,run_001,run_044,0.036,0.186,0.135,0.0,False,True
real_deepseek_v4pro_50,run_001,run_045,0.067,0.026,0.026,0.0,False,True
real_deepseek_v4pro_50,run_001,run_046,0.073,0.058,0.076,0.0,False,False
real_deepseek_v4pro_50,run_001,run_047,0.052,0.176,0.048,0.0,False,True
real_deepseek_v4pro_50,run_001,run_048,0.06,0.076,0.049,0.0,False,False
real_deepseek_v4pro_50,run_001,run_049,0.057,0.102,0.044,0.0,False,False
real_deepseek_v4pro_50,run_001,run_050,0.045,0.13,0.027,0.0,False,False
real_deepseek_v4pro_50,run_002,run_003,0.0,0.053,0.0,0.0,False,False
real_deepseek_v4pro_50,run_002,run_004,0.0,0.047,0.0,0.0,False,False
real_deepseek_v4pro_50,run_002,run_005,0.0,0.022,0.0,0.0,False,False
real_deepseek_v4pro_50,run_002,run_006,0.0,0.085,0.0,0.0,False,False
real_deepseek_v4pro_50,run_002,run_007,0.0,0.029,0.0,0.0,False,False
real_deepseek_v4pro_50,run_002,run_008,0.0,0.032,0.0,0.0,False,False
real_deepseek_v4pro_50,run_002,run_009,0.0,0.0,0.0,0.0,False,False
real_deepseek_v4pro_50,run_002,run_010,1.0,1.0,1.0,1.0,False,False
real_deepseek_v4pro_50,run_002,run_011,0.0,0.047,0.0,0.0,False,False
real_deepseek_v4pro_50,run_002,run_012,0.0,0.0,0.0,0.0,False,False
real_deepseek_v4pro_50,run_002,run_013,0.0,0.078,0.0,0.0,False,False
real_deepseek_v4pro_50,run_002,run_014,0.0,0.036,0.0,0.0,False,False
real_deepseek_v4pro_50,run_002,run_015,0.0,0.036,0.0,0.0,False,False
real_deepseek_v4pro_50,run_002,run_016,0.0,0.026,0.0,0.0,False,False
real_deepseek_v4pro_50,run_002,run_017,0.0,0.046,0.0,0.0,False,False
real_deepseek_v4pro_50,run_002,run_018,0.0,0.041,0.0,0.0,False,False
real_deepseek_v4pro_50,run_002,run_019,0.0,0.055,0.0,0.0,False,False
real_deepseek_v4pro_50,run_002,run_020,0.0,0.037,0.0,0.0,False,False
real_deepseek_v4pro_50,run_002,run_021,0.0,0.036,0.0,0.0,False,False
real_deepseek_v4pro_50,run_002,run_022,0.0,0.055,0.0,0.0,False,False
real_deepseek_v4pro_50,run_002,run_023,0.0,0.077,0.0,0.0,False,False
real_deepseek_v4pro_50,run_002,run_024,0.0,0.051,0.032,0.0,False,False
real_deepseek_v4pro_50,run_002,run_025,0.0,0.073,0.0,0.0,False,False
real_deepseek_v4pro_50,run_002,run_026,0.0,0.063,0.0,0.0,False,False
real_deepseek_v4pro_50,run_002,run_027,0.0,0.041,0.0,0.0,False,False
real_deepseek_v4pro_50,run_002,run_028,0.0,0.044,0.0,0.0,False,False
real_deepseek_v4pro_50,run_002,run_029,0.0,0.051,0.0,0.0,False,False
real_deepseek_v4pro_50,run_002,run_030,0.0,0.033,0.0,0.0,False,False
real_deepseek_v4pro_50,run_002,run_031,0.0,0.083,0.0,0.0,False,False
real_deepseek_v4pro_50,run_002,run_032,0.0,0.0,0.0,0.0,False,False
real_deepseek_v4pro_50,run_002,run_033,0.0,0.053,0.0,0.0,False,False
real_deepseek_v4pro_50,run_002,run_034,0.0,0.0,0.0,0.0,False,False
real_deepseek_v4pro_50,run_002,run_035,0.0,0.0,0.047,0.0,False,False
real_deepseek_v4pro_50,run_002,run_036,0.0,0.073,0.0,0.0,False,False
real_deepseek_v4pro_50,run_002,run_037,0.0,0.029,0.005,0.0,False,False
real_deepseek_v4pro_50,run_002,run_038,0.0,0.046,0.0,0.0,False,False
real_deepseek_v4pro_50,run_002,run_039,0.0,0.029,0.0,0.0,False,False
real_deepseek_v4pro_50,run_002,run_040,0.0,0.05,0.0,0.0,False,False
real_deepseek_v4pro_50,run_002,run_041,0.0,0.03,0.0,0.0,False,False
real_deepseek_v4pro_50,run_002,run_042,0.0,0.0,0.0,0.0,False,False
real_deepseek_v4pro_50,run_002,run_043,0.0,0.051,0.0,0.0,False,False
real_deepseek_v4pro_50,run_002,run_044,0.0,0.057,0.0,0.0,False,False
real_deepseek_v4pro_50,run_002,run_045,0.0,0.0,0.0,0.0,False,False
real_deepseek_v4pro_50,run_002,run_046,0.0,0.065,0.0,0.0,False,False
real_deepseek_v4pro_50,run_002,run_047,0.0,0.022,0.0,0.0,False,False
real_deepseek_v4pro_50,run_002,run_048,0.0,0.033,0.0,0.0,False,False
real_deepseek_v4pro_50,run_002,run_049,0.0,0.029,0.0,0.0,False,False
real_deepseek_v4pro_50,run_002,run_050,0.0,0.032,0.0,0.0,False,False
real_deepseek_v4pro_50,run_003,run_004,0.025,0.51,0.031,0.25,False,True
real_deepseek_v4pro_50,run_003,run_005,0.04,0.206,0.031,0.333,False,False
real_deepseek_v4pro_50,run_003,run_006,0.061,0.362,0.049,0.5,False,False
real_deepseek_v4pro_50,run_003,run_007,0.092,0.928,0.042,0.333,True,True
real_deepseek_v4pro_50,run_003,run_008,0.066,0.259,0.053,0.5,False,False
real_deepseek_v4pro_50,run_003,run_009,0.056,0.222,0.023,0.0,True,True
real_deepseek_v4pro_50,run_003,run_010,0.01,0.053,0.018,0.0,False,False
real_deepseek_v4pro_50,run_003,run_011,0.053,0.202,0.026,0.333,False,False
real_deepseek_v4pro_50,run_003,run_012,0.022,0.077,0.133,0.0,False,True
real_deepseek_v4pro_50,run_003,run_013,0.045,0.35,0.088,0.5,False,False
real_deepseek_v4pro_50,run_003,run_014,0.042,0.235,0.035,0.0,False,True
real_deepseek_v4pro_50,run_003,run_015,0.035,0.542,0.136,0.333,True,True
real_deepseek_v4pro_50,run_003,run_016,0.041,0.562,0.007,0.5,True,True
real_deepseek_v4pro_50,run_003,run_017,0.024,0.513,0.02,0.2,False,True
real_deepseek_v4pro_50,run_003,run_018,0.055,0.204,0.031,0.0,False,False
real_deepseek_v4pro_50,run_003,run_019,0.069,0.715,0.191,0.5,True,True
real_deepseek_v4pro_50,run_003,run_020,0.029,0.494,0.016,0.5,True,True
real_deepseek_v4pro_50,run_003,run_021,0.084,0.489,0.018,0.5,True,True
real_deepseek_v4pro_50,run_003,run_022,0.031,0.449,0.017,0.25,True,True
real_deepseek_v4pro_50,run_003,run_023,0.039,0.327,0.031,0.0,False,True
real_deepseek_v4pro_50,run_003,run_024,0.016,0.444,0.242,0.167,False,False
real_deepseek_v4pro_50,run_003,run_025,0.038,0.305,0.019,0.333,False,False
real_deepseek_v4pro_50,run_003,run_026,0.034,0.256,0.006,0.0,False,True
real_deepseek_v4pro_50,run_003,run_027,0.056,0.299,0.033,1.0,False,False
real_deepseek_v4pro_50,run_003,run_028,0.038,0.338,0.07,0.25,False,False
real_deepseek_v4pro_50,run_003,run_029,0.049,0.297,0.08,0.0,False,False
real_deepseek_v4pro_50,run_003,run_030,0.063,0.791,0.016,0.333,True,True
real_deepseek_v4pro_50,run_003,run_031,0.027,0.312,0.024,0.5,False,False
real_deepseek_v4pro_50,run_003,run_032,0.055,0.034,0.032,0.0,False,True
real_deepseek_v4pro_50,run_003,run_033,0.078,0.308,0.037,0.667,False,False
real_deepseek_v4pro_50,run_003,run_034,0.032,0.429,0.143,0.5,False,False
real_deepseek_v4pro_50,run_003,run_035,0.016,0.021,0.342,0.0,False,True
real_deepseek_v4pro_50,run_003,run_036,0.029,0.387,0.031,0.167,False,False
real_deepseek_v4pro_50,run_003,run_037,0.095,0.928,0.139,0.333,True,True
real_deepseek_v4pro_50,run_003,run_038,0.046,0.45,0.077,0.5,False,True
real_deepseek_v4pro_50,run_003,run_039,0.058,0.826,0.016,0.333,True,True
real_deepseek_v4pro_50,run_003,run_040,0.049,0.317,0.094,0.0,True,True
real_deepseek_v4pro_50,run_003,run_041,0.092,0.285,0.101,0.333,False,False
real_deepseek_v4pro_50,run_003,run_042,0.054,0.091,0.019,0.0,False,True
real_deepseek_v4pro_50,run_003,run_043,0.042,0.297,0.146,0.333,False,False
real_deepseek_v4pro_50,run_003,run_044,0.076,0.302,0.025,0.5,False,False
real_deepseek_v4pro_50,run_003,run_045,0.052,0.01,0.114,0.333,False,False
real_deepseek_v4pro_50,run_003,run_046,0.055,0.5,0.051,0.0,False,False
real_deepseek_v4pro_50,run_003,run_047,0.044,0.167,0.022,0.5,False,False
real_deepseek_v4pro_50,run_003,run_048,0.04,0.775,0.015,0.333,True,True
real_deepseek_v4pro_50,run_003,run_049,0.04,0.928,0.022,0.5,True,True
real_deepseek_v4pro_50,run_003,run_050,0.07,0.502,0.008,0.667,True,True
real_deepseek_v4pro_50,run_004,run_005,0.046,0.23,0.031,0.0,False,False
real_deepseek_v4pro_50,run_004,run_006,0.064,0.25,0.052,0.0,False,False
real_deepseek_v4pro_50,run_004,run_007,0.049,0.442,0.06,0.25,False,True
real_deepseek_v4pro_50,run_004,run_008,0.053,0.359,0.023,0.0,False,False
real_deepseek_v4pro_50,run_004,run_009,0.024,0.124,0.06,0.0,False,True
real_deepseek_v4pro_50,run_004,run_010,0.011,0.047,0.018,0.0,False,False
real_deepseek_v4pro_50,run_004,run_011,0.064,0.176,0.088,0.25,False,False
real_deepseek_v4pro_50,run_004,run_012,0.071,0.065,0.061,0.333,False,True
real_deepseek_v4pro_50,run_004,run_013,0.036,0.244,0.012,0.0,False,False
real_deepseek_v4pro_50,run_004,run_014,0.047,0.234,0.015,0.25,False,True
real_deepseek_v4pro_50,run_004,run_015,0.084,0.25,0.075,0.667,False,True
real_deepseek_v4pro_50,run_004,run_016,0.102,0.505,0.108,0.333,False,True
real_deepseek_v4pro_50,run_004,run_017,0.071,0.423,0.067,0.4,False,True
real_deepseek_v4pro_50,run_004,run_018,0.048,0.194,0.043,0.2,False,False
real_deepseek_v4pro_50,run_004,run_019,0.036,0.719,0.106,0.333,False,True
real_deepseek_v4pro_50,run_004,run_020,0.048,0.435,0.023,0.333,False,True
real_deepseek_v4pro_50,run_004,run_021,0.031,0.466,0.061,0.333,False,True
real_deepseek_v4pro_50,run_004,run_022,0.016,0.391,0.093,0.2,False,True
real_deepseek_v4pro_50,run_004,run_023,0.093,0.332,0.062,0.25,False,True
real_deepseek_v4pro_50,run_004,run_024,0.076,0.3,0.224,0.0,False,False
real_deepseek_v4pro_50,run_004,run_025,0.03,0.384,0.031,0.25,False,False
real_deepseek_v4pro_50,run_004,run_026,0.08,0.204,0.06,0.0,False,True
real_deepseek_v4pro_50,run_004,run_027,0.089,0.356,0.014,0.25,False,False
real_deepseek_v4pro_50,run_004,run_028,0.031,0.311,0.047,0.2,False,False
real_deepseek_v4pro_50,run_004,run_029,0.053,0.4,0.009,0.0,False,False
real_deepseek_v4pro_50,run_004,run_030,0.101,0.431,0.1,0.667,False,True
real_deepseek_v4pro_50,run_004,run_031,0.083,0.383,0.086,0.0,False,False
real_deepseek_v4pro_50,run_004,run_032,0.025,0.034,0.088,0.25,False,True
real_deepseek_v4pro_50,run_004,run_033,0.106,0.299,0.056,0.2,False,False
real_deepseek_v4pro_50,run_004,run_034,0.086,0.293,0.086,0.0,False,False
real_deepseek_v4pro_50,run_004,run_035,0.049,0.042,0.233,0.333,False,True
real_deepseek_v4pro_50,run_004,run_036,0.065,0.261,0.109,0.143,False,False
real_deepseek_v4pro_50,run_004,run_037,0.065,0.442,0.059,0.667,False,True
real_deepseek_v4pro_50,run_004,run_038,0.061,0.627,0.114,0.333,False,True
real_deepseek_v4pro_50,run_004,run_039,0.1,0.326,0.026,0.667,False,True
real_deepseek_v4pro_50,run_004,run_040,0.106,0.34,0.026,0.0,False,True
real_deepseek_v4pro_50,run_004,run_041,0.057,0.339,0.06,0.286,False,False
real_deepseek_v4pro_50,run_004,run_042,0.018,0.072,0.016,0.0,False,True
real_deepseek_v4pro_50,run_004,run_043,0.083,0.3,0.079,0.25,False,False
real_deepseek_v4pro_50,run_004,run_044,0.028,0.335,0.07,0.0,False,False
real_deepseek_v4pro_50,run_004,run_045,0.057,0.014,0.024,0.25,False,False
real_deepseek_v4pro_50,run_004,run_046,0.091,0.316,0.062,0.25,False,False
real_deepseek_v4pro_50,run_004,run_047,0.098,0.164,0.03,0.0,False,False
real_deepseek_v4pro_50,run_004,run_048,0.067,0.265,0.054,0.667,False,True
real_deepseek_v4pro_50,run_004,run_049,0.077,0.442,0.077,0.333,False,True
real_deepseek_v4pro_50,run_004,run_050,0.099,0.143,0.024,0.2,False,True
real_deepseek_v4pro_50,run_005,run_006,0.109,0.321,0.007,0.5,True,True
real_deepseek_v4pro_50,run_005,run_007,0.081,0.22,0.03,0.0,False,False
real_deepseek_v4pro_50,run_005,run_008,0.044,0.465,0.095,0.5,True,True
real_deepseek_v4pro_50,run_005,run_009,0.079,0.023,0.046,0.0,False,False
real_deepseek_v4pro_50,run_005,run_010,0.006,0.022,0.019,0.0,False,False
real_deepseek_v4pro_50,run_005,run_011,0.045,0.373,0.067,0.333,True,True
real_deepseek_v4pro_50,run_005,run_012,0.05,0.025,0.037,0.0,False,False
real_deepseek_v4pro_50,run_005,run_013,0.084,0.342,0.013,0.5,True,True
real_deepseek_v4pro_50,run_005,run_014,0.043,0.277,0.084,0.0,False,False
real_deepseek_v4pro_50,run_005,run_015,0.028,0.36,0.009,0.0,False,False
real_deepseek_v4pro_50,run_005,run_016,0.036,0.126,0.022,0.0,False,False
real_deepseek_v4pro_50,run_005,run_017,0.057,0.25,0.114,0.2,False,False
real_deepseek_v4pro_50,run_005,run_018,0.083,0.284,0.043,0.0,False,False
real_deepseek_v4pro_50,run_005,run_019,0.035,0.244,0.034,0.0,False,False
real_deepseek_v4pro_50,run_005,run_020,0.052,0.28,0.037,0.0,False,False
real_deepseek_v4pro_50,run_005,run_021,0.161,0.139,0.018,0.0,False,False
real_deepseek_v4pro_50,run_005,run_022,0.03,0.322,0.037,0.0,False,False
real_deepseek_v4pro_50,run_005,run_023,0.018,0.149,0.092,0.0,False,False
real_deepseek_v4pro_50,run_005,run_024,0.045,0.204,0.357,0.4,False,False
real_deepseek_v4pro_50,run_005,run_025,0.08,0.425,0.045,0.333,True,True
real_deepseek_v4pro_50,run_005,run_026,0.04,0.221,0.104,0.0,False,False
real_deepseek_v4pro_50,run_005,run_027,0.06,0.538,0.163,0.333,True,True
real_deepseek_v4pro_50,run_005,run_028,0.068,0.41,0.08,0.25,True,True
real_deepseek_v4pro_50,run_005,run_029,0.055,0.258,0.015,0.5,False,False
real_deepseek_v4pro_50,run_005,run_030,0.044,0.194,0.064,0.0,False,False
real_deepseek_v4pro_50,run_005,run_031,0.082,0.45,0.073,0.5,True,True
real_deepseek_v4pro_50,run_005,run_032,0.048,0.057,0.152,0.0,False,False
real_deepseek_v4pro_50,run_005,run_033,0.019,0.393,0.02,0.25,True,True
real_deepseek_v4pro_50,run_005,run_034,0.092,0.318,0.024,0.5,True,True
real_deepseek_v4pro_50,run_005,run_035,0.017,0.02,0.271,0.0,False,False
real_deepseek_v4pro_50,run_005,run_036,0.083,0.336,0.037,0.4,True,True
real_deepseek_v4pro_50,run_005,run_037,0.068,0.22,0.038,0.0,False,False
real_deepseek_v4pro_50,run_005,run_038,0.027,0.169,0.017,0.0,False,False
real_deepseek_v4pro_50,run_005,run_039,0.052,0.195,0.038,0.0,False,False
real_deepseek_v4pro_50,run_005,run_040,0.055,0.209,0.031,0.0,False,False
real_deepseek_v4pro_50,run_005,run_041,0.066,0.315,0.042,0.333,False,False
real_deepseek_v4pro_50,run_005,run_042,0.045,0.023,0.036,0.0,False,False
real_deepseek_v4pro_50,run_005,run_043,0.047,0.398,0.04,0.333,True,True
real_deepseek_v4pro_50,run_005,run_044,0.083,0.429,0.032,0.5,True,True
real_deepseek_v4pro_50,run_005,run_045,0.11,0.139,0.081,0.333,True,True
real_deepseek_v4pro_50,run_005,run_046,0.072,0.173,0.044,0.333,False,False
real_deepseek_v4pro_50,run_005,run_047,0.046,0.278,0.104,0.5,True,True
real_deepseek_v4pro_50,run_005,run_048,0.056,0.186,0.017,0.0,False,False
real_deepseek_v4pro_50,run_005,run_049,0.033,0.22,0.023,0.0,False,False
real_deepseek_v4pro_50,run_005,run_050,0.071,0.287,0.114,0.667,False,False
real_deepseek_v4pro_50,run_006,run_007,0.086,0.4,0.044,0.0,False,False
real_deepseek_v4pro_50,run_006,run_008,0.06,0.436,0.012,1.0,True,True
real_deepseek_v4pro_50,run_006,run_009,0.097,0.026,0.078,0.0,False,False
real_deepseek_v4pro_50,run_006,run_010,0.01,0.085,0.02,0.0,False,False
real_deepseek_v4pro_50,run_006,run_011,0.074,0.494,0.164,0.5,True,True
real_deepseek_v4pro_50,run_006,run_012,0.109,0.031,0.163,0.0,False,False
real_deepseek_v4pro_50,run_006,run_013,0.134,0.935,0.013,1.0,True,True
real_deepseek_v4pro_50,run_006,run_014,0.045,0.124,0.037,0.0,False,False
real_deepseek_v4pro_50,run_006,run_015,0.109,0.221,0.006,0.0,False,False
real_deepseek_v4pro_50,run_006,run_016,0.062,0.356,0.035,0.0,False,False
real_deepseek_v4pro_50,run_006,run_017,0.115,0.312,0.065,0.0,False,False
real_deepseek_v4pro_50,run_006,run_018,0.049,0.202,0.044,0.0,False,False
real_deepseek_v4pro_50,run_006,run_019,0.046,0.291,0.075,0.0,False,False
real_deepseek_v4pro_50,run_006,run_020,0.069,0.333,0.007,0.0,False,False
real_deepseek_v4pro_50,run_006,run_021,0.103,0.303,0.053,0.0,False,False
real_deepseek_v4pro_50,run_006,run_022,0.089,0.187,0.103,0.0,False,False
real_deepseek_v4pro_50,run_006,run_023,0.046,0.252,0.122,0.0,False,False
real_deepseek_v4pro_50,run_006,run_024,0.062,0.5,0.297,0.2,False,False
real_deepseek_v4pro_50,run_006,run_025,0.111,0.699,0.042,0.5,True,True
real_deepseek_v4pro_50,run_006,run_026,0.082,0.206,0.035,0.0,False,False
real_deepseek_v4pro_50,run_006,run_027,0.09,0.504,0.019,0.5,True,True
real_deepseek_v4pro_50,run_006,run_028,0.124,0.439,0.018,0.333,True,True
real_deepseek_v4pro_50,run_006,run_029,0.062,0.333,0.063,0.0,False,False
real_deepseek_v4pro_50,run_006,run_030,0.034,0.436,0.01,0.0,False,False
real_deepseek_v4pro_50,run_006,run_031,0.103,0.743,0.035,1.0,True,True
real_deepseek_v4pro_50,run_006,run_032,0.05,0.036,0.087,0.0,False,False
real_deepseek_v4pro_50,run_006,run_033,0.082,0.545,0.027,0.333,True,True
real_deepseek_v4pro_50,run_006,run_034,0.121,0.881,0.042,1.0,True,True
real_deepseek_v4pro_50,run_006,run_035,0.068,0.024,0.255,0.0,False,False
real_deepseek_v4pro_50,run_006,run_036,0.09,0.875,0.109,0.2,True,True
real_deepseek_v4pro_50,run_006,run_037,0.055,0.4,0.031,0.0,False,False
real_deepseek_v4pro_50,run_006,run_038,0.035,0.291,0.057,0.0,False,False
real_deepseek_v4pro_50,run_006,run_039,0.101,0.436,0.034,0.0,False,False
real_deepseek_v4pro_50,run_006,run_040,0.092,0.199,0.016,0.0,False,False
real_deepseek_v4pro_50,run_006,run_041,0.084,0.251,0.14,0.167,False,False
real_deepseek_v4pro_50,run_006,run_042,0.097,0.017,0.023,0.0,False,False
real_deepseek_v4pro_50,run_006,run_043,0.135,0.617,0.016,0.5,True,True
real_deepseek_v4pro_50,run_006,run_044,0.141,0.649,0.083,1.0,True,True
real_deepseek_v4pro_50,run_006,run_045,0.047,0.136,0.113,0.5,True,True
real_deepseek_v4pro_50,run_006,run_046,0.074,0.5,0.082,0.0,False,False
real_deepseek_v4pro_50,run_006,run_047,0.101,0.33,0.02,1.0,True,True
real_deepseek_v4pro_50,run_006,run_048,0.043,0.455,0.018,0.0,False,False
real_deepseek_v4pro_50,run_006,run_049,0.034,0.4,0.024,0.0,False,False
real_deepseek_v4pro_50,run_006,run_050,0.1,0.203,0.025,0.333,False,False
real_deepseek_v4pro_50,run_007,run_008,0.051,0.257,0.04,0.0,False,False
real_deepseek_v4pro_50,run_007,run_009,0.065,0.226,0.039,0.0,True,True
real_deepseek_v4pro_50,run_007,run_010,0.005,0.029,0.018,0.0,False,False
real_deepseek_v4pro_50,run_007,run_011,0.037,0.198,0.035,0.0,False,False
real_deepseek_v4pro_50,run_007,run_012,0.021,0.036,0.03,0.0,False,True
real_deepseek_v4pro_50,run_007,run_013,0.06,0.404,0.052,0.0,False,False
real_deepseek_v4pro_50,run_007,run_014,0.044,0.216,0.027,0.0,False,True
real_deepseek_v4pro_50,run_007,run_015,0.089,0.574,0.015,0.333,True,True
real_deepseek_v4pro_50,run_007,run_016,0.081,0.571,0.042,0.5,True,True
real_deepseek_v4pro_50,run_007,run_017,0.031,0.56,0.007,0.2,False,True
real_deepseek_v4pro_50,run_007,run_018,0.047,0.152,0.062,0.25,False,False
real_deepseek_v4pro_50,run_007,run_019,0.086,0.763,0.016,0.5,True,True
real_deepseek_v4pro_50,run_007,run_020,0.084,0.535,0.013,0.5,True,True
real_deepseek_v4pro_50,run_007,run_021,0.161,0.506,0.04,0.5,True,True
real_deepseek_v4pro_50,run_007,run_022,0.031,0.488,0.029,0.667,True,True
real_deepseek_v4pro_50,run_007,run_023,0.025,0.312,0.022,0.0,False,True
real_deepseek_v4pro_50,run_007,run_024,0.021,0.451,0.278,0.167,False,False
real_deepseek_v4pro_50,run_007,run_025,0.07,0.303,0.03,0.0,False,False
real_deepseek_v4pro_50,run_007,run_026,0.032,0.253,0.044,0.0,False,True
real_deepseek_v4pro_50,run_007,run_027,0.055,0.311,0.046,0.333,False,False
real_deepseek_v4pro_50,run_007,run_028,0.04,0.39,0.057,0.0,False,False
real_deepseek_v4pro_50,run_007,run_029,0.053,0.296,0.041,0.0,False,False
real_deepseek_v4pro_50,run_007,run_030,0.099,0.813,0.056,0.333,True,True
real_deepseek_v4pro_50,run_007,run_031,0.052,0.311,0.018,0.0,False,False
real_deepseek_v4pro_50,run_007,run_032,0.077,0.034,0.017,0.333,False,True
real_deepseek_v4pro_50,run_007,run_033,0.033,0.307,0.047,0.667,False,False
real_deepseek_v4pro_50,run_007,run_034,0.059,0.434,0.019,0.0,False,False
real_deepseek_v4pro_50,run_007,run_035,0.013,0.036,0.297,0.0,False,True
real_deepseek_v4pro_50,run_007,run_036,0.07,0.441,0.051,0.167,False,False
real_deepseek_v4pro_50,run_007,run_037,0.089,1.0,0.075,0.333,True,True
real_deepseek_v4pro_50,run_007,run_038,0.049,0.474,0.008,0.5,False,True
real_deepseek_v4pro_50,run_007,run_039,0.029,0.864,0.009,0.333,True,True
real_deepseek_v4pro_50,run_007,run_040,0.05,0.251,0.066,0.0,True,True
real_deepseek_v4pro_50,run_007,run_041,0.065,0.23,0.037,0.143,False,False
real_deepseek_v4pro_50,run_007,run_042,0.05,0.084,0.035,0.333,False,True
real_deepseek_v4pro_50,run_007,run_043,0.064,0.296,0.015,0.0,False,False
real_deepseek_v4pro_50,run_007,run_044,0.145,0.301,0.052,0.0,False,False
real_deepseek_v4pro_50,run_007,run_045,0.059,0.005,0.066,0.0,False,False
real_deepseek_v4pro_50,run_007,run_046,0.052,0.511,0.061,0.0,False,False
real_deepseek_v4pro_50,run_007,run_047,0.046,0.114,0.049,0.0,False,False
real_deepseek_v4pro_50,run_007,run_048,0.05,0.813,0.022,0.333,True,True
real_deepseek_v4pro_50,run_007,run_049,0.083,1.0,0.044,0.5,True,True
real_deepseek_v4pro_50,run_007,run_050,0.043,0.53,0.026,0.25,True,True
real_deepseek_v4pro_50,run_008,run_009,0.063,0.026,0.047,0.0,False,False
real_deepseek_v4pro_50,run_008,run_010,0.008,0.032,0.017,0.0,False,False
real_deepseek_v4pro_50,run_008,run_011,0.032,0.502,0.106,0.5,True,True
real_deepseek_v4pro_50,run_008,run_012,0.021,0.024,0.059,0.0,False,False
real_deepseek_v4pro_50,run_008,run_013,0.044,0.426,0.03,1.0,True,True
real_deepseek_v4pro_50,run_008,run_014,0.04,0.209,0.099,0.0,False,False
real_deepseek_v4pro_50,run_008,run_015,0.029,0.337,0.023,0.0,False,False
real_deepseek_v4pro_50,run_008,run_016,0.051,0.338,0.068,0.0,False,False
real_deepseek_v4pro_50,run_008,run_017,0.023,0.41,0.181,0.0,False,False
real_deepseek_v4pro_50,run_008,run_018,0.044,0.264,0.069,0.0,False,False
real_deepseek_v4pro_50,run_008,run_019,0.065,0.254,0.067,0.0,False,False
real_deepseek_v4pro_50,run_008,run_020,0.025,0.441,0.009,0.0,False,False
real_deepseek_v4pro_50,run_008,run_021,0.077,0.445,0.141,0.0,False,False
real_deepseek_v4pro_50,run_008,run_022,0.044,0.352,0.019,0.0,False,False
real_deepseek_v4pro_50,run_008,run_023,0.041,0.163,0.122,0.0,False,False
real_deepseek_v4pro_50,run_008,run_024,0.052,0.331,0.375,0.2,False,False
real_deepseek_v4pro_50,run_008,run_025,0.081,0.5,0.048,0.5,True,True
real_deepseek_v4pro_50,run_008,run_026,0.039,0.263,0.141,0.0,False,False
real_deepseek_v4pro_50,run_008,run_027,0.06,0.426,0.187,0.5,True,True
real_deepseek_v4pro_50,run_008,run_028,0.044,0.421,0.098,0.333,True,True
real_deepseek_v4pro_50,run_008,run_029,0.063,0.325,0.026,0.0,False,False
real_deepseek_v4pro_50,run_008,run_030,0.043,0.292,0.027,0.0,False,False
real_deepseek_v4pro_50,run_008,run_031,0.14,0.505,0.131,1.0,True,True
real_deepseek_v4pro_50,run_008,run_032,0.058,0.06,0.13,0.0,False,False
real_deepseek_v4pro_50,run_008,run_033,0.057,0.468,0.035,0.333,True,True
real_deepseek_v4pro_50,run_008,run_034,0.074,0.472,0.12,1.0,True,True
real_deepseek_v4pro_50,run_008,run_035,0.04,0.054,0.311,0.0,False,False
real_deepseek_v4pro_50,run_008,run_036,0.04,0.416,0.015,0.2,True,True
real_deepseek_v4pro_50,run_008,run_037,0.068,0.278,0.07,0.0,False,False
real_deepseek_v4pro_50,run_008,run_038,0.07,0.313,0.074,0.0,False,False
real_deepseek_v4pro_50,run_008,run_039,0.044,0.278,0.014,0.0,False,False
real_deepseek_v4pro_50,run_008,run_040,0.054,0.294,0.092,0.0,False,False
real_deepseek_v4pro_50,run_008,run_041,0.062,0.241,0.06,0.167,False,False
real_deepseek_v4pro_50,run_008,run_042,0.034,0.014,0.026,0.0,False,False
real_deepseek_v4pro_50,run_008,run_043,0.079,0.477,0.139,0.5,True,True
real_deepseek_v4pro_50,run_008,run_044,0.055,0.479,0.074,1.0,True,True
real_deepseek_v4pro_50,run_008,run_045,0.039,0.13,0.17,0.5,True,True
real_deepseek_v4pro_50,run_008,run_046,0.065,0.309,0.116,0.0,False,False
real_deepseek_v4pro_50,run_008,run_047,0.081,0.425,0.12,1.0,True,True
real_deepseek_v4pro_50,run_008,run_048,0.031,0.281,0.019,0.0,False,False
real_deepseek_v4pro_50,run_008,run_049,0.031,0.278,0.032,0.0,False,False
real_deepseek_v4pro_50,run_008,run_050,0.048,0.329,0.088,0.333,False,False
real_deepseek_v4pro_50,run_009,run_010,0.012,0.023,0.016,0.0,False,False
real_deepseek_v4pro_50,run_009,run_011,0.065,0.263,0.058,0.0,False,False
real_deepseek_v4pro_50,run_009,run_012,0.056,0.114,0.078,0.0,False,True
real_deepseek_v4pro_50,run_009,run_013,0.061,0.194,0.012,0.0,False,False
real_deepseek_v4pro_50,run_009,run_014,0.046,0.136,0.055,0.0,False,True
real_deepseek_v4pro_50,run_009,run_015,0.034,0.258,0.079,0.0,True,True
real_deepseek_v4pro_50,run_009,run_016,0.077,0.286,0.12,0.0,True,True
real_deepseek_v4pro_50,run_009,run_017,0.043,0.243,0.069,0.0,False,True
real_deepseek_v4pro_50,run_009,run_018,0.038,0.251,0.023,0.0,False,False
real_deepseek_v4pro_50,run_009,run_019,0.063,0.298,0.13,0.0,True,True
real_deepseek_v4pro_50,run_009,run_020,0.054,0.304,0.018,0.0,True,True
real_deepseek_v4pro_50,run_009,run_021,0.101,0.205,0.116,0.0,True,True
real_deepseek_v4pro_50,run_009,run_022,0.058,0.293,0.14,0.0,True,True
real_deepseek_v4pro_50,run_009,run_023,0.017,0.208,0.109,0.0,False,True
real_deepseek_v4pro_50,run_009,run_024,0.018,0.148,0.254,0.0,False,False
real_deepseek_v4pro_50,run_009,run_025,0.125,0.229,0.034,0.0,False,False
real_deepseek_v4pro_50,run_009,run_026,0.05,0.266,0.126,0.0,False,True
real_deepseek_v4pro_50,run_009,run_027,0.048,0.213,0.162,0.0,False,False
real_deepseek_v4pro_50,run_009,run_028,0.087,0.246,0.079,0.0,False,False
real_deepseek_v4pro_50,run_009,run_029,0.072,0.189,0.109,0.0,False,False
real_deepseek_v4pro_50,run_009,run_030,0.048,0.282,0.044,0.0,True,True
real_deepseek_v4pro_50,run_009,run_031,0.04,0.224,0.081,0.0,False,False
real_deepseek_v4pro_50,run_009,run_032,0.086,0.083,0.094,0.0,False,True
real_deepseek_v4pro_50,run_009,run_033,0.053,0.247,0.093,0.0,False,False
real_deepseek_v4pro_50,run_009,run_034,0.075,0.159,0.157,0.0,False,False
real_deepseek_v4pro_50,run_009,run_035,0.021,0.047,0.113,0.0,False,True
real_deepseek_v4pro_50,run_009,run_036,0.072,0.21,0.076,0.0,False,False
real_deepseek_v4pro_50,run_009,run_037,0.074,0.335,0.125,0.0,True,True
real_deepseek_v4pro_50,run_009,run_038,0.039,0.2,0.046,0.0,False,True
real_deepseek_v4pro_50,run_009,run_039,0.116,0.305,0.055,0.0,True,True
real_deepseek_v4pro_50,run_009,run_040,0.106,0.28,0.069,1.0,True,True
real_deepseek_v4pro_50,run_009,run_041,0.031,0.263,0.082,0.0,False,False
real_deepseek_v4pro_50,run_009,run_042,0.067,0.121,0.031,0.0,False,True
real_deepseek_v4pro_50,run_009,run_043,0.056,0.207,0.139,0.0,False,False
real_deepseek_v4pro_50,run_009,run_044,0.058,0.14,0.108,0.0,False,False
real_deepseek_v4pro_50,run_009,run_045,0.094,0.028,0.054,0.0,False,False
real_deepseek_v4pro_50,run_009,run_046,0.084,0.166,0.084,0.0,False,False
real_deepseek_v4pro_50,run_009,run_047,0.051,0.24,0.156,0.0,False,False
real_deepseek_v4pro_50,run_009,run_048,0.076,0.282,0.061,0.0,True,True
real_deepseek_v4pro_50,run_009,run_049,0.08,0.335,0.113,0.0,True,True
real_deepseek_v4pro_50,run_009,run_050,0.066,0.247,0.074,0.0,True,True
real_deepseek_v4pro_50,run_010,run_011,0.0,0.047,0.0,0.0,False,False
real_deepseek_v4pro_50,run_010,run_012,0.0,0.0,0.0,0.0,False,False
real_deepseek_v4pro_50,run_010,run_013,0.0,0.078,0.0,0.0,False,False
real_deepseek_v4pro_50,run_010,run_014,0.0,0.036,0.0,0.0,False,False
real_deepseek_v4pro_50,run_010,run_015,0.0,0.036,0.0,0.0,False,False
real_deepseek_v4pro_50,run_010,run_016,0.0,0.026,0.0,0.0,False,False
real_deepseek_v4pro_50,run_010,run_017,0.0,0.046,0.0,0.0,False,False
real_deepseek_v4pro_50,run_010,run_018,0.0,0.041,0.0,0.0,False,False
real_deepseek_v4pro_50,run_010,run_019,0.0,0.055,0.0,0.0,False,False
real_deepseek_v4pro_50,run_010,run_020,0.0,0.037,0.0,0.0,False,False
real_deepseek_v4pro_50,run_010,run_021,0.0,0.036,0.0,0.0,False,False
real_deepseek_v4pro_50,run_010,run_022,0.0,0.055,0.0,0.0,False,False
real_deepseek_v4pro_50,run_010,run_023,0.0,0.077,0.0,0.0,False,False
real_deepseek_v4pro_50,run_010,run_024,0.0,0.051,0.032,0.0,False,False
real_deepseek_v4pro_50,run_010,run_025,0.0,0.073,0.0,0.0,False,False
real_deepseek_v4pro_50,run_010,run_026,0.0,0.063,0.0,0.0,False,False
real_deepseek_v4pro_50,run_010,run_027,0.0,0.041,0.0,0.0,False,False
real_deepseek_v4pro_50,run_010,run_028,0.0,0.044,0.0,0.0,False,False
real_deepseek_v4pro_50,run_010,run_029,0.0,0.051,0.0,0.0,False,False
real_deepseek_v4pro_50,run_010,run_030,0.0,0.033,0.0,0.0,False,False
real_deepseek_v4pro_50,run_010,run_031,0.0,0.083,0.0,0.0,False,False
real_deepseek_v4pro_50,run_010,run_032,0.0,0.0,0.0,0.0,False,False
real_deepseek_v4pro_50,run_010,run_033,0.0,0.053,0.0,0.0,False,False
real_deepseek_v4pro_50,run_010,run_034,0.0,0.0,0.0,0.0,False,False
real_deepseek_v4pro_50,run_010,run_035,0.0,0.0,0.047,0.0,False,False
real_deepseek_v4pro_50,run_010,run_036,0.0,0.073,0.0,0.0,False,False
real_deepseek_v4pro_50,run_010,run_037,0.0,0.029,0.005,0.0,False,False
real_deepseek_v4pro_50,run_010,run_038,0.0,0.046,0.0,0.0,False,False
real_deepseek_v4pro_50,run_010,run_039,0.0,0.029,0.0,0.0,False,False
real_deepseek_v4pro_50,run_010,run_040,0.0,0.05,0.0,0.0,False,False
real_deepseek_v4pro_50,run_010,run_041,0.0,0.03,0.0,0.0,False,False
real_deepseek_v4pro_50,run_010,run_042,0.0,0.0,0.0,0.0,False,False
real_deepseek_v4pro_50,run_010,run_043,0.0,0.051,0.0,0.0,False,False
real_deepseek_v4pro_50,run_010,run_044,0.0,0.057,0.0,0.0,False,False
real_deepseek_v4pro_50,run_010,run_045,0.0,0.0,0.0,0.0,False,False
real_deepseek_v4pro_50,run_010,run_046,0.0,0.065,0.0,0.0,False,False
real_deepseek_v4pro_50,run_010,run_047,0.0,0.022,0.0,0.0,False,False
real_deepseek_v4pro_50,run_010,run_048,0.0,0.033,0.0,0.0,False,False
real_deepseek_v4pro_50,run_010,run_049,0.0,0.029,0.0,0.0,False,False
real_deepseek_v4pro_50,run_010,run_050,0.0,0.032,0.0,0.0,False,False
real_deepseek_v4pro_50,run_011,run_012,0.034,0.035,0.175,0.5,False,False
real_deepseek_v4pro_50,run_011,run_013,0.046,0.529,0.013,0.5,True,True
real_deepseek_v4pro_50,run_011,run_014,0.034,0.267,0.051,0.333,False,False
real_deepseek_v4pro_50,run_011,run_015,0.023,0.179,0.123,0.333,False,False
real_deepseek_v4pro_50,run_011,run_016,0.055,0.18,0.176,0.0,False,False
real_deepseek_v4pro_50,run_011,run_017,0.057,0.276,0.223,0.2,False,False
real_deepseek_v4pro_50,run_011,run_018,0.038,0.348,0.034,0.25,False,False
real_deepseek_v4pro_50,run_011,run_019,0.092,0.197,0.173,0.0,False,False
real_deepseek_v4pro_50,run_011,run_020,0.062,0.207,0.19,0.0,False,False
real_deepseek_v4pro_50,run_011,run_021,0.06,0.265,0.11,0.0,False,False
real_deepseek_v4pro_50,run_011,run_022,0.061,0.241,0.209,0.0,False,False
real_deepseek_v4pro_50,run_011,run_023,0.031,0.189,0.211,0.333,False,False
real_deepseek_v4pro_50,run_011,run_024,0.056,0.16,0.391,0.167,False,False
real_deepseek_v4pro_50,run_011,run_025,0.062,0.537,0.072,1.0,True,True
real_deepseek_v4pro_50,run_011,run_026,0.022,0.183,0.125,0.0,False,False
real_deepseek_v4pro_50,run_011,run_027,0.076,0.235,0.127,0.333,True,True
real_deepseek_v4pro_50,run_011,run_028,0.069,0.467,0.069,0.667,True,True
real_deepseek_v4pro_50,run_011,run_029,0.071,0.297,0.029,0.0,False,False
real_deepseek_v4pro_50,run_011,run_030,0.025,0.186,0.081,0.333,False,False
real_deepseek_v4pro_50,run_011,run_031,0.044,0.523,0.14,0.5,True,True
real_deepseek_v4pro_50,run_011,run_032,0.074,0.056,0.17,0.333,False,False
real_deepseek_v4pro_50,run_011,run_033,0.038,0.483,0.051,0.25,True,True
real_deepseek_v4pro_50,run_011,run_034,0.062,0.434,0.211,0.5,True,True
real_deepseek_v4pro_50,run_011,run_035,0.02,0.03,0.147,0.5,False,False
real_deepseek_v4pro_50,run_011,run_036,0.068,0.539,0.061,0.4,True,True
real_deepseek_v4pro_50,run_011,run_037,0.077,0.198,0.052,0.333,False,False
real_deepseek_v4pro_50,run_011,run_038,0.083,0.181,0.064,0.0,False,False
real_deepseek_v4pro_50,run_011,run_039,0.052,0.156,0.113,0.333,False,False
real_deepseek_v4pro_50,run_011,run_040,0.026,0.305,0.025,0.0,False,False
real_deepseek_v4pro_50,run_011,run_041,0.056,0.262,0.183,0.333,False,False
real_deepseek_v4pro_50,run_011,run_042,0.11,0.021,0.026,0.0,False,False
real_deepseek_v4pro_50,run_011,run_043,0.053,0.446,0.179,1.0,True,True
real_deepseek_v4pro_50,run_011,run_044,0.058,0.518,0.119,0.5,True,True
real_deepseek_v4pro_50,run_011,run_045,0.034,0.028,0.112,1.0,True,True
real_deepseek_v4pro_50,run_011,run_046,0.052,0.195,0.111,0.333,False,False
real_deepseek_v4pro_50,run_011,run_047,0.06,0.66,0.08,0.5,True,True
real_deepseek_v4pro_50,run_011,run_048,0.056,0.197,0.096,0.333,False,False
real_deepseek_v4pro_50,run_011,run_049,0.057,0.198,0.073,0.0,False,False
real_deepseek_v4pro_50,run_011,run_050,0.037,0.11,0.077,0.25,False,False
real_deepseek_v4pro_50,run_012,run_013,0.066,0.146,0.013,0.0,False,False
real_deepseek_v4pro_50,run_012,run_014,0.048,0.296,0.025,0.5,False,True
real_deepseek_v4pro_50,run_012,run_015,0.142,0.35,0.131,0.5,False,True
real_deepseek_v4pro_50,run_012,run_016,0.069,0.195,0.124,0.0,False,True
real_deepseek_v4pro_50,run_012,run_017,0.097,0.189,0.133,0.25,False,True
real_deepseek_v4pro_50,run_012,run_018,0.049,0.319,0.039,0.333,False,False
real_deepseek_v4pro_50,run_012,run_019,0.035,0.163,0.141,0.0,False,True
real_deepseek_v4pro_50,run_012,run_020,0.084,0.326,0.299,0.0,False,True
real_deepseek_v4pro_50,run_012,run_021,0.087,0.287,0.1,0.0,False,True
real_deepseek_v4pro_50,run_012,run_022,0.039,0.163,0.222,0.0,False,True
real_deepseek_v4pro_50,run_012,run_023,0.059,0.215,0.162,0.5,False,True
real_deepseek_v4pro_50,run_012,run_024,0.041,0.209,0.42,0.0,False,False
real_deepseek_v4pro_50,run_012,run_025,0.124,0.192,0.069,0.5,False,False
real_deepseek_v4pro_50,run_012,run_026,0.074,0.289,0.066,0.0,False,True
real_deepseek_v4pro_50,run_012,run_027,0.09,0.247,0.026,0.0,False,False
real_deepseek_v4pro_50,run_012,run_028,0.116,0.219,0.021,0.333,False,False
real_deepseek_v4pro_50,run_012,run_029,0.051,0.235,0.036,0.0,False,False
real_deepseek_v4pro_50,run_012,run_030,0.051,0.222,0.063,0.5,False,True
real_deepseek_v4pro_50,run_012,run_031,0.055,0.142,0.099,0.0,False,False
real_deepseek_v4pro_50,run_012,run_032,0.062,0.159,0.116,0.5,False,True
real_deepseek_v4pro_50,run_012,run_033,0.049,0.31,0.051,0.0,False,False
real_deepseek_v4pro_50,run_012,run_034,0.087,0.119,0.16,0.0,False,False
real_deepseek_v4pro_50,run_012,run_035,0.048,0.071,0.143,1.0,False,True
real_deepseek_v4pro_50,run_012,run_036,0.068,0.166,0.057,0.2,False,False
real_deepseek_v4pro_50,run_012,run_037,0.062,0.172,0.076,0.5,False,True
real_deepseek_v4pro_50,run_012,run_038,0.026,0.129,0.112,0.0,False,True
real_deepseek_v4pro_50,run_012,run_039,0.154,0.172,0.162,0.5,False,True
real_deepseek_v4pro_50,run_012,run_040,0.088,0.448,0.011,0.0,False,True
real_deepseek_v4pro_50,run_012,run_041,0.076,0.294,0.149,0.167,False,False
real_deepseek_v4pro_50,run_012,run_042,0.075,0.034,0.011,0.0,False,True
real_deepseek_v4pro_50,run_012,run_043,0.047,0.173,0.131,0.5,False,False
real_deepseek_v4pro_50,run_012,run_044,0.051,0.25,0.121,0.0,False,False
real_deepseek_v4pro_50,run_012,run_045,0.053,0.027,0.185,0.5,False,False
real_deepseek_v4pro_50,run_012,run_046,0.064,0.133,0.065,0.5,False,False
real_deepseek_v4pro_50,run_012,run_047,0.058,0.183,0.033,0.0,False,False
real_deepseek_v4pro_50,run_012,run_048,0.038,0.163,0.091,0.5,False,True
real_deepseek_v4pro_50,run_012,run_049,0.052,0.172,0.067,0.0,False,True
real_deepseek_v4pro_50,run_012,run_050,0.054,0.359,0.032,0.0,False,True
real_deepseek_v4pro_50,run_013,run_014,0.036,0.159,0.049,0.0,False,False
real_deepseek_v4pro_50,run_013,run_015,0.049,0.245,0.04,0.0,False,False
real_deepseek_v4pro_50,run_013,run_016,0.05,0.328,0.007,0.0,False,False
real_deepseek_v4pro_50,run_013,run_017,0.032,0.364,0.031,0.0,False,False
real_deepseek_v4pro_50,run_013,run_018,0.028,0.198,0.054,0.0,False,False
real_deepseek_v4pro_50,run_013,run_019,0.055,0.323,0.027,0.0,False,False
real_deepseek_v4pro_50,run_013,run_020,0.076,0.377,0.017,0.0,False,False
real_deepseek_v4pro_50,run_013,run_021,0.124,0.295,0.111,0.0,False,False
real_deepseek_v4pro_50,run_013,run_022,0.08,0.182,0.017,0.0,False,False
real_deepseek_v4pro_50,run_013,run_023,0.04,0.244,0.029,0.0,False,False
real_deepseek_v4pro_50,run_013,run_024,0.077,0.476,0.28,0.2,False,False
real_deepseek_v4pro_50,run_013,run_025,0.102,0.677,0.029,0.5,True,True
real_deepseek_v4pro_50,run_013,run_026,0.06,0.214,0.098,0.0,False,False
real_deepseek_v4pro_50,run_013,run_027,0.151,0.531,0.06,0.5,True,True
real_deepseek_v4pro_50,run_013,run_028,0.09,0.471,0.08,0.333,True,True
real_deepseek_v4pro_50,run_013,run_029,0.029,0.306,0.03,0.0,False,False
real_deepseek_v4pro_50,run_013,run_030,0.043,0.419,0.032,0.0,False,False
real_deepseek_v4pro_50,run_013,run_031,0.075,0.718,0.021,1.0,True,True
real_deepseek_v4pro_50,run_013,run_032,0.083,0.036,0.021,0.0,False,False
real_deepseek_v4pro_50,run_013,run_033,0.05,0.544,0.055,0.333,True,True
real_deepseek_v4pro_50,run_013,run_034,0.142,0.818,0.02,1.0,True,True
real_deepseek_v4pro_50,run_013,run_035,0.085,0.023,0.393,0.0,False,False
real_deepseek_v4pro_50,run_013,run_036,0.152,0.92,0.026,0.2,True,True
real_deepseek_v4pro_50,run_013,run_037,0.082,0.439,0.033,0.0,False,False
real_deepseek_v4pro_50,run_013,run_038,0.046,0.33,0.02,0.0,False,False
real_deepseek_v4pro_50,run_013,run_039,0.083,0.439,0.019,0.0,False,False
real_deepseek_v4pro_50,run_013,run_040,0.055,0.194,0.189,0.0,False,False
real_deepseek_v4pro_50,run_013,run_041,0.083,0.247,0.039,0.167,False,False
real_deepseek_v4pro_50,run_013,run_042,0.071,0.017,0.031,0.0,False,False
real_deepseek_v4pro_50,run_013,run_043,0.121,0.597,0.053,0.5,True,True
real_deepseek_v4pro_50,run_013,run_044,0.06,0.626,0.036,1.0,True,True
real_deepseek_v4pro_50,run_013,run_045,0.111,0.134,0.059,0.5,True,True
real_deepseek_v4pro_50,run_013,run_046,0.085,0.474,0.066,0.0,False,False
real_deepseek_v4pro_50,run_013,run_047,0.11,0.351,0.065,1.0,True,True
real_deepseek_v4pro_50,run_013,run_048,0.059,0.438,0.037,0.0,False,False
real_deepseek_v4pro_50,run_013,run_049,0.052,0.439,0.05,0.0,False,False
real_deepseek_v4pro_50,run_013,run_050,0.076,0.139,0.011,0.333,False,False
real_deepseek_v4pro_50,run_014,run_015,0.045,0.206,0.005,0.333,False,True
real_deepseek_v4pro_50,run_014,run_016,0.025,0.217,0.014,0.0,False,True
real_deepseek_v4pro_50,run_014,run_017,0.084,0.208,0.115,0.2,False,True
real_deepseek_v4pro_50,run_014,run_018,0.043,0.297,0.057,0.25,False,False
real_deepseek_v4pro_50,run_014,run_019,0.025,0.198,0.051,0.0,False,True
real_deepseek_v4pro_50,run_014,run_020,0.044,0.235,0.011,0.0,False,True
real_deepseek_v4pro_50,run_014,run_021,0.092,0.292,0.056,0.0,False,True
real_deepseek_v4pro_50,run_014,run_022,0.029,0.184,0.013,0.25,False,True
real_deepseek_v4pro_50,run_014,run_023,0.063,0.216,0.12,1.0,False,True
real_deepseek_v4pro_50,run_014,run_024,0.02,0.168,0.326,0.167,False,False
real_deepseek_v4pro_50,run_014,run_025,0.041,0.245,0.044,0.333,False,False
real_deepseek_v4pro_50,run_014,run_026,0.034,0.233,0.163,0.5,False,True
real_deepseek_v4pro_50,run_014,run_027,0.044,0.238,0.11,0.0,False,False
real_deepseek_v4pro_50,run_014,run_028,0.028,0.213,0.048,0.25,False,False
real_deepseek_v4pro_50,run_014,run_029,0.045,0.149,0.02,0.0,False,False
real_deepseek_v4pro_50,run_014,run_030,0.027,0.117,0.021,0.333,False,True
real_deepseek_v4pro_50,run_014,run_031,0.04,0.204,0.034,0.0,False,False
real_deepseek_v4pro_50,run_014,run_032,0.091,0.024,0.073,0.333,False,True
real_deepseek_v4pro_50,run_014,run_033,0.056,0.188,0.012,0.0,False,False
real_deepseek_v4pro_50,run_014,run_034,0.041,0.155,0.083,0.0,False,False
real_deepseek_v4pro_50,run_014,run_035,0.027,0.021,0.168,0.5,False,True
real_deepseek_v4pro_50,run_014,run_036,0.044,0.248,0.015,0.167,False,False
real_deepseek_v4pro_50,run_014,run_037,0.071,0.241,0.014,0.333,False,True
real_deepseek_v4pro_50,run_014,run_038,0.051,0.224,0.043,0.0,False,True
real_deepseek_v4pro_50,run_014,run_039,0.053,0.207,0.022,0.333,False,True
real_deepseek_v4pro_50,run_014,run_040,0.03,0.184,0.03,0.0,False,True
real_deepseek_v4pro_50,run_014,run_041,0.065,0.238,0.077,0.143,False,False
real_deepseek_v4pro_50,run_014,run_042,0.042,0.023,0.014,0.0,False,True
real_deepseek_v4pro_50,run_014,run_043,0.04,0.298,0.047,0.333,False,False
real_deepseek_v4pro_50,run_014,run_044,0.067,0.232,0.048,0.0,False,False
real_deepseek_v4pro_50,run_014,run_045,0.067,0.029,0.035,0.333,False,False
real_deepseek_v4pro_50,run_014,run_046,0.074,0.186,0.059,0.333,True,False
real_deepseek_v4pro_50,run_014,run_047,0.034,0.208,0.113,0.0,False,False
real_deepseek_v4pro_50,run_014,run_048,0.067,0.179,0.013,0.333,False,True
real_deepseek_v4pro_50,run_014,run_049,0.032,0.241,0.044,0.0,False,True
real_deepseek_v4pro_50,run_014,run_050,0.028,0.189,0.07,0.0,False,True
real_deepseek_v4pro_50,run_015,run_016,0.162,0.454,0.057,0.5,True,True
real_deepseek_v4pro_50,run_015,run_017,0.093,0.46,0.057,0.5,False,True
real_deepseek_v4pro_50,run_015,run_018,0.095,0.234,0.036,0.25,False,False
real_deepseek_v4pro_50,run_015,run_019,0.082,0.613,0.059,0.5,True,True
real_deepseek_v4pro_50,run_015,run_020,0.03,0.585,0.161,0.5,True,True
real_deepseek_v4pro_50,run_015,run_021,0.134,0.64,0.058,0.5,True,True
real_deepseek_v4pro_50,run_015,run_022,0.057,0.422,0.168,0.25,True,True
real_deepseek_v4pro_50,run_015,run_023,0.086,0.226,0.131,0.333,False,True
real_deepseek_v4pro_50,run_015,run_024,0.075,0.27,0.383,0.0,False,False
real_deepseek_v4pro_50,run_015,run_025,0.074,0.313,0.087,0.333,False,False
real_deepseek_v4pro_50,run_015,run_026,0.055,0.344,0.119,0.0,False,True
real_deepseek_v4pro_50,run_015,run_027,0.032,0.309,0.079,0.333,False,False
real_deepseek_v4pro_50,run_015,run_028,0.027,0.373,0.063,0.25,False,False
real_deepseek_v4pro_50,run_015,run_029,0.042,0.308,0.065,0.0,False,False
real_deepseek_v4pro_50,run_015,run_030,0.103,0.452,0.068,1.0,True,True
real_deepseek_v4pro_50,run_015,run_031,0.053,0.266,0.065,0.0,False,False
real_deepseek_v4pro_50,run_015,run_032,0.032,0.028,0.082,0.333,False,True
real_deepseek_v4pro_50,run_015,run_033,0.179,0.292,0.072,0.25,False,False
real_deepseek_v4pro_50,run_015,run_034,0.068,0.225,0.147,0.0,False,False
real_deepseek_v4pro_50,run_015,run_035,0.066,0.027,0.139,0.5,False,True
real_deepseek_v4pro_50,run_015,run_036,0.066,0.241,0.08,0.167,False,False
real_deepseek_v4pro_50,run_015,run_037,0.067,0.574,0.102,1.0,True,True
real_deepseek_v4pro_50,run_015,run_038,0.046,0.473,0.082,0.5,False,True
real_deepseek_v4pro_50,run_015,run_039,0.129,0.496,0.137,1.0,True,True
real_deepseek_v4pro_50,run_015,run_040,0.136,0.32,0.015,0.0,True,True
real_deepseek_v4pro_50,run_015,run_041,0.096,0.362,0.125,0.333,False,False
real_deepseek_v4pro_50,run_015,run_042,0.079,0.07,0.03,0.0,False,True
real_deepseek_v4pro_50,run_015,run_043,0.116,0.292,0.144,0.333,False,False
real_deepseek_v4pro_50,run_015,run_044,0.097,0.268,0.073,0.0,False,False
real_deepseek_v4pro_50,run_015,run_045,0.037,0.021,0.109,0.333,False,False
real_deepseek_v4pro_50,run_015,run_046,0.038,0.25,0.125,0.333,False,False
real_deepseek_v4pro_50,run_015,run_047,0.056,0.157,0.118,0.0,False,False
real_deepseek_v4pro_50,run_015,run_048,0.034,0.452,0.078,1.0,True,True
real_deepseek_v4pro_50,run_015,run_049,0.067,0.574,0.088,0.5,True,True
real_deepseek_v4pro_50,run_015,run_050,0.087,0.697,0.088,0.25,True,True
real_deepseek_v4pro_50,run_016,run_017,0.031,0.608,0.163,0.25,False,True
real_deepseek_v4pro_50,run_016,run_018,0.041,0.174,0.027,0.0,False,False
real_deepseek_v4pro_50,run_016,run_019,0.045,0.597,0.144,1.0,True,True
real_deepseek_v4pro_50,run_016,run_020,0.068,0.522,0.078,1.0,True,True
real_deepseek_v4pro_50,run_016,run_021,0.154,0.495,0.155,1.0,True,True
real_deepseek_v4pro_50,run_016,run_022,0.064,0.711,0.172,0.333,True,True
real_deepseek_v4pro_50,run_016,run_023,0.058,0.376,0.056,0.0,False,True
real_deepseek_v4pro_50,run_016,run_024,0.028,0.382,0.329,0.0,False,False
real_deepseek_v4pro_50,run_016,run_025,0.078,0.366,0.029,0.0,False,False
real_deepseek_v4pro_50,run_016,run_026,0.051,0.217,0.099,0.0,False,True
real_deepseek_v4pro_50,run_016,run_027,0.057,0.426,0.04,0.5,False,False
real_deepseek_v4pro_50,run_016,run_028,0.14,0.284,0.051,0.0,False,False
real_deepseek_v4pro_50,run_016,run_029,0.082,0.36,0.038,0.0,False,False
real_deepseek_v4pro_50,run_016,run_030,0.06,0.641,0.101,0.5,True,True
real_deepseek_v4pro_50,run_016,run_031,0.147,0.378,0.042,0.0,False,False
real_deepseek_v4pro_50,run_016,run_032,0.067,0.067,0.131,0.0,False,True
real_deepseek_v4pro_50,run_016,run_033,0.087,0.391,0.026,0.333,False,False
real_deepseek_v4pro_50,run_016,run_034,0.106,0.404,0.028,0.0,False,False
real_deepseek_v4pro_50,run_016,run_035,0.061,0.049,0.335,0.0,False,True
real_deepseek_v4pro_50,run_016,run_036,0.079,0.397,0.036,0.0,False,False
real_deepseek_v4pro_50,run_016,run_037,0.046,0.571,0.103,0.5,True,True
real_deepseek_v4pro_50,run_016,run_038,0.065,0.723,0.063,1.0,False,True
real_deepseek_v4pro_50,run_016,run_039,0.173,0.543,0.013,0.5,True,True
real_deepseek_v4pro_50,run_016,run_040,0.141,0.272,0.074,0.0,True,True
real_deepseek_v4pro_50,run_016,run_041,0.059,0.283,0.056,0.167,False,False
real_deepseek_v4pro_50,run_016,run_042,0.081,0.083,0.032,0.0,False,True
real_deepseek_v4pro_50,run_016,run_043,0.093,0.2,0.021,0.0,False,False
real_deepseek_v4pro_50,run_016,run_044,0.062,0.383,0.211,0.0,False,False
real_deepseek_v4pro_50,run_016,run_045,0.128,0.021,0.043,0.0,False,False
real_deepseek_v4pro_50,run_016,run_046,0.042,0.412,0.102,0.0,False,False
real_deepseek_v4pro_50,run_016,run_047,0.085,0.173,0.103,0.0,False,False
real_deepseek_v4pro_50,run_016,run_048,0.024,0.534,0.078,0.5,True,True
real_deepseek_v4pro_50,run_016,run_049,0.071,0.571,0.077,1.0,True,True
real_deepseek_v4pro_50,run_016,run_050,0.129,0.405,0.012,0.333,True,True
real_deepseek_v4pro_50,run_017,run_018,0.041,0.307,0.066,0.167,False,False
real_deepseek_v4pro_50,run_017,run_019,0.025,0.524,0.172,0.25,False,True
real_deepseek_v4pro_50,run_017,run_020,0.036,0.621,0.091,0.25,False,True
real_deepseek_v4pro_50,run_017,run_021,0.078,0.521,0.191,0.25,False,True
real_deepseek_v4pro_50,run_017,run_022,0.108,0.789,0.179,0.167,False,True
real_deepseek_v4pro_50,run_017,run_023,0.054,0.302,0.274,0.2,False,True
real_deepseek_v4pro_50,run_017,run_024,0.049,0.383,0.444,0.125,False,False
real_deepseek_v4pro_50,run_017,run_025,0.066,0.356,0.064,0.2,False,False
real_deepseek_v4pro_50,run_017,run_026,0.067,0.352,0.166,0.0,False,True
real_deepseek_v4pro_50,run_017,run_027,0.045,0.369,0.214,0.2,False,False
real_deepseek_v4pro_50,run_017,run_028,0.066,0.384,0.164,0.167,False,False
real_deepseek_v4pro_50,run_017,run_029,0.071,0.375,0.02,0.25,False,False
real_deepseek_v4pro_50,run_017,run_030,0.027,0.511,0.196,0.5,False,True
real_deepseek_v4pro_50,run_017,run_031,0.055,0.405,0.197,0.0,False,False
real_deepseek_v4pro_50,run_017,run_032,0.048,0.028,0.205,0.2,False,True
real_deepseek_v4pro_50,run_017,run_033,0.059,0.268,0.059,0.167,False,False
real_deepseek_v4pro_50,run_017,run_034,0.075,0.355,0.256,0.0,False,False
real_deepseek_v4pro_50,run_017,run_035,0.055,0.034,0.392,0.25,False,True
real_deepseek_v4pro_50,run_017,run_036,0.049,0.368,0.059,0.286,False,False
real_deepseek_v4pro_50,run_017,run_037,0.05,0.56,0.104,0.5,False,True
real_deepseek_v4pro_50,run_017,run_038,0.029,0.491,0.069,0.25,False,True
real_deepseek_v4pro_50,run_017,run_039,0.093,0.507,0.081,0.5,False,True
real_deepseek_v4pro_50,run_017,run_040,0.06,0.289,0.051,0.0,False,True
real_deepseek_v4pro_50,run_017,run_041,0.066,0.287,0.112,0.429,False,False
real_deepseek_v4pro_50,run_017,run_042,0.094,0.104,0.009,0.0,False,True
real_deepseek_v4pro_50,run_017,run_043,0.073,0.388,0.138,0.2,False,False
real_deepseek_v4pro_50,run_017,run_044,0.11,0.424,0.156,0.0,False,False
real_deepseek_v4pro_50,run_017,run_045,0.068,0.015,0.024,0.2,False,False
real_deepseek_v4pro_50,run_017,run_046,0.084,0.429,0.109,0.5,False,False
real_deepseek_v4pro_50,run_017,run_047,0.056,0.205,0.155,0.0,False,False
real_deepseek_v4pro_50,run_017,run_048,0.065,0.496,0.125,0.5,False,True
real_deepseek_v4pro_50,run_017,run_049,0.03,0.56,0.093,0.25,False,True
real_deepseek_v4pro_50,run_017,run_050,0.095,0.449,0.156,0.4,False,True
real_deepseek_v4pro_50,run_018,run_019,0.071,0.223,0.128,0.0,False,False
real_deepseek_v4pro_50,run_018,run_020,0.024,0.192,0.019,0.0,False,False
real_deepseek_v4pro_50,run_018,run_021,0.126,0.262,0.085,0.0,False,False
real_deepseek_v4pro_50,run_018,run_022,0.033,0.264,0.015,0.2,False,False
real_deepseek_v4pro_50,run_018,run_023,0.033,0.174,0.093,0.25,False,False
real_deepseek_v4pro_50,run_018,run_024,0.067,0.289,0.276,0.143,False,True
real_deepseek_v4pro_50,run_018,run_025,0.062,0.278,0.073,0.25,False,False
real_deepseek_v4pro_50,run_018,run_026,0.037,0.288,0.06,0.0,False,False
real_deepseek_v4pro_50,run_018,run_027,0.068,0.318,0.046,0.0,False,False
real_deepseek_v4pro_50,run_018,run_028,0.045,0.302,0.032,0.2,False,False
real_deepseek_v4pro_50,run_018,run_029,0.033,0.382,0.04,0.0,False,True
real_deepseek_v4pro_50,run_018,run_030,0.101,0.159,0.012,0.25,False,False
real_deepseek_v4pro_50,run_018,run_031,0.036,0.291,0.06,0.0,False,False
real_deepseek_v4pro_50,run_018,run_032,0.054,0.041,0.092,0.667,False,False
real_deepseek_v4pro_50,run_018,run_033,0.164,0.236,0.042,0.2,False,False
real_deepseek_v4pro_50,run_018,run_034,0.065,0.196,0.037,0.0,False,False
real_deepseek_v4pro_50,run_018,run_035,0.038,0.062,0.093,0.333,False,False
real_deepseek_v4pro_50,run_018,run_036,0.05,0.194,0.026,0.333,False,False
real_deepseek_v4pro_50,run_018,run_037,0.074,0.238,0.023,0.25,False,False
real_deepseek_v4pro_50,run_018,run_038,0.063,0.206,0.053,0.0,False,False
real_deepseek_v4pro_50,run_018,run_039,0.059,0.21,0.008,0.25,False,False
real_deepseek_v4pro_50,run_018,run_040,0.061,0.33,0.049,0.0,False,False
real_deepseek_v4pro_50,run_018,run_041,0.081,0.265,0.09,0.125,False,False
real_deepseek_v4pro_50,run_018,run_042,0.097,0.028,0.023,0.25,False,False
real_deepseek_v4pro_50,run_018,run_043,0.063,0.127,0.045,0.25,False,False
real_deepseek_v4pro_50,run_018,run_044,0.101,0.171,0.058,0.0,False,False
real_deepseek_v4pro_50,run_018,run_045,0.114,0.009,0.016,0.25,False,False
real_deepseek_v4pro_50,run_018,run_046,0.078,0.221,0.118,0.25,False,True
real_deepseek_v4pro_50,run_018,run_047,0.054,0.321,0.103,0.0,False,False
real_deepseek_v4pro_50,run_018,run_048,0.059,0.169,0.014,0.25,False,False
real_deepseek_v4pro_50,run_018,run_049,0.028,0.238,0.012,0.0,False,False
real_deepseek_v4pro_50,run_018,run_050,0.1,0.281,0.041,0.0,False,False
real_deepseek_v4pro_50,run_019,run_020,0.048,0.545,0.072,1.0,True,True
real_deepseek_v4pro_50,run_019,run_021,0.119,0.521,0.096,1.0,True,True
real_deepseek_v4pro_50,run_019,run_022,0.038,0.573,0.176,0.333,True,True
real_deepseek_v4pro_50,run_019,run_023,0.029,0.363,0.156,0.0,False,True
real_deepseek_v4pro_50,run_019,run_024,0.015,0.322,0.379,0.0,False,False
real_deepseek_v4pro_50,run_019,run_025,0.025,0.409,0.051,0.0,False,False
real_deepseek_v4pro_50,run_019,run_026,0.029,0.251,0.075,0.0,False,True
real_deepseek_v4pro_50,run_019,run_027,0.055,0.386,0.093,0.5,False,False
real_deepseek_v4pro_50,run_019,run_028,0.049,0.369,0.025,0.0,False,False
real_deepseek_v4pro_50,run_019,run_029,0.063,0.448,0.029,0.0,False,False
real_deepseek_v4pro_50,run_019,run_030,0.077,0.61,0.059,0.5,True,True
real_deepseek_v4pro_50,run_019,run_031,0.037,0.386,0.097,0.0,False,False
real_deepseek_v4pro_50,run_019,run_032,0.064,0.031,0.125,0.0,False,True
real_deepseek_v4pro_50,run_019,run_033,0.102,0.249,0.101,0.333,False,False
real_deepseek_v4pro_50,run_019,run_034,0.08,0.313,0.288,0.0,False,False
real_deepseek_v4pro_50,run_019,run_035,0.018,0.031,0.378,0.0,False,True
real_deepseek_v4pro_50,run_019,run_036,0.057,0.327,0.081,0.0,False,False
real_deepseek_v4pro_50,run_019,run_037,0.085,0.763,0.255,0.5,True,True
real_deepseek_v4pro_50,run_019,run_038,0.048,0.74,0.071,1.0,False,True
real_deepseek_v4pro_50,run_019,run_039,0.053,0.659,0.02,0.5,True,True
real_deepseek_v4pro_50,run_019,run_040,0.033,0.25,0.013,0.0,True,True
real_deepseek_v4pro_50,run_019,run_041,0.049,0.311,0.197,0.167,False,False
real_deepseek_v4pro_50,run_019,run_042,0.07,0.078,0.018,0.0,False,True
real_deepseek_v4pro_50,run_019,run_043,0.031,0.317,0.099,0.0,False,False
real_deepseek_v4pro_50,run_019,run_044,0.065,0.333,0.157,0.0,False,False
real_deepseek_v4pro_50,run_019,run_045,0.061,0.01,0.027,0.0,False,False
real_deepseek_v4pro_50,run_019,run_046,0.058,0.356,0.096,0.0,False,False
real_deepseek_v4pro_50,run_019,run_047,0.069,0.125,0.066,0.0,False,False
real_deepseek_v4pro_50,run_019,run_048,0.073,0.61,0.095,0.5,True,True
real_deepseek_v4pro_50,run_019,run_049,0.066,0.763,0.079,1.0,True,True
real_deepseek_v4pro_50,run_019,run_050,0.099,0.628,0.02,0.333,True,True
real_deepseek_v4pro_50,run_020,run_021,0.091,0.766,0.106,1.0,True,True
real_deepseek_v4pro_50,run_020,run_022,0.09,0.613,0.205,0.333,True,True
real_deepseek_v4pro_50,run_020,run_023,0.036,0.243,0.168,0.0,False,True
real_deepseek_v4pro_50,run_020,run_024,0.03,0.366,0.288,0.0,False,False
real_deepseek_v4pro_50,run_020,run_025,0.098,0.4,0.067,0.0,False,False
real_deepseek_v4pro_50,run_020,run_026,0.035,0.343,0.144,0.0,False,True
real_deepseek_v4pro_50,run_020,run_027,0.086,0.338,0.028,0.5,False,False
real_deepseek_v4pro_50,run_020,run_028,0.163,0.392,0.022,0.0,False,False
real_deepseek_v4pro_50,run_020,run_029,0.032,0.33,0.035,0.0,False,False
real_deepseek_v4pro_50,run_020,run_030,0.044,0.552,0.067,0.5,True,True
real_deepseek_v4pro_50,run_020,run_031,0.077,0.354,0.098,0.0,False,False
real_deepseek_v4pro_50,run_020,run_032,0.062,0.027,0.119,0.0,False,True
real_deepseek_v4pro_50,run_020,run_033,0.057,0.352,0.057,0.333,False,False
real_deepseek_v4pro_50,run_020,run_034,0.105,0.37,0.345,0.0,False,False
real_deepseek_v4pro_50,run_020,run_035,0.032,0.038,0.156,0.0,False,True
real_deepseek_v4pro_50,run_020,run_036,0.088,0.405,0.06,0.0,False,False
real_deepseek_v4pro_50,run_020,run_037,0.075,0.535,0.25,0.5,True,True
real_deepseek_v4pro_50,run_020,run_038,0.034,0.504,0.07,1.0,False,True
real_deepseek_v4pro_50,run_020,run_039,0.083,0.488,0.189,0.5,True,True
real_deepseek_v4pro_50,run_020,run_040,0.064,0.314,0.012,0.0,True,True
real_deepseek_v4pro_50,run_020,run_041,0.104,0.246,0.253,0.167,False,False
real_deepseek_v4pro_50,run_020,run_042,0.031,0.104,0.015,0.0,False,True
real_deepseek_v4pro_50,run_020,run_043,0.093,0.319,0.1,0.0,False,False
real_deepseek_v4pro_50,run_020,run_044,0.068,0.301,0.138,0.0,False,False
real_deepseek_v4pro_50,run_020,run_045,0.062,0.019,0.154,0.0,False,False
real_deepseek_v4pro_50,run_020,run_046,0.047,0.328,0.071,0.0,False,False
real_deepseek_v4pro_50,run_020,run_047,0.034,0.154,0.035,0.0,False,False
real_deepseek_v4pro_50,run_020,run_048,0.036,0.552,0.096,0.5,True,True
real_deepseek_v4pro_50,run_020,run_049,0.058,0.535,0.072,1.0,True,True
real_deepseek_v4pro_50,run_020,run_050,0.059,0.574,0.034,0.333,True,True
real_deepseek_v4pro_50,run_021,run_022,0.053,0.523,0.093,0.333,True,True
real_deepseek_v4pro_50,run_021,run_023,0.021,0.24,0.128,0.0,False,True
real_deepseek_v4pro_50,run_021,run_024,0.046,0.333,0.388,0.0,False,False
real_deepseek_v4pro_50,run_021,run_025,0.077,0.353,0.034,0.0,False,False
real_deepseek_v4pro_50,run_021,run_026,0.048,0.33,0.251,0.0,False,True
real_deepseek_v4pro_50,run_021,run_027,0.049,0.187,0.163,0.5,False,False
real_deepseek_v4pro_50,run_021,run_028,0.084,0.337,0.039,0.0,False,False
real_deepseek_v4pro_50,run_021,run_029,0.119,0.446,0.026,0.0,False,False
real_deepseek_v4pro_50,run_021,run_030,0.157,0.545,0.215,0.5,True,True
real_deepseek_v4pro_50,run_021,run_031,0.046,0.328,0.074,0.0,False,False
real_deepseek_v4pro_50,run_021,run_032,0.086,0.027,0.108,0.0,False,True
real_deepseek_v4pro_50,run_021,run_033,0.112,0.339,0.024,0.333,False,False
real_deepseek_v4pro_50,run_021,run_034,0.136,0.338,0.184,0.0,False,False
real_deepseek_v4pro_50,run_021,run_035,0.041,0.038,0.338,0.0,False,True
real_deepseek_v4pro_50,run_021,run_036,0.083,0.325,0.02,0.0,False,False
real_deepseek_v4pro_50,run_021,run_037,0.111,0.506,0.204,0.5,True,True
real_deepseek_v4pro_50,run_021,run_038,0.052,0.356,0.099,1.0,False,True
real_deepseek_v4pro_50,run_021,run_039,0.071,0.506,0.014,0.5,True,True
real_deepseek_v4pro_50,run_021,run_040,0.173,0.293,0.118,0.0,True,True
real_deepseek_v4pro_50,run_021,run_041,0.089,0.31,0.169,0.167,False,False
real_deepseek_v4pro_50,run_021,run_042,0.06,0.1,0.104,0.0,False,True
real_deepseek_v4pro_50,run_021,run_043,0.04,0.337,0.102,0.0,False,False
real_deepseek_v4pro_50,run_021,run_044,0.116,0.354,0.149,0.0,False,False
real_deepseek_v4pro_50,run_021,run_045,0.203,0.019,0.068,0.0,False,False
real_deepseek_v4pro_50,run_021,run_046,0.067,0.294,0.122,0.0,False,False
real_deepseek_v4pro_50,run_021,run_047,0.052,0.188,0.093,0.0,False,False
real_deepseek_v4pro_50,run_021,run_048,0.155,0.545,0.067,0.5,True,True
real_deepseek_v4pro_50,run_021,run_049,0.069,0.506,0.049,1.0,True,True
real_deepseek_v4pro_50,run_021,run_050,0.205,0.584,0.054,0.333,True,True
real_deepseek_v4pro_50,run_022,run_023,0.06,0.276,0.178,0.25,False,True
real_deepseek_v4pro_50,run_022,run_024,0.058,0.324,0.427,0.333,False,False
real_deepseek_v4pro_50,run_022,run_025,0.098,0.378,0.081,0.0,False,False
real_deepseek_v4pro_50,run_022,run_026,0.053,0.374,0.108,0.333,False,True
real_deepseek_v4pro_50,run_022,run_027,0.042,0.308,0.032,0.25,False,False
real_deepseek_v4pro_50,run_022,run_028,0.088,0.412,0.032,0.0,False,False
real_deepseek_v4pro_50,run_022,run_029,0.039,0.363,0.094,0.0,False,False
real_deepseek_v4pro_50,run_022,run_030,0.048,0.429,0.079,0.25,True,True
real_deepseek_v4pro_50,run_022,run_031,0.089,0.194,0.113,0.0,False,False
real_deepseek_v4pro_50,run_022,run_032,0.078,0.018,0.128,0.25,False,True
real_deepseek_v4pro_50,run_022,run_033,0.078,0.324,0.058,0.5,False,False
real_deepseek_v4pro_50,run_022,run_034,0.16,0.342,0.193,0.0,False,False
real_deepseek_v4pro_50,run_022,run_035,0.053,0.032,0.156,0.0,False,True
real_deepseek_v4pro_50,run_022,run_036,0.044,0.367,0.056,0.143,False,False
real_deepseek_v4pro_50,run_022,run_037,0.076,0.488,0.064,0.25,True,True
real_deepseek_v4pro_50,run_022,run_038,0.074,0.641,0.075,0.333,False,True
real_deepseek_v4pro_50,run_022,run_039,0.053,0.442,0.14,0.25,True,True
real_deepseek_v4pro_50,run_022,run_040,0.025,0.242,0.013,0.0,True,True
real_deepseek_v4pro_50,run_022,run_041,0.036,0.306,0.176,0.125,False,False
real_deepseek_v4pro_50,run_022,run_042,0.09,0.074,0.015,0.25,False,True
real_deepseek_v4pro_50,run_022,run_043,0.091,0.363,0.172,0.0,False,False
real_deepseek_v4pro_50,run_022,run_044,0.105,0.289,0.122,0.0,False,False
real_deepseek_v4pro_50,run_022,run_045,0.114,0.024,0.14,0.0,False,False
real_deepseek_v4pro_50,run_022,run_046,0.066,0.328,0.07,0.0,False,False
real_deepseek_v4pro_50,run_022,run_047,0.072,0.266,0.054,0.0,False,False
real_deepseek_v4pro_50,run_022,run_048,0.046,0.429,0.116,0.25,True,True
real_deepseek_v4pro_50,run_022,run_049,0.039,0.488,0.079,0.333,True,True
real_deepseek_v4pro_50,run_022,run_050,0.047,0.429,0.035,0.2,True,True
real_deepseek_v4pro_50,run_023,run_024,0.108,0.198,0.353,0.167,False,False
real_deepseek_v4pro_50,run_023,run_025,0.05,0.286,0.064,0.333,False,False
real_deepseek_v4pro_50,run_023,run_026,0.093,0.144,0.211,0.5,False,True
real_deepseek_v4pro_50,run_023,run_027,0.066,0.247,0.183,0.0,False,False
real_deepseek_v4pro_50,run_023,run_028,0.05,0.282,0.136,0.25,False,False
real_deepseek_v4pro_50,run_023,run_029,0.024,0.265,0.074,0.0,False,False
real_deepseek_v4pro_50,run_023,run_030,0.029,0.394,0.108,0.333,False,True
real_deepseek_v4pro_50,run_023,run_031,0.058,0.292,0.146,0.0,False,False
real_deepseek_v4pro_50,run_023,run_032,0.083,0.101,0.167,0.333,False,True
real_deepseek_v4pro_50,run_023,run_033,0.035,0.281,0.058,0.0,False,False
real_deepseek_v4pro_50,run_023,run_034,0.075,0.209,0.32,0.0,False,False
real_deepseek_v4pro_50,run_023,run_035,0.063,0.14,0.329,0.5,False,True
real_deepseek_v4pro_50,run_023,run_036,0.071,0.315,0.07,0.167,False,False
real_deepseek_v4pro_50,run_023,run_037,0.104,0.326,0.126,0.333,False,True
real_deepseek_v4pro_50,run_023,run_038,0.07,0.325,0.059,0.0,False,True
real_deepseek_v4pro_50,run_023,run_039,0.086,0.298,0.136,0.333,False,True
real_deepseek_v4pro_50,run_023,run_040,0.026,0.448,0.041,0.0,False,True
real_deepseek_v4pro_50,run_023,run_041,0.09,0.23,0.236,0.143,False,False
real_deepseek_v4pro_50,run_023,run_042,0.047,0.051,0.031,0.0,False,True
real_deepseek_v4pro_50,run_023,run_043,0.094,0.252,0.171,0.333,False,False
real_deepseek_v4pro_50,run_023,run_044,0.084,0.113,0.065,0.0,False,False
real_deepseek_v4pro_50,run_023,run_045,0.071,0.042,0.093,0.333,False,False
real_deepseek_v4pro_50,run_023,run_046,0.043,0.194,0.063,0.333,False,False
real_deepseek_v4pro_50,run_023,run_047,0.069,0.063,0.126,0.0,False,False
real_deepseek_v4pro_50,run_023,run_048,0.044,0.288,0.081,0.333,False,True
real_deepseek_v4pro_50,run_023,run_049,0.036,0.326,0.081,0.0,False,True
real_deepseek_v4pro_50,run_023,run_050,0.075,0.202,0.193,0.0,False,True
real_deepseek_v4pro_50,run_024,run_025,0.026,0.383,0.04,0.167,False,False
real_deepseek_v4pro_50,run_024,run_026,0.036,0.172,0.065,0.2,False,False
real_deepseek_v4pro_50,run_024,run_027,0.051,0.336,0.034,0.167,False,False
real_deepseek_v4pro_50,run_024,run_028,0.022,0.323,0.011,0.143,False,False
real_deepseek_v4pro_50,run_024,run_029,0.029,0.464,0.034,0.2,True,True
real_deepseek_v4pro_50,run_024,run_030,0.037,0.538,0.194,0.0,False,False
real_deepseek_v4pro_50,run_024,run_031,0.051,0.419,0.169,0.2,False,False
real_deepseek_v4pro_50,run_024,run_032,0.038,0.016,0.096,0.167,False,False
real_deepseek_v4pro_50,run_024,run_033,0.064,0.288,0.07,0.333,False,False
real_deepseek_v4pro_50,run_024,run_034,0.079,0.579,0.168,0.2,False,False
real_deepseek_v4pro_50,run_024,run_035,0.078,0.032,0.173,0.0,False,False
real_deepseek_v4pro_50,run_024,run_036,0.026,0.455,0.076,0.429,False,False
real_deepseek_v4pro_50,run_024,run_037,0.035,0.49,0.067,0.0,False,False
real_deepseek_v4pro_50,run_024,run_038,0.068,0.329,0.118,0.0,False,False
real_deepseek_v4pro_50,run_024,run_039,0.03,0.471,0.056,0.0,False,False
real_deepseek_v4pro_50,run_024,run_040,0.05,0.222,0.031,0.0,False,False
real_deepseek_v4pro_50,run_024,run_041,0.066,0.19,0.182,0.222,False,False
real_deepseek_v4pro_50,run_024,run_042,0.046,0.009,0.021,0.167,False,False
real_deepseek_v4pro_50,run_024,run_043,0.086,0.375,0.185,0.167,False,False
real_deepseek_v4pro_50,run_024,run_044,0.074,0.369,0.085,0.2,False,False
real_deepseek_v4pro_50,run_024,run_045,0.06,0.012,0.031,0.167,False,False
real_deepseek_v4pro_50,run_024,run_046,0.053,0.875,0.103,0.167,False,True
real_deepseek_v4pro_50,run_024,run_047,0.051,0.139,0.082,0.2,False,False
real_deepseek_v4pro_50,run_024,run_048,0.031,0.516,0.107,0.0,False,False
real_deepseek_v4pro_50,run_024,run_049,0.041,0.49,0.1,0.0,False,False
real_deepseek_v4pro_50,run_024,run_050,0.024,0.247,0.066,0.333,False,False
real_deepseek_v4pro_50,run_025,run_026,0.052,0.211,0.035,0.0,False,False
real_deepseek_v4pro_50,run_025,run_027,0.062,0.517,0.038,0.333,True,True
real_deepseek_v4pro_50,run_025,run_028,0.178,0.635,0.048,0.667,True,True
real_deepseek_v4pro_50,run_025,run_029,0.055,0.529,0.032,0.0,False,False
real_deepseek_v4pro_50,run_025,run_030,0.055,0.279,0.048,0.333,False,False
real_deepseek_v4pro_50,run_025,run_031,0.12,0.703,0.067,0.5,True,True
real_deepseek_v4pro_50,run_025,run_032,0.066,0.043,0.11,0.333,False,False
real_deepseek_v4pro_50,run_025,run_033,0.018,0.571,0.027,0.25,True,True
real_deepseek_v4pro_50,run_025,run_034,0.122,0.605,0.025,0.5,True,True
real_deepseek_v4pro_50,run_025,run_035,0.017,0.021,0.205,0.5,False,False
real_deepseek_v4pro_50,run_025,run_036,0.091,0.641,0.031,0.4,True,True
real_deepseek_v4pro_50,run_025,run_037,0.095,0.345,0.017,0.333,False,False
real_deepseek_v4pro_50,run_025,run_038,0.073,0.29,0.058,0.0,False,False
real_deepseek_v4pro_50,run_025,run_039,0.143,0.262,0.021,0.333,False,False
real_deepseek_v4pro_50,run_025,run_040,0.083,0.235,0.058,0.0,False,False
real_deepseek_v4pro_50,run_025,run_041,0.07,0.299,0.087,0.333,False,False
real_deepseek_v4pro_50,run_025,run_042,0.105,0.016,0.011,0.0,False,False
real_deepseek_v4pro_50,run_025,run_043,0.137,0.735,0.085,1.0,True,True
real_deepseek_v4pro_50,run_025,run_044,0.038,0.644,0.047,0.5,True,True
real_deepseek_v4pro_50,run_025,run_045,0.093,0.139,0.035,1.0,True,True
real_deepseek_v4pro_50,run_025,run_046,0.061,0.355,0.075,0.333,False,False
real_deepseek_v4pro_50,run_025,run_047,0.053,0.44,0.05,0.5,True,True
real_deepseek_v4pro_50,run_025,run_048,0.125,0.206,0.012,0.333,False,False
real_deepseek_v4pro_50,run_025,run_049,0.062,0.345,0.038,0.0,False,False
real_deepseek_v4pro_50,run_025,run_050,0.057,0.275,0.043,0.25,False,False
real_deepseek_v4pro_50,run_026,run_027,0.105,0.118,0.164,0.0,False,False
real_deepseek_v4pro_50,run_026,run_028,0.067,0.3,0.092,0.0,False,False
real_deepseek_v4pro_50,run_026,run_029,0.029,0.286,0.099,0.0,False,False
real_deepseek_v4pro_50,run_026,run_030,0.062,0.242,0.105,0.0,False,True
real_deepseek_v4pro_50,run_026,run_031,0.082,0.149,0.029,0.0,False,False
real_deepseek_v4pro_50,run_026,run_032,0.077,0.014,0.147,0.0,False,True
real_deepseek_v4pro_50,run_026,run_033,0.059,0.287,0.047,0.0,False,False
real_deepseek_v4pro_50,run_026,run_034,0.1,0.091,0.139,0.0,False,False
real_deepseek_v4pro_50,run_026,run_035,0.053,0.086,0.284,0.0,False,True
real_deepseek_v4pro_50,run_026,run_036,0.083,0.292,0.026,0.0,False,False
real_deepseek_v4pro_50,run_026,run_037,0.128,0.291,0.13,0.0,False,True
real_deepseek_v4pro_50,run_026,run_038,0.037,0.209,0.056,0.0,False,True
real_deepseek_v4pro_50,run_026,run_039,0.123,0.278,0.055,0.0,False,True
real_deepseek_v4pro_50,run_026,run_040,0.056,0.392,0.073,0.0,False,True
real_deepseek_v4pro_50,run_026,run_041,0.07,0.258,0.117,0.0,False,False
real_deepseek_v4pro_50,run_026,run_042,0.051,0.049,0.03,0.0,False,True
real_deepseek_v4pro_50,run_026,run_043,0.105,0.286,0.161,0.0,False,False
real_deepseek_v4pro_50,run_026,run_044,0.101,0.302,0.156,0.0,False,False
real_deepseek_v4pro_50,run_026,run_045,0.041,0.05,0.024,0.0,False,False
real_deepseek_v4pro_50,run_026,run_046,0.121,0.1,0.14,0.0,False,False
real_deepseek_v4pro_50,run_026,run_047,0.053,0.257,0.18,0.0,False,False
real_deepseek_v4pro_50,run_026,run_048,0.051,0.242,0.022,0.0,False,True
real_deepseek_v4pro_50,run_026,run_049,0.037,0.291,0.08,0.0,False,True
real_deepseek_v4pro_50,run_026,run_050,0.071,0.32,0.151,0.0,False,True
real_deepseek_v4pro_50,run_027,run_028,0.09,0.481,0.203,0.25,True,True
real_deepseek_v4pro_50,run_027,run_029,0.048,0.304,0.081,0.0,False,False
real_deepseek_v4pro_50,run_027,run_030,0.046,0.382,0.045,0.333,False,False
real_deepseek_v4pro_50,run_027,run_031,0.133,0.561,0.056,0.5,True,True
real_deepseek_v4pro_50,run_027,run_032,0.083,0.046,0.171,0.0,False,False
real_deepseek_v4pro_50,run_027,run_033,0.052,0.459,0.033,0.667,True,True
real_deepseek_v4pro_50,run_027,run_034,0.166,0.504,0.156,0.5,True,True
real_deepseek_v4pro_50,run_027,run_035,0.069,0.026,0.484,0.0,False,False
real_deepseek_v4pro_50,run_027,run_036,0.124,0.544,0.03,0.167,True,True
real_deepseek_v4pro_50,run_027,run_037,0.085,0.348,0.041,0.333,False,False
real_deepseek_v4pro_50,run_027,run_038,0.119,0.439,0.064,0.5,False,False
real_deepseek_v4pro_50,run_027,run_039,0.065,0.286,0.069,0.333,False,False
real_deepseek_v4pro_50,run_027,run_040,0.026,0.217,0.065,0.0,False,False
real_deepseek_v4pro_50,run_027,run_041,0.085,0.317,0.121,0.333,False,False
real_deepseek_v4pro_50,run_027,run_042,0.039,0.026,0.129,0.0,False,False
real_deepseek_v4pro_50,run_027,run_043,0.084,0.561,0.108,0.333,True,True
real_deepseek_v4pro_50,run_027,run_044,0.096,0.593,0.07,0.5,True,True
real_deepseek_v4pro_50,run_027,run_045,0.077,0.059,0.055,0.333,True,True
real_deepseek_v4pro_50,run_027,run_046,0.162,0.293,0.078,0.0,False,False
real_deepseek_v4pro_50,run_027,run_047,0.12,0.451,0.285,0.5,True,True
real_deepseek_v4pro_50,run_027,run_048,0.06,0.303,0.039,0.333,False,False
real_deepseek_v4pro_50,run_027,run_049,0.046,0.348,0.078,0.5,False,False
real_deepseek_v4pro_50,run_027,run_050,0.077,0.331,0.275,0.667,False,False
real_deepseek_v4pro_50,run_028,run_029,0.047,0.61,0.045,0.0,False,False
real_deepseek_v4pro_50,run_028,run_030,0.054,0.234,0.033,0.25,False,False
real_deepseek_v4pro_50,run_028,run_031,0.159,0.548,0.071,0.333,True,True
real_deepseek_v4pro_50,run_028,run_032,0.094,0.051,0.104,0.25,False,False
real_deepseek_v4pro_50,run_028,run_033,0.069,0.465,0.102,0.2,True,True
real_deepseek_v4pro_50,run_028,run_034,0.092,0.422,0.161,0.333,True,True
real_deepseek_v4pro_50,run_028,run_035,0.04,0.027,0.298,0.333,False,False
real_deepseek_v4pro_50,run_028,run_036,0.084,0.514,0.037,0.6,True,True
real_deepseek_v4pro_50,run_028,run_037,0.061,0.364,0.049,0.25,False,False
real_deepseek_v4pro_50,run_028,run_038,0.029,0.269,0.025,0.0,False,False
real_deepseek_v4pro_50,run_028,run_039,0.071,0.325,0.034,0.25,False,False
real_deepseek_v4pro_50,run_028,run_040,0.095,0.156,0.064,0.0,False,False
real_deepseek_v4pro_50,run_028,run_041,0.077,0.191,0.024,0.286,False,False
real_deepseek_v4pro_50,run_028,run_042,0.071,0.027,0.053,0.25,False,False
real_deepseek_v4pro_50,run_028,run_043,0.101,0.756,0.075,0.667,True,True
real_deepseek_v4pro_50,run_028,run_044,0.065,0.581,0.05,0.333,True,True
real_deepseek_v4pro_50,run_028,run_045,0.086,0.08,0.053,0.667,True,True
real_deepseek_v4pro_50,run_028,run_046,0.041,0.293,0.152,0.25,False,False
real_deepseek_v4pro_50,run_028,run_047,0.032,0.373,0.058,0.333,True,True
real_deepseek_v4pro_50,run_028,run_048,0.039,0.303,0.078,0.25,False,False
real_deepseek_v4pro_50,run_028,run_049,0.045,0.364,0.018,0.0,False,False
real_deepseek_v4pro_50,run_028,run_050,0.083,0.317,0.139,0.2,False,False
real_deepseek_v4pro_50,run_029,run_030,0.055,0.241,0.043,0.0,False,False
real_deepseek_v4pro_50,run_029,run_031,0.075,0.455,0.049,0.0,False,False
real_deepseek_v4pro_50,run_029,run_032,0.043,0.043,0.032,0.0,False,False
real_deepseek_v4pro_50,run_029,run_033,0.041,0.247,0.022,0.0,False,False
real_deepseek_v4pro_50,run_029,run_034,0.067,0.328,0.087,0.0,False,False
real_deepseek_v4pro_50,run_029,run_035,0.028,0.035,0.276,0.0,False,False
real_deepseek_v4pro_50,run_029,run_036,0.029,0.312,0.015,0.2,False,False
real_deepseek_v4pro_50,run_029,run_037,0.099,0.296,0.018,0.0,False,False
real_deepseek_v4pro_50,run_029,run_038,0.051,0.216,0.017,0.0,False,False
real_deepseek_v4pro_50,run_029,run_039,0.061,0.296,0.085,0.0,False,False
real_deepseek_v4pro_50,run_029,run_040,0.041,0.311,0.018,0.0,False,False
real_deepseek_v4pro_50,run_029,run_041,0.04,0.192,0.086,0.167,False,False
real_deepseek_v4pro_50,run_029,run_042,0.049,0.008,0.013,0.0,False,False
real_deepseek_v4pro_50,run_029,run_043,0.049,0.539,0.086,0.0,False,False
real_deepseek_v4pro_50,run_029,run_044,0.04,0.476,0.062,0.0,False,False
real_deepseek_v4pro_50,run_029,run_045,0.052,0.016,0.033,0.0,False,False
real_deepseek_v4pro_50,run_029,run_046,0.073,0.442,0.042,0.5,False,True
real_deepseek_v4pro_50,run_029,run_047,0.04,0.328,0.105,0.0,False,False
real_deepseek_v4pro_50,run_029,run_048,0.048,0.316,0.036,0.0,False,False
real_deepseek_v4pro_50,run_029,run_049,0.048,0.296,0.054,0.0,False,False
real_deepseek_v4pro_50,run_029,run_050,0.08,0.371,0.076,0.333,False,False
real_deepseek_v4pro_50,run_030,run_031,0.064,0.317,0.095,0.0,False,False
real_deepseek_v4pro_50,run_030,run_032,0.038,0.075,0.052,0.333,False,True
real_deepseek_v4pro_50,run_030,run_033,0.119,0.359,0.058,0.25,False,False
real_deepseek_v4pro_50,run_030,run_034,0.053,0.495,0.01,0.0,False,False
real_deepseek_v4pro_50,run_030,run_035,0.02,0.052,0.3,0.5,False,True
real_deepseek_v4pro_50,run_030,run_036,0.057,0.459,0.069,0.167,False,False
real_deepseek_v4pro_50,run_030,run_037,0.112,0.813,0.019,1.0,True,True
real_deepseek_v4pro_50,run_030,run_038,0.091,0.497,0.062,0.5,False,True
real_deepseek_v4pro_50,run_030,run_039,0.059,0.78,0.029,1.0,True,True
real_deepseek_v4pro_50,run_030,run_040,0.198,0.241,0.031,0.0,True,True
real_deepseek_v4pro_50,run_030,run_041,0.104,0.27,0.052,0.333,False,False
real_deepseek_v4pro_50,run_030,run_042,0.067,0.086,0.062,0.0,False,True
real_deepseek_v4pro_50,run_030,run_043,0.063,0.211,0.044,0.333,False,False
real_deepseek_v4pro_50,run_030,run_044,0.105,0.306,0.073,0.0,False,False
real_deepseek_v4pro_50,run_030,run_045,0.135,0.022,0.028,0.333,False,False
real_deepseek_v4pro_50,run_030,run_046,0.052,0.588,0.083,0.333,False,False
real_deepseek_v4pro_50,run_030,run_047,0.059,0.16,0.057,0.0,False,False
real_deepseek_v4pro_50,run_030,run_048,0.132,0.86,0.086,1.0,True,True
real_deepseek_v4pro_50,run_030,run_049,0.086,0.813,0.054,0.5,True,True
real_deepseek_v4pro_50,run_030,run_050,0.249,0.417,0.033,0.25,True,True
real_deepseek_v4pro_50,run_031,run_032,0.07,0.044,0.138,0.0,False,False
real_deepseek_v4pro_50,run_031,run_033,0.067,0.57,0.049,0.333,True,True
real_deepseek_v4pro_50,run_031,run_034,0.128,0.661,0.119,1.0,True,True
real_deepseek_v4pro_50,run_031,run_035,0.072,0.021,0.298,0.0,False,False
real_deepseek_v4pro_50,run_031,run_036,0.109,0.694,0.063,0.2,True,True
real_deepseek_v4pro_50,run_031,run_037,0.056,0.326,0.085,0.0,False,False
real_deepseek_v4pro_50,run_031,run_038,0.088,0.345,0.145,0.0,False,False
real_deepseek_v4pro_50,run_031,run_039,0.091,0.37,0.048,0.0,False,False
real_deepseek_v4pro_50,run_031,run_040,0.023,0.258,0.076,0.0,False,False
real_deepseek_v4pro_50,run_031,run_041,0.104,0.242,0.117,0.167,False,False
real_deepseek_v4pro_50,run_031,run_042,0.107,0.016,0.019,0.0,False,False
real_deepseek_v4pro_50,run_031,run_043,0.089,0.745,0.201,0.5,True,True
real_deepseek_v4pro_50,run_031,run_044,0.091,0.75,0.103,1.0,True,True
real_deepseek_v4pro_50,run_031,run_045,0.071,0.137,0.086,0.5,True,True
real_deepseek_v4pro_50,run_031,run_046,0.051,0.392,0.113,0.0,False,False
real_deepseek_v4pro_50,run_031,run_047,0.084,0.45,0.108,1.0,True,True
real_deepseek_v4pro_50,run_031,run_048,0.036,0.381,0.075,0.0,False,False
real_deepseek_v4pro_50,run_031,run_049,0.039,0.326,0.061,0.0,False,False
real_deepseek_v4pro_50,run_031,run_050,0.086,0.31,0.052,0.333,False,False
real_deepseek_v4pro_50,run_032,run_033,0.067,0.212,0.052,0.25,False,False
real_deepseek_v4pro_50,run_032,run_034,0.114,0.105,0.114,0.0,False,False
real_deepseek_v4pro_50,run_032,run_035,0.022,0.043,0.348,0.5,False,True
real_deepseek_v4pro_50,run_032,run_036,0.094,0.132,0.063,0.4,False,False
real_deepseek_v4pro_50,run_032,run_037,0.062,0.167,0.06,0.333,False,True
real_deepseek_v4pro_50,run_032,run_038,0.079,0.264,0.055,0.0,False,True
real_deepseek_v4pro_50,run_032,run_039,0.085,0.191,0.009,0.333,False,True
real_deepseek_v4pro_50,run_032,run_040,0.027,0.344,0.025,0.0,False,True
real_deepseek_v4pro_50,run_032,run_041,0.084,0.238,0.091,0.143,False,False
real_deepseek_v4pro_50,run_032,run_042,0.048,0.031,0.032,0.333,False,True
real_deepseek_v4pro_50,run_032,run_043,0.042,0.177,0.135,0.333,False,False
real_deepseek_v4pro_50,run_032,run_044,0.109,0.132,0.149,0.0,False,False
real_deepseek_v4pro_50,run_032,run_045,0.062,0.012,0.021,0.333,False,False
real_deepseek_v4pro_50,run_032,run_046,0.066,0.108,0.096,0.333,False,False
real_deepseek_v4pro_50,run_032,run_047,0.062,0.257,0.131,0.0,False,False
real_deepseek_v4pro_50,run_032,run_048,0.082,0.075,0.095,0.333,False,True
real_deepseek_v4pro_50,run_032,run_049,0.027,0.167,0.078,0.0,False,True
real_deepseek_v4pro_50,run_032,run_050,0.097,0.194,0.075,0.0,False,True
real_deepseek_v4pro_50,run_033,run_034,0.095,0.48,0.048,0.333,True,True
real_deepseek_v4pro_50,run_033,run_035,0.052,0.031,0.283,0.0,False,False
real_deepseek_v4pro_50,run_033,run_036,0.119,0.543,0.044,0.333,True,True
real_deepseek_v4pro_50,run_033,run_037,0.077,0.284,0.053,0.25,False,False
real_deepseek_v4pro_50,run_033,run_038,0.046,0.378,0.045,0.333,False,False
real_deepseek_v4pro_50,run_033,run_039,0.044,0.295,0.028,0.25,False,False
real_deepseek_v4pro_50,run_033,run_040,0.092,0.256,0.041,0.0,False,False
real_deepseek_v4pro_50,run_033,run_041,0.052,0.354,0.043,0.286,False,False
real_deepseek_v4pro_50,run_033,run_042,0.047,0.018,0.033,0.25,False,False
real_deepseek_v4pro_50,run_033,run_043,0.057,0.516,0.078,0.25,True,True
real_deepseek_v4pro_50,run_033,run_044,0.139,0.52,0.132,0.333,True,True
real_deepseek_v4pro_50,run_033,run_045,0.044,0.038,0.042,0.25,True,True
real_deepseek_v4pro_50,run_033,run_046,0.057,0.261,0.165,0.0,False,False
real_deepseek_v4pro_50,run_033,run_047,0.055,0.372,0.026,0.333,True,True
real_deepseek_v4pro_50,run_033,run_048,0.054,0.275,0.023,0.25,False,False
real_deepseek_v4pro_50,run_033,run_049,0.032,0.284,0.023,0.333,False,False
real_deepseek_v4pro_50,run_033,run_050,0.119,0.328,0.015,0.5,False,False
real_deepseek_v4pro_50,run_034,run_035,0.056,0.016,0.149,0.0,False,False
real_deepseek_v4pro_50,run_034,run_036,0.131,0.783,0.061,0.2,True,True
real_deepseek_v4pro_50,run_034,run_037,0.073,0.453,0.163,0.0,False,False
real_deepseek_v4pro_50,run_034,run_038,0.049,0.333,0.068,0.0,False,False
real_deepseek_v4pro_50,run_034,run_039,0.101,0.472,0.189,0.0,False,False
real_deepseek_v4pro_50,run_034,run_040,0.032,0.191,0.033,0.0,False,False
real_deepseek_v4pro_50,run_034,run_041,0.143,0.238,0.281,0.167,False,False
real_deepseek_v4pro_50,run_034,run_042,0.074,0.017,0.05,0.0,False,False
real_deepseek_v4pro_50,run_034,run_043,0.188,0.603,0.204,0.5,True,True
real_deepseek_v4pro_50,run_034,run_044,0.203,0.654,0.082,1.0,True,True
real_deepseek_v4pro_50,run_034,run_045,0.154,0.137,0.116,0.5,True,True
real_deepseek_v4pro_50,run_034,run_046,0.083,0.588,0.084,0.0,False,False
real_deepseek_v4pro_50,run_034,run_047,0.116,0.318,0.158,1.0,True,True
real_deepseek_v4pro_50,run_034,run_048,0.086,0.495,0.086,0.0,False,False
real_deepseek_v4pro_50,run_034,run_049,0.029,0.453,0.098,0.0,False,False
real_deepseek_v4pro_50,run_034,run_050,0.049,0.224,0.161,0.333,False,False
real_deepseek_v4pro_50,run_035,run_036,0.05,0.19,0.039,0.2,False,False
real_deepseek_v4pro_50,run_035,run_037,0.069,0.123,0.026,0.5,False,True
real_deepseek_v4pro_50,run_035,run_038,0.077,0.201,0.064,0.0,False,True
real_deepseek_v4pro_50,run_035,run_039,0.034,0.224,0.031,0.5,False,True
real_deepseek_v4pro_50,run_035,run_040,0.04,0.402,0.073,0.0,False,True
real_deepseek_v4pro_50,run_035,run_041,0.074,0.207,0.097,0.167,False,False
real_deepseek_v4pro_50,run_035,run_042,0.09,0.065,0.019,0.0,False,True
real_deepseek_v4pro_50,run_035,run_043,0.123,0.167,0.14,0.5,False,False
real_deepseek_v4pro_50,run_035,run_044,0.068,0.216,0.094,0.0,False,False
real_deepseek_v4pro_50,run_035,run_045,0.059,0.042,0.031,0.5,False,False
real_deepseek_v4pro_50,run_035,run_046,0.038,0.142,0.063,0.5,False,False
real_deepseek_v4pro_50,run_035,run_047,0.052,0.215,0.138,0.0,False,False
real_deepseek_v4pro_50,run_035,run_048,0.035,0.231,0.036,0.5,False,True
real_deepseek_v4pro_50,run_035,run_049,0.064,0.123,0.083,0.0,False,True
real_deepseek_v4pro_50,run_035,run_050,0.055,0.173,0.1,0.0,False,True
real_deepseek_v4pro_50,run_036,run_037,0.081,0.475,0.023,0.167,False,False
real_deepseek_v4pro_50,run_036,run_038,0.056,0.344,0.086,0.0,False,False
real_deepseek_v4pro_50,run_036,run_039,0.123,0.458,0.031,0.167,False,False
real_deepseek_v4pro_50,run_036,run_040,0.037,0.249,0.04,0.0,False,False
real_deepseek_v4pro_50,run_036,run_041,0.111,0.283,0.051,0.375,False,False
real_deepseek_v4pro_50,run_036,run_042,0.092,0.016,0.012,0.4,False,False
real_deepseek_v4pro_50,run_036,run_043,0.122,0.562,0.013,0.4,True,True
real_deepseek_v4pro_50,run_036,run_044,0.122,0.622,0.056,0.2,True,True
real_deepseek_v4pro_50,run_036,run_045,0.204,0.133,0.013,0.4,True,True
real_deepseek_v4pro_50,run_036,run_046,0.08,0.45,0.06,0.4,False,False
real_deepseek_v4pro_50,run_036,run_047,0.127,0.371,0.019,0.2,True,True
real_deepseek_v4pro_50,run_036,run_048,0.134,0.477,0.045,0.167,False,False
real_deepseek_v4pro_50,run_036,run_049,0.037,0.475,0.018,0.0,False,False
real_deepseek_v4pro_50,run_036,run_050,0.111,0.247,0.009,0.333,False,False
real_deepseek_v4pro_50,run_037,run_038,0.13,0.474,0.079,0.5,False,True
real_deepseek_v4pro_50,run_037,run_039,0.044,0.864,0.03,1.0,True,True
real_deepseek_v4pro_50,run_037,run_040,0.041,0.251,0.023,0.0,True,True
real_deepseek_v4pro_50,run_037,run_041,0.1,0.23,0.067,0.333,False,False
real_deepseek_v4pro_50,run_037,run_042,0.065,0.084,0.205,0.0,False,True
real_deepseek_v4pro_50,run_037,run_043,0.04,0.296,0.016,0.333,False,False
real_deepseek_v4pro_50,run_037,run_044,0.067,0.301,0.096,0.0,False,False
real_deepseek_v4pro_50,run_037,run_045,0.055,0.005,0.027,0.333,False,False
real_deepseek_v4pro_50,run_037,run_046,0.11,0.511,0.087,0.333,False,False
real_deepseek_v4pro_50,run_037,run_047,0.086,0.114,0.012,0.0,False,False
real_deepseek_v4pro_50,run_037,run_048,0.072,0.813,0.029,1.0,True,True
real_deepseek_v4pro_50,run_037,run_049,0.04,1.0,0.045,0.5,True,True
real_deepseek_v4pro_50,run_037,run_050,0.071,0.53,0.031,0.25,True,True
real_deepseek_v4pro_50,run_038,run_039,0.028,0.433,0.033,0.5,False,True
real_deepseek_v4pro_50,run_038,run_040,0.03,0.229,0.014,0.0,False,True
real_deepseek_v4pro_50,run_038,run_041,0.047,0.279,0.065,0.167,False,False
real_deepseek_v4pro_50,run_038,run_042,0.062,0.05,0.044,0.0,False,True
real_deepseek_v4pro_50,run_038,run_043,0.039,0.196,0.077,0.0,False,False
real_deepseek_v4pro_50,run_038,run_044,0.064,0.318,0.062,0.0,False,False
real_deepseek_v4pro_50,run_038,run_045,0.042,0.023,0.02,0.0,False,False
real_deepseek_v4pro_50,run_038,run_046,0.096,0.295,0.056,0.0,False,False
real_deepseek_v4pro_50,run_038,run_047,0.128,0.13,0.013,0.0,False,False
real_deepseek_v4pro_50,run_038,run_048,0.038,0.422,0.068,0.5,False,True
real_deepseek_v4pro_50,run_038,run_049,0.024,0.474,0.096,1.0,False,True
real_deepseek_v4pro_50,run_038,run_050,0.053,0.489,0.033,0.333,False,True
real_deepseek_v4pro_50,run_039,run_040,0.075,0.23,0.008,0.0,True,True
real_deepseek_v4pro_50,run_039,run_041,0.071,0.23,0.108,0.333,False,False
real_deepseek_v4pro_50,run_039,run_042,0.053,0.08,0.009,0.0,False,True
real_deepseek_v4pro_50,run_039,run_043,0.053,0.282,0.088,0.333,False,False
real_deepseek_v4pro_50,run_039,run_044,0.057,0.301,0.052,0.0,False,False
real_deepseek_v4pro_50,run_039,run_045,0.088,0.005,0.082,0.333,False,False
real_deepseek_v4pro_50,run_039,run_046,0.065,0.511,0.063,0.333,False,False
real_deepseek_v4pro_50,run_039,run_047,0.074,0.146,0.069,0.0,False,False
real_deepseek_v4pro_50,run_039,run_048,0.058,0.911,0.067,1.0,True,True
real_deepseek_v4pro_50,run_039,run_049,0.036,0.864,0.07,0.5,True,True
real_deepseek_v4pro_50,run_039,run_050,0.085,0.458,0.063,0.25,True,True
real_deepseek_v4pro_50,run_040,run_041,0.041,0.269,0.023,0.0,False,False
real_deepseek_v4pro_50,run_040,run_042,0.058,0.025,0.043,0.0,False,True
real_deepseek_v4pro_50,run_040,run_043,0.048,0.238,0.067,0.0,False,False
real_deepseek_v4pro_50,run_040,run_044,0.054,0.25,0.014,0.0,False,False
real_deepseek_v4pro_50,run_040,run_045,0.15,0.033,0.086,0.0,False,False
real_deepseek_v4pro_50,run_040,run_046,0.04,0.207,0.09,0.0,False,False
real_deepseek_v4pro_50,run_040,run_047,0.017,0.269,0.037,0.0,False,False
real_deepseek_v4pro_50,run_040,run_048,0.067,0.241,0.009,0.0,True,True
real_deepseek_v4pro_50,run_040,run_049,0.058,0.24,0.038,0.0,True,True
real_deepseek_v4pro_50,run_040,run_050,0.182,0.353,0.026,0.0,True,True
real_deepseek_v4pro_50,run_041,run_042,0.023,0.022,0.011,0.0,False,False
real_deepseek_v4pro_50,run_041,run_043,0.132,0.155,0.15,0.333,False,False
real_deepseek_v4pro_50,run_041,run_044,0.084,0.29,0.073,0.167,False,False
real_deepseek_v4pro_50,run_041,run_045,0.097,0.008,0.098,0.333,False,False
real_deepseek_v4pro_50,run_041,run_046,0.111,0.161,0.091,0.333,False,False
real_deepseek_v4pro_50,run_041,run_047,0.044,0.272,0.123,0.167,False,False
real_deepseek_v4pro_50,run_041,run_048,0.051,0.238,0.081,0.333,False,False
real_deepseek_v4pro_50,run_041,run_049,0.044,0.23,0.092,0.167,False,False
real_deepseek_v4pro_50,run_041,run_050,0.07,0.212,0.088,0.5,False,False
real_deepseek_v4pro_50,run_042,run_043,0.09,0.145,0.014,0.0,False,False
real_deepseek_v4pro_50,run_042,run_044,0.086,0.156,0.097,0.0,False,False
real_deepseek_v4pro_50,run_042,run_045,0.052,0.027,0.022,0.0,False,False
real_deepseek_v4pro_50,run_042,run_046,0.055,0.091,0.11,0.0,False,False
real_deepseek_v4pro_50,run_042,run_047,0.081,0.143,0.028,0.0,False,False
real_deepseek_v4pro_50,run_042,run_048,0.059,0.191,0.02,0.0,False,True
real_deepseek_v4pro_50,run_042,run_049,0.022,0.24,0.036,0.0,False,True
real_deepseek_v4pro_50,run_042,run_050,0.037,0.314,0.005,0.0,False,True
real_deepseek_v4pro_50,run_043,run_044,0.108,0.741,0.074,0.5,True,True
real_deepseek_v4pro_50,run_043,run_045,0.092,0.14,0.061,1.0,True,True
real_deepseek_v4pro_50,run_043,run_046,0.042,0.346,0.101,0.333,False,False
real_deepseek_v4pro_50,run_043,run_047,0.061,0.5,0.16,0.5,True,True
real_deepseek_v4pro_50,run_043,run_048,0.078,0.331,0.078,0.333,False,False
real_deepseek_v4pro_50,run_043,run_049,0.055,0.31,0.096,0.0,False,False
real_deepseek_v4pro_50,run_043,run_050,0.054,0.27,0.088,0.25,False,False
real_deepseek_v4pro_50,run_044,run_045,0.128,0.133,0.021,0.5,True,True
real_deepseek_v4pro_50,run_044,run_046,0.086,0.358,0.168,0.0,False,False
real_deepseek_v4pro_50,run_044,run_047,0.059,0.478,0.028,1.0,True,True
real_deepseek_v4pro_50,run_044,run_048,0.077,0.339,0.11,0.0,False,False
real_deepseek_v4pro_50,run_044,run_049,0.047,0.301,0.076,0.0,False,False
real_deepseek_v4pro_50,run_044,run_050,0.072,0.28,0.015,0.333,False,False
real_deepseek_v4pro_50,run_045,run_046,0.068,0.101,0.1,0.333,False,False
real_deepseek_v4pro_50,run_045,run_047,0.087,0.327,0.022,0.5,True,True
real_deepseek_v4pro_50,run_045,run_048,0.182,0.131,0.02,0.333,False,False
real_deepseek_v4pro_50,run_045,run_049,0.059,0.181,0.022,0.0,False,False
real_deepseek_v4pro_50,run_045,run_050,0.178,0.292,0.008,0.25,False,False
real_deepseek_v4pro_50,run_046,run_047,0.096,0.135,0.037,0.0,False,False
real_deepseek_v4pro_50,run_046,run_048,0.083,0.565,0.018,0.333,False,False
real_deepseek_v4pro_50,run_046,run_049,0.022,0.511,0.016,0.0,False,False
real_deepseek_v4pro_50,run_046,run_050,0.064,0.227,0.038,0.25,False,False
real_deepseek_v4pro_50,run_047,run_048,0.034,0.135,0.041,0.0,False,False
real_deepseek_v4pro_50,run_047,run_049,0.029,0.138,0.072,0.0,False,False
real_deepseek_v4pro_50,run_047,run_050,0.057,0.116,0.111,0.333,False,False
real_deepseek_v4pro_50,run_048,run_049,0.146,0.829,0.052,0.5,True,True
real_deepseek_v4pro_50,run_048,run_050,0.05,0.425,0.02,0.25,True,True
real_deepseek_v4pro_50,run_049,run_050,0.054,0.53,0.156,0.333,True,True
real_gemini31pro_50,run_001,run_002,0.121,0.664,0.349,0.667,True,True
real_gemini31pro_50,run_001,run_003,0.091,0.554,0.329,1.0,False,True
real_gemini31pro_50,run_001,run_004,0.056,0.684,0.256,1.0,False,True
real_gemini31pro_50,run_001,run_005,0.006,0.243,0.348,0.333,False,False
real_gemini31pro_50,run_001,run_006,0.107,0.7,0.028,1.0,False,True
real_gemini31pro_50,run_001,run_007,0.062,0.65,0.19,1.0,True,True
real_gemini31pro_50,run_001,run_008,0.122,0.753,0.239,1.0,True,True
real_gemini31pro_50,run_001,run_009,0.108,0.771,0.283,1.0,True,True
real_gemini31pro_50,run_001,run_010,0.047,0.615,0.136,1.0,False,True
real_gemini31pro_50,run_001,run_011,0.072,0.244,0.232,0.333,False,False
real_gemini31pro_50,run_001,run_012,0.167,0.659,0.184,1.0,False,True
real_gemini31pro_50,run_001,run_013,0.094,0.718,0.248,1.0,False,True
real_gemini31pro_50,run_001,run_014,0.125,0.609,0.041,0.75,False,True
real_gemini31pro_50,run_001,run_015,0.103,0.706,0.25,1.0,False,True
real_gemini31pro_50,run_001,run_016,0.112,0.591,0.054,1.0,False,True
real_gemini31pro_50,run_001,run_017,0.169,0.807,0.089,1.0,False,True
real_gemini31pro_50,run_001,run_018,0.114,0.706,0.241,0.667,True,True
real_gemini31pro_50,run_001,run_019,0.133,0.786,0.341,1.0,False,True
real_gemini31pro_50,run_001,run_020,0.093,0.741,0.197,1.0,False,True
real_gemini31pro_50,run_001,run_021,0.048,0.796,0.374,1.0,False,True
real_gemini31pro_50,run_001,run_022,0.101,0.623,0.31,1.0,False,True
real_gemini31pro_50,run_001,run_023,0.127,0.678,0.02,1.0,False,True
real_gemini31pro_50,run_001,run_024,0.07,0.722,0.323,1.0,True,True
real_gemini31pro_50,run_001,run_025,0.081,0.28,0.015,0.333,False,False
real_gemini31pro_50,run_001,run_026,0.138,0.57,0.132,1.0,False,True
real_gemini31pro_50,run_001,run_027,0.147,0.811,0.055,1.0,True,True
real_gemini31pro_50,run_001,run_028,0.091,0.706,0.015,1.0,True,True
real_gemini31pro_50,run_001,run_029,0.094,0.727,0.274,1.0,False,True
real_gemini31pro_50,run_001,run_030,0.017,0.594,0.021,1.0,False,True
real_gemini31pro_50,run_001,run_031,0.092,0.563,0.335,0.667,True,True
real_gemini31pro_50,run_001,run_032,0.064,0.635,0.235,0.75,False,True
real_gemini31pro_50,run_001,run_033,0.172,0.472,0.369,0.75,True,True
real_gemini31pro_50,run_001,run_034,0.091,0.706,0.215,1.0,False,True
real_gemini31pro_50,run_001,run_035,0.101,0.671,0.235,1.0,False,True
real_gemini31pro_50,run_001,run_036,0.059,0.27,0.321,0.333,False,False
real_gemini31pro_50,run_001,run_037,0.142,0.741,0.274,0.75,True,True
real_gemini31pro_50,run_001,run_038,0.073,0.706,0.354,1.0,False,True
real_gemini31pro_50,run_001,run_039,0.066,0.678,0.071,1.0,True,True
real_gemini31pro_50,run_001,run_040,0.07,0.296,0.015,0.333,False,True
real_gemini31pro_50,run_001,run_041,0.131,0.652,0.26,1.0,False,True
real_gemini31pro_50,run_001,run_042,0.06,0.678,0.037,1.0,False,True
real_gemini31pro_50,run_001,run_043,0.058,0.758,0.249,1.0,False,True
real_gemini31pro_50,run_001,run_044,0.219,0.659,0.18,0.75,False,True
real_gemini31pro_50,run_001,run_045,0.186,0.699,0.366,0.667,True,True
real_gemini31pro_50,run_001,run_046,0.136,0.699,0.043,1.0,True,True
real_gemini31pro_50,run_001,run_047,0.184,0.699,0.171,1.0,True,True
real_gemini31pro_50,run_001,run_048,0.068,0.682,0.17,1.0,False,True
real_gemini31pro_50,run_001,run_049,0.116,0.497,0.081,1.0,False,True
real_gemini31pro_50,run_001,run_050,0.076,0.753,0.39,1.0,True,True
real_gemini31pro_50,run_002,run_003,0.054,0.458,0.224,0.667,False,True
real_gemini31pro_50,run_002,run_004,0.171,0.683,0.33,0.667,False,True
real_gemini31pro_50,run_002,run_005,0.007,0.316,0.386,0.0,False,False
real_gemini31pro_50,run_002,run_006,0.112,0.434,0.009,0.667,False,True
real_gemini31pro_50,run_002,run_007,0.077,0.449,0.402,0.667,True,True
real_gemini31pro_50,run_002,run_008,0.055,0.497,0.192,0.667,True,True
real_gemini31pro_50,run_002,run_009,0.222,0.712,0.319,0.667,True,True
real_gemini31pro_50,run_002,run_010,0.16,0.374,0.055,0.667,False,True
real_gemini31pro_50,run_002,run_011,0.154,0.339,0.206,0.0,False,False
real_gemini31pro_50,run_002,run_012,0.09,0.465,0.258,0.667,False,True
real_gemini31pro_50,run_002,run_013,0.051,0.476,0.233,0.667,False,True
real_gemini31pro_50,run_002,run_014,0.048,0.373,0.065,0.5,False,True
real_gemini31pro_50,run_002,run_015,0.185,0.465,0.258,0.667,False,True
real_gemini31pro_50,run_002,run_016,0.121,0.354,0.014,0.667,False,True
real_gemini31pro_50,run_002,run_017,0.039,0.742,0.073,0.667,False,True
real_gemini31pro_50,run_002,run_018,0.036,0.465,0.361,1.0,True,True
real_gemini31pro_50,run_002,run_019,0.082,0.713,0.261,0.667,False,True
real_gemini31pro_50,run_002,run_020,0.073,0.486,0.287,0.667,False,True
real_gemini31pro_50,run_002,run_021,0.2,0.655,0.24,0.667,False,True
real_gemini31pro_50,run_002,run_022,0.066,0.444,0.304,0.667,False,True
real_gemini31pro_50,run_002,run_023,0.104,0.441,0.03,0.667,False,True
real_gemini31pro_50,run_002,run_024,0.093,0.488,0.361,0.667,True,True
real_gemini31pro_50,run_002,run_025,0.082,0.356,0.01,0.0,False,False
real_gemini31pro_50,run_002,run_026,0.068,0.373,0.161,0.667,False,True
real_gemini31pro_50,run_002,run_027,0.204,0.581,0.025,0.667,True,True
real_gemini31pro_50,run_002,run_028,0.096,0.465,0.04,0.667,True,True
real_gemini31pro_50,run_002,run_029,0.084,0.478,0.264,0.667,False,True
real_gemini31pro_50,run_002,run_030,0.049,0.311,0.03,0.667,False,True
real_gemini31pro_50,run_002,run_031,0.113,0.413,0.353,1.0,True,True
real_gemini31pro_50,run_002,run_032,0.044,0.393,0.168,0.5,False,True
real_gemini31pro_50,run_002,run_033,0.096,0.448,0.24,0.5,True,True
real_gemini31pro_50,run_002,run_034,0.069,0.465,0.28,0.667,False,True
real_gemini31pro_50,run_002,run_035,0.04,0.476,0.266,0.667,False,True
real_gemini31pro_50,run_002,run_036,0.075,0.352,0.334,0.0,False,False
real_gemini31pro_50,run_002,run_037,0.183,0.486,0.281,0.5,True,True
real_gemini31pro_50,run_002,run_038,0.057,0.465,0.305,0.667,False,True
real_gemini31pro_50,run_002,run_039,0.03,0.441,0.052,0.667,True,True
real_gemini31pro_50,run_002,run_040,0.193,0.363,0.111,0.0,False,True
real_gemini31pro_50,run_002,run_041,0.104,0.485,0.287,0.667,False,True
real_gemini31pro_50,run_002,run_042,0.087,0.441,0.012,0.667,False,True
real_gemini31pro_50,run_002,run_043,0.057,0.667,0.283,0.667,False,True
real_gemini31pro_50,run_002,run_044,0.061,0.465,0.233,0.5,False,True
real_gemini31pro_50,run_002,run_045,0.134,0.449,0.122,1.0,True,True
real_gemini31pro_50,run_002,run_046,0.104,0.449,0.052,0.667,True,True
real_gemini31pro_50,run_002,run_047,0.109,0.449,0.226,0.667,True,True
real_gemini31pro_50,run_002,run_048,0.09,0.447,0.31,0.667,False,True
real_gemini31pro_50,run_002,run_049,0.147,0.488,0.12,0.667,False,True
real_gemini31pro_50,run_002,run_050,0.055,0.497,0.242,0.667,True,True
real_gemini31pro_50,run_003,run_004,0.035,0.483,0.567,1.0,False,True
real_gemini31pro_50,run_003,run_005,0.021,0.218,0.352,0.333,False,False
real_gemini31pro_50,run_003,run_006,0.02,0.4,0.086,1.0,True,True
real_gemini31pro_50,run_003,run_007,0.007,0.725,0.345,1.0,False,True
real_gemini31pro_50,run_003,run_008,0.166,0.715,0.346,1.0,False,True
real_gemini31pro_50,run_003,run_009,0.052,0.508,0.498,1.0,False,True
real_gemini31pro_50,run_003,run_010,0.131,0.595,0.123,1.0,True,True
real_gemini31pro_50,run_003,run_011,0.008,0.305,0.489,0.333,False,False
real_gemini31pro_50,run_003,run_012,0.028,0.731,0.324,1.0,False,True
real_gemini31pro_50,run_003,run_013,0.053,0.731,0.326,1.0,False,True
real_gemini31pro_50,run_003,run_014,0.054,0.587,0.134,0.75,False,True
real_gemini31pro_50,run_003,run_015,0.034,0.676,0.474,1.0,False,True
real_gemini31pro_50,run_003,run_016,0.055,0.565,0.081,1.0,False,True
real_gemini31pro_50,run_003,run_017,0.021,0.51,0.18,1.0,False,True
real_gemini31pro_50,run_003,run_018,0.108,0.676,0.374,0.667,False,True
real_gemini31pro_50,run_003,run_019,0.019,0.48,0.274,1.0,False,True
real_gemini31pro_50,run_003,run_020,0.013,0.715,0.328,1.0,False,True
real_gemini31pro_50,run_003,run_021,0.036,0.527,0.375,1.0,False,True
real_gemini31pro_50,run_003,run_022,0.029,0.722,0.294,1.0,False,True
real_gemini31pro_50,run_003,run_023,0.069,0.685,0.045,1.0,False,True
real_gemini31pro_50,run_003,run_024,0.06,0.509,0.366,1.0,False,True
real_gemini31pro_50,run_003,run_025,0.026,0.298,0.069,0.333,False,False
real_gemini31pro_50,run_003,run_026,0.129,0.587,0.308,1.0,False,True
real_gemini31pro_50,run_003,run_027,0.105,0.513,0.071,1.0,False,True
real_gemini31pro_50,run_003,run_028,0.024,0.676,0.011,1.0,False,True
real_gemini31pro_50,run_003,run_029,0.01,0.686,0.379,1.0,False,True
real_gemini31pro_50,run_003,run_030,0.016,0.557,0.019,1.0,False,True
real_gemini31pro_50,run_003,run_031,0.013,0.765,0.331,0.667,False,True
real_gemini31pro_50,run_003,run_032,0.085,0.618,0.274,0.75,False,True
real_gemini31pro_50,run_003,run_033,0.088,0.412,0.318,0.75,False,True
real_gemini31pro_50,run_003,run_034,0.005,0.731,0.32,1.0,False,True
real_gemini31pro_50,run_003,run_035,0.005,0.731,0.444,1.0,False,True
real_gemini31pro_50,run_003,run_036,0.028,0.301,0.161,0.333,False,False
real_gemini31pro_50,run_003,run_037,0.023,0.715,0.346,0.75,False,True
real_gemini31pro_50,run_003,run_038,0.021,0.731,0.246,1.0,False,True
real_gemini31pro_50,run_003,run_039,0.014,0.685,0.052,1.0,False,True
real_gemini31pro_50,run_003,run_040,0.027,0.268,0.045,0.333,False,True
real_gemini31pro_50,run_003,run_041,0.262,0.469,0.48,1.0,False,True
real_gemini31pro_50,run_003,run_042,0.032,0.575,0.041,1.0,True,True
real_gemini31pro_50,run_003,run_043,0.018,0.505,0.35,1.0,False,True
real_gemini31pro_50,run_003,run_044,0.022,0.731,0.381,0.75,False,True
real_gemini31pro_50,run_003,run_045,0.009,0.667,0.399,0.667,False,True
real_gemini31pro_50,run_003,run_046,0.019,0.667,0.168,1.0,False,True
real_gemini31pro_50,run_003,run_047,0.072,0.667,0.293,1.0,False,True
real_gemini31pro_50,run_003,run_048,0.023,0.595,0.329,1.0,False,True
real_gemini31pro_50,run_003,run_049,0.062,0.688,0.064,1.0,False,True
real_gemini31pro_50,run_003,run_050,0.009,0.715,0.469,1.0,False,True
real_gemini31pro_50,run_004,run_005,0.022,0.319,0.374,0.333,True,False
real_gemini31pro_50,run_004,run_006,0.098,0.61,0.146,1.0,False,True
real_gemini31pro_50,run_004,run_007,0.038,0.571,0.255,1.0,False,True
real_gemini31pro_50,run_004,run_008,0.053,0.638,0.371,1.0,False,True
real_gemini31pro_50,run_004,run_009,0.141,0.893,0.37,1.0,False,True
real_gemini31pro_50,run_004,run_010,0.147,0.484,0.095,1.0,False,True
real_gemini31pro_50,run_004,run_011,0.018,0.341,0.45,0.333,True,False
real_gemini31pro_50,run_004,run_012,0.063,0.582,0.348,1.0,False,True
real_gemini31pro_50,run_004,run_013,0.146,0.612,0.222,1.0,False,True
real_gemini31pro_50,run_004,run_014,0.129,0.486,0.171,0.75,False,True
real_gemini31pro_50,run_004,run_015,0.247,0.622,0.548,1.0,False,True
real_gemini31pro_50,run_004,run_016,0.023,0.469,0.149,1.0,True,True
real_gemini31pro_50,run_004,run_017,0.059,0.819,0.062,1.0,False,True
real_gemini31pro_50,run_004,run_018,0.072,0.622,0.385,0.667,False,True
real_gemini31pro_50,run_004,run_019,0.043,0.745,0.205,1.0,False,True
real_gemini31pro_50,run_004,run_020,0.098,0.649,0.387,1.0,True,True
real_gemini31pro_50,run_004,run_021,0.167,0.819,0.453,1.0,True,True
real_gemini31pro_50,run_004,run_022,0.105,0.536,0.325,1.0,False,True
real_gemini31pro_50,run_004,run_023,0.071,0.579,0.154,1.0,False,True
real_gemini31pro_50,run_004,run_024,0.1,0.509,0.41,1.0,False,True
real_gemini31pro_50,run_004,run_025,0.051,0.292,0.049,0.333,True,False
real_gemini31pro_50,run_004,run_026,0.049,0.52,0.324,1.0,False,True
real_gemini31pro_50,run_004,run_027,0.084,0.605,0.073,1.0,False,True
real_gemini31pro_50,run_004,run_028,0.042,0.622,0.037,1.0,False,True
real_gemini31pro_50,run_004,run_029,0.057,0.618,0.354,1.0,False,True
real_gemini31pro_50,run_004,run_030,0.097,0.524,0.013,1.0,False,True
real_gemini31pro_50,run_004,run_031,0.055,0.5,0.293,0.667,False,True
real_gemini31pro_50,run_004,run_032,0.074,0.506,0.278,0.75,False,True
real_gemini31pro_50,run_004,run_033,0.181,0.489,0.44,0.75,False,True
real_gemini31pro_50,run_004,run_034,0.037,0.622,0.179,1.0,False,True
real_gemini31pro_50,run_004,run_035,0.04,0.571,0.331,1.0,False,True
real_gemini31pro_50,run_004,run_036,0.035,0.324,0.072,0.333,False,False
real_gemini31pro_50,run_004,run_037,0.083,0.649,0.321,0.75,False,True
real_gemini31pro_50,run_004,run_038,0.114,0.622,0.232,1.0,True,True
real_gemini31pro_50,run_004,run_039,0.071,0.579,0.17,1.0,False,True
real_gemini31pro_50,run_004,run_040,0.155,0.335,0.043,0.333,False,True
real_gemini31pro_50,run_004,run_041,0.023,0.657,0.445,1.0,False,True
real_gemini31pro_50,run_004,run_042,0.11,0.579,0.013,1.0,False,True
real_gemini31pro_50,run_004,run_043,0.117,0.865,0.332,1.0,False,True
real_gemini31pro_50,run_004,run_044,0.048,0.582,0.33,0.75,False,True
real_gemini31pro_50,run_004,run_045,0.084,0.614,0.52,0.667,False,True
real_gemini31pro_50,run_004,run_046,0.068,0.614,0.08,1.0,False,True
real_gemini31pro_50,run_004,run_047,0.06,0.614,0.338,1.0,False,True
real_gemini31pro_50,run_004,run_048,0.017,0.603,0.286,1.0,False,True
real_gemini31pro_50,run_004,run_049,0.048,0.391,0.099,1.0,False,True
real_gemini31pro_50,run_004,run_050,0.034,0.638,0.444,1.0,False,True
real_gemini31pro_50,run_005,run_006,0.058,0.312,0.024,0.333,False,False
real_gemini31pro_50,run_005,run_007,0.079,0.225,0.415,0.333,False,False
real_gemini31pro_50,run_005,run_008,0.034,0.241,0.303,0.333,False,False
real_gemini31pro_50,run_005,run_009,0.029,0.284,0.426,0.333,False,False
real_gemini31pro_50,run_005,run_010,0.103,0.252,0.109,0.333,False,False
real_gemini31pro_50,run_005,run_011,0.047,0.563,0.414,1.0,True,True
real_gemini31pro_50,run_005,run_012,0.017,0.242,0.258,0.333,False,False
real_gemini31pro_50,run_005,run_013,0.037,0.242,0.244,0.333,False,False
real_gemini31pro_50,run_005,run_014,0.036,0.246,0.088,0.25,False,False
real_gemini31pro_50,run_005,run_015,0.021,0.242,0.344,0.333,False,False
real_gemini31pro_50,run_005,run_016,0.026,0.234,0.035,0.333,True,False
real_gemini31pro_50,run_005,run_017,0.045,0.302,0.051,0.333,False,False
real_gemini31pro_50,run_005,run_018,0.093,0.242,0.379,0.0,False,False
real_gemini31pro_50,run_005,run_019,0.006,0.317,0.326,0.333,False,False
real_gemini31pro_50,run_005,run_020,0.02,0.241,0.444,0.333,True,False
real_gemini31pro_50,run_005,run_021,0.023,0.316,0.318,0.333,True,False
real_gemini31pro_50,run_005,run_022,0.115,0.235,0.307,0.333,False,False
real_gemini31pro_50,run_005,run_023,0.108,0.227,0.041,0.333,False,False
real_gemini31pro_50,run_005,run_024,0.031,0.15,0.41,0.333,False,False
real_gemini31pro_50,run_005,run_025,0.015,0.442,0.085,1.0,True,True
real_gemini31pro_50,run_005,run_026,0.132,0.246,0.252,0.333,False,False
real_gemini31pro_50,run_005,run_027,0.165,0.136,0.036,0.333,False,False
real_gemini31pro_50,run_005,run_028,0.017,0.242,0.021,0.333,False,False
real_gemini31pro_50,run_005,run_029,0.013,0.236,0.31,0.333,False,False
real_gemini31pro_50,run_005,run_030,0.029,0.222,0.039,0.333,False,False
real_gemini31pro_50,run_005,run_031,0.011,0.366,0.364,0.0,False,False
real_gemini31pro_50,run_005,run_032,0.024,0.252,0.387,0.25,False,False
real_gemini31pro_50,run_005,run_033,0.04,0.345,0.409,0.25,False,False
real_gemini31pro_50,run_005,run_034,0.012,0.242,0.323,0.333,False,False
real_gemini31pro_50,run_005,run_035,0.009,0.242,0.333,0.333,False,False
real_gemini31pro_50,run_005,run_036,0.02,0.624,0.277,1.0,False,True
real_gemini31pro_50,run_005,run_037,0.01,0.241,0.4,0.25,False,False
real_gemini31pro_50,run_005,run_038,0.011,0.242,0.321,0.333,True,False
real_gemini31pro_50,run_005,run_039,0.033,0.227,0.122,0.333,False,False
real_gemini31pro_50,run_005,run_040,0.028,0.524,0.063,1.0,False,False
real_gemini31pro_50,run_005,run_041,0.09,0.289,0.428,0.333,False,False
real_gemini31pro_50,run_005,run_042,0.064,0.293,0.017,0.333,False,False
real_gemini31pro_50,run_005,run_043,0.039,0.313,0.368,0.333,False,False
real_gemini31pro_50,run_005,run_044,0.026,0.242,0.226,0.25,False,False
real_gemini31pro_50,run_005,run_045,0.015,0.225,0.413,0.0,False,False
real_gemini31pro_50,run_005,run_046,0.013,0.225,0.049,0.333,False,False
real_gemini31pro_50,run_005,run_047,0.139,0.225,0.238,0.333,False,False
real_gemini31pro_50,run_005,run_048,0.037,0.237,0.355,0.333,False,False
real_gemini31pro_50,run_005,run_049,0.024,0.227,0.046,0.333,False,False
real_gemini31pro_50,run_005,run_050,0.012,0.241,0.478,0.333,False,False
real_gemini31pro_50,run_006,run_007,0.097,0.442,0.35,1.0,False,True
real_gemini31pro_50,run_006,run_008,0.033,0.544,0.439,1.0,False,True
real_gemini31pro_50,run_006,run_009,0.13,0.627,0.406,1.0,False,True
real_gemini31pro_50,run_006,run_010,0.128,0.529,0.022,1.0,True,True
real_gemini31pro_50,run_006,run_011,0.071,0.276,0.392,0.333,False,False
real_gemini31pro_50,run_006,run_012,0.098,0.457,0.353,1.0,False,True
real_gemini31pro_50,run_006,run_013,0.027,0.521,0.255,1.0,False,True
real_gemini31pro_50,run_006,run_014,0.038,0.533,0.167,0.75,False,True
real_gemini31pro_50,run_006,run_015,0.113,0.5,0.355,1.0,False,True
real_gemini31pro_50,run_006,run_016,0.049,0.515,0.183,1.0,False,True
real_gemini31pro_50,run_006,run_017,0.125,0.622,0.03,1.0,False,True
real_gemini31pro_50,run_006,run_018,0.119,0.5,0.219,0.667,False,True
real_gemini31pro_50,run_006,run_019,0.024,0.575,0.324,1.0,False,True
real_gemini31pro_50,run_006,run_020,0.044,0.522,0.384,1.0,False,True
real_gemini31pro_50,run_006,run_021,0.092,0.672,0.392,1.0,False,True
real_gemini31pro_50,run_006,run_022,0.055,0.478,0.364,1.0,False,True
real_gemini31pro_50,run_006,run_023,0.098,0.487,0.189,1.0,False,True
real_gemini31pro_50,run_006,run_024,0.117,0.585,0.478,1.0,False,True
real_gemini31pro_50,run_006,run_025,0.071,0.36,0.013,0.333,False,False
real_gemini31pro_50,run_006,run_026,0.039,0.544,0.363,1.0,False,True
real_gemini31pro_50,run_006,run_027,0.21,0.565,0.108,1.0,False,True
real_gemini31pro_50,run_006,run_028,0.083,0.5,0.013,1.0,False,True
real_gemini31pro_50,run_006,run_029,0.037,0.525,0.329,1.0,False,True
real_gemini31pro_50,run_006,run_030,0.107,0.459,0.027,1.0,False,True
real_gemini31pro_50,run_006,run_031,0.142,0.406,0.279,0.667,False,True
real_gemini31pro_50,run_006,run_032,0.037,0.554,0.352,0.75,False,True
real_gemini31pro_50,run_006,run_033,0.112,0.563,0.379,0.75,False,True
real_gemini31pro_50,run_006,run_034,0.027,0.5,0.248,1.0,False,True
real_gemini31pro_50,run_006,run_035,0.029,0.479,0.305,1.0,False,True
real_gemini31pro_50,run_006,run_036,0.054,0.316,0.267,0.333,False,False
real_gemini31pro_50,run_006,run_037,0.073,0.522,0.259,0.75,False,True
real_gemini31pro_50,run_006,run_038,0.051,0.5,0.33,1.0,False,True
real_gemini31pro_50,run_006,run_039,0.03,0.487,0.241,1.0,False,True
real_gemini31pro_50,run_006,run_040,0.095,0.357,0.035,0.333,False,True
real_gemini31pro_50,run_006,run_041,0.138,0.605,0.338,1.0,False,True
real_gemini31pro_50,run_006,run_042,0.071,0.487,0.055,1.0,True,True
real_gemini31pro_50,run_006,run_043,0.241,0.641,0.233,1.0,False,True
real_gemini31pro_50,run_006,run_044,0.029,0.457,0.237,0.75,False,True
real_gemini31pro_50,run_006,run_045,0.06,0.486,0.391,0.667,False,True
real_gemini31pro_50,run_006,run_046,0.046,0.486,0.05,1.0,False,True
real_gemini31pro_50,run_006,run_047,0.068,0.486,0.39,1.0,False,True
real_gemini31pro_50,run_006,run_048,0.059,0.482,0.279,1.0,False,True
real_gemini31pro_50,run_006,run_049,0.054,0.433,0.028,1.0,False,True
real_gemini31pro_50,run_006,run_050,0.1,0.544,0.367,1.0,False,True
real_gemini31pro_50,run_007,run_008,0.024,0.862,0.41,1.0,True,True
real_gemini31pro_50,run_007,run_009,0.064,0.592,0.284,1.0,True,True
real_gemini31pro_50,run_007,run_010,0.063,0.684,0.01,1.0,False,True
real_gemini31pro_50,run_007,run_011,0.076,0.291,0.402,0.333,False,False
real_gemini31pro_50,run_007,run_012,0.154,0.885,0.314,1.0,False,True
real_gemini31pro_50,run_007,run_013,0.026,0.809,0.264,1.0,False,True
real_gemini31pro_50,run_007,run_014,0.034,0.714,0.037,0.75,False,True
real_gemini31pro_50,run_007,run_015,0.175,0.824,0.249,1.0,False,True
real_gemini31pro_50,run_007,run_016,0.085,0.782,0.03,1.0,False,True
real_gemini31pro_50,run_007,run_017,0.18,0.557,0.097,1.0,False,True
real_gemini31pro_50,run_007,run_018,0.162,0.824,0.454,0.667,True,True
real_gemini31pro_50,run_007,run_019,0.026,0.558,0.175,1.0,False,True
real_gemini31pro_50,run_007,run_020,0.033,0.878,0.38,1.0,False,True
real_gemini31pro_50,run_007,run_021,0.177,0.628,0.373,1.0,False,True
real_gemini31pro_50,run_007,run_022,0.045,0.792,0.236,1.0,False,True
real_gemini31pro_50,run_007,run_023,0.167,0.864,0.026,1.0,False,True
real_gemini31pro_50,run_007,run_024,0.082,0.581,0.292,1.0,True,True
real_gemini31pro_50,run_007,run_025,0.044,0.234,0.027,0.333,False,False
real_gemini31pro_50,run_007,run_026,0.122,0.732,0.36,1.0,False,True
real_gemini31pro_50,run_007,run_027,0.068,0.636,0.057,1.0,True,True
real_gemini31pro_50,run_007,run_028,0.057,0.824,0.047,1.0,True,True
real_gemini31pro_50,run_007,run_029,0.045,0.857,0.211,1.0,False,True
real_gemini31pro_50,run_007,run_030,0.02,0.794,0.022,1.0,False,True
real_gemini31pro_50,run_007,run_031,0.096,0.741,0.232,0.667,True,True
real_gemini31pro_50,run_007,run_032,0.039,0.716,0.307,0.75,False,True
real_gemini31pro_50,run_007,run_033,0.1,0.474,0.279,0.75,True,True
real_gemini31pro_50,run_007,run_034,0.034,0.824,0.334,1.0,False,True
real_gemini31pro_50,run_007,run_035,0.04,0.87,0.271,1.0,False,True
real_gemini31pro_50,run_007,run_036,0.098,0.259,0.331,0.333,False,False
real_gemini31pro_50,run_007,run_037,0.152,0.878,0.245,0.75,True,True
real_gemini31pro_50,run_007,run_038,0.044,0.824,0.332,1.0,False,True
real_gemini31pro_50,run_007,run_039,0.045,0.864,0.064,1.0,True,True
real_gemini31pro_50,run_007,run_040,0.029,0.293,0.074,0.333,False,True
real_gemini31pro_50,run_007,run_041,0.234,0.595,0.255,1.0,False,True
real_gemini31pro_50,run_007,run_042,0.207,0.864,0.021,1.0,False,True
real_gemini31pro_50,run_007,run_043,0.089,0.6,0.277,1.0,False,True
real_gemini31pro_50,run_007,run_044,0.022,0.885,0.284,0.75,False,True
real_gemini31pro_50,run_007,run_045,0.051,0.935,0.401,0.667,True,True
real_gemini31pro_50,run_007,run_046,0.072,0.935,0.064,1.0,True,True
real_gemini31pro_50,run_007,run_047,0.161,0.935,0.298,1.0,True,True
real_gemini31pro_50,run_007,run_048,0.168,0.821,0.269,1.0,False,True
real_gemini31pro_50,run_007,run_049,0.155,0.561,0.047,1.0,False,True
real_gemini31pro_50,run_007,run_050,0.023,0.862,0.341,1.0,True,True
real_gemini31pro_50,run_008,run_009,0.108,0.685,0.306,1.0,True,True
real_gemini31pro_50,run_008,run_010,0.166,0.828,0.068,1.0,False,True
real_gemini31pro_50,run_008,run_011,0.014,0.293,0.195,0.333,False,False
real_gemini31pro_50,run_008,run_012,0.174,0.862,0.236,1.0,False,True
real_gemini31pro_50,run_008,run_013,0.116,0.938,0.176,1.0,False,True
real_gemini31pro_50,run_008,run_014,0.176,0.829,0.046,0.75,False,True
real_gemini31pro_50,run_008,run_015,0.106,0.923,0.322,1.0,False,True
real_gemini31pro_50,run_008,run_016,0.128,0.807,0.11,1.0,False,True
real_gemini31pro_50,run_008,run_017,0.064,0.622,0.1,1.0,False,True
real_gemini31pro_50,run_008,run_018,0.068,0.923,0.223,0.667,True,True
real_gemini31pro_50,run_008,run_019,0.143,0.646,0.201,1.0,False,True
real_gemini31pro_50,run_008,run_020,0.075,0.984,0.369,1.0,False,True
real_gemini31pro_50,run_008,run_021,0.052,0.702,0.333,1.0,False,True
real_gemini31pro_50,run_008,run_022,0.047,0.797,0.333,1.0,False,True
real_gemini31pro_50,run_008,run_023,0.06,0.885,0.023,1.0,False,True
real_gemini31pro_50,run_008,run_024,0.044,0.597,0.331,1.0,True,True
real_gemini31pro_50,run_008,run_025,0.066,0.248,0.029,0.333,False,False
real_gemini31pro_50,run_008,run_026,0.12,0.811,0.378,1.0,False,True
real_gemini31pro_50,run_008,run_027,0.246,0.686,0.123,1.0,True,True
real_gemini31pro_50,run_008,run_028,0.062,0.923,0.051,1.0,True,True
real_gemini31pro_50,run_008,run_029,0.126,0.96,0.394,1.0,False,True
real_gemini31pro_50,run_008,run_030,0.056,0.784,0.014,1.0,False,True
real_gemini31pro_50,run_008,run_031,0.043,0.731,0.318,0.667,True,True
real_gemini31pro_50,run_008,run_032,0.184,0.87,0.311,0.75,False,True
real_gemini31pro_50,run_008,run_033,0.109,0.49,0.384,0.75,True,True
real_gemini31pro_50,run_008,run_034,0.07,0.923,0.127,1.0,False,True
real_gemini31pro_50,run_008,run_035,0.106,0.877,0.108,1.0,False,True
real_gemini31pro_50,run_008,run_036,0.063,0.275,0.307,0.333,False,False
real_gemini31pro_50,run_008,run_037,0.17,0.984,0.308,0.75,True,True
real_gemini31pro_50,run_008,run_038,0.097,0.923,0.245,1.0,False,True
real_gemini31pro_50,run_008,run_039,0.124,0.885,0.032,1.0,True,True
real_gemini31pro_50,run_008,run_040,0.083,0.322,0.081,0.333,False,True
real_gemini31pro_50,run_008,run_041,0.143,0.626,0.313,1.0,False,True
real_gemini31pro_50,run_008,run_042,0.032,0.885,0.014,1.0,False,True
real_gemini31pro_50,run_008,run_043,0.137,0.67,0.346,1.0,False,True
real_gemini31pro_50,run_008,run_044,0.103,0.862,0.248,0.75,False,True
real_gemini31pro_50,run_008,run_045,0.219,0.927,0.401,0.667,True,True
real_gemini31pro_50,run_008,run_046,0.101,0.927,0.091,1.0,True,True
real_gemini31pro_50,run_008,run_047,0.206,0.927,0.525,1.0,True,True
real_gemini31pro_50,run_008,run_048,0.04,0.887,0.269,1.0,False,True
real_gemini31pro_50,run_008,run_049,0.051,0.673,0.065,1.0,False,True
real_gemini31pro_50,run_008,run_050,0.055,1.0,0.362,1.0,True,True
real_gemini31pro_50,run_009,run_010,0.067,0.558,0.126,1.0,False,True
real_gemini31pro_50,run_009,run_011,0.005,0.256,0.169,0.333,False,False
real_gemini31pro_50,run_009,run_012,0.058,0.602,0.307,1.0,False,True
real_gemini31pro_50,run_009,run_013,0.048,0.656,0.206,1.0,False,True
real_gemini31pro_50,run_009,run_014,0.201,0.551,0.039,0.75,False,True
real_gemini31pro_50,run_009,run_015,0.121,0.645,0.315,1.0,False,True
real_gemini31pro_50,run_009,run_016,0.024,0.533,0.09,1.0,False,True
real_gemini31pro_50,run_009,run_017,0.058,0.876,0.409,1.0,False,True
real_gemini31pro_50,run_009,run_018,0.056,0.645,0.348,0.667,True,True
real_gemini31pro_50,run_009,run_019,0.038,0.784,0.241,1.0,False,True
real_gemini31pro_50,run_009,run_020,0.101,0.674,0.383,1.0,False,True
real_gemini31pro_50,run_009,run_021,0.102,0.907,0.226,1.0,False,True
real_gemini31pro_50,run_009,run_022,0.057,0.573,0.393,1.0,False,True
real_gemini31pro_50,run_009,run_023,0.103,0.62,0.028,1.0,False,True
real_gemini31pro_50,run_009,run_024,0.079,0.514,0.373,1.0,True,True
real_gemini31pro_50,run_009,run_025,0.066,0.335,0.062,0.333,False,False
real_gemini31pro_50,run_009,run_026,0.169,0.515,0.236,1.0,False,True
real_gemini31pro_50,run_009,run_027,0.085,0.623,0.087,1.0,True,True
real_gemini31pro_50,run_009,run_028,0.068,0.645,0.022,1.0,True,True
real_gemini31pro_50,run_009,run_029,0.062,0.663,0.482,1.0,False,True
real_gemini31pro_50,run_009,run_030,0.007,0.541,0.037,1.0,False,True
real_gemini31pro_50,run_009,run_031,0.06,0.516,0.292,0.667,True,True
real_gemini31pro_50,run_009,run_032,0.032,0.573,0.411,0.75,False,True
real_gemini31pro_50,run_009,run_033,0.105,0.55,0.382,0.75,True,True
real_gemini31pro_50,run_009,run_034,0.054,0.645,0.199,1.0,False,True
real_gemini31pro_50,run_009,run_035,0.052,0.613,0.339,1.0,False,True
real_gemini31pro_50,run_009,run_036,0.101,0.33,0.316,0.333,False,False
real_gemini31pro_50,run_009,run_037,0.103,0.674,0.372,0.75,True,True
real_gemini31pro_50,run_009,run_038,0.057,0.645,0.298,1.0,False,True
real_gemini31pro_50,run_009,run_039,0.05,0.62,0.057,1.0,True,True
real_gemini31pro_50,run_009,run_040,0.094,0.341,0.067,0.333,False,True
real_gemini31pro_50,run_009,run_041,0.073,0.719,0.41,1.0,False,True
real_gemini31pro_50,run_009,run_042,0.042,0.62,0.183,1.0,False,True
real_gemini31pro_50,run_009,run_043,0.09,0.953,0.339,1.0,False,True
real_gemini31pro_50,run_009,run_044,0.039,0.602,0.374,0.75,False,True
real_gemini31pro_50,run_009,run_045,0.093,0.637,0.373,0.667,True,True
real_gemini31pro_50,run_009,run_046,0.146,0.637,0.145,1.0,True,True
real_gemini31pro_50,run_009,run_047,0.112,0.637,0.494,1.0,True,True
real_gemini31pro_50,run_009,run_048,0.09,0.624,0.304,1.0,False,True
real_gemini31pro_50,run_009,run_049,0.099,0.45,0.068,1.0,False,True
real_gemini31pro_50,run_009,run_050,0.058,0.685,0.449,1.0,True,True
real_gemini31pro_50,run_010,run_011,0.008,0.382,0.392,0.333,False,False
real_gemini31pro_50,run_010,run_012,0.052,0.694,0.281,1.0,False,True
real_gemini31pro_50,run_010,run_013,0.115,0.887,0.314,1.0,False,True
real_gemini31pro_50,run_010,run_014,0.076,0.876,0.129,0.75,False,True
real_gemini31pro_50,run_010,run_015,0.037,0.758,0.421,1.0,False,True
real_gemini31pro_50,run_010,run_016,0.053,0.854,0.06,1.0,False,True
real_gemini31pro_50,run_010,run_017,0.155,0.556,0.2,1.0,False,True
real_gemini31pro_50,run_010,run_018,0.241,0.758,0.364,0.667,False,True
real_gemini31pro_50,run_010,run_019,0.017,0.525,0.27,1.0,False,True
real_gemini31pro_50,run_010,run_020,0.028,0.81,0.351,1.0,False,True
real_gemini31pro_50,run_010,run_021,0.044,0.533,0.391,1.0,False,True
real_gemini31pro_50,run_010,run_022,0.051,0.642,0.293,1.0,False,True
real_gemini31pro_50,run_010,run_023,0.086,0.832,0.043,1.0,False,True
real_gemini31pro_50,run_010,run_024,0.075,0.676,0.318,1.0,False,True
real_gemini31pro_50,run_010,run_025,0.026,0.272,0.029,0.333,False,False
real_gemini31pro_50,run_010,run_026,0.223,0.857,0.298,1.0,False,True
real_gemini31pro_50,run_010,run_027,0.098,0.518,0.089,1.0,False,True
real_gemini31pro_50,run_010,run_028,0.011,0.758,0.01,1.0,False,True
real_gemini31pro_50,run_010,run_029,0.025,0.79,0.4,1.0,False,True
real_gemini31pro_50,run_010,run_030,0.019,0.706,0.069,1.0,False,True
real_gemini31pro_50,run_010,run_031,0.013,0.594,0.412,0.667,False,True
real_gemini31pro_50,run_010,run_032,0.037,0.922,0.306,0.75,False,True
real_gemini31pro_50,run_010,run_033,0.17,0.483,0.377,0.75,False,True
real_gemini31pro_50,run_010,run_034,0.02,0.871,0.249,1.0,False,True
real_gemini31pro_50,run_010,run_035,0.005,0.71,0.4,1.0,False,True
real_gemini31pro_50,run_010,run_036,0.025,0.333,0.235,0.333,False,False
real_gemini31pro_50,run_010,run_037,0.036,0.81,0.357,0.75,False,True
real_gemini31pro_50,run_010,run_038,0.065,0.871,0.329,1.0,False,True
real_gemini31pro_50,run_010,run_039,0.015,0.832,0.04,1.0,False,True
real_gemini31pro_50,run_010,run_040,0.029,0.35,0.197,0.333,False,True
real_gemini31pro_50,run_010,run_041,0.051,0.652,0.489,1.0,False,True
real_gemini31pro_50,run_010,run_042,0.03,0.72,0.114,1.0,True,True
real_gemini31pro_50,run_010,run_043,0.034,0.509,0.208,1.0,False,True
real_gemini31pro_50,run_010,run_044,0.028,0.806,0.292,0.75,False,True
real_gemini31pro_50,run_010,run_045,0.038,0.752,0.484,0.667,False,True
real_gemini31pro_50,run_010,run_046,0.028,0.752,0.045,1.0,False,True
real_gemini31pro_50,run_010,run_047,0.068,0.752,0.274,1.0,False,True
real_gemini31pro_50,run_010,run_048,0.099,0.724,0.289,1.0,False,True
real_gemini31pro_50,run_010,run_049,0.06,0.71,0.055,1.0,False,True
real_gemini31pro_50,run_010,run_050,0.127,0.828,0.487,1.0,False,True
real_gemini31pro_50,run_011,run_012,0.06,0.29,0.388,0.333,False,False
real_gemini31pro_50,run_011,run_013,0.068,0.339,0.302,0.333,False,False
real_gemini31pro_50,run_011,run_014,0.045,0.324,0.122,0.25,False,False
real_gemini31pro_50,run_011,run_015,0.133,0.29,0.471,0.333,False,False
real_gemini31pro_50,run_011,run_016,0.141,0.33,0.051,0.333,True,False
real_gemini31pro_50,run_011,run_017,0.08,0.31,0.083,0.333,False,False
real_gemini31pro_50,run_011,run_018,0.051,0.29,0.339,0.0,False,False
real_gemini31pro_50,run_011,run_019,0.072,0.317,0.178,0.333,False,False
real_gemini31pro_50,run_011,run_020,0.173,0.293,0.335,0.333,True,False
real_gemini31pro_50,run_011,run_021,0.235,0.291,0.36,0.333,True,False
real_gemini31pro_50,run_011,run_022,0.034,0.263,0.232,0.333,False,False
real_gemini31pro_50,run_011,run_023,0.138,0.336,0.032,0.333,False,False
real_gemini31pro_50,run_011,run_024,0.129,0.297,0.335,0.333,False,False
real_gemini31pro_50,run_011,run_025,0.162,0.395,0.054,1.0,True,True
real_gemini31pro_50,run_011,run_026,0.043,0.324,0.316,0.333,False,False
real_gemini31pro_50,run_011,run_027,0.126,0.253,0.057,0.333,False,False
real_gemini31pro_50,run_011,run_028,0.1,0.29,0.037,0.333,False,False
real_gemini31pro_50,run_011,run_029,0.045,0.286,0.243,0.333,False,False
real_gemini31pro_50,run_011,run_030,0.062,0.286,0.018,0.333,False,False
real_gemini31pro_50,run_011,run_031,0.101,0.359,0.254,0.0,False,False
real_gemini31pro_50,run_011,run_032,0.051,0.333,0.392,0.25,False,False
real_gemini31pro_50,run_011,run_033,0.077,0.376,0.42,0.25,False,False
real_gemini31pro_50,run_011,run_034,0.036,0.339,0.252,0.333,False,False
real_gemini31pro_50,run_011,run_035,0.02,0.29,0.411,0.333,False,False
real_gemini31pro_50,run_011,run_036,0.105,0.409,0.286,1.0,False,True
real_gemini31pro_50,run_011,run_037,0.078,0.293,0.308,0.25,False,False
real_gemini31pro_50,run_011,run_038,0.044,0.339,0.257,0.333,True,False
real_gemini31pro_50,run_011,run_039,0.049,0.336,0.05,0.333,False,False
real_gemini31pro_50,run_011,run_040,0.147,0.434,0.064,1.0,False,False
real_gemini31pro_50,run_011,run_041,0.097,0.326,0.329,0.333,False,False
real_gemini31pro_50,run_011,run_042,0.083,0.272,0.134,0.333,False,False
real_gemini31pro_50,run_011,run_043,0.059,0.301,0.206,0.333,False,False
real_gemini31pro_50,run_011,run_044,0.081,0.339,0.212,0.25,False,False
real_gemini31pro_50,run_011,run_045,0.097,0.291,0.406,0.0,False,False
real_gemini31pro_50,run_011,run_046,0.062,0.291,0.239,0.333,False,False
real_gemini31pro_50,run_011,run_047,0.078,0.291,0.14,0.333,False,False
real_gemini31pro_50,run_011,run_048,0.076,0.283,0.211,0.333,False,False
real_gemini31pro_50,run_011,run_049,0.07,0.393,0.056,0.333,False,False
real_gemini31pro_50,run_011,run_050,0.023,0.293,0.424,0.333,False,False
real_gemini31pro_50,run_012,run_013,0.087,0.812,0.383,1.0,False,True
real_gemini31pro_50,run_012,run_014,0.145,0.689,0.094,0.75,False,True
real_gemini31pro_50,run_012,run_015,0.088,0.942,0.355,1.0,True,True
real_gemini31pro_50,run_012,run_016,0.149,0.667,0.02,1.0,False,True
real_gemini31pro_50,run_012,run_017,0.104,0.567,0.066,1.0,False,True
real_gemini31pro_50,run_012,run_018,0.052,0.942,0.376,0.667,False,True
real_gemini31pro_50,run_012,run_019,0.056,0.569,0.426,1.0,True,True
real_gemini31pro_50,run_012,run_020,0.154,0.877,0.313,1.0,False,True
real_gemini31pro_50,run_012,run_021,0.064,0.637,0.292,1.0,False,True
real_gemini31pro_50,run_012,run_022,0.101,0.795,0.31,1.0,True,True
real_gemini31pro_50,run_012,run_023,0.098,0.763,0.037,1.0,False,True
real_gemini31pro_50,run_012,run_024,0.082,0.593,0.246,1.0,False,True
real_gemini31pro_50,run_012,run_025,0.107,0.273,0.059,0.333,False,False
real_gemini31pro_50,run_012,run_026,0.092,0.706,0.309,1.0,False,True
real_gemini31pro_50,run_012,run_027,0.182,0.622,0.026,1.0,False,True
real_gemini31pro_50,run_012,run_028,0.062,0.942,0.089,1.0,False,True
real_gemini31pro_50,run_012,run_029,0.058,0.827,0.312,1.0,True,True
real_gemini31pro_50,run_012,run_030,0.063,0.692,0.013,1.0,False,True
real_gemini31pro_50,run_012,run_031,0.054,0.634,0.361,0.667,False,True
real_gemini31pro_50,run_012,run_032,0.071,0.724,0.291,0.75,True,True
real_gemini31pro_50,run_012,run_033,0.101,0.479,0.307,0.75,False,True
real_gemini31pro_50,run_012,run_034,0.046,0.826,0.248,1.0,False,True
real_gemini31pro_50,run_012,run_035,0.015,0.986,0.336,1.0,False,True
real_gemini31pro_50,run_012,run_036,0.051,0.288,0.399,0.333,False,False
real_gemini31pro_50,run_012,run_037,0.088,0.877,0.32,0.75,False,True
real_gemini31pro_50,run_012,run_038,0.108,0.826,0.311,1.0,False,True
real_gemini31pro_50,run_012,run_039,0.042,0.763,0.049,1.0,False,True
real_gemini31pro_50,run_012,run_040,0.088,0.306,0.047,0.333,False,True
real_gemini31pro_50,run_012,run_041,0.062,0.581,0.21,1.0,True,True
real_gemini31pro_50,run_012,run_042,0.076,0.806,0.026,1.0,False,True
real_gemini31pro_50,run_012,run_043,0.057,0.61,0.303,1.0,False,True
real_gemini31pro_50,run_012,run_044,0.02,0.884,0.383,0.75,True,True
real_gemini31pro_50,run_012,run_045,0.077,0.824,0.245,0.667,False,True
real_gemini31pro_50,run_012,run_046,0.077,0.824,0.034,1.0,False,True
real_gemini31pro_50,run_012,run_047,0.176,0.824,0.247,1.0,False,True
real_gemini31pro_50,run_012,run_048,0.103,0.908,0.322,1.0,False,True
real_gemini31pro_50,run_012,run_049,0.076,0.545,0.084,1.0,True,True
real_gemini31pro_50,run_012,run_050,0.076,0.862,0.131,1.0,False,True
real_gemini31pro_50,run_013,run_014,0.128,0.773,0.031,0.75,False,True
real_gemini31pro_50,run_013,run_015,0.166,0.87,0.152,1.0,False,True
real_gemini31pro_50,run_013,run_016,0.062,0.752,0.04,1.0,False,True
real_gemini31pro_50,run_013,run_017,0.229,0.677,0.045,1.0,False,True
real_gemini31pro_50,run_013,run_018,0.068,0.87,0.229,0.667,False,True
real_gemini31pro_50,run_013,run_019,0.153,0.619,0.414,1.0,False,True
real_gemini31pro_50,run_013,run_020,0.22,0.923,0.175,1.0,False,True
real_gemini31pro_50,run_013,run_021,0.044,0.67,0.178,1.0,False,True
real_gemini31pro_50,run_013,run_022,0.062,0.755,0.367,1.0,False,True
real_gemini31pro_50,run_013,run_023,0.056,0.95,0.036,1.0,False,True
real_gemini31pro_50,run_013,run_024,0.151,0.667,0.232,1.0,False,True
real_gemini31pro_50,run_013,run_025,0.064,0.248,0.021,0.333,False,False
real_gemini31pro_50,run_013,run_026,0.12,0.756,0.176,1.0,False,True
real_gemini31pro_50,run_013,run_027,0.08,0.656,0.087,1.0,False,True
real_gemini31pro_50,run_013,run_028,0.054,0.87,0.031,1.0,False,True
real_gemini31pro_50,run_013,run_029,0.201,0.902,0.32,1.0,False,True
real_gemini31pro_50,run_013,run_030,0.114,0.737,0.026,1.0,False,True
real_gemini31pro_50,run_013,run_031,0.038,0.69,0.511,0.667,False,True
real_gemini31pro_50,run_013,run_032,0.013,0.81,0.307,0.75,False,True
real_gemini31pro_50,run_013,run_033,0.106,0.466,0.379,0.75,False,True
real_gemini31pro_50,run_013,run_034,0.103,0.986,0.507,1.0,False,True
real_gemini31pro_50,run_013,run_035,0.057,0.826,0.278,1.0,False,True
real_gemini31pro_50,run_013,run_036,0.094,0.301,0.248,0.333,False,False
real_gemini31pro_50,run_013,run_037,0.136,0.923,0.276,0.75,False,True
real_gemini31pro_50,run_013,run_038,0.089,0.986,0.454,1.0,False,True
real_gemini31pro_50,run_013,run_039,0.086,0.95,0.039,1.0,False,True
real_gemini31pro_50,run_013,run_040,0.093,0.331,0.099,0.333,False,True
real_gemini31pro_50,run_013,run_041,0.183,0.594,0.315,1.0,False,True
real_gemini31pro_50,run_013,run_042,0.012,0.835,0.013,1.0,False,True
real_gemini31pro_50,run_013,run_043,0.109,0.642,0.506,1.0,False,True
real_gemini31pro_50,run_013,run_044,0.105,0.928,0.411,0.75,False,True
real_gemini31pro_50,run_013,run_045,0.041,0.87,0.285,0.667,False,True
real_gemini31pro_50,run_013,run_046,0.055,0.87,0.024,1.0,False,True
real_gemini31pro_50,run_013,run_047,0.072,0.87,0.339,1.0,False,True
real_gemini31pro_50,run_013,run_048,0.139,0.837,0.372,1.0,False,True
real_gemini31pro_50,run_013,run_049,0.11,0.628,0.041,1.0,False,True
real_gemini31pro_50,run_013,run_050,0.041,0.938,0.247,1.0,False,True
real_gemini31pro_50,run_014,run_015,0.147,0.739,0.334,0.75,False,True
real_gemini31pro_50,run_014,run_016,0.147,0.898,0.092,0.75,False,True
real_gemini31pro_50,run_014,run_017,0.089,0.462,0.061,0.75,False,True
real_gemini31pro_50,run_014,run_018,0.103,0.739,0.31,0.5,False,True
real_gemini31pro_50,run_014,run_019,0.101,0.506,0.387,0.75,False,True
real_gemini31pro_50,run_014,run_020,0.21,0.793,0.309,0.75,False,True
real_gemini31pro_50,run_014,run_021,0.017,0.525,0.393,0.75,False,True
real_gemini31pro_50,run_014,run_022,0.185,0.621,0.288,0.75,False,True
real_gemini31pro_50,run_014,run_023,0.088,0.733,0.091,0.75,True,True
real_gemini31pro_50,run_014,run_024,0.137,0.559,0.406,0.75,False,True
real_gemini31pro_50,run_014,run_025,0.09,0.324,0.034,0.25,False,False
real_gemini31pro_50,run_014,run_026,0.162,0.98,0.361,0.75,False,True
real_gemini31pro_50,run_014,run_027,0.155,0.584,0.042,0.75,False,True
real_gemini31pro_50,run_014,run_028,0.054,0.739,0.019,0.75,False,True
real_gemini31pro_50,run_014,run_029,0.194,0.877,0.428,0.75,False,True
real_gemini31pro_50,run_014,run_030,0.156,0.719,0.012,0.75,True,True
real_gemini31pro_50,run_014,run_031,0.053,0.618,0.403,0.5,False,True
real_gemini31pro_50,run_014,run_032,0.065,0.928,0.29,1.0,False,True
real_gemini31pro_50,run_014,run_033,0.162,0.556,0.267,0.6,False,True
real_gemini31pro_50,run_014,run_034,0.148,0.739,0.365,0.75,False,True
real_gemini31pro_50,run_014,run_035,0.057,0.689,0.408,0.75,True,True
real_gemini31pro_50,run_014,run_036,0.103,0.252,0.261,0.25,False,False
real_gemini31pro_50,run_014,run_037,0.119,0.793,0.327,0.6,False,True
real_gemini31pro_50,run_014,run_038,0.082,0.739,0.429,0.75,False,True
real_gemini31pro_50,run_014,run_039,0.157,0.733,0.23,0.75,False,True
real_gemini31pro_50,run_014,run_040,0.193,0.348,0.043,0.25,True,True
real_gemini31pro_50,run_014,run_041,0.136,0.735,0.383,0.75,False,True
real_gemini31pro_50,run_014,run_042,0.051,0.733,0.04,0.75,False,True
real_gemini31pro_50,run_014,run_043,0.117,0.5,0.281,0.75,False,True
real_gemini31pro_50,run_014,run_044,0.092,0.672,0.431,1.0,False,True
real_gemini31pro_50,run_014,run_045,0.11,0.768,0.453,0.5,False,True
real_gemini31pro_50,run_014,run_046,0.191,0.768,0.009,0.75,False,True
real_gemini31pro_50,run_014,run_047,0.157,0.768,0.232,0.75,False,True
real_gemini31pro_50,run_014,run_048,0.091,0.803,0.329,0.75,True,True
real_gemini31pro_50,run_014,run_049,0.086,0.824,0.034,0.75,False,True
real_gemini31pro_50,run_014,run_050,0.101,0.811,0.333,0.75,False,True
real_gemini31pro_50,run_015,run_016,0.062,0.735,0.114,1.0,False,True
real_gemini31pro_50,run_015,run_017,0.049,0.607,0.07,1.0,False,True
real_gemini31pro_50,run_015,run_018,0.027,1.0,0.309,0.667,False,True
real_gemini31pro_50,run_015,run_019,0.053,0.609,0.289,1.0,True,True
real_gemini31pro_50,run_015,run_020,0.136,0.938,0.368,1.0,False,True
real_gemini31pro_50,run_015,run_021,0.303,0.682,0.472,1.0,False,True
real_gemini31pro_50,run_015,run_022,0.124,0.742,0.362,1.0,True,True
real_gemini31pro_50,run_015,run_023,0.181,0.82,0.113,1.0,False,True
real_gemini31pro_50,run_015,run_024,0.069,0.543,0.379,1.0,False,True
real_gemini31pro_50,run_015,run_025,0.101,0.273,0.049,0.333,False,False
real_gemini31pro_50,run_015,run_026,0.253,0.773,0.467,1.0,False,True
real_gemini31pro_50,run_015,run_027,0.08,0.667,0.064,1.0,False,True
real_gemini31pro_50,run_015,run_028,0.054,1.0,0.024,1.0,False,True
real_gemini31pro_50,run_015,run_029,0.104,0.887,0.367,1.0,True,True
real_gemini31pro_50,run_015,run_030,0.023,0.752,0.015,1.0,False,True
real_gemini31pro_50,run_015,run_031,0.082,0.704,0.197,0.667,False,True
real_gemini31pro_50,run_015,run_032,0.156,0.793,0.212,0.75,True,True
real_gemini31pro_50,run_015,run_033,0.155,0.479,0.384,0.75,False,True
real_gemini31pro_50,run_015,run_034,0.067,0.884,0.254,1.0,False,True
real_gemini31pro_50,run_015,run_035,0.046,0.928,0.479,1.0,False,True
real_gemini31pro_50,run_015,run_036,0.183,0.288,0.293,0.333,False,False
real_gemini31pro_50,run_015,run_037,0.148,0.938,0.338,0.75,False,True
real_gemini31pro_50,run_015,run_038,0.084,0.884,0.29,1.0,False,True
real_gemini31pro_50,run_015,run_039,0.033,0.82,0.205,1.0,False,True
real_gemini31pro_50,run_015,run_040,0.037,0.306,0.06,0.333,False,True
real_gemini31pro_50,run_015,run_041,0.076,0.632,0.426,1.0,True,True
real_gemini31pro_50,run_015,run_042,0.224,0.863,0.033,1.0,False,True
real_gemini31pro_50,run_015,run_043,0.109,0.652,0.369,1.0,False,True
real_gemini31pro_50,run_015,run_044,0.153,0.826,0.327,0.75,True,True
real_gemini31pro_50,run_015,run_045,0.065,0.885,0.444,0.667,False,True
real_gemini31pro_50,run_015,run_046,0.113,0.885,0.083,1.0,False,True
real_gemini31pro_50,run_015,run_047,0.238,0.885,0.311,1.0,False,True
real_gemini31pro_50,run_015,run_048,0.06,0.965,0.27,1.0,False,True
real_gemini31pro_50,run_015,run_049,0.187,0.612,0.057,1.0,True,True
real_gemini31pro_50,run_015,run_050,0.077,0.923,0.304,1.0,False,True
real_gemini31pro_50,run_016,run_017,0.035,0.456,0.059,1.0,False,True
real_gemini31pro_50,run_016,run_018,0.061,0.735,0.216,0.667,False,True
real_gemini31pro_50,run_016,run_019,0.076,0.5,0.188,1.0,False,True
real_gemini31pro_50,run_016,run_020,0.03,0.789,0.398,1.0,True,True
real_gemini31pro_50,run_016,run_021,0.1,0.519,0.511,1.0,True,True
real_gemini31pro_50,run_016,run_022,0.025,0.615,0.223,1.0,False,True
real_gemini31pro_50,run_016,run_023,0.056,0.814,0.217,1.0,False,True
real_gemini31pro_50,run_016,run_024,0.048,0.553,0.406,1.0,False,True
real_gemini31pro_50,run_016,run_025,0.059,0.257,0.052,0.333,True,False
real_gemini31pro_50,run_016,run_026,0.11,0.898,0.357,1.0,False,True
real_gemini31pro_50,run_016,run_027,0.167,0.528,0.091,1.0,False,True
real_gemini31pro_50,run_016,run_028,0.042,0.735,0.009,1.0,False,True
real_gemini31pro_50,run_016,run_029,0.039,0.804,0.362,1.0,False,True
real_gemini31pro_50,run_016,run_030,0.018,0.804,0.028,1.0,False,True
real_gemini31pro_50,run_016,run_031,0.056,0.694,0.237,0.667,False,True
real_gemini31pro_50,run_016,run_032,0.037,0.926,0.278,0.75,False,True
real_gemini31pro_50,run_016,run_033,0.115,0.493,0.385,0.75,False,True
real_gemini31pro_50,run_016,run_034,0.021,0.735,0.262,1.0,False,True
real_gemini31pro_50,run_016,run_035,0.023,0.684,0.487,1.0,False,True
real_gemini31pro_50,run_016,run_036,0.05,0.288,0.243,0.333,False,False
real_gemini31pro_50,run_016,run_037,0.124,0.789,0.376,0.75,False,True
real_gemini31pro_50,run_016,run_038,0.104,0.735,0.322,1.0,True,True
real_gemini31pro_50,run_016,run_039,0.022,0.814,0.209,1.0,False,True
real_gemini31pro_50,run_016,run_040,0.059,0.324,0.033,0.333,False,True
real_gemini31pro_50,run_016,run_041,0.101,0.672,0.436,1.0,False,True
real_gemini31pro_50,run_016,run_042,0.106,0.814,0.008,1.0,False,True
real_gemini31pro_50,run_016,run_043,0.019,0.494,0.29,1.0,False,True
real_gemini31pro_50,run_016,run_044,0.027,0.667,0.344,0.75,False,True
real_gemini31pro_50,run_016,run_045,0.099,0.855,0.435,0.667,False,True
real_gemini31pro_50,run_016,run_046,0.099,0.855,0.07,1.0,False,True
real_gemini31pro_50,run_016,run_047,0.112,0.855,0.339,1.0,False,True
real_gemini31pro_50,run_016,run_048,0.109,0.733,0.184,1.0,False,True
real_gemini31pro_50,run_016,run_049,0.115,0.74,0.046,1.0,False,True
real_gemini31pro_50,run_016,run_050,0.015,0.807,0.279,1.0,False,True
real_gemini31pro_50,run_017,run_018,0.082,0.607,0.318,0.667,False,True
real_gemini31pro_50,run_017,run_019,0.096,0.823,0.202,1.0,False,True
real_gemini31pro_50,run_017,run_020,0.141,0.632,0.343,1.0,False,True
real_gemini31pro_50,run_017,run_021,0.034,0.835,0.299,1.0,False,True
real_gemini31pro_50,run_017,run_022,0.073,0.523,0.357,1.0,False,True
real_gemini31pro_50,run_017,run_023,0.081,0.644,0.028,1.0,False,True
real_gemini31pro_50,run_017,run_024,0.132,0.676,0.272,1.0,False,True
real_gemini31pro_50,run_017,run_025,0.096,0.339,0.067,0.333,False,False
real_gemini31pro_50,run_017,run_026,0.054,0.505,0.38,1.0,True,True
real_gemini31pro_50,run_017,run_027,0.115,0.7,0.074,1.0,False,True
real_gemini31pro_50,run_017,run_028,0.086,0.607,0.051,1.0,False,True
real_gemini31pro_50,run_017,run_029,0.105,0.602,0.467,1.0,False,True
real_gemini31pro_50,run_017,run_030,0.117,0.51,0.072,1.0,False,True
real_gemini31pro_50,run_017,run_031,0.083,0.488,0.343,0.667,False,True
real_gemini31pro_50,run_017,run_032,0.041,0.492,0.27,0.75,False,True
real_gemini31pro_50,run_017,run_033,0.086,0.478,0.338,0.75,False,True
real_gemini31pro_50,run_017,run_034,0.061,0.687,0.164,1.0,True,True
real_gemini31pro_50,run_017,run_035,0.09,0.557,0.365,1.0,False,True
real_gemini31pro_50,run_017,run_036,0.061,0.316,0.301,0.333,False,False
real_gemini31pro_50,run_017,run_037,0.121,0.632,0.381,0.75,False,True
real_gemini31pro_50,run_017,run_038,0.033,0.687,0.282,1.0,False,True
real_gemini31pro_50,run_017,run_039,0.072,0.644,0.04,1.0,False,True
real_gemini31pro_50,run_017,run_040,0.164,0.355,0.207,0.333,False,True
real_gemini31pro_50,run_017,run_041,0.184,0.624,0.422,1.0,False,True
real_gemini31pro_50,run_017,run_042,0.031,0.564,0.039,1.0,False,True
real_gemini31pro_50,run_017,run_043,0.193,0.848,0.219,1.0,False,True
real_gemini31pro_50,run_017,run_044,0.166,0.647,0.267,0.75,False,True
real_gemini31pro_50,run_017,run_045,0.106,0.598,0.344,0.667,False,True
real_gemini31pro_50,run_017,run_046,0.061,0.598,0.079,1.0,False,True
real_gemini31pro_50,run_017,run_047,0.19,0.598,0.38,1.0,False,True
real_gemini31pro_50,run_017,run_048,0.066,0.588,0.251,1.0,False,True
real_gemini31pro_50,run_017,run_049,0.169,0.38,0.05,1.0,False,True
real_gemini31pro_50,run_017,run_050,0.064,0.622,0.508,1.0,False,True
real_gemini31pro_50,run_018,run_019,0.017,0.609,0.375,0.667,False,True
real_gemini31pro_50,run_018,run_020,0.082,0.938,0.26,0.667,False,True
real_gemini31pro_50,run_018,run_021,0.034,0.682,0.158,0.667,False,True
real_gemini31pro_50,run_018,run_022,0.071,0.742,0.449,0.667,False,True
real_gemini31pro_50,run_018,run_023,0.059,0.82,0.039,0.667,False,True
real_gemini31pro_50,run_018,run_024,0.095,0.543,0.314,0.667,True,True
real_gemini31pro_50,run_018,run_025,0.044,0.273,0.029,0.0,False,False
real_gemini31pro_50,run_018,run_026,0.111,0.773,0.326,0.667,False,True
real_gemini31pro_50,run_018,run_027,0.064,0.667,0.033,0.667,True,True
real_gemini31pro_50,run_018,run_028,0.076,1.0,0.056,0.667,True,True
real_gemini31pro_50,run_018,run_029,0.045,0.887,0.412,0.667,False,True
real_gemini31pro_50,run_018,run_030,0.08,0.752,0.042,0.667,False,True
real_gemini31pro_50,run_018,run_031,0.019,0.704,0.395,1.0,True,True
real_gemini31pro_50,run_018,run_032,0.027,0.793,0.313,0.5,False,True
real_gemini31pro_50,run_018,run_033,0.113,0.479,0.224,0.5,True,True
real_gemini31pro_50,run_018,run_034,0.028,0.884,0.447,0.667,False,True
real_gemini31pro_50,run_018,run_035,0.014,0.928,0.227,0.667,False,True
real_gemini31pro_50,run_018,run_036,0.076,0.288,0.278,0.0,False,False
real_gemini31pro_50,run_018,run_037,0.043,0.938,0.181,0.5,True,True
real_gemini31pro_50,run_018,run_038,0.088,0.884,0.27,0.667,False,True
real_gemini31pro_50,run_018,run_039,0.039,0.82,0.089,0.667,True,True
real_gemini31pro_50,run_018,run_040,0.074,0.306,0.131,0.0,False,True
real_gemini31pro_50,run_018,run_041,0.081,0.632,0.279,0.667,False,True
real_gemini31pro_50,run_018,run_042,0.077,0.863,0.041,0.667,False,True
real_gemini31pro_50,run_018,run_043,0.041,0.652,0.267,0.667,False,True
real_gemini31pro_50,run_018,run_044,0.034,0.826,0.273,0.5,False,True
real_gemini31pro_50,run_018,run_045,0.048,0.885,0.375,1.0,True,True
real_gemini31pro_50,run_018,run_046,0.038,0.885,0.074,0.667,True,True
real_gemini31pro_50,run_018,run_047,0.125,0.885,0.318,0.667,True,True
real_gemini31pro_50,run_018,run_048,0.066,0.965,0.272,0.667,False,True
real_gemini31pro_50,run_018,run_049,0.042,0.612,0.069,0.667,False,True
real_gemini31pro_50,run_018,run_050,0.019,0.923,0.239,0.667,True,True
real_gemini31pro_50,run_019,run_020,0.215,0.635,0.22,1.0,False,True
real_gemini31pro_50,run_019,run_021,0.035,0.832,0.237,1.0,False,True
real_gemini31pro_50,run_019,run_022,0.053,0.629,0.583,1.0,True,True
real_gemini31pro_50,run_019,run_023,0.096,0.586,0.023,1.0,False,True
real_gemini31pro_50,run_019,run_024,0.045,0.633,0.261,1.0,False,True
real_gemini31pro_50,run_019,run_025,0.101,0.309,0.041,0.333,False,False
real_gemini31pro_50,run_019,run_026,0.149,0.483,0.204,1.0,False,True
real_gemini31pro_50,run_019,run_027,0.105,0.82,0.045,1.0,False,True
real_gemini31pro_50,run_019,run_028,0.032,0.609,0.092,1.0,False,True
real_gemini31pro_50,run_019,run_029,0.199,0.625,0.443,1.0,True,True
real_gemini31pro_50,run_019,run_030,0.023,0.51,0.081,1.0,False,True
real_gemini31pro_50,run_019,run_031,0.043,0.488,0.456,0.667,False,True
real_gemini31pro_50,run_019,run_032,0.111,0.537,0.308,0.75,True,True
real_gemini31pro_50,run_019,run_033,0.14,0.595,0.31,0.75,False,True
real_gemini31pro_50,run_019,run_034,0.166,0.609,0.461,1.0,False,True
real_gemini31pro_50,run_019,run_035,0.054,0.579,0.289,1.0,False,True
real_gemini31pro_50,run_019,run_036,0.031,0.322,0.448,0.333,False,False
real_gemini31pro_50,run_019,run_037,0.204,0.635,0.259,0.75,False,True
real_gemini31pro_50,run_019,run_038,0.14,0.609,0.659,1.0,False,True
real_gemini31pro_50,run_019,run_039,0.057,0.586,0.081,1.0,False,True
real_gemini31pro_50,run_019,run_040,0.088,0.352,0.076,0.333,False,True
real_gemini31pro_50,run_019,run_041,0.038,0.682,0.215,1.0,True,True
real_gemini31pro_50,run_019,run_042,0.102,0.586,0.046,1.0,False,True
real_gemini31pro_50,run_019,run_043,0.2,0.821,0.519,1.0,False,True
real_gemini31pro_50,run_019,run_044,0.131,0.569,0.344,0.75,True,True
real_gemini31pro_50,run_019,run_045,0.147,0.6,0.214,0.667,False,True
real_gemini31pro_50,run_019,run_046,0.105,0.6,0.022,1.0,False,True
real_gemini31pro_50,run_019,run_047,0.099,0.6,0.149,1.0,False,True
real_gemini31pro_50,run_019,run_048,0.059,0.59,0.498,1.0,False,True
real_gemini31pro_50,run_019,run_049,0.127,0.422,0.041,1.0,True,True
real_gemini31pro_50,run_019,run_050,0.077,0.646,0.293,1.0,False,True
real_gemini31pro_50,run_020,run_021,0.082,0.713,0.357,1.0,True,True
real_gemini31pro_50,run_020,run_022,0.155,0.783,0.364,1.0,False,True
real_gemini31pro_50,run_020,run_023,0.144,0.87,0.019,1.0,False,True
real_gemini31pro_50,run_020,run_024,0.145,0.571,0.3,1.0,False,True
real_gemini31pro_50,run_020,run_025,0.066,0.248,0.013,0.333,True,False
real_gemini31pro_50,run_020,run_026,0.071,0.829,0.478,1.0,False,True
real_gemini31pro_50,run_020,run_027,0.065,0.698,0.019,1.0,False,True
real_gemini31pro_50,run_020,run_028,0.095,0.938,0.025,1.0,False,True
real_gemini31pro_50,run_020,run_029,0.261,0.944,0.362,1.0,False,True
real_gemini31pro_50,run_020,run_030,0.295,0.8,0.036,1.0,False,True
real_gemini31pro_50,run_020,run_031,0.062,0.746,0.211,0.667,False,True
real_gemini31pro_50,run_020,run_032,0.114,0.852,0.414,0.75,False,True
real_gemini31pro_50,run_020,run_033,0.133,0.49,0.453,0.75,False,True
real_gemini31pro_50,run_020,run_034,0.139,0.938,0.316,1.0,False,True
real_gemini31pro_50,run_020,run_035,0.107,0.862,0.42,1.0,False,True
real_gemini31pro_50,run_020,run_036,0.064,0.275,0.317,0.333,False,False
real_gemini31pro_50,run_020,run_037,0.095,1.0,0.213,0.75,False,True
real_gemini31pro_50,run_020,run_038,0.074,0.938,0.262,1.0,True,True
real_gemini31pro_50,run_020,run_039,0.203,0.87,0.017,1.0,False,True
real_gemini31pro_50,run_020,run_040,0.372,0.322,0.07,0.333,False,True
real_gemini31pro_50,run_020,run_041,0.086,0.667,0.425,1.0,False,True
real_gemini31pro_50,run_020,run_042,0.122,0.87,0.02,1.0,False,True
real_gemini31pro_50,run_020,run_043,0.074,0.682,0.254,1.0,False,True
real_gemini31pro_50,run_020,run_044,0.095,0.877,0.283,0.75,False,True
real_gemini31pro_50,run_020,run_045,0.123,0.943,0.429,0.667,False,True
real_gemini31pro_50,run_020,run_046,0.072,0.943,0.012,1.0,False,True
real_gemini31pro_50,run_020,run_047,0.08,0.943,0.416,1.0,False,True
real_gemini31pro_50,run_020,run_048,0.03,0.902,0.182,1.0,False,True
real_gemini31pro_50,run_020,run_049,0.104,0.655,0.049,1.0,False,True
real_gemini31pro_50,run_020,run_050,0.109,0.984,0.339,1.0,False,True
real_gemini31pro_50,run_021,run_022,0.059,0.583,0.347,1.0,False,True
real_gemini31pro_50,run_021,run_023,0.084,0.633,0.163,1.0,False,True
real_gemini31pro_50,run_021,run_024,0.103,0.542,0.402,1.0,False,True
real_gemini31pro_50,run_021,run_025,0.032,0.307,0.031,0.333,True,False
real_gemini31pro_50,run_021,run_026,0.108,0.575,0.405,1.0,False,True
real_gemini31pro_50,run_021,run_027,0.073,0.643,0.02,1.0,False,True
real_gemini31pro_50,run_021,run_028,0.021,0.682,0.01,1.0,False,True
real_gemini31pro_50,run_021,run_029,0.036,0.678,0.309,1.0,False,True
real_gemini31pro_50,run_021,run_030,0.023,0.575,0.013,1.0,False,True
real_gemini31pro_50,run_021,run_031,0.023,0.546,0.248,0.667,False,True
real_gemini31pro_50,run_021,run_032,0.049,0.561,0.301,0.75,False,True
real_gemini31pro_50,run_021,run_033,0.046,0.52,0.407,0.75,False,True
real_gemini31pro_50,run_021,run_034,0.018,0.682,0.229,1.0,False,True
real_gemini31pro_50,run_021,run_035,0.017,0.626,0.374,1.0,False,True
real_gemini31pro_50,run_021,run_036,0.017,0.31,0.304,0.333,False,False
real_gemini31pro_50,run_021,run_037,0.03,0.713,0.346,0.75,False,True
real_gemini31pro_50,run_021,run_038,0.015,0.682,0.295,1.0,True,True
real_gemini31pro_50,run_021,run_039,0.044,0.633,0.163,1.0,False,True
real_gemini31pro_50,run_021,run_040,0.042,0.333,0.031,0.333,False,True
real_gemini31pro_50,run_021,run_041,0.031,0.714,0.362,1.0,False,True
real_gemini31pro_50,run_021,run_042,0.033,0.633,0.017,1.0,False,True
real_gemini31pro_50,run_021,run_043,0.024,0.956,0.23,1.0,False,True
real_gemini31pro_50,run_021,run_044,0.043,0.637,0.396,0.75,False,True
real_gemini31pro_50,run_021,run_045,0.023,0.674,0.476,0.667,False,True
real_gemini31pro_50,run_021,run_046,0.021,0.674,0.01,1.0,False,True
real_gemini31pro_50,run_021,run_047,0.172,0.674,0.346,1.0,False,True
real_gemini31pro_50,run_021,run_048,0.041,0.659,0.372,1.0,False,True
real_gemini31pro_50,run_021,run_049,0.055,0.432,0.032,1.0,False,True
real_gemini31pro_50,run_021,run_050,0.026,0.702,0.283,1.0,False,True
real_gemini31pro_50,run_022,run_023,0.057,0.711,0.049,1.0,False,True
real_gemini31pro_50,run_022,run_024,0.052,0.617,0.318,1.0,False,True
real_gemini31pro_50,run_022,run_025,0.214,0.253,0.013,0.333,False,False
real_gemini31pro_50,run_022,run_026,0.086,0.621,0.409,1.0,False,True
real_gemini31pro_50,run_022,run_027,0.088,0.663,0.024,1.0,False,True
real_gemini31pro_50,run_022,run_028,0.085,0.742,0.098,1.0,False,True
real_gemini31pro_50,run_022,run_029,0.065,0.767,0.615,1.0,True,True
real_gemini31pro_50,run_022,run_030,0.068,0.753,0.03,1.0,False,True
real_gemini31pro_50,run_022,run_031,0.076,0.658,0.37,0.667,False,True
real_gemini31pro_50,run_022,run_032,0.063,0.667,0.447,0.75,True,True
real_gemini31pro_50,run_022,run_033,0.079,0.614,0.396,0.75,False,True
real_gemini31pro_50,run_022,run_034,0.069,0.742,0.378,1.0,False,True
real_gemini31pro_50,run_022,run_035,0.037,0.808,0.31,1.0,False,True
real_gemini31pro_50,run_022,run_036,0.027,0.264,0.435,0.333,False,False
real_gemini31pro_50,run_022,run_037,0.063,0.783,0.256,0.75,False,True
real_gemini31pro_50,run_022,run_038,0.106,0.742,0.435,1.0,False,True
real_gemini31pro_50,run_022,run_039,0.035,0.711,0.085,1.0,False,True
real_gemini31pro_50,run_022,run_040,0.05,0.365,0.043,0.333,False,True
real_gemini31pro_50,run_022,run_041,0.031,0.583,0.298,1.0,True,True
real_gemini31pro_50,run_022,run_042,0.133,0.711,0.082,1.0,False,True
real_gemini31pro_50,run_022,run_043,0.054,0.56,0.427,1.0,False,True
real_gemini31pro_50,run_022,run_044,0.102,0.795,0.355,0.75,True,True
real_gemini31pro_50,run_022,run_045,0.046,0.736,0.378,0.667,False,True
real_gemini31pro_50,run_022,run_046,0.068,0.736,0.017,1.0,False,True
real_gemini31pro_50,run_022,run_047,0.054,0.736,0.323,1.0,False,True
real_gemini31pro_50,run_022,run_048,0.015,0.714,0.476,1.0,False,True
real_gemini31pro_50,run_022,run_049,0.097,0.552,0.107,1.0,True,True
real_gemini31pro_50,run_022,run_050,0.12,0.797,0.307,1.0,False,True
real_gemini31pro_50,run_023,run_024,0.074,0.626,0.395,1.0,False,True
real_gemini31pro_50,run_023,run_025,0.059,0.235,0.053,0.333,False,False
real_gemini31pro_50,run_023,run_026,0.087,0.733,0.311,1.0,False,True
real_gemini31pro_50,run_023,run_027,0.046,0.641,0.033,1.0,False,True
real_gemini31pro_50,run_023,run_028,0.051,0.82,0.01,1.0,False,True
real_gemini31pro_50,run_023,run_029,0.066,0.881,0.386,1.0,False,True
real_gemini31pro_50,run_023,run_030,0.023,0.791,0.029,1.0,True,True
real_gemini31pro_50,run_023,run_031,0.097,0.741,0.385,0.667,False,True
real_gemini31pro_50,run_023,run_032,0.064,0.752,0.265,0.75,False,True
real_gemini31pro_50,run_023,run_033,0.117,0.451,0.351,0.75,False,True
real_gemini31pro_50,run_023,run_034,0.027,0.935,0.25,1.0,False,True
real_gemini31pro_50,run_023,run_035,0.029,0.777,0.462,1.0,True,True
real_gemini31pro_50,run_023,run_036,0.198,0.286,0.26,0.333,False,False
real_gemini31pro_50,run_023,run_037,0.079,0.87,0.364,0.75,False,True
real_gemini31pro_50,run_023,run_038,0.083,0.935,0.266,1.0,False,True
real_gemini31pro_50,run_023,run_039,0.03,1.0,0.162,1.0,False,True
real_gemini31pro_50,run_023,run_040,0.114,0.304,0.062,0.333,True,True
real_gemini31pro_50,run_023,run_041,0.067,0.577,0.412,1.0,False,True
real_gemini31pro_50,run_023,run_042,0.051,0.886,0.012,1.0,False,True
real_gemini31pro_50,run_023,run_043,0.043,0.606,0.244,1.0,False,True
real_gemini31pro_50,run_023,run_044,0.04,0.878,0.275,0.75,False,True
real_gemini31pro_50,run_023,run_045,0.073,0.924,0.325,0.667,False,True
real_gemini31pro_50,run_023,run_046,0.076,0.924,0.018,1.0,False,True
real_gemini31pro_50,run_023,run_047,0.048,0.924,0.329,1.0,False,True
real_gemini31pro_50,run_023,run_048,0.069,0.817,0.279,1.0,True,True
real_gemini31pro_50,run_023,run_049,0.088,0.607,0.043,1.0,False,True
real_gemini31pro_50,run_023,run_050,0.026,0.885,0.429,1.0,False,True
real_gemini31pro_50,run_024,run_025,0.062,0.259,0.021,0.333,False,False
real_gemini31pro_50,run_024,run_026,0.122,0.587,0.409,1.0,False,True
real_gemini31pro_50,run_024,run_027,0.225,0.794,0.045,1.0,True,True
real_gemini31pro_50,run_024,run_028,0.09,0.543,0.036,1.0,True,True
real_gemini31pro_50,run_024,run_029,0.049,0.573,0.374,1.0,False,True
real_gemini31pro_50,run_024,run_030,0.019,0.497,0.047,1.0,False,True
real_gemini31pro_50,run_024,run_031,0.061,0.422,0.348,0.667,True,True
real_gemini31pro_50,run_024,run_032,0.029,0.6,0.331,0.75,False,True
real_gemini31pro_50,run_024,run_033,0.09,0.471,0.422,0.75,True,True
real_gemini31pro_50,run_024,run_034,0.043,0.63,0.216,1.0,False,True
real_gemini31pro_50,run_024,run_035,0.022,0.617,0.372,1.0,False,True
real_gemini31pro_50,run_024,run_036,0.095,0.259,0.309,0.333,False,False
real_gemini31pro_50,run_024,run_037,0.084,0.571,0.287,0.75,True,True
real_gemini31pro_50,run_024,run_038,0.056,0.63,0.231,1.0,False,True
real_gemini31pro_50,run_024,run_039,0.056,0.626,0.186,1.0,True,True
real_gemini31pro_50,run_024,run_040,0.047,0.32,0.082,0.333,False,True
real_gemini31pro_50,run_024,run_041,0.139,0.592,0.319,1.0,False,True
real_gemini31pro_50,run_024,run_042,0.072,0.528,0.025,1.0,False,True
real_gemini31pro_50,run_024,run_043,0.095,0.559,0.397,1.0,False,True
real_gemini31pro_50,run_024,run_044,0.05,0.679,0.329,0.75,False,True
real_gemini31pro_50,run_024,run_045,0.054,0.529,0.402,0.667,True,True
real_gemini31pro_50,run_024,run_046,0.041,0.529,0.019,1.0,True,True
real_gemini31pro_50,run_024,run_047,0.071,0.529,0.31,1.0,True,True
real_gemini31pro_50,run_024,run_048,0.069,0.521,0.258,1.0,False,True
real_gemini31pro_50,run_024,run_049,0.052,0.455,0.05,1.0,False,True
real_gemini31pro_50,run_024,run_050,0.087,0.597,0.46,1.0,True,True
real_gemini31pro_50,run_025,run_026,0.091,0.296,0.388,0.333,False,False
real_gemini31pro_50,run_025,run_027,0.129,0.286,0.024,0.333,False,False
real_gemini31pro_50,run_025,run_028,0.184,0.273,0.015,0.333,False,False
real_gemini31pro_50,run_025,run_029,0.09,0.295,0.268,0.333,False,False
real_gemini31pro_50,run_025,run_030,0.125,0.244,0.017,0.333,False,False
real_gemini31pro_50,run_025,run_031,0.13,0.279,0.36,0.0,False,False
real_gemini31pro_50,run_025,run_032,0.133,0.259,0.254,0.25,False,False
real_gemini31pro_50,run_025,run_033,0.112,0.344,0.348,0.25,False,False
real_gemini31pro_50,run_025,run_034,0.049,0.298,0.289,0.333,False,False
real_gemini31pro_50,run_025,run_035,0.036,0.273,0.264,0.333,False,False
real_gemini31pro_50,run_025,run_036,0.034,0.509,0.305,1.0,False,True
real_gemini31pro_50,run_025,run_037,0.119,0.261,0.333,0.25,False,False
real_gemini31pro_50,run_025,run_038,0.05,0.298,0.308,0.333,True,False
real_gemini31pro_50,run_025,run_039,0.073,0.296,0.027,0.333,False,False
real_gemini31pro_50,run_025,run_040,0.107,0.556,0.044,1.0,False,False
real_gemini31pro_50,run_025,run_041,0.11,0.36,0.365,0.333,False,False
real_gemini31pro_50,run_025,run_042,0.172,0.333,0.016,0.333,False,False
real_gemini31pro_50,run_025,run_043,0.215,0.295,0.229,0.333,False,False
real_gemini31pro_50,run_025,run_044,0.138,0.298,0.208,0.25,False,False
real_gemini31pro_50,run_025,run_045,0.159,0.26,0.332,0.0,False,False
real_gemini31pro_50,run_025,run_046,0.139,0.26,0.05,0.333,False,False
real_gemini31pro_50,run_025,run_047,0.069,0.26,0.312,0.333,False,False
real_gemini31pro_50,run_025,run_048,0.097,0.305,0.391,0.333,False,False
real_gemini31pro_50,run_025,run_049,0.166,0.236,0.03,0.333,False,False
real_gemini31pro_50,run_025,run_050,0.127,0.261,0.395,0.333,False,False
real_gemini31pro_50,run_026,run_027,0.172,0.621,0.012,1.0,False,True
real_gemini31pro_50,run_026,run_028,0.008,0.756,0.018,1.0,False,True
real_gemini31pro_50,run_026,run_029,0.087,0.86,0.337,1.0,False,True
real_gemini31pro_50,run_026,run_030,0.007,0.737,0.015,1.0,False,True
real_gemini31pro_50,run_026,run_031,0.057,0.634,0.195,0.667,False,True
real_gemini31pro_50,run_026,run_032,0.036,0.907,0.348,0.75,False,True
real_gemini31pro_50,run_026,run_033,0.132,0.542,0.401,0.75,False,True
real_gemini31pro_50,run_026,run_034,0.073,0.756,0.246,1.0,True,True
real_gemini31pro_50,run_026,run_035,0.028,0.672,0.368,1.0,False,True
real_gemini31pro_50,run_026,run_036,0.01,0.252,0.277,0.333,False,False
real_gemini31pro_50,run_026,run_037,0.159,0.811,0.333,0.75,False,True
real_gemini31pro_50,run_026,run_038,0.089,0.756,0.189,1.0,False,True
real_gemini31pro_50,run_026,run_039,0.012,0.717,0.193,1.0,False,True
real_gemini31pro_50,run_026,run_040,0.021,0.348,0.068,0.333,False,True
real_gemini31pro_50,run_026,run_041,0.058,0.721,0.437,1.0,False,True
real_gemini31pro_50,run_026,run_042,0.069,0.717,0.14,1.0,False,True
real_gemini31pro_50,run_026,run_043,0.073,0.536,0.252,1.0,False,True
real_gemini31pro_50,run_026,run_044,0.06,0.689,0.263,0.75,False,True
real_gemini31pro_50,run_026,run_045,0.126,0.786,0.45,0.667,False,True
real_gemini31pro_50,run_026,run_046,0.128,0.786,0.085,1.0,False,True
real_gemini31pro_50,run_026,run_047,0.255,0.786,0.644,1.0,False,True
real_gemini31pro_50,run_026,run_048,0.086,0.82,0.248,1.0,False,True
real_gemini31pro_50,run_026,run_049,0.1,0.804,0.048,1.0,False,True
real_gemini31pro_50,run_026,run_050,0.156,0.793,0.356,1.0,False,True
real_gemini31pro_50,run_027,run_028,0.063,0.656,0.019,1.0,True,True
real_gemini31pro_50,run_027,run_029,0.062,0.72,0.441,1.0,False,True
real_gemini31pro_50,run_027,run_030,0.016,0.571,0.024,1.0,False,True
real_gemini31pro_50,run_027,run_031,0.189,0.543,0.368,0.667,True,True
real_gemini31pro_50,run_027,run_032,0.061,0.532,0.22,0.75,False,True
real_gemini31pro_50,run_027,run_033,0.179,0.556,0.372,0.75,True,True
real_gemini31pro_50,run_027,run_034,0.072,0.656,0.299,1.0,False,True
real_gemini31pro_50,run_027,run_035,0.032,0.6,0.33,1.0,False,True
real_gemini31pro_50,run_027,run_036,0.074,0.213,0.182,0.333,False,False
real_gemini31pro_50,run_027,run_037,0.104,0.686,0.174,0.75,True,True
real_gemini31pro_50,run_027,run_038,0.189,0.656,0.312,1.0,False,True
real_gemini31pro_50,run_027,run_039,0.08,0.63,0.022,1.0,True,True
real_gemini31pro_50,run_027,run_040,0.086,0.332,0.052,0.333,False,True
real_gemini31pro_50,run_027,run_041,0.052,0.589,0.329,1.0,False,True
real_gemini31pro_50,run_027,run_042,0.068,0.63,0.02,1.0,False,True
real_gemini31pro_50,run_027,run_043,0.044,0.646,0.371,1.0,False,True
real_gemini31pro_50,run_027,run_044,0.055,0.611,0.188,0.75,False,True
real_gemini31pro_50,run_027,run_045,0.118,0.671,0.347,0.667,True,True
real_gemini31pro_50,run_027,run_046,0.211,0.671,0.08,1.0,True,True
real_gemini31pro_50,run_027,run_047,0.151,0.671,0.299,1.0,True,True
real_gemini31pro_50,run_027,run_048,0.126,0.699,0.366,1.0,False,True
real_gemini31pro_50,run_027,run_049,0.059,0.479,0.046,1.0,False,True
real_gemini31pro_50,run_027,run_050,0.14,0.674,0.385,1.0,True,True
real_gemini31pro_50,run_028,run_029,0.038,0.887,0.392,1.0,False,True
real_gemini31pro_50,run_028,run_030,0.017,0.752,0.02,1.0,False,True
real_gemini31pro_50,run_028,run_031,0.08,0.704,0.415,0.667,True,True
real_gemini31pro_50,run_028,run_032,0.029,0.793,0.331,0.75,False,True
real_gemini31pro_50,run_028,run_033,0.095,0.479,0.304,0.75,True,True
real_gemini31pro_50,run_028,run_034,0.043,0.884,0.436,1.0,False,True
real_gemini31pro_50,run_028,run_035,0.019,0.928,0.32,1.0,False,True
real_gemini31pro_50,run_028,run_036,0.123,0.288,0.329,0.333,False,False
real_gemini31pro_50,run_028,run_037,0.071,0.938,0.22,0.75,True,True
real_gemini31pro_50,run_028,run_038,0.192,0.884,0.388,1.0,False,True
real_gemini31pro_50,run_028,run_039,0.127,0.82,0.023,1.0,True,True
real_gemini31pro_50,run_028,run_040,0.076,0.306,0.072,0.333,False,True
real_gemini31pro_50,run_028,run_041,0.142,0.632,0.157,1.0,False,True
real_gemini31pro_50,run_028,run_042,0.09,0.863,0.051,1.0,False,True
real_gemini31pro_50,run_028,run_043,0.053,0.652,0.429,1.0,False,True
real_gemini31pro_50,run_028,run_044,0.023,0.826,0.407,0.75,False,True
real_gemini31pro_50,run_028,run_045,0.051,0.885,0.11,0.667,True,True
real_gemini31pro_50,run_028,run_046,0.04,0.885,0.009,1.0,True,True
real_gemini31pro_50,run_028,run_047,0.076,0.885,0.281,1.0,True,True
real_gemini31pro_50,run_028,run_048,0.063,0.965,0.488,1.0,False,True
real_gemini31pro_50,run_028,run_049,0.081,0.612,0.03,1.0,False,True
real_gemini31pro_50,run_028,run_050,0.054,0.923,0.355,1.0,True,True
real_gemini31pro_50,run_029,run_030,0.045,0.766,0.043,1.0,False,True
real_gemini31pro_50,run_029,run_031,0.079,0.715,0.398,0.667,False,True
real_gemini31pro_50,run_029,run_032,0.082,0.811,0.39,0.75,True,True
real_gemini31pro_50,run_029,run_033,0.093,0.532,0.354,0.75,False,True
real_gemini31pro_50,run_029,run_034,0.154,0.872,0.315,1.0,False,True
real_gemini31pro_50,run_029,run_035,0.117,0.827,0.288,1.0,False,True
real_gemini31pro_50,run_029,run_036,0.078,0.227,0.336,0.333,False,False
real_gemini31pro_50,run_029,run_037,0.196,0.928,0.356,0.75,False,True
real_gemini31pro_50,run_029,run_038,0.088,0.872,0.305,1.0,False,True
real_gemini31pro_50,run_029,run_039,0.049,0.866,0.087,1.0,False,True
real_gemini31pro_50,run_029,run_040,0.051,0.316,0.026,0.333,False,True
real_gemini31pro_50,run_029,run_041,0.081,0.667,0.382,1.0,True,True
real_gemini31pro_50,run_029,run_042,0.155,0.866,0.055,1.0,False,True
real_gemini31pro_50,run_029,run_043,0.071,0.637,0.354,1.0,False,True
real_gemini31pro_50,run_029,run_044,0.116,0.812,0.434,0.75,True,True
real_gemini31pro_50,run_029,run_045,0.122,0.905,0.361,0.667,False,True
real_gemini31pro_50,run_029,run_046,0.086,0.905,0.044,1.0,False,True
real_gemini31pro_50,run_029,run_047,0.106,0.905,0.29,1.0,False,True
real_gemini31pro_50,run_029,run_048,0.041,0.926,0.418,1.0,False,True
real_gemini31pro_50,run_029,run_049,0.181,0.724,0.059,1.0,True,True
real_gemini31pro_50,run_029,run_050,0.084,0.944,0.351,1.0,False,True
real_gemini31pro_50,run_030,run_031,0.031,0.73,0.359,0.667,False,True
real_gemini31pro_50,run_030,run_032,0.049,0.739,0.224,0.75,False,True
real_gemini31pro_50,run_030,run_033,0.023,0.494,0.201,0.75,False,True
real_gemini31pro_50,run_030,run_034,0.104,0.752,0.278,1.0,False,True
real_gemini31pro_50,run_030,run_035,0.058,0.677,0.248,1.0,True,True
real_gemini31pro_50,run_030,run_036,0.048,0.255,0.218,0.333,False,False
real_gemini31pro_50,run_030,run_037,0.084,0.8,0.153,0.75,False,True
real_gemini31pro_50,run_030,run_038,0.054,0.752,0.293,1.0,False,True
real_gemini31pro_50,run_030,run_039,0.154,0.791,0.043,1.0,False,True
real_gemini31pro_50,run_030,run_040,0.29,0.316,0.041,0.333,True,True
real_gemini31pro_50,run_030,run_041,0.11,0.56,0.163,1.0,False,True
real_gemini31pro_50,run_030,run_042,0.038,0.791,0.118,1.0,False,True
real_gemini31pro_50,run_030,run_043,0.048,0.549,0.297,1.0,False,True
real_gemini31pro_50,run_030,run_044,0.047,0.692,0.305,0.75,False,True
real_gemini31pro_50,run_030,run_045,0.077,0.857,0.217,0.667,False,True
real_gemini31pro_50,run_030,run_046,0.033,0.857,0.012,1.0,False,True
real_gemini31pro_50,run_030,run_047,0.036,0.857,0.185,1.0,False,True
real_gemini31pro_50,run_030,run_048,0.048,0.75,0.439,1.0,True,True
real_gemini31pro_50,run_030,run_049,0.042,0.603,0.037,1.0,False,True
real_gemini31pro_50,run_030,run_050,0.163,0.784,0.261,1.0,False,True
real_gemini31pro_50,run_031,run_032,0.041,0.633,0.224,0.5,False,True
real_gemini31pro_50,run_031,run_033,0.122,0.443,0.28,0.5,True,True
real_gemini31pro_50,run_031,run_034,0.071,0.704,0.34,0.667,False,True
real_gemini31pro_50,run_031,run_035,0.038,0.62,0.245,0.667,False,True
real_gemini31pro_50,run_031,run_036,0.094,0.373,0.307,0.0,False,False
real_gemini31pro_50,run_031,run_037,0.075,0.746,0.359,0.5,True,True
real_gemini31pro_50,run_031,run_038,0.096,0.704,0.507,0.667,False,True
real_gemini31pro_50,run_031,run_039,0.073,0.741,0.073,0.667,True,True
real_gemini31pro_50,run_031,run_040,0.096,0.323,0.056,0.0,False,True
real_gemini31pro_50,run_031,run_041,0.084,0.516,0.318,0.667,False,True
real_gemini31pro_50,run_031,run_042,0.063,0.741,0.027,0.667,False,True
real_gemini31pro_50,run_031,run_043,0.063,0.524,0.332,0.667,False,True
real_gemini31pro_50,run_031,run_044,0.063,0.648,0.469,0.5,False,True
real_gemini31pro_50,run_031,run_045,0.108,0.8,0.266,1.0,True,True
real_gemini31pro_50,run_031,run_046,0.072,0.8,0.12,0.667,True,True
real_gemini31pro_50,run_031,run_047,0.06,0.8,0.256,0.667,True,True
real_gemini31pro_50,run_031,run_048,0.11,0.703,0.382,0.667,False,True
real_gemini31pro_50,run_031,run_049,0.111,0.736,0.049,0.667,False,True
real_gemini31pro_50,run_031,run_050,0.226,0.731,0.444,0.667,True,True
real_gemini31pro_50,run_032,run_033,0.082,0.511,0.42,0.6,False,True
real_gemini31pro_50,run_032,run_034,0.072,0.793,0.307,0.75,False,True
real_gemini31pro_50,run_032,run_035,0.165,0.741,0.325,0.75,False,True
real_gemini31pro_50,run_032,run_036,0.077,0.306,0.298,0.25,False,False
real_gemini31pro_50,run_032,run_037,0.09,0.852,0.348,0.6,False,True
real_gemini31pro_50,run_032,run_038,0.18,0.793,0.249,0.75,False,True
real_gemini31pro_50,run_032,run_039,0.068,0.752,0.066,0.75,False,True
real_gemini31pro_50,run_032,run_040,0.078,0.356,0.048,0.25,False,True
real_gemini31pro_50,run_032,run_041,0.226,0.692,0.367,0.75,True,True
real_gemini31pro_50,run_032,run_042,0.204,0.752,0.104,0.75,False,True
real_gemini31pro_50,run_032,run_043,0.137,0.533,0.314,0.75,False,True
real_gemini31pro_50,run_032,run_044,0.056,0.724,0.244,1.0,True,True
real_gemini31pro_50,run_032,run_045,0.108,0.789,0.397,0.5,False,True
real_gemini31pro_50,run_032,run_046,0.054,0.789,0.105,0.75,False,True
real_gemini31pro_50,run_032,run_047,0.113,0.789,0.429,0.75,False,True
real_gemini31pro_50,run_032,run_048,0.102,0.756,0.365,0.75,False,True
real_gemini31pro_50,run_032,run_049,0.156,0.768,0.062,0.75,True,True
real_gemini31pro_50,run_032,run_050,0.064,0.87,0.377,0.75,False,True
real_gemini31pro_50,run_033,run_034,0.041,0.454,0.241,0.75,False,True
real_gemini31pro_50,run_033,run_035,0.04,0.466,0.35,0.75,False,True
real_gemini31pro_50,run_033,run_036,0.045,0.339,0.294,0.25,False,False
real_gemini31pro_50,run_033,run_037,0.15,0.477,0.327,0.6,True,True
real_gemini31pro_50,run_033,run_038,0.086,0.454,0.364,0.75,False,True
real_gemini31pro_50,run_033,run_039,0.019,0.439,0.06,0.75,True,True
real_gemini31pro_50,run_033,run_040,0.029,0.363,0.172,0.25,False,True
real_gemini31pro_50,run_033,run_041,0.069,0.678,0.396,0.75,False,True
real_gemini31pro_50,run_033,run_042,0.079,0.463,0.017,0.75,False,True
real_gemini31pro_50,run_033,run_043,0.045,0.5,0.332,0.75,False,True
real_gemini31pro_50,run_033,run_044,0.068,0.454,0.289,0.6,False,True
real_gemini31pro_50,run_033,run_045,0.142,0.462,0.514,0.5,True,True
real_gemini31pro_50,run_033,run_046,0.141,0.462,0.01,0.75,True,True
real_gemini31pro_50,run_033,run_047,0.161,0.462,0.394,0.75,True,True
real_gemini31pro_50,run_033,run_048,0.083,0.518,0.354,0.75,False,True
real_gemini31pro_50,run_033,run_049,0.124,0.493,0.066,0.75,False,True
real_gemini31pro_50,run_033,run_050,0.117,0.477,0.383,0.75,True,True
real_gemini31pro_50,run_034,run_035,0.035,0.812,0.288,1.0,False,True
real_gemini31pro_50,run_034,run_036,0.052,0.301,0.17,0.333,False,False
real_gemini31pro_50,run_034,run_037,0.076,0.938,0.298,0.75,False,True
real_gemini31pro_50,run_034,run_038,0.102,1.0,0.537,1.0,False,True
real_gemini31pro_50,run_034,run_039,0.068,0.935,0.036,1.0,False,True
real_gemini31pro_50,run_034,run_040,0.093,0.331,0.06,0.333,False,True
real_gemini31pro_50,run_034,run_041,0.031,0.632,0.18,1.0,False,True
real_gemini31pro_50,run_034,run_042,0.081,0.82,0.035,1.0,False,True
real_gemini31pro_50,run_034,run_043,0.121,0.652,0.481,1.0,False,True
real_gemini31pro_50,run_034,run_044,0.049,0.942,0.346,0.75,False,True
real_gemini31pro_50,run_034,run_045,0.141,0.885,0.154,0.667,False,True
real_gemini31pro_50,run_034,run_046,0.054,0.885,0.026,1.0,False,True
real_gemini31pro_50,run_034,run_047,0.041,0.885,0.225,1.0,False,True
real_gemini31pro_50,run_034,run_048,0.051,0.851,0.478,1.0,False,True
real_gemini31pro_50,run_034,run_049,0.104,0.612,0.034,1.0,False,True
real_gemini31pro_50,run_034,run_050,0.09,0.923,0.174,1.0,False,True
real_gemini31pro_50,run_035,run_036,0.125,0.288,0.232,0.333,False,False
real_gemini31pro_50,run_035,run_037,0.171,0.862,0.365,0.75,False,True
real_gemini31pro_50,run_035,run_038,0.273,0.812,0.248,1.0,False,True
real_gemini31pro_50,run_035,run_039,0.038,0.777,0.026,1.0,False,True
real_gemini31pro_50,run_035,run_040,0.049,0.306,0.039,0.333,True,True
real_gemini31pro_50,run_035,run_041,0.043,0.542,0.295,1.0,False,True
real_gemini31pro_50,run_035,run_042,0.108,0.82,0.036,1.0,False,True
real_gemini31pro_50,run_035,run_043,0.174,0.599,0.267,1.0,False,True
real_gemini31pro_50,run_035,run_044,0.168,0.87,0.194,0.75,False,True
real_gemini31pro_50,run_035,run_045,0.103,0.809,0.397,0.667,False,True
real_gemini31pro_50,run_035,run_046,0.049,0.809,0.01,1.0,False,True
real_gemini31pro_50,run_035,run_047,0.152,0.809,0.257,1.0,False,True
real_gemini31pro_50,run_035,run_048,0.021,0.894,0.323,1.0,True,True
real_gemini31pro_50,run_035,run_049,0.096,0.562,0.097,1.0,False,True
real_gemini31pro_50,run_035,run_050,0.052,0.877,0.379,1.0,False,True
real_gemini31pro_50,run_036,run_037,0.078,0.319,0.173,0.25,False,False
real_gemini31pro_50,run_036,run_038,0.083,0.329,0.257,0.333,False,False
real_gemini31pro_50,run_036,run_039,0.039,0.327,0.086,0.333,False,False
real_gemini31pro_50,run_036,run_040,0.147,0.57,0.075,1.0,False,False
real_gemini31pro_50,run_036,run_041,0.052,0.331,0.296,0.333,False,False
real_gemini31pro_50,run_036,run_042,0.039,0.299,0.039,0.333,False,False
real_gemini31pro_50,run_036,run_043,0.078,0.297,0.318,0.333,False,False
real_gemini31pro_50,run_036,run_044,0.031,0.329,0.328,0.25,False,False
real_gemini31pro_50,run_036,run_045,0.02,0.317,0.308,0.0,False,False
real_gemini31pro_50,run_036,run_046,0.053,0.317,0.012,0.333,False,False
real_gemini31pro_50,run_036,run_047,0.105,0.317,0.216,0.333,False,False
real_gemini31pro_50,run_036,run_048,0.056,0.309,0.349,0.333,False,False
real_gemini31pro_50,run_036,run_049,0.067,0.264,0.146,0.333,False,False
real_gemini31pro_50,run_036,run_050,0.114,0.319,0.297,0.333,False,False
real_gemini31pro_50,run_037,run_038,0.112,0.938,0.247,0.75,False,True
real_gemini31pro_50,run_037,run_039,0.035,0.87,0.02,0.75,True,True
real_gemini31pro_50,run_037,run_040,0.043,0.322,0.065,0.25,False,True
real_gemini31pro_50,run_037,run_041,0.056,0.667,0.331,0.75,False,True
real_gemini31pro_50,run_037,run_042,0.054,0.87,0.022,0.75,False,True
real_gemini31pro_50,run_037,run_043,0.094,0.682,0.294,0.75,False,True
real_gemini31pro_50,run_037,run_044,0.082,0.877,0.27,0.6,False,True
real_gemini31pro_50,run_037,run_045,0.137,0.943,0.315,0.5,True,True
real_gemini31pro_50,run_037,run_046,0.142,0.943,0.045,0.75,True,True
real_gemini31pro_50,run_037,run_047,0.176,0.943,0.305,0.75,True,True
real_gemini31pro_50,run_037,run_048,0.08,0.902,0.263,0.75,False,True
real_gemini31pro_50,run_037,run_049,0.124,0.655,0.038,0.75,False,True
real_gemini31pro_50,run_037,run_050,0.065,0.984,0.343,0.75,True,True
real_gemini31pro_50,run_038,run_039,0.066,0.935,0.065,1.0,False,True
real_gemini31pro_50,run_038,run_040,0.064,0.331,0.053,0.333,False,True
real_gemini31pro_50,run_038,run_041,0.09,0.632,0.15,1.0,False,True
real_gemini31pro_50,run_038,run_042,0.21,0.82,0.009,1.0,False,True
real_gemini31pro_50,run_038,run_043,0.047,0.652,0.408,1.0,False,True
real_gemini31pro_50,run_038,run_044,0.081,0.942,0.33,0.75,False,True
real_gemini31pro_50,run_038,run_045,0.107,0.885,0.187,0.667,False,True
real_gemini31pro_50,run_038,run_046,0.08,0.885,0.027,1.0,False,True
real_gemini31pro_50,run_038,run_047,0.067,0.885,0.126,1.0,False,True
real_gemini31pro_50,run_038,run_048,0.15,0.851,0.418,1.0,False,True
real_gemini31pro_50,run_038,run_049,0.041,0.612,0.051,1.0,False,True
real_gemini31pro_50,run_038,run_050,0.076,0.923,0.247,1.0,False,True
real_gemini31pro_50,run_039,run_040,0.205,0.304,0.113,0.333,False,True
real_gemini31pro_50,run_039,run_041,0.113,0.577,0.365,1.0,False,True
real_gemini31pro_50,run_039,run_042,0.122,0.886,0.011,1.0,False,True
real_gemini31pro_50,run_039,run_043,0.096,0.606,0.297,1.0,False,True
real_gemini31pro_50,run_039,run_044,0.029,0.878,0.3,0.75,False,True
real_gemini31pro_50,run_039,run_045,0.063,0.924,0.351,0.667,True,True
real_gemini31pro_50,run_039,run_046,0.044,0.924,0.034,1.0,True,True
real_gemini31pro_50,run_039,run_047,0.144,0.924,0.227,1.0,True,True
real_gemini31pro_50,run_039,run_048,0.097,0.817,0.332,1.0,False,True
real_gemini31pro_50,run_039,run_049,0.078,0.607,0.028,1.0,False,True
real_gemini31pro_50,run_039,run_050,0.123,0.885,0.417,1.0,True,True
real_gemini31pro_50,run_040,run_041,0.035,0.345,0.421,0.333,False,True
real_gemini31pro_50,run_040,run_042,0.037,0.354,0.016,0.333,False,True
real_gemini31pro_50,run_040,run_043,0.079,0.35,0.288,0.333,False,True
real_gemini31pro_50,run_040,run_044,0.024,0.344,0.266,0.25,False,True
real_gemini31pro_50,run_040,run_045,0.032,0.32,0.351,0.0,False,True
real_gemini31pro_50,run_040,run_046,0.037,0.32,0.018,0.333,False,True
real_gemini31pro_50,run_040,run_047,0.056,0.32,0.383,0.333,False,True
real_gemini31pro_50,run_040,run_048,0.035,0.312,0.293,0.333,True,True
real_gemini31pro_50,run_040,run_049,0.034,0.3,0.043,0.333,False,True
real_gemini31pro_50,run_040,run_050,0.104,0.349,0.428,0.333,False,True
real_gemini31pro_50,run_041,run_042,0.049,0.564,0.028,1.0,False,True
real_gemini31pro_50,run_041,run_043,0.019,0.745,0.373,1.0,False,True
real_gemini31pro_50,run_041,run_044,0.021,0.555,0.384,0.75,True,True
real_gemini31pro_50,run_041,run_045,0.02,0.622,0.348,0.667,False,True
real_gemini31pro_50,run_041,run_046,0.065,0.622,0.083,1.0,False,True
real_gemini31pro_50,run_041,run_047,0.11,0.622,0.386,1.0,False,True
real_gemini31pro_50,run_041,run_048,0.059,0.658,0.316,1.0,False,True
real_gemini31pro_50,run_041,run_049,0.167,0.609,0.061,1.0,True,True
real_gemini31pro_50,run_041,run_050,0.026,0.612,0.355,1.0,False,True
real_gemini31pro_50,run_042,run_043,0.033,0.606,0.359,1.0,False,True
real_gemini31pro_50,run_042,run_044,0.074,0.763,0.228,0.75,False,True
real_gemini31pro_50,run_042,run_045,0.051,0.924,0.209,0.667,False,True
real_gemini31pro_50,run_042,run_046,0.097,0.924,0.053,1.0,False,True
real_gemini31pro_50,run_042,run_047,0.063,0.924,0.314,1.0,False,True
real_gemini31pro_50,run_042,run_048,0.192,0.859,0.274,1.0,False,True
real_gemini31pro_50,run_042,run_049,0.154,0.607,0.076,1.0,False,True
real_gemini31pro_50,run_042,run_050,0.059,0.885,0.34,1.0,False,True
real_gemini31pro_50,run_043,run_044,0.158,0.61,0.364,0.75,False,True
real_gemini31pro_50,run_043,run_045,0.103,0.644,0.238,0.667,False,True
real_gemini31pro_50,run_043,run_046,0.11,0.644,0.134,1.0,False,True
real_gemini31pro_50,run_043,run_047,0.152,0.644,0.266,1.0,False,True
real_gemini31pro_50,run_043,run_048,0.051,0.632,0.395,1.0,False,True
real_gemini31pro_50,run_043,run_049,0.154,0.412,0.063,1.0,False,True
real_gemini31pro_50,run_043,run_050,0.081,0.67,0.382,1.0,False,True
real_gemini31pro_50,run_044,run_045,0.174,0.824,0.245,0.5,False,True
real_gemini31pro_50,run_044,run_046,0.085,0.824,0.011,0.75,False,True
real_gemini31pro_50,run_044,run_047,0.198,0.824,0.222,0.75,False,True
real_gemini31pro_50,run_044,run_048,0.075,0.794,0.384,0.75,False,True
real_gemini31pro_50,run_044,run_049,0.189,0.545,0.031,0.75,True,True
real_gemini31pro_50,run_044,run_050,0.166,0.862,0.319,0.75,False,True
real_gemini31pro_50,run_045,run_046,0.116,1.0,0.191,0.667,True,True
real_gemini31pro_50,run_045,run_047,0.133,1.0,0.384,0.667,True,True
real_gemini31pro_50,run_045,run_048,0.077,0.881,0.188,0.667,False,True
real_gemini31pro_50,run_045,run_049,0.124,0.632,0.107,0.667,False,True
real_gemini31pro_50,run_045,run_050,0.155,0.927,0.405,0.667,True,True
real_gemini31pro_50,run_046,run_047,0.232,1.0,0.432,1.0,True,True
real_gemini31pro_50,run_046,run_048,0.062,0.881,0.297,1.0,False,True
real_gemini31pro_50,run_046,run_049,0.139,0.632,0.073,1.0,False,True
real_gemini31pro_50,run_046,run_050,0.079,0.927,0.514,1.0,True,True
real_gemini31pro_50,run_047,run_048,0.068,0.881,0.285,1.0,False,True
real_gemini31pro_50,run_047,run_049,0.096,0.632,0.074,1.0,False,True
real_gemini31pro_50,run_047,run_050,0.057,0.927,0.249,1.0,True,True
real_gemini31pro_50,run_048,run_049,0.031,0.661,0.034,1.0,False,True
real_gemini31pro_50,run_048,run_050,0.014,0.872,0.226,1.0,False,True
real_gemini31pro_50,run_049,run_050,0.061,0.655,0.29,1.0,False,True
real_gemini35flashlite_50,run_001,run_002,0.012,0.052,0.02,0.0,False,False
real_gemini35flashlite_50,run_001,run_003,0.088,0.598,0.227,1.0,False,False
real_gemini35flashlite_50,run_001,run_004,0.095,0.63,0.152,1.0,False,True
real_gemini35flashlite_50,run_001,run_005,0.012,0.052,0.02,0.0,False,False
real_gemini35flashlite_50,run_001,run_006,0.012,0.052,0.02,0.0,False,False
real_gemini35flashlite_50,run_001,run_007,0.177,0.455,0.302,1.0,True,True
real_gemini35flashlite_50,run_001,run_008,0.335,0.537,0.113,1.0,False,True
real_gemini35flashlite_50,run_001,run_009,0.198,0.436,0.035,1.0,True,True
real_gemini35flashlite_50,run_001,run_010,0.149,0.49,0.055,1.0,False,False
real_gemini35flashlite_50,run_001,run_011,0.012,0.052,0.02,0.0,False,False
real_gemini35flashlite_50,run_001,run_012,0.069,0.512,0.393,1.0,False,True
real_gemini35flashlite_50,run_001,run_013,0.108,0.497,0.047,1.0,False,False
real_gemini35flashlite_50,run_001,run_014,0.266,0.608,0.031,1.0,False,True
real_gemini35flashlite_50,run_001,run_015,0.273,0.226,0.375,0.0,False,False
real_gemini35flashlite_50,run_001,run_016,0.012,0.052,0.02,0.0,False,False
real_gemini35flashlite_50,run_001,run_017,0.213,0.669,0.075,1.0,False,True
real_gemini35flashlite_50,run_001,run_018,0.203,0.583,0.251,1.0,True,True
real_gemini35flashlite_50,run_001,run_019,0.303,0.637,0.036,1.0,False,True
real_gemini35flashlite_50,run_001,run_020,0.066,0.556,0.256,1.0,False,True
real_gemini35flashlite_50,run_001,run_021,0.292,0.53,0.037,1.0,True,True
real_gemini35flashlite_50,run_001,run_022,0.132,0.505,0.072,1.0,True,True
real_gemini35flashlite_50,run_001,run_023,0.263,0.556,0.295,0.0,False,True
real_gemini35flashlite_50,run_001,run_024,0.205,0.553,0.023,1.0,False,True
real_gemini35flashlite_50,run_001,run_026,0.053,0.267,0.023,0.0,False,True
real_gemini35flashlite_50,run_001,run_027,0.155,0.425,0.081,1.0,True,True
real_gemini35flashlite_50,run_001,run_028,0.012,0.052,0.02,0.0,False,False
real_gemini35flashlite_50,run_001,run_029,0.174,0.588,0.029,1.0,False,True
real_gemini35flashlite_50,run_001,run_030,0.257,0.526,0.082,0.0,False,True
real_gemini35flashlite_50,run_001,run_031,0.133,0.504,0.062,1.0,False,False
real_gemini35flashlite_50,run_001,run_032,0.179,0.536,0.312,1.0,True,True
real_gemini35flashlite_50,run_001,run_033,0.195,0.349,0.067,0.0,True,True
real_gemini35flashlite_50,run_001,run_034,0.193,0.679,0.058,1.0,True,True
real_gemini35flashlite_50,run_001,run_035,0.205,0.567,0.087,1.0,True,True
real_gemini35flashlite_50,run_001,run_036,0.225,0.464,0.023,1.0,True,True
real_gemini35flashlite_50,run_001,run_037,0.207,0.639,0.306,1.0,False,True
real_gemini35flashlite_50,run_001,run_038,0.154,0.563,0.034,1.0,True,True
real_gemini35flashlite_50,run_001,run_039,0.012,0.052,0.02,0.0,False,False
real_gemini35flashlite_50,run_001,run_040,0.046,0.25,0.068,0.0,False,True
real_gemini35flashlite_50,run_001,run_041,0.034,0.53,0.095,1.0,False,False
real_gemini35flashlite_50,run_001,run_042,0.192,0.551,0.018,1.0,False,False
real_gemini35flashlite_50,run_001,run_043,0.204,0.785,0.071,1.0,True,True
real_gemini35flashlite_50,run_001,run_044,0.188,0.575,0.045,1.0,False,True
real_gemini35flashlite_50,run_001,run_045,0.18,0.541,0.373,1.0,False,True
real_gemini35flashlite_50,run_001,run_046,0.086,0.599,0.089,1.0,True,True
real_gemini35flashlite_50,run_001,run_047,0.012,0.052,0.02,0.0,False,False
real_gemini35flashlite_50,run_001,run_048,0.012,0.052,0.02,0.0,False,False
real_gemini35flashlite_50,run_001,run_049,0.251,0.268,0.026,0.0,True,True
real_gemini35flashlite_50,run_001,run_050,0.012,0.052,0.02,0.0,False,False
real_gemini35flashlite_50,run_002,run_003,0.0,0.081,0.038,0.0,False,False
real_gemini35flashlite_50,run_002,run_004,0.0,0.057,0.0,0.0,False,False
real_gemini35flashlite_50,run_002,run_005,1.0,1.0,1.0,1.0,False,False
real_gemini35flashlite_50,run_002,run_006,1.0,1.0,1.0,1.0,False,False
real_gemini35flashlite_50,run_002,run_007,0.0,0.053,0.035,0.0,False,False
real_gemini35flashlite_50,run_002,run_008,0.0,0.057,0.0,0.0,False,False
real_gemini35flashlite_50,run_002,run_009,0.0,0.048,0.0,0.0,False,False
real_gemini35flashlite_50,run_002,run_010,0.0,0.042,0.0,0.0,False,False
real_gemini35flashlite_50,run_002,run_011,1.0,1.0,1.0,1.0,False,False
real_gemini35flashlite_50,run_002,run_012,0.0,0.062,0.032,0.0,False,False
real_gemini35flashlite_50,run_002,run_013,0.0,0.034,0.0,0.0,False,False
real_gemini35flashlite_50,run_002,run_014,0.0,0.071,0.0,0.0,False,False
real_gemini35flashlite_50,run_002,run_015,0.0,0.079,0.032,0.0,False,False
real_gemini35flashlite_50,run_002,run_016,1.0,1.0,1.0,1.0,False,False
real_gemini35flashlite_50,run_002,run_017,0.0,0.03,0.0,0.0,False,False
real_gemini35flashlite_50,run_002,run_018,0.0,0.05,0.036,0.0,False,False
real_gemini35flashlite_50,run_002,run_019,0.0,0.064,0.0,0.0,False,False
real_gemini35flashlite_50,run_002,run_020,0.0,0.043,0.03,0.0,False,False
real_gemini35flashlite_50,run_002,run_021,0.0,0.057,0.0,0.0,False,False
real_gemini35flashlite_50,run_002,run_022,0.0,0.058,0.0,0.0,False,False
real_gemini35flashlite_50,run_002,run_023,0.0,0.057,0.033,0.0,False,False
real_gemini35flashlite_50,run_002,run_024,0.0,0.048,0.0,0.0,False,False
real_gemini35flashlite_50,run_002,run_026,0.0,0.043,0.0,0.0,False,False
real_gemini35flashlite_50,run_002,run_027,0.0,0.04,0.0,0.0,False,False
real_gemini35flashlite_50,run_002,run_028,1.0,1.0,1.0,1.0,False,False
real_gemini35flashlite_50,run_002,run_029,0.0,0.051,0.0,0.0,False,False
real_gemini35flashlite_50,run_002,run_030,0.0,0.075,0.0,0.0,False,False
real_gemini35flashlite_50,run_002,run_031,0.0,0.052,0.0,0.0,False,False
real_gemini35flashlite_50,run_002,run_032,0.0,0.048,0.042,0.0,False,False
real_gemini35flashlite_50,run_002,run_033,0.0,0.046,0.0,0.0,False,False
real_gemini35flashlite_50,run_002,run_034,0.0,0.061,0.0,0.0,False,False
real_gemini35flashlite_50,run_002,run_035,0.0,0.038,0.0,0.0,False,False
real_gemini35flashlite_50,run_002,run_036,0.0,0.059,0.0,0.0,False,False
real_gemini35flashlite_50,run_002,run_037,0.0,0.071,0.04,0.0,False,False
real_gemini35flashlite_50,run_002,run_038,0.0,0.05,0.0,0.0,False,False
real_gemini35flashlite_50,run_002,run_039,1.0,1.0,1.0,1.0,False,False
real_gemini35flashlite_50,run_002,run_040,0.0,0.046,0.0,0.0,False,False
real_gemini35flashlite_50,run_002,run_041,0.0,0.067,0.0,0.0,False,False
real_gemini35flashlite_50,run_002,run_042,0.0,0.062,0.0,0.0,False,False
real_gemini35flashlite_50,run_002,run_043,0.0,0.074,0.0,0.0,False,False
real_gemini35flashlite_50,run_002,run_044,0.0,0.094,0.0,0.0,False,False
real_gemini35flashlite_50,run_002,run_045,0.0,0.08,0.038,0.0,False,False
real_gemini35flashlite_50,run_002,run_046,0.0,0.051,0.0,0.0,False,False
real_gemini35flashlite_50,run_002,run_047,1.0,1.0,1.0,1.0,False,False
real_gemini35flashlite_50,run_002,run_048,1.0,1.0,1.0,1.0,False,False
real_gemini35flashlite_50,run_002,run_049,0.0,0.047,0.0,0.0,False,False
real_gemini35flashlite_50,run_002,run_050,1.0,1.0,1.0,1.0,False,False
real_gemini35flashlite_50,run_003,run_004,0.116,0.724,0.095,1.0,False,False
real_gemini35flashlite_50,run_003,run_005,0.014,0.081,0.038,0.0,False,False
real_gemini35flashlite_50,run_003,run_006,0.014,0.081,0.038,0.0,False,False
real_gemini35flashlite_50,run_003,run_007,0.121,0.593,0.361,1.0,False,False
real_gemini35flashlite_50,run_003,run_008,0.137,0.644,0.062,1.0,False,False
real_gemini35flashlite_50,run_003,run_009,0.073,0.5,0.091,1.0,False,False
real_gemini35flashlite_50,run_003,run_010,0.131,0.464,0.391,1.0,False,False
real_gemini35flashlite_50,run_003,run_011,0.014,0.081,0.038,0.0,False,False
real_gemini35flashlite_50,run_003,run_012,0.133,0.715,0.339,1.0,True,False
real_gemini35flashlite_50,run_003,run_013,0.2,0.443,0.034,1.0,False,True
real_gemini35flashlite_50,run_003,run_014,0.086,0.605,0.116,1.0,True,False
real_gemini35flashlite_50,run_003,run_015,0.116,0.292,0.343,0.0,False,False
real_gemini35flashlite_50,run_003,run_016,0.014,0.081,0.038,0.0,False,False
real_gemini35flashlite_50,run_003,run_017,0.08,0.562,0.23,1.0,False,False
real_gemini35flashlite_50,run_003,run_018,0.16,0.638,0.419,1.0,False,False
real_gemini35flashlite_50,run_003,run_019,0.062,0.654,0.053,1.0,False,False
real_gemini35flashlite_50,run_003,run_020,0.128,0.602,0.604,1.0,False,False
real_gemini35flashlite_50,run_003,run_021,0.102,0.705,0.015,1.0,False,False
real_gemini35flashlite_50,run_003,run_022,0.078,0.547,0.049,1.0,False,False
real_gemini35flashlite_50,run_003,run_023,0.079,0.563,0.511,0.0,False,False
real_gemini35flashlite_50,run_003,run_024,0.069,0.642,0.021,1.0,False,False
real_gemini35flashlite_50,run_003,run_026,0.067,0.2,0.054,0.0,False,False
real_gemini35flashlite_50,run_003,run_027,0.164,0.525,0.249,1.0,False,False
real_gemini35flashlite_50,run_003,run_028,0.014,0.081,0.038,0.0,False,False
real_gemini35flashlite_50,run_003,run_029,0.115,0.656,0.024,1.0,True,False
real_gemini35flashlite_50,run_003,run_030,0.074,0.649,0.136,0.0,False,False
real_gemini35flashlite_50,run_003,run_031,0.236,0.543,0.187,1.0,False,True
real_gemini35flashlite_50,run_003,run_032,0.203,0.591,0.354,1.0,False,False
real_gemini35flashlite_50,run_003,run_033,0.116,0.271,0.152,0.0,False,False
real_gemini35flashlite_50,run_003,run_034,0.083,0.623,0.127,1.0,False,False
real_gemini35flashlite_50,run_003,run_035,0.091,0.549,0.206,1.0,False,False
real_gemini35flashlite_50,run_003,run_036,0.093,0.521,0.017,1.0,False,False
real_gemini35flashlite_50,run_003,run_037,0.118,0.789,0.391,1.0,True,False
real_gemini35flashlite_50,run_003,run_038,0.143,0.677,0.052,1.0,False,False
real_gemini35flashlite_50,run_003,run_039,0.014,0.081,0.038,0.0,False,False
real_gemini35flashlite_50,run_003,run_040,0.157,0.313,0.062,0.0,False,False
real_gemini35flashlite_50,run_003,run_041,0.04,0.62,0.17,1.0,False,False
real_gemini35flashlite_50,run_003,run_042,0.114,0.533,0.075,1.0,False,False
real_gemini35flashlite_50,run_003,run_043,0.134,0.805,0.088,1.0,False,False
real_gemini35flashlite_50,run_003,run_044,0.089,0.848,0.107,1.0,True,False
real_gemini35flashlite_50,run_003,run_045,0.067,0.629,0.246,1.0,False,False
real_gemini35flashlite_50,run_003,run_046,0.245,0.714,0.105,1.0,False,False
real_gemini35flashlite_50,run_003,run_047,0.014,0.081,0.038,0.0,False,False
real_gemini35flashlite_50,run_003,run_048,0.014,0.081,0.038,0.0,False,False
real_gemini35flashlite_50,run_003,run_049,0.156,0.325,0.107,0.0,False,False
real_gemini35flashlite_50,run_003,run_050,0.014,0.081,0.038,0.0,False,False
real_gemini35flashlite_50,run_004,run_005,0.011,0.057,0.024,0.0,False,False
real_gemini35flashlite_50,run_004,run_006,0.011,0.057,0.024,0.0,False,False
real_gemini35flashlite_50,run_004,run_007,0.123,0.533,0.331,1.0,False,True
real_gemini35flashlite_50,run_004,run_008,0.094,0.515,0.18,1.0,False,True
real_gemini35flashlite_50,run_004,run_009,0.076,0.438,0.065,1.0,False,True
real_gemini35flashlite_50,run_004,run_010,0.121,0.584,0.048,1.0,False,False
real_gemini35flashlite_50,run_004,run_011,0.011,0.057,0.024,0.0,False,False
real_gemini35flashlite_50,run_004,run_012,0.131,0.64,0.277,1.0,False,True
real_gemini35flashlite_50,run_004,run_013,0.078,0.435,0.024,1.0,False,False
real_gemini35flashlite_50,run_004,run_014,0.107,0.826,0.115,1.0,False,True
real_gemini35flashlite_50,run_004,run_015,0.108,0.284,0.35,0.0,False,False
real_gemini35flashlite_50,run_004,run_016,0.011,0.057,0.024,0.0,False,False
real_gemini35flashlite_50,run_004,run_017,0.09,0.672,0.055,1.0,False,True
real_gemini35flashlite_50,run_004,run_018,0.051,0.573,0.444,1.0,False,True
real_gemini35flashlite_50,run_004,run_019,0.093,0.773,0.031,1.0,False,True
real_gemini35flashlite_50,run_004,run_020,0.142,0.655,0.299,1.0,False,True
real_gemini35flashlite_50,run_004,run_021,0.088,0.683,0.045,1.0,False,True
real_gemini35flashlite_50,run_004,run_022,0.108,0.5,0.06,1.0,False,True
real_gemini35flashlite_50,run_004,run_023,0.092,0.583,0.374,0.0,False,True
real_gemini35flashlite_50,run_004,run_024,0.067,0.649,0.077,1.0,False,True
real_gemini35flashlite_50,run_004,run_026,0.123,0.198,0.022,0.0,False,True
real_gemini35flashlite_50,run_004,run_027,0.166,0.546,0.117,1.0,False,True
real_gemini35flashlite_50,run_004,run_028,0.011,0.057,0.024,0.0,False,False
real_gemini35flashlite_50,run_004,run_029,0.085,0.578,0.094,1.0,False,True
real_gemini35flashlite_50,run_004,run_030,0.086,0.544,0.344,0.0,False,True
real_gemini35flashlite_50,run_004,run_031,0.079,0.5,0.084,1.0,False,False
real_gemini35flashlite_50,run_004,run_032,0.055,0.533,0.344,1.0,False,True
real_gemini35flashlite_50,run_004,run_033,0.118,0.242,0.296,0.0,False,True
real_gemini35flashlite_50,run_004,run_034,0.113,0.543,0.073,1.0,False,True
real_gemini35flashlite_50,run_004,run_035,0.065,0.659,0.1,1.0,False,True
real_gemini35flashlite_50,run_004,run_036,0.205,0.478,0.011,1.0,False,True
real_gemini35flashlite_50,run_004,run_037,0.075,0.717,0.311,1.0,False,True
real_gemini35flashlite_50,run_004,run_038,0.09,0.697,0.097,1.0,False,True
real_gemini35flashlite_50,run_004,run_039,0.011,0.057,0.024,0.0,False,False
real_gemini35flashlite_50,run_004,run_040,0.126,0.278,0.03,0.0,False,True
real_gemini35flashlite_50,run_004,run_041,0.079,0.579,0.15,1.0,False,False
real_gemini35flashlite_50,run_004,run_042,0.038,0.569,0.045,1.0,False,False
real_gemini35flashlite_50,run_004,run_043,0.132,0.785,0.079,1.0,False,True
real_gemini35flashlite_50,run_004,run_044,0.076,0.671,0.046,1.0,False,True
real_gemini35flashlite_50,run_004,run_045,0.122,0.503,0.386,1.0,False,True
real_gemini35flashlite_50,run_004,run_046,0.186,0.673,0.051,1.0,False,True
real_gemini35flashlite_50,run_004,run_047,0.011,0.057,0.024,0.0,False,False
real_gemini35flashlite_50,run_004,run_048,0.011,0.057,0.024,0.0,False,False
real_gemini35flashlite_50,run_004,run_049,0.15,0.279,0.112,0.0,False,True
real_gemini35flashlite_50,run_004,run_050,0.011,0.057,0.024,0.0,False,False
real_gemini35flashlite_50,run_005,run_006,1.0,1.0,1.0,1.0,False,False
real_gemini35flashlite_50,run_005,run_007,0.0,0.053,0.035,0.0,False,False
real_gemini35flashlite_50,run_005,run_008,0.0,0.057,0.0,0.0,False,False
real_gemini35flashlite_50,run_005,run_009,0.0,0.048,0.0,0.0,False,False
real_gemini35flashlite_50,run_005,run_010,0.0,0.042,0.0,0.0,False,False
real_gemini35flashlite_50,run_005,run_011,1.0,1.0,1.0,1.0,False,False
real_gemini35flashlite_50,run_005,run_012,0.0,0.062,0.032,0.0,False,False
real_gemini35flashlite_50,run_005,run_013,0.0,0.034,0.0,0.0,False,False
real_gemini35flashlite_50,run_005,run_014,0.0,0.071,0.0,0.0,False,False
real_gemini35flashlite_50,run_005,run_015,0.0,0.079,0.032,0.0,False,False
real_gemini35flashlite_50,run_005,run_016,1.0,1.0,1.0,1.0,False,False
real_gemini35flashlite_50,run_005,run_017,0.0,0.03,0.0,0.0,False,False
real_gemini35flashlite_50,run_005,run_018,0.0,0.05,0.036,0.0,False,False
real_gemini35flashlite_50,run_005,run_019,0.0,0.064,0.0,0.0,False,False
real_gemini35flashlite_50,run_005,run_020,0.0,0.043,0.03,0.0,False,False
real_gemini35flashlite_50,run_005,run_021,0.0,0.057,0.0,0.0,False,False
real_gemini35flashlite_50,run_005,run_022,0.0,0.058,0.0,0.0,False,False
real_gemini35flashlite_50,run_005,run_023,0.0,0.057,0.033,0.0,False,False
real_gemini35flashlite_50,run_005,run_024,0.0,0.048,0.0,0.0,False,False
real_gemini35flashlite_50,run_005,run_026,0.0,0.043,0.0,0.0,False,False
real_gemini35flashlite_50,run_005,run_027,0.0,0.04,0.0,0.0,False,False
real_gemini35flashlite_50,run_005,run_028,1.0,1.0,1.0,1.0,False,False
real_gemini35flashlite_50,run_005,run_029,0.0,0.051,0.0,0.0,False,False
real_gemini35flashlite_50,run_005,run_030,0.0,0.075,0.0,0.0,False,False
real_gemini35flashlite_50,run_005,run_031,0.0,0.052,0.0,0.0,False,False
real_gemini35flashlite_50,run_005,run_032,0.0,0.048,0.042,0.0,False,False
real_gemini35flashlite_50,run_005,run_033,0.0,0.046,0.0,0.0,False,False
real_gemini35flashlite_50,run_005,run_034,0.0,0.061,0.0,0.0,False,False
real_gemini35flashlite_50,run_005,run_035,0.0,0.038,0.0,0.0,False,False
real_gemini35flashlite_50,run_005,run_036,0.0,0.059,0.0,0.0,False,False
real_gemini35flashlite_50,run_005,run_037,0.0,0.071,0.04,0.0,False,False
real_gemini35flashlite_50,run_005,run_038,0.0,0.05,0.0,0.0,False,False
real_gemini35flashlite_50,run_005,run_039,1.0,1.0,1.0,1.0,False,False
real_gemini35flashlite_50,run_005,run_040,0.0,0.046,0.0,0.0,False,False
real_gemini35flashlite_50,run_005,run_041,0.0,0.067,0.0,0.0,False,False
real_gemini35flashlite_50,run_005,run_042,0.0,0.062,0.0,0.0,False,False
real_gemini35flashlite_50,run_005,run_043,0.0,0.074,0.0,0.0,False,False
real_gemini35flashlite_50,run_005,run_044,0.0,0.094,0.0,0.0,False,False
real_gemini35flashlite_50,run_005,run_045,0.0,0.08,0.038,0.0,False,False
real_gemini35flashlite_50,run_005,run_046,0.0,0.051,0.0,0.0,False,False
real_gemini35flashlite_50,run_005,run_047,1.0,1.0,1.0,1.0,False,False
real_gemini35flashlite_50,run_005,run_048,1.0,1.0,1.0,1.0,False,False
real_gemini35flashlite_50,run_005,run_049,0.0,0.047,0.0,0.0,False,False
real_gemini35flashlite_50,run_005,run_050,1.0,1.0,1.0,1.0,False,False
real_gemini35flashlite_50,run_006,run_007,0.0,0.053,0.035,0.0,False,False
real_gemini35flashlite_50,run_006,run_008,0.0,0.057,0.0,0.0,False,False
real_gemini35flashlite_50,run_006,run_009,0.0,0.048,0.0,0.0,False,False
real_gemini35flashlite_50,run_006,run_010,0.0,0.042,0.0,0.0,False,False
real_gemini35flashlite_50,run_006,run_011,1.0,1.0,1.0,1.0,False,False
real_gemini35flashlite_50,run_006,run_012,0.0,0.062,0.032,0.0,False,False
real_gemini35flashlite_50,run_006,run_013,0.0,0.034,0.0,0.0,False,False
real_gemini35flashlite_50,run_006,run_014,0.0,0.071,0.0,0.0,False,False
real_gemini35flashlite_50,run_006,run_015,0.0,0.079,0.032,0.0,False,False
real_gemini35flashlite_50,run_006,run_016,1.0,1.0,1.0,1.0,False,False
real_gemini35flashlite_50,run_006,run_017,0.0,0.03,0.0,0.0,False,False
real_gemini35flashlite_50,run_006,run_018,0.0,0.05,0.036,0.0,False,False
real_gemini35flashlite_50,run_006,run_019,0.0,0.064,0.0,0.0,False,False
real_gemini35flashlite_50,run_006,run_020,0.0,0.043,0.03,0.0,False,False
real_gemini35flashlite_50,run_006,run_021,0.0,0.057,0.0,0.0,False,False
real_gemini35flashlite_50,run_006,run_022,0.0,0.058,0.0,0.0,False,False
real_gemini35flashlite_50,run_006,run_023,0.0,0.057,0.033,0.0,False,False
real_gemini35flashlite_50,run_006,run_024,0.0,0.048,0.0,0.0,False,False
real_gemini35flashlite_50,run_006,run_026,0.0,0.043,0.0,0.0,False,False
real_gemini35flashlite_50,run_006,run_027,0.0,0.04,0.0,0.0,False,False
real_gemini35flashlite_50,run_006,run_028,1.0,1.0,1.0,1.0,False,False
real_gemini35flashlite_50,run_006,run_029,0.0,0.051,0.0,0.0,False,False
real_gemini35flashlite_50,run_006,run_030,0.0,0.075,0.0,0.0,False,False
real_gemini35flashlite_50,run_006,run_031,0.0,0.052,0.0,0.0,False,False
real_gemini35flashlite_50,run_006,run_032,0.0,0.048,0.042,0.0,False,False
real_gemini35flashlite_50,run_006,run_033,0.0,0.046,0.0,0.0,False,False
real_gemini35flashlite_50,run_006,run_034,0.0,0.061,0.0,0.0,False,False
real_gemini35flashlite_50,run_006,run_035,0.0,0.038,0.0,0.0,False,False
real_gemini35flashlite_50,run_006,run_036,0.0,0.059,0.0,0.0,False,False
real_gemini35flashlite_50,run_006,run_037,0.0,0.071,0.04,0.0,False,False
real_gemini35flashlite_50,run_006,run_038,0.0,0.05,0.0,0.0,False,False
real_gemini35flashlite_50,run_006,run_039,1.0,1.0,1.0,1.0,False,False
real_gemini35flashlite_50,run_006,run_040,0.0,0.046,0.0,0.0,False,False
real_gemini35flashlite_50,run_006,run_041,0.0,0.067,0.0,0.0,False,False
real_gemini35flashlite_50,run_006,run_042,0.0,0.062,0.0,0.0,False,False
real_gemini35flashlite_50,run_006,run_043,0.0,0.074,0.0,0.0,False,False
real_gemini35flashlite_50,run_006,run_044,0.0,0.094,0.0,0.0,False,False
real_gemini35flashlite_50,run_006,run_045,0.0,0.08,0.038,0.0,False,False
real_gemini35flashlite_50,run_006,run_046,0.0,0.051,0.0,0.0,False,False
real_gemini35flashlite_50,run_006,run_047,1.0,1.0,1.0,1.0,False,False
real_gemini35flashlite_50,run_006,run_048,1.0,1.0,1.0,1.0,False,False
real_gemini35flashlite_50,run_006,run_049,0.0,0.047,0.0,0.0,False,False
real_gemini35flashlite_50,run_006,run_050,1.0,1.0,1.0,1.0,False,False
real_gemini35flashlite_50,run_007,run_008,0.3,0.486,0.095,1.0,False,True
real_gemini35flashlite_50,run_007,run_009,0.08,0.44,0.16,1.0,True,True
real_gemini35flashlite_50,run_007,run_010,0.165,0.343,0.084,1.0,False,False
real_gemini35flashlite_50,run_007,run_011,0.008,0.053,0.035,0.0,False,False
real_gemini35flashlite_50,run_007,run_012,0.186,0.537,0.55,1.0,False,True
real_gemini35flashlite_50,run_007,run_013,0.189,0.43,0.038,1.0,False,False
real_gemini35flashlite_50,run_007,run_014,0.085,0.552,0.275,1.0,False,True
real_gemini35flashlite_50,run_007,run_015,0.233,0.239,0.53,0.0,False,False
real_gemini35flashlite_50,run_007,run_016,0.008,0.053,0.035,0.0,False,False
real_gemini35flashlite_50,run_007,run_017,0.126,0.42,0.046,1.0,False,True
real_gemini35flashlite_50,run_007,run_018,0.139,0.535,0.354,1.0,True,True
real_gemini35flashlite_50,run_007,run_019,0.073,0.505,0.023,1.0,False,True
real_gemini35flashlite_50,run_007,run_020,0.083,0.504,0.308,1.0,False,True
real_gemini35flashlite_50,run_007,run_021,0.104,0.61,0.116,1.0,True,True
real_gemini35flashlite_50,run_007,run_022,0.129,0.519,0.095,1.0,True,True
real_gemini35flashlite_50,run_007,run_023,0.075,0.486,0.289,0.0,False,True
real_gemini35flashlite_50,run_007,run_024,0.082,0.515,0.072,1.0,False,True
real_gemini35flashlite_50,run_007,run_026,0.18,0.22,0.021,0.0,False,True
real_gemini35flashlite_50,run_007,run_027,0.101,0.467,0.054,1.0,True,True
real_gemini35flashlite_50,run_007,run_028,0.008,0.053,0.035,0.0,False,False
real_gemini35flashlite_50,run_007,run_029,0.075,0.513,0.153,1.0,False,True
real_gemini35flashlite_50,run_007,run_030,0.079,0.564,0.094,0.0,False,True
real_gemini35flashlite_50,run_007,run_031,0.067,0.545,0.078,1.0,False,False
real_gemini35flashlite_50,run_007,run_032,0.065,0.429,0.404,1.0,True,True
real_gemini35flashlite_50,run_007,run_033,0.148,0.234,0.026,0.0,True,True
real_gemini35flashlite_50,run_007,run_034,0.075,0.454,0.087,1.0,True,True
real_gemini35flashlite_50,run_007,run_035,0.22,0.474,0.109,1.0,True,True
real_gemini35flashlite_50,run_007,run_036,0.088,0.507,0.042,1.0,True,True
real_gemini35flashlite_50,run_007,run_037,0.276,0.5,0.489,1.0,False,True
real_gemini35flashlite_50,run_007,run_038,0.141,0.463,0.216,1.0,True,True
real_gemini35flashlite_50,run_007,run_039,0.008,0.053,0.035,0.0,False,False
real_gemini35flashlite_50,run_007,run_040,0.079,0.202,0.065,0.0,False,True
real_gemini35flashlite_50,run_007,run_041,0.19,0.434,0.159,1.0,False,False
real_gemini35flashlite_50,run_007,run_042,0.074,0.468,0.121,1.0,False,False
real_gemini35flashlite_50,run_007,run_043,0.086,0.529,0.143,1.0,True,True
real_gemini35flashlite_50,run_007,run_044,0.179,0.523,0.03,1.0,False,True
real_gemini35flashlite_50,run_007,run_045,0.113,0.568,0.385,1.0,False,True
real_gemini35flashlite_50,run_007,run_046,0.083,0.48,0.046,1.0,True,True
real_gemini35flashlite_50,run_007,run_047,0.008,0.053,0.035,0.0,False,False
real_gemini35flashlite_50,run_007,run_048,0.008,0.053,0.035,0.0,False,False
real_gemini35flashlite_50,run_007,run_049,0.136,0.219,0.114,0.0,True,True
real_gemini35flashlite_50,run_007,run_050,0.008,0.053,0.035,0.0,False,False
real_gemini35flashlite_50,run_008,run_009,0.115,0.598,0.031,1.0,False,True
real_gemini35flashlite_50,run_008,run_010,0.21,0.502,0.17,1.0,True,False
real_gemini35flashlite_50,run_008,run_011,0.011,0.057,0.025,0.0,False,False
real_gemini35flashlite_50,run_008,run_012,0.111,0.579,0.351,1.0,False,True
real_gemini35flashlite_50,run_008,run_013,0.329,0.391,0.021,1.0,False,False
real_gemini35flashlite_50,run_008,run_014,0.177,0.489,0.096,1.0,False,True
real_gemini35flashlite_50,run_008,run_015,0.361,0.239,0.325,0.0,False,False
real_gemini35flashlite_50,run_008,run_016,0.011,0.057,0.025,0.0,False,False
real_gemini35flashlite_50,run_008,run_017,0.184,0.57,0.076,1.0,False,True
real_gemini35flashlite_50,run_008,run_018,0.202,0.7,0.205,1.0,False,True
real_gemini35flashlite_50,run_008,run_019,0.109,0.598,0.024,1.0,False,True
real_gemini35flashlite_50,run_008,run_020,0.094,0.555,0.348,1.0,False,True
real_gemini35flashlite_50,run_008,run_021,0.238,0.527,0.071,1.0,False,True
real_gemini35flashlite_50,run_008,run_022,0.069,0.52,0.024,1.0,False,True
real_gemini35flashlite_50,run_008,run_023,0.179,0.544,0.354,0.0,True,True
real_gemini35flashlite_50,run_008,run_024,0.129,0.667,0.026,1.0,False,True
real_gemini35flashlite_50,run_008,run_026,0.243,0.292,0.018,0.0,False,True
real_gemini35flashlite_50,run_008,run_027,0.202,0.578,0.097,1.0,False,True
real_gemini35flashlite_50,run_008,run_028,0.011,0.057,0.025,0.0,False,False
real_gemini35flashlite_50,run_008,run_029,0.108,0.67,0.072,1.0,False,True
real_gemini35flashlite_50,run_008,run_030,0.196,0.556,0.165,0.0,False,True
real_gemini35flashlite_50,run_008,run_031,0.095,0.583,0.072,1.0,False,False
real_gemini35flashlite_50,run_008,run_032,0.131,0.542,0.251,1.0,False,True
real_gemini35flashlite_50,run_008,run_033,0.271,0.234,0.134,0.0,False,True
real_gemini35flashlite_50,run_008,run_034,0.105,0.523,0.031,1.0,False,True
real_gemini35flashlite_50,run_008,run_035,0.26,0.512,0.145,1.0,False,True
real_gemini35flashlite_50,run_008,run_036,0.173,0.607,0.011,1.0,False,True
real_gemini35flashlite_50,run_008,run_037,0.262,0.598,0.346,1.0,False,True
real_gemini35flashlite_50,run_008,run_038,0.148,0.588,0.026,1.0,False,True
real_gemini35flashlite_50,run_008,run_039,0.011,0.057,0.025,0.0,False,False
real_gemini35flashlite_50,run_008,run_040,0.063,0.313,0.03,0.0,True,True
real_gemini35flashlite_50,run_008,run_041,0.206,0.705,0.117,1.0,False,False
real_gemini35flashlite_50,run_008,run_042,0.126,0.548,0.037,1.0,False,False
real_gemini35flashlite_50,run_008,run_043,0.112,0.541,0.103,1.0,False,True
real_gemini35flashlite_50,run_008,run_044,0.237,0.561,0.042,1.0,False,True
real_gemini35flashlite_50,run_008,run_045,0.092,0.571,0.391,1.0,False,True
real_gemini35flashlite_50,run_008,run_046,0.111,0.599,0.132,1.0,False,True
real_gemini35flashlite_50,run_008,run_047,0.011,0.057,0.025,0.0,False,False
real_gemini35flashlite_50,run_008,run_048,0.011,0.057,0.025,0.0,False,False
real_gemini35flashlite_50,run_008,run_049,0.203,0.245,0.021,0.0,False,True
real_gemini35flashlite_50,run_008,run_050,0.011,0.057,0.025,0.0,False,False
real_gemini35flashlite_50,run_009,run_010,0.17,0.46,0.101,1.0,False,False
real_gemini35flashlite_50,run_009,run_011,0.011,0.048,0.027,0.0,False,False
real_gemini35flashlite_50,run_009,run_012,0.051,0.53,0.557,1.0,False,True
real_gemini35flashlite_50,run_009,run_013,0.173,0.449,0.017,1.0,False,False
real_gemini35flashlite_50,run_009,run_014,0.121,0.505,0.247,1.0,False,True
real_gemini35flashlite_50,run_009,run_015,0.181,0.247,0.5,0.0,False,False
real_gemini35flashlite_50,run_009,run_016,0.011,0.048,0.027,0.0,False,False
real_gemini35flashlite_50,run_009,run_017,0.181,0.561,0.037,1.0,False,True
real_gemini35flashlite_50,run_009,run_018,0.257,0.563,0.275,1.0,True,True
real_gemini35flashlite_50,run_009,run_019,0.266,0.5,0.214,1.0,False,True
real_gemini35flashlite_50,run_009,run_020,0.046,0.578,0.317,1.0,False,True
real_gemini35flashlite_50,run_009,run_021,0.265,0.457,0.069,1.0,True,True
real_gemini35flashlite_50,run_009,run_022,0.159,0.622,0.071,1.0,True,True
real_gemini35flashlite_50,run_009,run_023,0.179,0.464,0.256,0.0,False,True
real_gemini35flashlite_50,run_009,run_024,0.179,0.469,0.086,1.0,False,True
real_gemini35flashlite_50,run_009,run_026,0.064,0.267,0.087,0.0,False,True
real_gemini35flashlite_50,run_009,run_027,0.08,0.524,0.057,1.0,True,True
real_gemini35flashlite_50,run_009,run_028,0.011,0.048,0.027,0.0,False,False
real_gemini35flashlite_50,run_009,run_029,0.211,0.5,0.087,1.0,False,True
real_gemini35flashlite_50,run_009,run_030,0.166,0.545,0.092,0.0,False,True
real_gemini35flashlite_50,run_009,run_031,0.217,0.607,0.155,1.0,False,False
real_gemini35flashlite_50,run_009,run_032,0.194,0.724,0.4,1.0,True,True
real_gemini35flashlite_50,run_009,run_033,0.067,0.249,0.028,0.0,True,True
real_gemini35flashlite_50,run_009,run_034,0.268,0.562,0.054,1.0,True,True
real_gemini35flashlite_50,run_009,run_035,0.26,0.522,0.149,1.0,True,True
real_gemini35flashlite_50,run_009,run_036,0.314,0.648,0.13,1.0,True,True
real_gemini35flashlite_50,run_009,run_037,0.165,0.525,0.462,1.0,False,True
real_gemini35flashlite_50,run_009,run_038,0.183,0.502,0.421,1.0,True,True
real_gemini35flashlite_50,run_009,run_039,0.011,0.048,0.027,0.0,False,False
real_gemini35flashlite_50,run_009,run_040,0.051,0.29,0.214,0.0,False,True
real_gemini35flashlite_50,run_009,run_041,0.055,0.577,0.242,1.0,False,False
real_gemini35flashlite_50,run_009,run_042,0.262,0.465,0.154,1.0,False,False
real_gemini35flashlite_50,run_009,run_043,0.261,0.503,0.13,1.0,True,True
real_gemini35flashlite_50,run_009,run_044,0.303,0.516,0.074,1.0,False,True
real_gemini35flashlite_50,run_009,run_045,0.191,0.56,0.523,1.0,False,True
real_gemini35flashlite_50,run_009,run_046,0.124,0.443,0.025,1.0,True,True
real_gemini35flashlite_50,run_009,run_047,0.011,0.048,0.027,0.0,False,False
real_gemini35flashlite_50,run_009,run_048,0.011,0.048,0.027,0.0,False,False
real_gemini35flashlite_50,run_009,run_049,0.051,0.227,0.061,0.0,True,True
real_gemini35flashlite_50,run_009,run_050,0.011,0.048,0.027,0.0,False,False
real_gemini35flashlite_50,run_010,run_011,0.006,0.042,0.028,0.0,False,False
real_gemini35flashlite_50,run_010,run_012,0.098,0.47,0.455,1.0,False,False
real_gemini35flashlite_50,run_010,run_013,0.174,0.594,0.043,1.0,False,False
real_gemini35flashlite_50,run_010,run_014,0.083,0.597,0.159,1.0,False,False
real_gemini35flashlite_50,run_010,run_015,0.09,0.282,0.452,0.0,False,False
real_gemini35flashlite_50,run_010,run_016,0.006,0.042,0.028,0.0,False,False
real_gemini35flashlite_50,run_010,run_017,0.173,0.544,0.176,1.0,False,False
real_gemini35flashlite_50,run_010,run_018,0.169,0.545,0.389,1.0,False,False
real_gemini35flashlite_50,run_010,run_019,0.057,0.606,0.117,1.0,False,False
real_gemini35flashlite_50,run_010,run_020,0.065,0.56,0.642,1.0,False,False
real_gemini35flashlite_50,run_010,run_021,0.136,0.421,0.065,1.0,False,False
real_gemini35flashlite_50,run_010,run_022,0.077,0.407,0.196,1.0,False,False
real_gemini35flashlite_50,run_010,run_023,0.07,0.436,0.499,0.0,True,False
real_gemini35flashlite_50,run_010,run_024,0.068,0.565,0.129,1.0,False,False
real_gemini35flashlite_50,run_010,run_026,0.149,0.201,0.112,0.0,False,False
real_gemini35flashlite_50,run_010,run_027,0.09,0.51,0.271,1.0,False,False
real_gemini35flashlite_50,run_010,run_028,0.006,0.042,0.028,0.0,False,False
real_gemini35flashlite_50,run_010,run_029,0.092,0.502,0.13,1.0,False,False
real_gemini35flashlite_50,run_010,run_030,0.102,0.433,0.121,0.0,False,False
real_gemini35flashlite_50,run_010,run_031,0.181,0.593,0.064,1.0,False,False
real_gemini35flashlite_50,run_010,run_032,0.149,0.42,0.294,1.0,False,False
real_gemini35flashlite_50,run_010,run_033,0.108,0.209,0.126,0.0,False,False
real_gemini35flashlite_50,run_010,run_034,0.09,0.492,0.384,1.0,False,False
real_gemini35flashlite_50,run_010,run_035,0.107,0.549,0.165,1.0,False,False
real_gemini35flashlite_50,run_010,run_036,0.116,0.479,0.092,1.0,False,False
real_gemini35flashlite_50,run_010,run_037,0.168,0.489,0.459,1.0,False,False
real_gemini35flashlite_50,run_010,run_038,0.165,0.643,0.139,1.0,False,False
real_gemini35flashlite_50,run_010,run_039,0.006,0.042,0.028,0.0,False,False
real_gemini35flashlite_50,run_010,run_040,0.106,0.255,0.102,0.0,True,False
real_gemini35flashlite_50,run_010,run_041,0.138,0.537,0.302,1.0,False,False
real_gemini35flashlite_50,run_010,run_042,0.134,0.624,0.082,1.0,False,False
real_gemini35flashlite_50,run_010,run_043,0.151,0.523,0.155,1.0,False,False
real_gemini35flashlite_50,run_010,run_044,0.209,0.478,0.093,1.0,False,False
real_gemini35flashlite_50,run_010,run_045,0.083,0.481,0.255,1.0,False,False
real_gemini35flashlite_50,run_010,run_046,0.13,0.512,0.192,1.0,False,False
real_gemini35flashlite_50,run_010,run_047,0.006,0.042,0.028,0.0,False,False
real_gemini35flashlite_50,run_010,run_048,0.006,0.042,0.028,0.0,False,False
real_gemini35flashlite_50,run_010,run_049,0.098,0.211,0.067,0.0,False,False
real_gemini35flashlite_50,run_010,run_050,0.006,0.042,0.028,0.0,False,False
real_gemini35flashlite_50,run_011,run_012,0.0,0.062,0.032,0.0,False,False
real_gemini35flashlite_50,run_011,run_013,0.0,0.034,0.0,0.0,False,False
real_gemini35flashlite_50,run_011,run_014,0.0,0.071,0.0,0.0,False,False
real_gemini35flashlite_50,run_011,run_015,0.0,0.079,0.032,0.0,False,False
real_gemini35flashlite_50,run_011,run_016,1.0,1.0,1.0,1.0,False,False
real_gemini35flashlite_50,run_011,run_017,0.0,0.03,0.0,0.0,False,False
real_gemini35flashlite_50,run_011,run_018,0.0,0.05,0.036,0.0,False,False
real_gemini35flashlite_50,run_011,run_019,0.0,0.064,0.0,0.0,False,False
real_gemini35flashlite_50,run_011,run_020,0.0,0.043,0.03,0.0,False,False
real_gemini35flashlite_50,run_011,run_021,0.0,0.057,0.0,0.0,False,False
real_gemini35flashlite_50,run_011,run_022,0.0,0.058,0.0,0.0,False,False
real_gemini35flashlite_50,run_011,run_023,0.0,0.057,0.033,0.0,False,False
real_gemini35flashlite_50,run_011,run_024,0.0,0.048,0.0,0.0,False,False
real_gemini35flashlite_50,run_011,run_026,0.0,0.043,0.0,0.0,False,False
real_gemini35flashlite_50,run_011,run_027,0.0,0.04,0.0,0.0,False,False
real_gemini35flashlite_50,run_011,run_028,1.0,1.0,1.0,1.0,False,False
real_gemini35flashlite_50,run_011,run_029,0.0,0.051,0.0,0.0,False,False
real_gemini35flashlite_50,run_011,run_030,0.0,0.075,0.0,0.0,False,False
real_gemini35flashlite_50,run_011,run_031,0.0,0.052,0.0,0.0,False,False
real_gemini35flashlite_50,run_011,run_032,0.0,0.048,0.042,0.0,False,False
real_gemini35flashlite_50,run_011,run_033,0.0,0.046,0.0,0.0,False,False
real_gemini35flashlite_50,run_011,run_034,0.0,0.061,0.0,0.0,False,False
real_gemini35flashlite_50,run_011,run_035,0.0,0.038,0.0,0.0,False,False
real_gemini35flashlite_50,run_011,run_036,0.0,0.059,0.0,0.0,False,False
real_gemini35flashlite_50,run_011,run_037,0.0,0.071,0.04,0.0,False,False
real_gemini35flashlite_50,run_011,run_038,0.0,0.05,0.0,0.0,False,False
real_gemini35flashlite_50,run_011,run_039,1.0,1.0,1.0,1.0,False,False
real_gemini35flashlite_50,run_011,run_040,0.0,0.046,0.0,0.0,False,False
real_gemini35flashlite_50,run_011,run_041,0.0,0.067,0.0,0.0,False,False
real_gemini35flashlite_50,run_011,run_042,0.0,0.062,0.0,0.0,False,False
real_gemini35flashlite_50,run_011,run_043,0.0,0.074,0.0,0.0,False,False
real_gemini35flashlite_50,run_011,run_044,0.0,0.094,0.0,0.0,False,False
real_gemini35flashlite_50,run_011,run_045,0.0,0.08,0.038,0.0,False,False
real_gemini35flashlite_50,run_011,run_046,0.0,0.051,0.0,0.0,False,False
real_gemini35flashlite_50,run_011,run_047,1.0,1.0,1.0,1.0,False,False
real_gemini35flashlite_50,run_011,run_048,1.0,1.0,1.0,1.0,False,False
real_gemini35flashlite_50,run_011,run_049,0.0,0.047,0.0,0.0,False,False
real_gemini35flashlite_50,run_011,run_050,1.0,1.0,1.0,1.0,False,False
real_gemini35flashlite_50,run_012,run_013,0.187,0.419,0.018,1.0,False,False
real_gemini35flashlite_50,run_012,run_014,0.079,0.571,0.412,1.0,True,True
real_gemini35flashlite_50,run_012,run_015,0.065,0.299,0.536,0.0,False,False
real_gemini35flashlite_50,run_012,run_016,0.013,0.062,0.032,0.0,False,False
real_gemini35flashlite_50,run_012,run_017,0.068,0.434,0.018,1.0,False,True
real_gemini35flashlite_50,run_012,run_018,0.092,0.531,0.374,1.0,False,True
real_gemini35flashlite_50,run_012,run_019,0.087,0.53,0.403,1.0,False,True
real_gemini35flashlite_50,run_012,run_020,0.155,0.541,0.332,1.0,False,True
real_gemini35flashlite_50,run_012,run_021,0.073,0.735,0.168,1.0,False,True
real_gemini35flashlite_50,run_012,run_022,0.053,0.482,0.064,1.0,False,True
real_gemini35flashlite_50,run_012,run_023,0.09,0.477,0.366,0.0,False,True
real_gemini35flashlite_50,run_012,run_024,0.087,0.611,0.333,1.0,False,True
real_gemini35flashlite_50,run_012,run_026,0.106,0.208,0.111,0.0,False,True
real_gemini35flashlite_50,run_012,run_027,0.082,0.5,0.052,1.0,False,True
real_gemini35flashlite_50,run_012,run_028,0.013,0.062,0.032,0.0,False,False
real_gemini35flashlite_50,run_012,run_029,0.083,0.555,0.135,1.0,True,True
real_gemini35flashlite_50,run_012,run_030,0.08,0.608,0.161,0.0,False,True
real_gemini35flashlite_50,run_012,run_031,0.051,0.541,0.049,1.0,False,False
real_gemini35flashlite_50,run_012,run_032,0.046,0.528,0.429,1.0,False,True
real_gemini35flashlite_50,run_012,run_033,0.195,0.243,0.03,0.0,False,True
real_gemini35flashlite_50,run_012,run_034,0.048,0.547,0.074,1.0,False,True
real_gemini35flashlite_50,run_012,run_035,0.071,0.57,0.173,1.0,False,True
real_gemini35flashlite_50,run_012,run_036,0.079,0.51,0.205,1.0,False,True
real_gemini35flashlite_50,run_012,run_037,0.124,0.697,0.509,1.0,True,True
real_gemini35flashlite_50,run_012,run_038,0.073,0.566,0.16,1.0,False,True
real_gemini35flashlite_50,run_012,run_039,0.013,0.062,0.032,0.0,False,False
real_gemini35flashlite_50,run_012,run_040,0.126,0.326,0.084,0.0,False,True
real_gemini35flashlite_50,run_012,run_041,0.089,0.541,0.26,1.0,False,False
real_gemini35flashlite_50,run_012,run_042,0.05,0.511,0.079,1.0,False,False
real_gemini35flashlite_50,run_012,run_043,0.077,0.686,0.132,1.0,False,True
real_gemini35flashlite_50,run_012,run_044,0.062,0.723,0.266,1.0,True,True
real_gemini35flashlite_50,run_012,run_045,0.105,0.59,0.439,1.0,False,True
real_gemini35flashlite_50,run_012,run_046,0.211,0.577,0.022,1.0,False,True
real_gemini35flashlite_50,run_012,run_047,0.013,0.062,0.032,0.0,False,False
real_gemini35flashlite_50,run_012,run_048,0.013,0.062,0.032,0.0,False,False
real_gemini35flashlite_50,run_012,run_049,0.127,0.291,0.086,0.0,False,True
real_gemini35flashlite_50,run_012,run_050,0.013,0.062,0.032,0.0,False,False
real_gemini35flashlite_50,run_013,run_014,0.113,0.433,0.029,1.0,False,False
real_gemini35flashlite_50,run_013,run_015,0.084,0.268,0.312,0.0,False,False
real_gemini35flashlite_50,run_013,run_016,0.006,0.034,0.024,0.0,False,False
real_gemini35flashlite_50,run_013,run_017,0.15,0.439,0.047,1.0,False,False
real_gemini35flashlite_50,run_013,run_018,0.111,0.483,0.388,1.0,False,False
real_gemini35flashlite_50,run_013,run_019,0.115,0.409,0.015,1.0,False,False
real_gemini35flashlite_50,run_013,run_020,0.073,0.442,0.241,1.0,False,False
real_gemini35flashlite_50,run_013,run_021,0.181,0.407,0.024,1.0,False,False
real_gemini35flashlite_50,run_013,run_022,0.067,0.409,0.02,1.0,False,False
real_gemini35flashlite_50,run_013,run_023,0.079,0.529,0.334,0.0,False,False
real_gemini35flashlite_50,run_013,run_024,0.089,0.502,0.017,1.0,False,False
real_gemini35flashlite_50,run_013,run_026,0.146,0.26,0.017,0.0,False,False
real_gemini35flashlite_50,run_013,run_027,0.157,0.401,0.062,1.0,False,False
real_gemini35flashlite_50,run_013,run_028,0.006,0.034,0.024,0.0,False,False
real_gemini35flashlite_50,run_013,run_029,0.086,0.458,0.008,1.0,False,False
real_gemini35flashlite_50,run_013,run_030,0.086,0.376,0.026,0.0,False,False
real_gemini35flashlite_50,run_013,run_031,0.175,0.455,0.02,1.0,False,True
real_gemini35flashlite_50,run_013,run_032,0.155,0.393,0.27,1.0,False,False
real_gemini35flashlite_50,run_013,run_033,0.092,0.199,0.056,0.0,False,False
real_gemini35flashlite_50,run_013,run_034,0.159,0.454,0.021,1.0,False,False
real_gemini35flashlite_50,run_013,run_035,0.201,0.433,0.029,1.0,False,False
real_gemini35flashlite_50,run_013,run_036,0.049,0.406,0.014,1.0,False,False
real_gemini35flashlite_50,run_013,run_037,0.171,0.402,0.33,1.0,False,False
real_gemini35flashlite_50,run_013,run_038,0.252,0.44,0.037,1.0,False,False
real_gemini35flashlite_50,run_013,run_039,0.006,0.034,0.024,0.0,False,False
real_gemini35flashlite_50,run_013,run_040,0.115,0.24,0.048,0.0,False,False
real_gemini35flashlite_50,run_013,run_041,0.135,0.462,0.035,1.0,False,False
real_gemini35flashlite_50,run_013,run_042,0.227,0.547,0.032,1.0,False,False
real_gemini35flashlite_50,run_013,run_043,0.155,0.414,0.026,1.0,False,False
real_gemini35flashlite_50,run_013,run_044,0.225,0.436,0.041,1.0,False,False
real_gemini35flashlite_50,run_013,run_045,0.069,0.4,0.413,1.0,False,False
real_gemini35flashlite_50,run_013,run_046,0.137,0.481,0.054,1.0,False,False
real_gemini35flashlite_50,run_013,run_047,0.006,0.034,0.024,0.0,False,False
real_gemini35flashlite_50,run_013,run_048,0.006,0.034,0.024,0.0,False,False
real_gemini35flashlite_50,run_013,run_049,0.098,0.334,0.049,0.0,False,False
real_gemini35flashlite_50,run_013,run_050,0.006,0.034,0.024,0.0,False,False
real_gemini35flashlite_50,run_014,run_015,0.137,0.312,0.517,0.0,False,False
real_gemini35flashlite_50,run_014,run_016,0.008,0.071,0.026,0.0,False,False
real_gemini35flashlite_50,run_014,run_017,0.169,0.648,0.004,1.0,False,True
real_gemini35flashlite_50,run_014,run_018,0.118,0.495,0.245,1.0,False,True
real_gemini35flashlite_50,run_014,run_019,0.112,0.698,0.196,1.0,False,True
real_gemini35flashlite_50,run_014,run_020,0.046,0.583,0.274,1.0,False,True
real_gemini35flashlite_50,run_014,run_021,0.301,0.623,0.059,1.0,False,True
real_gemini35flashlite_50,run_014,run_022,0.058,0.527,0.091,1.0,False,True
real_gemini35flashlite_50,run_014,run_023,0.18,0.446,0.301,0.0,False,True
real_gemini35flashlite_50,run_014,run_024,0.176,0.571,0.054,1.0,False,True
real_gemini35flashlite_50,run_014,run_026,0.053,0.235,0.1,0.0,False,True
real_gemini35flashlite_50,run_014,run_027,0.145,0.52,0.08,1.0,False,True
real_gemini35flashlite_50,run_014,run_028,0.008,0.071,0.026,0.0,False,False
real_gemini35flashlite_50,run_014,run_029,0.158,0.52,0.139,1.0,True,True
real_gemini35flashlite_50,run_014,run_030,0.169,0.494,0.091,0.0,False,True
real_gemini35flashlite_50,run_014,run_031,0.114,0.567,0.108,1.0,False,False
real_gemini35flashlite_50,run_014,run_032,0.196,0.473,0.383,1.0,False,True
real_gemini35flashlite_50,run_014,run_033,0.133,0.268,0.032,0.0,False,True
real_gemini35flashlite_50,run_014,run_034,0.124,0.531,0.12,1.0,False,True
real_gemini35flashlite_50,run_014,run_035,0.144,0.593,0.104,1.0,False,True
real_gemini35flashlite_50,run_014,run_036,0.087,0.48,0.173,1.0,False,True
real_gemini35flashlite_50,run_014,run_037,0.135,0.605,0.406,1.0,True,True
real_gemini35flashlite_50,run_014,run_038,0.068,0.603,0.153,1.0,False,True
real_gemini35flashlite_50,run_014,run_039,0.008,0.071,0.026,0.0,False,False
real_gemini35flashlite_50,run_014,run_040,0.056,0.298,0.223,0.0,False,True
real_gemini35flashlite_50,run_014,run_041,0.031,0.464,0.128,1.0,False,False
real_gemini35flashlite_50,run_014,run_042,0.132,0.674,0.173,1.0,False,False
real_gemini35flashlite_50,run_014,run_043,0.121,0.717,0.197,1.0,False,True
real_gemini35flashlite_50,run_014,run_044,0.08,0.577,0.043,1.0,True,True
real_gemini35flashlite_50,run_014,run_045,0.113,0.523,0.352,1.0,False,True
real_gemini35flashlite_50,run_014,run_046,0.114,0.585,0.041,1.0,False,True
real_gemini35flashlite_50,run_014,run_047,0.008,0.071,0.026,0.0,False,False
real_gemini35flashlite_50,run_014,run_048,0.008,0.071,0.026,0.0,False,False
real_gemini35flashlite_50,run_014,run_049,0.119,0.251,0.164,0.0,False,True
real_gemini35flashlite_50,run_014,run_050,0.008,0.071,0.026,0.0,False,False
real_gemini35flashlite_50,run_015,run_016,0.013,0.079,0.032,0.0,False,False
real_gemini35flashlite_50,run_015,run_017,0.144,0.176,0.027,0.0,False,False
real_gemini35flashlite_50,run_015,run_018,0.251,0.242,0.269,0.0,False,False
real_gemini35flashlite_50,run_015,run_019,0.273,0.146,0.165,0.0,False,False
real_gemini35flashlite_50,run_015,run_020,0.154,0.24,0.331,0.0,False,False
real_gemini35flashlite_50,run_015,run_021,0.201,0.286,0.148,0.0,False,False
real_gemini35flashlite_50,run_015,run_022,0.196,0.299,0.059,0.0,False,False
real_gemini35flashlite_50,run_015,run_023,0.263,0.227,0.281,0.0,False,False
real_gemini35flashlite_50,run_015,run_024,0.216,0.195,0.089,0.0,False,False
real_gemini35flashlite_50,run_015,run_026,0.205,0.383,0.095,0.0,False,False
real_gemini35flashlite_50,run_015,run_027,0.122,0.174,0.224,0.0,False,False
real_gemini35flashlite_50,run_015,run_028,0.013,0.079,0.032,0.0,False,False
real_gemini35flashlite_50,run_015,run_029,0.256,0.202,0.098,0.0,False,False
real_gemini35flashlite_50,run_015,run_030,0.259,0.2,0.1,0.0,False,False
real_gemini35flashlite_50,run_015,run_031,0.192,0.247,0.079,0.0,False,False
real_gemini35flashlite_50,run_015,run_032,0.166,0.215,0.537,0.0,False,False
real_gemini35flashlite_50,run_015,run_033,0.089,0.318,0.085,0.0,False,False
real_gemini35flashlite_50,run_015,run_034,0.201,0.26,0.162,0.0,False,False
real_gemini35flashlite_50,run_015,run_035,0.224,0.228,0.105,0.0,False,False
real_gemini35flashlite_50,run_015,run_036,0.214,0.211,0.065,0.0,False,False
real_gemini35flashlite_50,run_015,run_037,0.198,0.299,0.536,0.0,False,False
real_gemini35flashlite_50,run_015,run_038,0.212,0.168,0.111,0.0,False,False
real_gemini35flashlite_50,run_015,run_039,0.013,0.079,0.032,0.0,False,False
real_gemini35flashlite_50,run_015,run_040,0.094,0.42,0.075,0.0,False,False
real_gemini35flashlite_50,run_015,run_041,0.151,0.188,0.213,0.0,False,False
real_gemini35flashlite_50,run_015,run_042,0.28,0.275,0.088,0.0,False,False
real_gemini35flashlite_50,run_015,run_043,0.288,0.318,0.203,0.0,False,False
real_gemini35flashlite_50,run_015,run_044,0.234,0.269,0.246,0.0,False,False
real_gemini35flashlite_50,run_015,run_045,0.291,0.179,0.313,0.0,False,False
real_gemini35flashlite_50,run_015,run_046,0.144,0.278,0.058,0.0,False,False
real_gemini35flashlite_50,run_015,run_047,0.013,0.079,0.032,0.0,False,False
real_gemini35flashlite_50,run_015,run_048,0.013,0.079,0.032,0.0,False,False
real_gemini35flashlite_50,run_015,run_049,0.118,0.271,0.147,0.0,False,False
real_gemini35flashlite_50,run_015,run_050,0.013,0.079,0.032,0.0,False,False
real_gemini35flashlite_50,run_016,run_017,0.0,0.03,0.0,0.0,False,False
real_gemini35flashlite_50,run_016,run_018,0.0,0.05,0.036,0.0,False,False
real_gemini35flashlite_50,run_016,run_019,0.0,0.064,0.0,0.0,False,False
real_gemini35flashlite_50,run_016,run_020,0.0,0.043,0.03,0.0,False,False
real_gemini35flashlite_50,run_016,run_021,0.0,0.057,0.0,0.0,False,False
real_gemini35flashlite_50,run_016,run_022,0.0,0.058,0.0,0.0,False,False
real_gemini35flashlite_50,run_016,run_023,0.0,0.057,0.033,0.0,False,False
real_gemini35flashlite_50,run_016,run_024,0.0,0.048,0.0,0.0,False,False
real_gemini35flashlite_50,run_016,run_026,0.0,0.043,0.0,0.0,False,False
real_gemini35flashlite_50,run_016,run_027,0.0,0.04,0.0,0.0,False,False
real_gemini35flashlite_50,run_016,run_028,1.0,1.0,1.0,1.0,False,False
real_gemini35flashlite_50,run_016,run_029,0.0,0.051,0.0,0.0,False,False
real_gemini35flashlite_50,run_016,run_030,0.0,0.075,0.0,0.0,False,False
real_gemini35flashlite_50,run_016,run_031,0.0,0.052,0.0,0.0,False,False
real_gemini35flashlite_50,run_016,run_032,0.0,0.048,0.042,0.0,False,False
real_gemini35flashlite_50,run_016,run_033,0.0,0.046,0.0,0.0,False,False
real_gemini35flashlite_50,run_016,run_034,0.0,0.061,0.0,0.0,False,False
real_gemini35flashlite_50,run_016,run_035,0.0,0.038,0.0,0.0,False,False
real_gemini35flashlite_50,run_016,run_036,0.0,0.059,0.0,0.0,False,False
real_gemini35flashlite_50,run_016,run_037,0.0,0.071,0.04,0.0,False,False
real_gemini35flashlite_50,run_016,run_038,0.0,0.05,0.0,0.0,False,False
real_gemini35flashlite_50,run_016,run_039,1.0,1.0,1.0,1.0,False,False
real_gemini35flashlite_50,run_016,run_040,0.0,0.046,0.0,0.0,False,False
real_gemini35flashlite_50,run_016,run_041,0.0,0.067,0.0,0.0,False,False
real_gemini35flashlite_50,run_016,run_042,0.0,0.062,0.0,0.0,False,False
real_gemini35flashlite_50,run_016,run_043,0.0,0.074,0.0,0.0,False,False
real_gemini35flashlite_50,run_016,run_044,0.0,0.094,0.0,0.0,False,False
real_gemini35flashlite_50,run_016,run_045,0.0,0.08,0.038,0.0,False,False
real_gemini35flashlite_50,run_016,run_046,0.0,0.051,0.0,0.0,False,False
real_gemini35flashlite_50,run_016,run_047,1.0,1.0,1.0,1.0,False,False
real_gemini35flashlite_50,run_016,run_048,1.0,1.0,1.0,1.0,False,False
real_gemini35flashlite_50,run_016,run_049,0.0,0.047,0.0,0.0,False,False
real_gemini35flashlite_50,run_016,run_050,1.0,1.0,1.0,1.0,False,False
real_gemini35flashlite_50,run_017,run_018,0.172,0.627,0.484,1.0,False,True
real_gemini35flashlite_50,run_017,run_019,0.18,0.735,0.045,1.0,False,True
real_gemini35flashlite_50,run_017,run_020,0.04,0.779,0.594,1.0,True,True
real_gemini35flashlite_50,run_017,run_021,0.222,0.521,0.012,1.0,False,True
real_gemini35flashlite_50,run_017,run_022,0.145,0.481,0.031,1.0,False,True
real_gemini35flashlite_50,run_017,run_023,0.189,0.511,0.488,0.0,False,True
real_gemini35flashlite_50,run_017,run_024,0.131,0.709,0.016,1.0,True,True
real_gemini35flashlite_50,run_017,run_026,0.045,0.317,0.033,0.0,False,True
real_gemini35flashlite_50,run_017,run_027,0.107,0.669,0.233,1.0,False,True
real_gemini35flashlite_50,run_017,run_028,0.011,0.044,0.022,0.0,False,False
real_gemini35flashlite_50,run_017,run_029,0.156,0.696,0.015,1.0,False,True
real_gemini35flashlite_50,run_017,run_030,0.164,0.488,0.251,0.0,False,True
real_gemini35flashlite_50,run_017,run_031,0.123,0.645,0.209,1.0,True,False
real_gemini35flashlite_50,run_017,run_032,0.105,0.488,0.391,1.0,False,True
real_gemini35flashlite_50,run_017,run_033,0.102,0.238,0.138,0.0,False,True
real_gemini35flashlite_50,run_017,run_034,0.199,0.57,0.102,1.0,False,True
real_gemini35flashlite_50,run_017,run_035,0.168,0.767,0.212,1.0,False,True
real_gemini35flashlite_50,run_017,run_036,0.184,0.435,0.011,1.0,False,True
real_gemini35flashlite_50,run_017,run_037,0.169,0.535,0.374,1.0,False,True
real_gemini35flashlite_50,run_017,run_038,0.072,0.736,0.077,1.0,False,True
real_gemini35flashlite_50,run_017,run_039,0.011,0.044,0.022,0.0,False,False
real_gemini35flashlite_50,run_017,run_040,0.045,0.247,0.047,0.0,False,True
real_gemini35flashlite_50,run_017,run_041,0.047,0.557,0.207,1.0,True,False
real_gemini35flashlite_50,run_017,run_042,0.142,0.584,0.043,1.0,True,False
real_gemini35flashlite_50,run_017,run_043,0.204,0.705,0.109,1.0,False,True
real_gemini35flashlite_50,run_017,run_044,0.214,0.528,0.036,1.0,False,True
real_gemini35flashlite_50,run_017,run_045,0.17,0.49,0.305,1.0,False,True
real_gemini35flashlite_50,run_017,run_046,0.054,0.667,0.102,1.0,False,True
real_gemini35flashlite_50,run_017,run_047,0.011,0.044,0.022,0.0,False,False
real_gemini35flashlite_50,run_017,run_048,0.011,0.044,0.022,0.0,False,False
real_gemini35flashlite_50,run_017,run_049,0.091,0.248,0.12,0.0,False,True
real_gemini35flashlite_50,run_017,run_050,0.011,0.044,0.022,0.0,False,False
real_gemini35flashlite_50,run_018,run_019,0.261,0.712,0.051,1.0,False,True
real_gemini35flashlite_50,run_018,run_020,0.049,0.619,0.457,1.0,False,True
real_gemini35flashlite_50,run_018,run_021,0.17,0.502,0.126,1.0,True,True
real_gemini35flashlite_50,run_018,run_022,0.181,0.541,0.128,1.0,True,True
real_gemini35flashlite_50,run_018,run_023,0.249,0.555,0.452,0.0,False,True
real_gemini35flashlite_50,run_018,run_024,0.157,0.678,0.021,1.0,False,True
real_gemini35flashlite_50,run_018,run_026,0.058,0.214,0.042,0.0,False,True
real_gemini35flashlite_50,run_018,run_027,0.138,0.563,0.273,1.0,True,True
real_gemini35flashlite_50,run_018,run_028,0.01,0.05,0.036,0.0,False,False
real_gemini35flashlite_50,run_018,run_029,0.182,0.75,0.023,1.0,False,True
real_gemini35flashlite_50,run_018,run_030,0.24,0.515,0.199,0.0,False,True
real_gemini35flashlite_50,run_018,run_031,0.104,0.53,0.167,1.0,False,False
real_gemini35flashlite_50,run_018,run_032,0.085,0.519,0.438,1.0,True,True
real_gemini35flashlite_50,run_018,run_033,0.053,0.229,0.383,0.0,True,True
real_gemini35flashlite_50,run_018,run_034,0.194,0.61,0.169,1.0,True,True
real_gemini35flashlite_50,run_018,run_035,0.205,0.625,0.219,1.0,True,True
real_gemini35flashlite_50,run_018,run_036,0.176,0.67,0.17,1.0,True,True
real_gemini35flashlite_50,run_018,run_037,0.247,0.646,0.35,1.0,False,True
real_gemini35flashlite_50,run_018,run_038,0.117,0.672,0.071,1.0,True,True
real_gemini35flashlite_50,run_018,run_039,0.01,0.05,0.036,0.0,False,False
real_gemini35flashlite_50,run_018,run_040,0.049,0.279,0.1,0.0,False,True
real_gemini35flashlite_50,run_018,run_041,0.033,0.608,0.234,1.0,False,False
real_gemini35flashlite_50,run_018,run_042,0.169,0.493,0.029,1.0,False,False
real_gemini35flashlite_50,run_018,run_043,0.187,0.595,0.08,1.0,True,True
real_gemini35flashlite_50,run_018,run_044,0.216,0.584,0.044,1.0,False,True
real_gemini35flashlite_50,run_018,run_045,0.165,0.54,0.268,1.0,False,True
real_gemini35flashlite_50,run_018,run_046,0.179,0.667,0.139,1.0,True,True
real_gemini35flashlite_50,run_018,run_047,0.01,0.05,0.036,0.0,False,False
real_gemini35flashlite_50,run_018,run_048,0.01,0.05,0.036,0.0,False,False
real_gemini35flashlite_50,run_018,run_049,0.112,0.263,0.129,0.0,True,True
real_gemini35flashlite_50,run_018,run_050,0.01,0.05,0.036,0.0,False,False
real_gemini35flashlite_50,run_019,run_020,0.059,0.761,0.342,1.0,False,True
real_gemini35flashlite_50,run_019,run_021,0.28,0.591,0.254,1.0,False,True
real_gemini35flashlite_50,run_019,run_022,0.202,0.49,0.292,1.0,False,True
real_gemini35flashlite_50,run_019,run_023,0.368,0.619,0.293,0.0,False,True
real_gemini35flashlite_50,run_019,run_024,0.25,0.789,0.062,1.0,False,True
real_gemini35flashlite_50,run_019,run_026,0.134,0.211,0.05,0.0,False,True
real_gemini35flashlite_50,run_019,run_027,0.09,0.624,0.176,1.0,False,True
real_gemini35flashlite_50,run_019,run_028,0.016,0.064,0.022,0.0,False,False
real_gemini35flashlite_50,run_019,run_029,0.371,0.718,0.011,1.0,False,True
real_gemini35flashlite_50,run_019,run_030,0.352,0.571,0.129,0.0,False,True
real_gemini35flashlite_50,run_019,run_031,0.134,0.647,0.157,1.0,False,False
real_gemini35flashlite_50,run_019,run_032,0.1,0.554,0.336,1.0,False,True
real_gemini35flashlite_50,run_019,run_033,0.056,0.256,0.113,0.0,False,True
real_gemini35flashlite_50,run_019,run_034,0.188,0.631,0.065,1.0,False,True
real_gemini35flashlite_50,run_019,run_035,0.238,0.707,0.176,1.0,False,True
real_gemini35flashlite_50,run_019,run_036,0.253,0.582,0.133,1.0,False,True
real_gemini35flashlite_50,run_019,run_037,0.269,0.721,0.397,1.0,False,True
real_gemini35flashlite_50,run_019,run_038,0.163,0.842,0.077,1.0,False,True
real_gemini35flashlite_50,run_019,run_039,0.016,0.064,0.022,0.0,False,False
real_gemini35flashlite_50,run_019,run_040,0.113,0.284,0.039,0.0,False,True
real_gemini35flashlite_50,run_019,run_041,0.056,0.64,0.215,1.0,False,False
real_gemini35flashlite_50,run_019,run_042,0.189,0.627,0.129,1.0,False,False
real_gemini35flashlite_50,run_019,run_043,0.234,0.651,0.118,1.0,False,True
real_gemini35flashlite_50,run_019,run_044,0.283,0.605,0.06,1.0,False,True
real_gemini35flashlite_50,run_019,run_045,0.214,0.601,0.252,1.0,False,True
real_gemini35flashlite_50,run_019,run_046,0.071,0.605,0.023,1.0,False,True
real_gemini35flashlite_50,run_019,run_047,0.016,0.064,0.022,0.0,False,False
real_gemini35flashlite_50,run_019,run_048,0.016,0.064,0.022,0.0,False,False
real_gemini35flashlite_50,run_019,run_049,0.101,0.295,0.06,0.0,False,True
real_gemini35flashlite_50,run_019,run_050,0.016,0.064,0.022,0.0,False,False
real_gemini35flashlite_50,run_020,run_021,0.124,0.464,0.018,1.0,False,True
real_gemini35flashlite_50,run_020,run_022,0.028,0.508,0.044,1.0,False,True
real_gemini35flashlite_50,run_020,run_023,0.098,0.513,0.521,0.0,False,True
real_gemini35flashlite_50,run_020,run_024,0.103,0.864,0.029,1.0,True,True
real_gemini35flashlite_50,run_020,run_026,0.181,0.286,0.044,0.0,False,True
real_gemini35flashlite_50,run_020,run_027,0.088,0.662,0.171,1.0,False,True
real_gemini35flashlite_50,run_020,run_028,0.008,0.043,0.03,0.0,False,False
real_gemini35flashlite_50,run_020,run_029,0.068,0.68,0.017,1.0,False,True
real_gemini35flashlite_50,run_020,run_030,0.109,0.481,0.141,0.0,False,True
real_gemini35flashlite_50,run_020,run_031,0.093,0.685,0.18,1.0,True,False
real_gemini35flashlite_50,run_020,run_032,0.057,0.49,0.445,1.0,False,True
real_gemini35flashlite_50,run_020,run_033,0.08,0.213,0.136,0.0,False,True
real_gemini35flashlite_50,run_020,run_034,0.073,0.528,0.114,1.0,False,True
real_gemini35flashlite_50,run_020,run_035,0.044,0.71,0.181,1.0,False,True
real_gemini35flashlite_50,run_020,run_036,0.171,0.498,0.012,1.0,False,True
real_gemini35flashlite_50,run_020,run_037,0.057,0.676,0.417,1.0,False,True
real_gemini35flashlite_50,run_020,run_038,0.1,0.759,0.042,1.0,False,True
real_gemini35flashlite_50,run_020,run_039,0.008,0.043,0.03,0.0,False,False
real_gemini35flashlite_50,run_020,run_040,0.096,0.237,0.094,0.0,False,True
real_gemini35flashlite_50,run_020,run_041,0.092,0.613,0.147,1.0,True,False
real_gemini35flashlite_50,run_020,run_042,0.049,0.559,0.036,1.0,True,False
real_gemini35flashlite_50,run_020,run_043,0.093,0.563,0.078,1.0,False,True
real_gemini35flashlite_50,run_020,run_044,0.029,0.531,0.064,1.0,False,True
real_gemini35flashlite_50,run_020,run_045,0.126,0.502,0.233,1.0,False,True
real_gemini35flashlite_50,run_020,run_046,0.235,0.627,0.19,1.0,False,True
real_gemini35flashlite_50,run_020,run_047,0.008,0.043,0.03,0.0,False,False
real_gemini35flashlite_50,run_020,run_048,0.008,0.043,0.03,0.0,False,False
real_gemini35flashlite_50,run_020,run_049,0.184,0.245,0.111,0.0,False,True
real_gemini35flashlite_50,run_020,run_050,0.008,0.043,0.03,0.0,False,False
real_gemini35flashlite_50,run_021,run_022,0.126,0.601,0.346,1.0,True,True
real_gemini35flashlite_50,run_021,run_023,0.209,0.459,0.31,0.0,False,True
real_gemini35flashlite_50,run_021,run_024,0.247,0.554,0.073,1.0,False,True
real_gemini35flashlite_50,run_021,run_026,0.076,0.304,0.061,0.0,False,True
real_gemini35flashlite_50,run_021,run_027,0.162,0.419,0.094,1.0,True,True
real_gemini35flashlite_50,run_021,run_028,0.014,0.057,0.024,0.0,False,False
real_gemini35flashlite_50,run_021,run_029,0.186,0.525,0.012,1.0,False,True
real_gemini35flashlite_50,run_021,run_030,0.236,0.48,0.13,0.0,False,True
real_gemini35flashlite_50,run_021,run_031,0.323,0.512,0.03,1.0,False,False
real_gemini35flashlite_50,run_021,run_032,0.197,0.455,0.419,1.0,True,True
real_gemini35flashlite_50,run_021,run_033,0.202,0.235,0.234,0.0,True,True
real_gemini35flashlite_50,run_021,run_034,0.285,0.485,0.225,1.0,True,True
real_gemini35flashlite_50,run_021,run_035,0.31,0.428,0.087,1.0,True,True
real_gemini35flashlite_50,run_021,run_036,0.199,0.58,0.138,1.0,True,True
real_gemini35flashlite_50,run_021,run_037,0.173,0.579,0.471,1.0,False,True
real_gemini35flashlite_50,run_021,run_038,0.169,0.555,0.079,1.0,True,True
real_gemini35flashlite_50,run_021,run_039,0.014,0.057,0.024,0.0,False,False
real_gemini35flashlite_50,run_021,run_040,0.066,0.306,0.055,0.0,False,True
real_gemini35flashlite_50,run_021,run_041,0.051,0.54,0.175,1.0,False,False
real_gemini35flashlite_50,run_021,run_042,0.294,0.551,0.036,1.0,False,False
real_gemini35flashlite_50,run_021,run_043,0.187,0.656,0.231,1.0,True,True
real_gemini35flashlite_50,run_021,run_044,0.291,0.675,0.062,1.0,False,True
real_gemini35flashlite_50,run_021,run_045,0.217,0.483,0.289,1.0,False,True
real_gemini35flashlite_50,run_021,run_046,0.144,0.574,0.027,1.0,True,True
real_gemini35flashlite_50,run_021,run_047,0.014,0.057,0.024,0.0,False,False
real_gemini35flashlite_50,run_021,run_048,0.014,0.057,0.024,0.0,False,False
real_gemini35flashlite_50,run_021,run_049,0.144,0.281,0.054,0.0,True,True
real_gemini35flashlite_50,run_021,run_050,0.014,0.057,0.024,0.0,False,False
real_gemini35flashlite_50,run_022,run_023,0.264,0.392,0.248,0.0,False,True
real_gemini35flashlite_50,run_022,run_024,0.194,0.457,0.117,1.0,False,True
real_gemini35flashlite_50,run_022,run_026,0.216,0.158,0.102,0.0,False,True
real_gemini35flashlite_50,run_022,run_027,0.062,0.372,0.101,1.0,True,True
real_gemini35flashlite_50,run_022,run_028,0.009,0.058,0.023,0.0,False,False
real_gemini35flashlite_50,run_022,run_029,0.227,0.491,0.115,1.0,False,True
real_gemini35flashlite_50,run_022,run_030,0.247,0.562,0.068,0.0,False,True
real_gemini35flashlite_50,run_022,run_031,0.101,0.542,0.093,1.0,False,False
real_gemini35flashlite_50,run_022,run_032,0.085,0.52,0.313,1.0,True,True
real_gemini35flashlite_50,run_022,run_033,0.039,0.271,0.208,0.0,True,True
real_gemini35flashlite_50,run_022,run_034,0.183,0.497,0.075,1.0,True,True
real_gemini35flashlite_50,run_022,run_035,0.168,0.5,0.081,1.0,True,True
real_gemini35flashlite_50,run_022,run_036,0.28,0.673,0.171,1.0,True,True
real_gemini35flashlite_50,run_022,run_037,0.183,0.56,0.416,1.0,False,True
real_gemini35flashlite_50,run_022,run_038,0.14,0.438,0.111,1.0,True,True
real_gemini35flashlite_50,run_022,run_039,0.009,0.058,0.023,0.0,False,False
real_gemini35flashlite_50,run_022,run_040,0.087,0.289,0.055,0.0,False,True
real_gemini35flashlite_50,run_022,run_041,0.24,0.5,0.352,1.0,False,False
real_gemini35flashlite_50,run_022,run_042,0.218,0.492,0.048,1.0,False,False
real_gemini35flashlite_50,run_022,run_043,0.241,0.536,0.167,1.0,True,True
real_gemini35flashlite_50,run_022,run_044,0.348,0.605,0.048,1.0,False,True
real_gemini35flashlite_50,run_022,run_045,0.25,0.555,0.185,1.0,False,True
real_gemini35flashlite_50,run_022,run_046,0.096,0.474,0.015,1.0,True,True
real_gemini35flashlite_50,run_022,run_047,0.009,0.058,0.023,0.0,False,False
real_gemini35flashlite_50,run_022,run_048,0.009,0.058,0.023,0.0,False,False
real_gemini35flashlite_50,run_022,run_049,0.059,0.229,0.057,0.0,True,True
real_gemini35flashlite_50,run_022,run_050,0.009,0.058,0.023,0.0,False,False
real_gemini35flashlite_50,run_023,run_024,0.28,0.551,0.03,0.0,False,True
real_gemini35flashlite_50,run_023,run_026,0.237,0.271,0.025,0.5,False,True
real_gemini35flashlite_50,run_023,run_027,0.156,0.458,0.274,0.0,False,True
real_gemini35flashlite_50,run_023,run_028,0.014,0.057,0.033,0.0,False,False
real_gemini35flashlite_50,run_023,run_029,0.292,0.578,0.032,0.0,False,True
real_gemini35flashlite_50,run_023,run_030,0.353,0.644,0.147,1.0,False,True
real_gemini35flashlite_50,run_023,run_031,0.123,0.509,0.049,0.0,False,False
real_gemini35flashlite_50,run_023,run_032,0.132,0.489,0.357,0.0,False,True
real_gemini35flashlite_50,run_023,run_033,0.16,0.407,0.061,0.5,False,True
real_gemini35flashlite_50,run_023,run_034,0.179,0.613,0.139,0.0,False,True
real_gemini35flashlite_50,run_023,run_035,0.223,0.496,0.169,0.0,False,True
real_gemini35flashlite_50,run_023,run_036,0.259,0.527,0.029,0.0,False,True
real_gemini35flashlite_50,run_023,run_037,0.226,0.522,0.324,0.0,False,True
real_gemini35flashlite_50,run_023,run_038,0.129,0.534,0.068,0.0,False,True
real_gemini35flashlite_50,run_023,run_039,0.014,0.057,0.033,0.0,False,False
real_gemini35flashlite_50,run_023,run_040,0.074,0.409,0.055,0.5,True,True
real_gemini35flashlite_50,run_023,run_041,0.201,0.537,0.159,0.0,False,False
real_gemini35flashlite_50,run_023,run_042,0.192,0.548,0.07,0.0,False,False
real_gemini35flashlite_50,run_023,run_043,0.204,0.497,0.087,0.0,False,True
real_gemini35flashlite_50,run_023,run_044,0.219,0.512,0.043,0.0,False,True
real_gemini35flashlite_50,run_023,run_045,0.231,0.594,0.287,0.0,False,True
real_gemini35flashlite_50,run_023,run_046,0.16,0.544,0.162,0.0,False,True
real_gemini35flashlite_50,run_023,run_047,0.014,0.057,0.033,0.0,False,False
real_gemini35flashlite_50,run_023,run_048,0.014,0.057,0.033,0.0,False,False
real_gemini35flashlite_50,run_023,run_049,0.162,0.218,0.067,0.0,False,True
real_gemini35flashlite_50,run_023,run_050,0.014,0.057,0.033,0.0,False,False
real_gemini35flashlite_50,run_024,run_026,0.104,0.284,0.11,0.0,False,True
real_gemini35flashlite_50,run_024,run_027,0.156,0.649,0.071,1.0,False,True
real_gemini35flashlite_50,run_024,run_028,0.009,0.048,0.027,0.0,False,False
real_gemini35flashlite_50,run_024,run_029,0.279,0.751,0.103,1.0,False,True
real_gemini35flashlite_50,run_024,run_030,0.21,0.523,0.115,0.0,False,True
real_gemini35flashlite_50,run_024,run_031,0.157,0.8,0.039,1.0,True,False
real_gemini35flashlite_50,run_024,run_032,0.185,0.484,0.543,1.0,False,True
real_gemini35flashlite_50,run_024,run_033,0.078,0.224,0.069,0.0,False,True
real_gemini35flashlite_50,run_024,run_034,0.177,0.578,0.09,1.0,False,True
real_gemini35flashlite_50,run_024,run_035,0.232,0.679,0.136,1.0,False,True
real_gemini35flashlite_50,run_024,run_036,0.155,0.518,0.049,1.0,False,True
real_gemini35flashlite_50,run_024,run_037,0.141,0.611,0.596,1.0,False,True
real_gemini35flashlite_50,run_024,run_038,0.155,0.775,0.239,1.0,False,True
real_gemini35flashlite_50,run_024,run_039,0.009,0.048,0.027,0.0,False,False
real_gemini35flashlite_50,run_024,run_040,0.091,0.257,0.085,0.0,False,True
real_gemini35flashlite_50,run_024,run_041,0.086,0.603,0.367,1.0,True,False
real_gemini35flashlite_50,run_024,run_042,0.209,0.63,0.09,1.0,True,False
real_gemini35flashlite_50,run_024,run_043,0.192,0.55,0.144,1.0,False,True
real_gemini35flashlite_50,run_024,run_044,0.151,0.503,0.065,1.0,False,True
real_gemini35flashlite_50,run_024,run_045,0.188,0.546,0.309,1.0,False,True
real_gemini35flashlite_50,run_024,run_046,0.102,0.669,0.057,1.0,False,True
real_gemini35flashlite_50,run_024,run_047,0.009,0.048,0.027,0.0,False,False
real_gemini35flashlite_50,run_024,run_048,0.009,0.048,0.027,0.0,False,False
real_gemini35flashlite_50,run_024,run_049,0.115,0.258,0.07,0.0,False,True
real_gemini35flashlite_50,run_024,run_050,0.009,0.048,0.027,0.0,False,False
real_gemini35flashlite_50,run_026,run_027,0.113,0.306,0.169,0.0,False,True
real_gemini35flashlite_50,run_026,run_028,0.008,0.043,0.028,0.0,False,False
real_gemini35flashlite_50,run_026,run_029,0.094,0.294,0.2,0.0,False,True
real_gemini35flashlite_50,run_026,run_030,0.089,0.253,0.102,0.5,True,True
real_gemini35flashlite_50,run_026,run_031,0.138,0.287,0.021,0.0,False,False
real_gemini35flashlite_50,run_026,run_032,0.134,0.237,0.338,0.0,False,True
real_gemini35flashlite_50,run_026,run_033,0.111,0.415,0.033,1.0,False,True
real_gemini35flashlite_50,run_026,run_034,0.045,0.216,0.059,0.0,False,True
real_gemini35flashlite_50,run_026,run_035,0.157,0.287,0.12,0.0,False,True
real_gemini35flashlite_50,run_026,run_036,0.057,0.075,0.165,0.0,False,True
real_gemini35flashlite_50,run_026,run_037,0.172,0.294,0.507,0.0,False,True
real_gemini35flashlite_50,run_026,run_038,0.188,0.213,0.143,0.0,False,True
real_gemini35flashlite_50,run_026,run_039,0.008,0.043,0.028,0.0,False,False
real_gemini35flashlite_50,run_026,run_040,0.096,0.537,0.083,1.0,False,True
real_gemini35flashlite_50,run_026,run_041,0.168,0.273,0.151,0.0,False,False
real_gemini35flashlite_50,run_026,run_042,0.097,0.219,0.173,0.0,False,False
real_gemini35flashlite_50,run_026,run_043,0.074,0.168,0.15,0.0,False,True
real_gemini35flashlite_50,run_026,run_044,0.255,0.12,0.203,0.0,False,True
real_gemini35flashlite_50,run_026,run_045,0.241,0.161,0.254,0.0,True,True
real_gemini35flashlite_50,run_026,run_046,0.195,0.296,0.05,0.0,False,True
real_gemini35flashlite_50,run_026,run_047,0.008,0.043,0.028,0.0,False,False
real_gemini35flashlite_50,run_026,run_048,0.008,0.043,0.028,0.0,False,False
real_gemini35flashlite_50,run_026,run_049,0.062,0.614,0.088,0.5,False,True
real_gemini35flashlite_50,run_026,run_050,0.008,0.043,0.028,0.0,False,False
real_gemini35flashlite_50,run_027,run_028,0.009,0.04,0.03,0.0,False,False
real_gemini35flashlite_50,run_027,run_029,0.104,0.621,0.013,1.0,False,True
real_gemini35flashlite_50,run_027,run_030,0.206,0.457,0.164,0.0,False,True
real_gemini35flashlite_50,run_027,run_031,0.103,0.564,0.201,1.0,False,False
real_gemini35flashlite_50,run_027,run_032,0.139,0.478,0.459,1.0,True,True
real_gemini35flashlite_50,run_027,run_033,0.073,0.255,0.14,0.0,True,True
real_gemini35flashlite_50,run_027,run_034,0.113,0.421,0.146,1.0,True,True
real_gemini35flashlite_50,run_027,run_035,0.136,0.751,0.184,1.0,True,True
real_gemini35flashlite_50,run_027,run_036,0.08,0.5,0.02,1.0,True,True
real_gemini35flashlite_50,run_027,run_037,0.118,0.493,0.511,1.0,False,True
real_gemini35flashlite_50,run_027,run_038,0.054,0.659,0.046,1.0,True,True
real_gemini35flashlite_50,run_027,run_039,0.009,0.04,0.03,0.0,False,False
real_gemini35flashlite_50,run_027,run_040,0.151,0.249,0.101,0.0,False,True
real_gemini35flashlite_50,run_027,run_041,0.055,0.532,0.215,1.0,False,False
real_gemini35flashlite_50,run_027,run_042,0.114,0.542,0.049,1.0,False,False
real_gemini35flashlite_50,run_027,run_043,0.14,0.491,0.078,1.0,True,True
real_gemini35flashlite_50,run_027,run_044,0.069,0.415,0.073,1.0,False,True
real_gemini35flashlite_50,run_027,run_045,0.07,0.477,0.225,1.0,False,True
real_gemini35flashlite_50,run_027,run_046,0.138,0.608,0.172,1.0,True,True
real_gemini35flashlite_50,run_027,run_047,0.009,0.04,0.03,0.0,False,False
real_gemini35flashlite_50,run_027,run_048,0.009,0.04,0.03,0.0,False,False
real_gemini35flashlite_50,run_027,run_049,0.223,0.206,0.114,0.0,True,True
real_gemini35flashlite_50,run_027,run_050,0.009,0.04,0.03,0.0,False,False
real_gemini35flashlite_50,run_028,run_029,0.0,0.051,0.0,0.0,False,False
real_gemini35flashlite_50,run_028,run_030,0.0,0.075,0.0,0.0,False,False
real_gemini35flashlite_50,run_028,run_031,0.0,0.052,0.0,0.0,False,False
real_gemini35flashlite_50,run_028,run_032,0.0,0.048,0.042,0.0,False,False
real_gemini35flashlite_50,run_028,run_033,0.0,0.046,0.0,0.0,False,False
real_gemini35flashlite_50,run_028,run_034,0.0,0.061,0.0,0.0,False,False
real_gemini35flashlite_50,run_028,run_035,0.0,0.038,0.0,0.0,False,False
real_gemini35flashlite_50,run_028,run_036,0.0,0.059,0.0,0.0,False,False
real_gemini35flashlite_50,run_028,run_037,0.0,0.071,0.04,0.0,False,False
real_gemini35flashlite_50,run_028,run_038,0.0,0.05,0.0,0.0,False,False
real_gemini35flashlite_50,run_028,run_039,1.0,1.0,1.0,1.0,False,False
real_gemini35flashlite_50,run_028,run_040,0.0,0.046,0.0,0.0,False,False
real_gemini35flashlite_50,run_028,run_041,0.0,0.067,0.0,0.0,False,False
real_gemini35flashlite_50,run_028,run_042,0.0,0.062,0.0,0.0,False,False
real_gemini35flashlite_50,run_028,run_043,0.0,0.074,0.0,0.0,False,False
real_gemini35flashlite_50,run_028,run_044,0.0,0.094,0.0,0.0,False,False
real_gemini35flashlite_50,run_028,run_045,0.0,0.08,0.038,0.0,False,False
real_gemini35flashlite_50,run_028,run_046,0.0,0.051,0.0,0.0,False,False
real_gemini35flashlite_50,run_028,run_047,1.0,1.0,1.0,1.0,False,False
real_gemini35flashlite_50,run_028,run_048,1.0,1.0,1.0,1.0,False,False
real_gemini35flashlite_50,run_028,run_049,0.0,0.047,0.0,0.0,False,False
real_gemini35flashlite_50,run_028,run_050,1.0,1.0,1.0,1.0,False,False
real_gemini35flashlite_50,run_029,run_030,0.268,0.521,0.129,0.0,False,True
real_gemini35flashlite_50,run_029,run_031,0.158,0.579,0.183,1.0,False,False
real_gemini35flashlite_50,run_029,run_032,0.158,0.523,0.391,1.0,False,True
real_gemini35flashlite_50,run_029,run_033,0.05,0.23,0.029,0.0,False,True
real_gemini35flashlite_50,run_029,run_034,0.172,0.597,0.025,1.0,False,True
real_gemini35flashlite_50,run_029,run_035,0.211,0.785,0.124,1.0,False,True
real_gemini35flashlite_50,run_029,run_036,0.277,0.516,0.028,1.0,False,True
real_gemini35flashlite_50,run_029,run_037,0.195,0.653,0.432,1.0,True,True
real_gemini35flashlite_50,run_029,run_038,0.268,0.704,0.032,1.0,False,True
real_gemini35flashlite_50,run_029,run_039,0.014,0.051,0.022,0.0,False,False
real_gemini35flashlite_50,run_029,run_040,0.091,0.264,0.047,0.0,False,True
real_gemini35flashlite_50,run_029,run_041,0.099,0.604,0.16,1.0,False,False
real_gemini35flashlite_50,run_029,run_042,0.216,0.498,0.106,1.0,False,False
real_gemini35flashlite_50,run_029,run_043,0.244,0.601,0.101,1.0,False,True
real_gemini35flashlite_50,run_029,run_044,0.221,0.523,0.115,1.0,True,True
real_gemini35flashlite_50,run_029,run_045,0.213,0.545,0.291,1.0,False,True
real_gemini35flashlite_50,run_029,run_046,0.127,0.751,0.023,1.0,False,True
real_gemini35flashlite_50,run_029,run_047,0.014,0.051,0.022,0.0,False,False
real_gemini35flashlite_50,run_029,run_048,0.014,0.051,0.022,0.0,False,False
real_gemini35flashlite_50,run_029,run_049,0.072,0.266,0.016,0.0,False,True
real_gemini35flashlite_50,run_029,run_050,0.014,0.051,0.022,0.0,False,False
real_gemini35flashlite_50,run_030,run_031,0.134,0.526,0.046,0.0,False,False
real_gemini35flashlite_50,run_030,run_032,0.141,0.543,0.349,0.0,False,True
real_gemini35flashlite_50,run_030,run_033,0.027,0.293,0.27,0.5,False,True
real_gemini35flashlite_50,run_030,run_034,0.242,0.613,0.105,0.0,False,True
real_gemini35flashlite_50,run_030,run_035,0.223,0.422,0.231,0.0,False,True
real_gemini35flashlite_50,run_030,run_036,0.236,0.606,0.019,0.0,False,True
real_gemini35flashlite_50,run_030,run_037,0.232,0.494,0.309,0.0,False,True
real_gemini35flashlite_50,run_030,run_038,0.159,0.533,0.081,0.0,False,True
real_gemini35flashlite_50,run_030,run_039,0.013,0.075,0.028,0.0,False,False
real_gemini35flashlite_50,run_030,run_040,0.09,0.235,0.059,0.5,False,True
real_gemini35flashlite_50,run_030,run_041,0.158,0.573,0.221,0.0,False,False
real_gemini35flashlite_50,run_030,run_042,0.219,0.596,0.156,0.0,False,False
real_gemini35flashlite_50,run_030,run_043,0.214,0.49,0.08,0.0,False,True
real_gemini35flashlite_50,run_030,run_044,0.194,0.652,0.018,0.0,False,True
real_gemini35flashlite_50,run_030,run_045,0.204,0.886,0.427,0.0,True,True
real_gemini35flashlite_50,run_030,run_046,0.111,0.534,0.025,0.0,False,True
real_gemini35flashlite_50,run_030,run_047,0.013,0.075,0.028,0.0,False,False
real_gemini35flashlite_50,run_030,run_048,0.013,0.075,0.028,0.0,False,False
real_gemini35flashlite_50,run_030,run_049,0.17,0.246,0.071,0.0,False,True
real_gemini35flashlite_50,run_030,run_050,0.013,0.075,0.028,0.0,False,False
real_gemini35flashlite_50,run_031,run_032,0.366,0.562,0.348,1.0,False,False
real_gemini35flashlite_50,run_031,run_033,0.059,0.257,0.124,0.0,False,False
real_gemini35flashlite_50,run_031,run_034,0.214,0.498,0.087,1.0,False,False
real_gemini35flashlite_50,run_031,run_035,0.246,0.567,0.192,1.0,False,False
real_gemini35flashlite_50,run_031,run_036,0.171,0.559,0.009,1.0,False,False
real_gemini35flashlite_50,run_031,run_037,0.136,0.546,0.286,1.0,False,False
real_gemini35flashlite_50,run_031,run_038,0.206,0.623,0.052,1.0,False,False
real_gemini35flashlite_50,run_031,run_039,0.011,0.052,0.017,0.0,False,False
real_gemini35flashlite_50,run_031,run_040,0.128,0.258,0.062,0.0,False,False
real_gemini35flashlite_50,run_031,run_041,0.102,0.52,0.211,1.0,True,False
real_gemini35flashlite_50,run_031,run_042,0.287,0.686,0.04,1.0,True,False
real_gemini35flashlite_50,run_031,run_043,0.21,0.628,0.093,1.0,False,False
real_gemini35flashlite_50,run_031,run_044,0.293,0.552,0.037,1.0,False,False
real_gemini35flashlite_50,run_031,run_045,0.138,0.541,0.334,1.0,False,False
real_gemini35flashlite_50,run_031,run_046,0.161,0.511,0.023,1.0,False,False
real_gemini35flashlite_50,run_031,run_047,0.011,0.052,0.017,0.0,False,False
real_gemini35flashlite_50,run_031,run_048,0.011,0.052,0.017,0.0,False,False
real_gemini35flashlite_50,run_031,run_049,0.06,0.226,0.089,0.0,False,False
real_gemini35flashlite_50,run_031,run_050,0.011,0.052,0.017,0.0,False,False
real_gemini35flashlite_50,run_032,run_033,0.062,0.216,0.169,0.0,True,True
real_gemini35flashlite_50,run_032,run_034,0.229,0.55,0.099,1.0,True,True
real_gemini35flashlite_50,run_032,run_035,0.218,0.527,0.197,1.0,True,True
real_gemini35flashlite_50,run_032,run_036,0.104,0.664,0.018,1.0,True,True
real_gemini35flashlite_50,run_032,run_037,0.127,0.581,0.493,1.0,False,True
real_gemini35flashlite_50,run_032,run_038,0.208,0.542,0.027,1.0,True,True
real_gemini35flashlite_50,run_032,run_039,0.011,0.048,0.042,0.0,False,False
real_gemini35flashlite_50,run_032,run_040,0.086,0.297,0.065,0.0,False,True
real_gemini35flashlite_50,run_032,run_041,0.061,0.565,0.143,1.0,False,False
real_gemini35flashlite_50,run_032,run_042,0.273,0.472,0.186,1.0,False,False
real_gemini35flashlite_50,run_032,run_043,0.185,0.59,0.142,1.0,True,True
real_gemini35flashlite_50,run_032,run_044,0.205,0.481,0.032,1.0,False,True
real_gemini35flashlite_50,run_032,run_045,0.119,0.588,0.217,1.0,False,True
real_gemini35flashlite_50,run_032,run_046,0.143,0.5,0.108,1.0,True,True
real_gemini35flashlite_50,run_032,run_047,0.011,0.048,0.042,0.0,False,False
real_gemini35flashlite_50,run_032,run_048,0.011,0.048,0.042,0.0,False,False
real_gemini35flashlite_50,run_032,run_049,0.089,0.226,0.164,0.0,True,True
real_gemini35flashlite_50,run_032,run_050,0.011,0.048,0.042,0.0,False,False
real_gemini35flashlite_50,run_033,run_034,0.078,0.42,0.027,0.0,True,True
real_gemini35flashlite_50,run_033,run_035,0.099,0.219,0.133,0.0,True,True
real_gemini35flashlite_50,run_033,run_036,0.12,0.239,0.15,0.0,True,True
real_gemini35flashlite_50,run_033,run_037,0.118,0.316,0.309,0.0,False,True
real_gemini35flashlite_50,run_033,run_038,0.096,0.228,0.049,0.0,True,True
real_gemini35flashlite_50,run_033,run_039,0.012,0.046,0.028,0.0,False,False
real_gemini35flashlite_50,run_033,run_040,0.127,0.776,0.024,1.0,False,True
real_gemini35flashlite_50,run_033,run_041,0.065,0.27,0.193,0.0,False,False
real_gemini35flashlite_50,run_033,run_042,0.08,0.261,0.043,0.0,False,False
real_gemini35flashlite_50,run_033,run_043,0.112,0.301,0.103,0.0,True,True
real_gemini35flashlite_50,run_033,run_044,0.115,0.317,0.044,0.0,False,True
real_gemini35flashlite_50,run_033,run_045,0.142,0.28,0.389,0.0,False,True
real_gemini35flashlite_50,run_033,run_046,0.086,0.298,0.075,0.0,True,True
real_gemini35flashlite_50,run_033,run_047,0.012,0.046,0.028,0.0,False,False
real_gemini35flashlite_50,run_033,run_048,0.012,0.046,0.028,0.0,False,False
real_gemini35flashlite_50,run_033,run_049,0.226,0.669,0.119,0.5,True,True
real_gemini35flashlite_50,run_033,run_050,0.012,0.046,0.028,0.0,False,False
real_gemini35flashlite_50,run_034,run_035,0.257,0.502,0.126,1.0,True,True
real_gemini35flashlite_50,run_034,run_036,0.158,0.588,0.174,1.0,True,True
real_gemini35flashlite_50,run_034,run_037,0.169,0.678,0.425,1.0,False,True
real_gemini35flashlite_50,run_034,run_038,0.185,0.57,0.079,1.0,True,True
real_gemini35flashlite_50,run_034,run_039,0.013,0.061,0.026,0.0,False,False
real_gemini35flashlite_50,run_034,run_040,0.05,0.35,0.042,0.0,False,True
real_gemini35flashlite_50,run_034,run_041,0.077,0.568,0.217,1.0,False,False
real_gemini35flashlite_50,run_034,run_042,0.316,0.537,0.059,1.0,False,False
real_gemini35flashlite_50,run_034,run_043,0.241,0.598,0.133,1.0,True,True
real_gemini35flashlite_50,run_034,run_044,0.287,0.573,0.056,1.0,False,True
real_gemini35flashlite_50,run_034,run_045,0.199,0.607,0.301,1.0,False,True
real_gemini35flashlite_50,run_034,run_046,0.097,0.571,0.033,1.0,True,True
real_gemini35flashlite_50,run_034,run_047,0.013,0.061,0.026,0.0,False,False
real_gemini35flashlite_50,run_034,run_048,0.013,0.061,0.026,0.0,False,False
real_gemini35flashlite_50,run_034,run_049,0.106,0.36,0.056,0.0,True,True
real_gemini35flashlite_50,run_034,run_050,0.013,0.061,0.026,0.0,False,False
real_gemini35flashlite_50,run_035,run_036,0.209,0.514,0.015,1.0,True,True
real_gemini35flashlite_50,run_035,run_037,0.208,0.559,0.339,1.0,False,True
real_gemini35flashlite_50,run_035,run_038,0.19,0.711,0.009,1.0,True,True
real_gemini35flashlite_50,run_035,run_039,0.01,0.038,0.025,0.0,False,False
real_gemini35flashlite_50,run_035,run_040,0.058,0.227,0.045,0.0,False,True
real_gemini35flashlite_50,run_035,run_041,0.144,0.521,0.202,1.0,False,False
real_gemini35flashlite_50,run_035,run_042,0.276,0.546,0.046,1.0,False,False
real_gemini35flashlite_50,run_035,run_043,0.27,0.567,0.067,1.0,True,True
real_gemini35flashlite_50,run_035,run_044,0.276,0.481,0.025,1.0,False,True
real_gemini35flashlite_50,run_035,run_045,0.175,0.449,0.349,1.0,False,True
real_gemini35flashlite_50,run_035,run_046,0.084,0.684,0.024,1.0,True,True
real_gemini35flashlite_50,run_035,run_047,0.01,0.038,0.025,0.0,False,False
real_gemini35flashlite_50,run_035,run_048,0.01,0.038,0.025,0.0,False,False
real_gemini35flashlite_50,run_035,run_049,0.084,0.228,0.064,0.0,True,True
real_gemini35flashlite_50,run_035,run_050,0.01,0.038,0.025,0.0,False,False
real_gemini35flashlite_50,run_036,run_037,0.163,0.492,0.331,1.0,False,True
real_gemini35flashlite_50,run_036,run_038,0.166,0.528,0.179,1.0,True,True
real_gemini35flashlite_50,run_036,run_039,0.014,0.059,0.019,0.0,False,False
real_gemini35flashlite_50,run_036,run_040,0.057,0.276,0.12,0.0,False,True
real_gemini35flashlite_50,run_036,run_041,0.107,0.616,0.089,1.0,False,False
real_gemini35flashlite_50,run_036,run_042,0.201,0.531,0.112,1.0,False,False
real_gemini35flashlite_50,run_036,run_043,0.233,0.534,0.062,1.0,True,True
real_gemini35flashlite_50,run_036,run_044,0.23,0.541,0.062,1.0,False,True
real_gemini35flashlite_50,run_036,run_045,0.31,0.624,0.326,1.0,False,True
real_gemini35flashlite_50,run_036,run_046,0.122,0.481,0.021,1.0,True,True
real_gemini35flashlite_50,run_036,run_047,0.014,0.059,0.019,0.0,False,False
real_gemini35flashlite_50,run_036,run_048,0.014,0.059,0.019,0.0,False,False
real_gemini35flashlite_50,run_036,run_049,0.068,0.25,0.052,0.0,True,True
real_gemini35flashlite_50,run_036,run_050,0.014,0.059,0.019,0.0,False,False
real_gemini35flashlite_50,run_037,run_038,0.104,0.653,0.116,1.0,False,True
real_gemini35flashlite_50,run_037,run_039,0.013,0.071,0.04,0.0,False,False
real_gemini35flashlite_50,run_037,run_040,0.075,0.317,0.149,0.0,False,True
real_gemini35flashlite_50,run_037,run_041,0.045,0.667,0.296,1.0,False,False
real_gemini35flashlite_50,run_037,run_042,0.196,0.583,0.157,1.0,False,False
real_gemini35flashlite_50,run_037,run_043,0.225,0.805,0.134,1.0,False,True
real_gemini35flashlite_50,run_037,run_044,0.235,0.704,0.176,1.0,True,True
real_gemini35flashlite_50,run_037,run_045,0.151,0.484,0.403,1.0,False,True
real_gemini35flashlite_50,run_037,run_046,0.091,0.718,0.082,1.0,False,True
real_gemini35flashlite_50,run_037,run_047,0.013,0.071,0.04,0.0,False,False
real_gemini35flashlite_50,run_037,run_048,0.013,0.071,0.04,0.0,False,False
real_gemini35flashlite_50,run_037,run_049,0.108,0.348,0.145,0.0,False,True
real_gemini35flashlite_50,run_037,run_050,0.013,0.071,0.04,0.0,False,False
real_gemini35flashlite_50,run_038,run_039,0.009,0.05,0.026,0.0,False,False
real_gemini35flashlite_50,run_038,run_040,0.153,0.294,0.11,0.0,False,True
real_gemini35flashlite_50,run_038,run_041,0.135,0.624,0.209,1.0,False,False
real_gemini35flashlite_50,run_038,run_042,0.198,0.632,0.054,1.0,False,False
real_gemini35flashlite_50,run_038,run_043,0.161,0.582,0.258,1.0,True,True
real_gemini35flashlite_50,run_038,run_044,0.231,0.581,0.077,1.0,False,True
real_gemini35flashlite_50,run_038,run_045,0.066,0.537,0.461,1.0,False,True
real_gemini35flashlite_50,run_038,run_046,0.129,0.629,0.024,1.0,True,True
real_gemini35flashlite_50,run_038,run_047,0.009,0.05,0.026,0.0,False,False
real_gemini35flashlite_50,run_038,run_048,0.009,0.05,0.026,0.0,False,False
real_gemini35flashlite_50,run_038,run_049,0.076,0.262,0.056,0.0,True,True
real_gemini35flashlite_50,run_038,run_050,0.009,0.05,0.026,0.0,False,False
real_gemini35flashlite_50,run_039,run_040,0.0,0.046,0.0,0.0,False,False
real_gemini35flashlite_50,run_039,run_041,0.0,0.067,0.0,0.0,False,False
real_gemini35flashlite_50,run_039,run_042,0.0,0.062,0.0,0.0,False,False
real_gemini35flashlite_50,run_039,run_043,0.0,0.074,0.0,0.0,False,False
real_gemini35flashlite_50,run_039,run_044,0.0,0.094,0.0,0.0,False,False
real_gemini35flashlite_50,run_039,run_045,0.0,0.08,0.038,0.0,False,False
real_gemini35flashlite_50,run_039,run_046,0.0,0.051,0.0,0.0,False,False
real_gemini35flashlite_50,run_039,run_047,1.0,1.0,1.0,1.0,False,False
real_gemini35flashlite_50,run_039,run_048,1.0,1.0,1.0,1.0,False,False
real_gemini35flashlite_50,run_039,run_049,0.0,0.047,0.0,0.0,False,False
real_gemini35flashlite_50,run_039,run_050,1.0,1.0,1.0,1.0,False,False
real_gemini35flashlite_50,run_040,run_041,0.044,0.29,0.103,0.0,False,False
real_gemini35flashlite_50,run_040,run_042,0.063,0.253,0.14,0.0,False,False
real_gemini35flashlite_50,run_040,run_043,0.159,0.302,0.143,0.0,False,True
real_gemini35flashlite_50,run_040,run_044,0.056,0.309,0.068,0.0,False,True
real_gemini35flashlite_50,run_040,run_045,0.059,0.241,0.298,0.0,False,True
real_gemini35flashlite_50,run_040,run_046,0.148,0.307,0.104,0.0,False,True
real_gemini35flashlite_50,run_040,run_047,0.01,0.031,0.02,0.0,False,False
real_gemini35flashlite_50,run_040,run_048,0.01,0.031,0.02,0.0,False,False
real_gemini35flashlite_50,run_040,run_049,0.104,0.64,0.087,0.5,False,True
real_gemini35flashlite_50,run_040,run_050,0.01,0.031,0.02,0.0,False,False
real_gemini35flashlite_50,run_041,run_042,0.105,0.53,0.057,1.0,True,True
real_gemini35flashlite_50,run_041,run_043,0.035,0.606,0.166,1.0,False,False
real_gemini35flashlite_50,run_041,run_044,0.184,0.622,0.094,1.0,False,False
real_gemini35flashlite_50,run_041,run_045,0.11,0.616,0.378,1.0,False,False
real_gemini35flashlite_50,run_041,run_046,0.145,0.627,0.076,1.0,False,False
real_gemini35flashlite_50,run_041,run_047,0.009,0.044,0.028,0.0,False,False
real_gemini35flashlite_50,run_041,run_048,0.009,0.044,0.028,0.0,False,False
real_gemini35flashlite_50,run_041,run_049,0.034,0.263,0.103,0.0,False,False
real_gemini35flashlite_50,run_041,run_050,0.009,0.044,0.028,0.0,False,False
real_gemini35flashlite_50,run_042,run_043,0.246,0.581,0.074,1.0,False,False
real_gemini35flashlite_50,run_042,run_044,0.368,0.529,0.053,1.0,False,False
real_gemini35flashlite_50,run_042,run_045,0.191,0.59,0.353,1.0,False,False
real_gemini35flashlite_50,run_042,run_046,0.088,0.5,0.066,1.0,False,False
real_gemini35flashlite_50,run_042,run_047,0.01,0.062,0.024,0.0,False,False
real_gemini35flashlite_50,run_042,run_048,0.01,0.062,0.024,0.0,False,False
real_gemini35flashlite_50,run_042,run_049,0.047,0.236,0.07,0.0,False,False
real_gemini35flashlite_50,run_042,run_050,0.01,0.062,0.024,0.0,False,False
real_gemini35flashlite_50,run_043,run_044,0.3,0.763,0.093,1.0,False,True
real_gemini35flashlite_50,run_043,run_045,0.262,0.587,0.322,1.0,False,True
real_gemini35flashlite_50,run_043,run_046,0.081,0.729,0.017,1.0,True,True
real_gemini35flashlite_50,run_043,run_047,0.013,0.074,0.028,0.0,False,False
real_gemini35flashlite_50,run_043,run_048,0.013,0.074,0.028,0.0,False,False
real_gemini35flashlite_50,run_043,run_049,0.095,0.314,0.121,0.0,True,True
real_gemini35flashlite_50,run_043,run_050,0.013,0.074,0.028,0.0,False,False
real_gemini35flashlite_50,run_044,run_045,0.261,0.632,0.411,1.0,False,True
real_gemini35flashlite_50,run_044,run_046,0.072,0.571,0.024,1.0,False,True
real_gemini35flashlite_50,run_044,run_047,0.014,0.094,0.025,0.0,False,False
real_gemini35flashlite_50,run_044,run_048,0.014,0.094,0.025,0.0,False,False
real_gemini35flashlite_50,run_044,run_049,0.084,0.342,0.067,0.0,False,True
real_gemini35flashlite_50,run_044,run_050,0.014,0.094,0.025,0.0,False,False
real_gemini35flashlite_50,run_045,run_046,0.091,0.57,0.014,1.0,False,True
real_gemini35flashlite_50,run_045,run_047,0.013,0.053,0.038,0.0,False,False
real_gemini35flashlite_50,run_045,run_048,0.013,0.053,0.038,0.0,False,False
real_gemini35flashlite_50,run_045,run_049,0.07,0.293,0.092,0.0,False,True
real_gemini35flashlite_50,run_045,run_050,0.013,0.053,0.038,0.0,False,False
real_gemini35flashlite_50,run_046,run_047,0.009,0.051,0.022,0.0,False,False
real_gemini35flashlite_50,run_046,run_048,0.009,0.051,0.022,0.0,False,False
real_gemini35flashlite_50,run_046,run_049,0.128,0.267,0.064,0.0,True,True
real_gemini35flashlite_50,run_046,run_050,0.009,0.051,0.022,0.0,False,False
real_gemini35flashlite_50,run_047,run_048,1.0,1.0,1.0,1.0,False,False
real_gemini35flashlite_50,run_047,run_049,0.0,0.047,0.0,0.0,False,False
real_gemini35flashlite_50,run_047,run_050,1.0,1.0,1.0,1.0,False,False
real_gemini35flashlite_50,run_048,run_049,0.0,0.047,0.0,0.0,False,False
real_gemini35flashlite_50,run_048,run_050,1.0,1.0,1.0,1.0,False,False
real_gemini35flashlite_50,run_049,run_050,0.011,0.047,0.025,0.0,False,False
real_gemini36flash_50,run_001,run_002,0.108,0.274,0.113,0.333,True,True
real_gemini36flash_50,run_001,run_003,0.112,0.322,0.186,0.2,True,True
real_gemini36flash_50,run_001,run_004,0.145,0.276,0.096,0.2,False,True
real_gemini36flash_50,run_001,run_005,0.228,0.278,0.131,0.25,True,True
real_gemini36flash_50,run_001,run_006,0.115,0.542,0.147,1.0,True,False
real_gemini36flash_50,run_001,run_007,0.21,0.485,0.443,1.0,True,True
real_gemini36flash_50,run_001,run_008,0.228,0.302,0.037,0.333,True,True
real_gemini36flash_50,run_001,run_009,0.113,0.278,0.423,0.333,False,True
real_gemini36flash_50,run_001,run_010,0.152,0.193,0.14,0.5,True,False
real_gemini36flash_50,run_001,run_011,0.224,0.294,0.114,0.333,False,True
real_gemini36flash_50,run_001,run_012,0.096,0.211,0.374,0.2,True,False
real_gemini36flash_50,run_001,run_013,0.08,0.291,0.162,0.25,True,True
real_gemini36flash_50,run_001,run_014,0.094,0.281,0.051,0.25,False,False
real_gemini36flash_50,run_001,run_015,0.153,0.292,0.202,0.2,True,False
real_gemini36flash_50,run_001,run_016,0.116,0.356,0.099,0.25,False,True
real_gemini36flash_50,run_001,run_017,0.25,0.304,0.397,0.25,False,True
real_gemini36flash_50,run_001,run_018,0.053,0.295,0.192,0.25,False,True
real_gemini36flash_50,run_001,run_019,0.086,0.267,0.133,0.167,False,False
real_gemini36flash_50,run_001,run_020,0.104,0.237,0.051,0.25,False,True
real_gemini36flash_50,run_001,run_021,0.15,0.294,0.166,0.333,False,True
real_gemini36flash_50,run_001,run_022,0.188,0.291,0.076,0.333,True,True
real_gemini36flash_50,run_001,run_023,0.181,0.264,0.087,0.333,True,True
real_gemini36flash_50,run_001,run_024,0.237,0.255,0.059,0.333,False,True
real_gemini36flash_50,run_001,run_025,0.186,0.314,0.184,0.25,False,True
real_gemini36flash_50,run_001,run_026,0.132,0.271,0.242,0.25,False,True
real_gemini36flash_50,run_001,run_027,0.175,0.709,0.24,1.0,True,True
real_gemini36flash_50,run_001,run_028,0.151,0.336,0.519,0.25,False,True
real_gemini36flash_50,run_001,run_029,0.243,0.291,0.174,0.333,False,True
real_gemini36flash_50,run_001,run_030,0.192,0.241,0.038,0.5,False,False
real_gemini36flash_50,run_001,run_031,0.229,0.27,0.231,0.333,True,True
real_gemini36flash_50,run_001,run_032,0.184,0.303,0.213,0.333,False,True
real_gemini36flash_50,run_001,run_033,0.153,0.281,0.05,0.333,True,True
real_gemini36flash_50,run_001,run_034,0.103,0.298,0.039,0.25,True,True
real_gemini36flash_50,run_001,run_035,0.118,0.503,0.181,1.0,True,True
real_gemini36flash_50,run_001,run_036,0.057,0.282,0.4,0.167,False,True
real_gemini36flash_50,run_001,run_037,0.121,0.117,0.067,0.5,False,False
real_gemini36flash_50,run_001,run_038,0.161,0.295,0.371,0.25,False,True
real_gemini36flash_50,run_001,run_039,0.268,0.309,0.162,0.5,True,False
real_gemini36flash_50,run_001,run_040,0.082,0.243,0.524,0.333,False,True
real_gemini36flash_50,run_001,run_041,0.185,0.26,0.068,0.333,True,True
real_gemini36flash_50,run_001,run_042,0.203,0.3,0.108,0.333,False,True
real_gemini36flash_50,run_001,run_043,0.195,0.272,0.088,0.333,True,True
real_gemini36flash_50,run_001,run_044,0.162,0.279,0.189,0.333,True,True
real_gemini36flash_50,run_001,run_045,0.228,0.269,0.205,0.333,False,True
real_gemini36flash_50,run_001,run_046,0.05,0.4,0.435,0.5,False,False
real_gemini36flash_50,run_001,run_047,0.143,0.279,0.079,0.25,False,True
real_gemini36flash_50,run_001,run_048,0.159,0.251,0.143,0.5,False,False
real_gemini36flash_50,run_001,run_049,0.169,0.291,0.081,0.333,False,True
real_gemini36flash_50,run_001,run_050,0.048,0.187,0.204,0.0,False,True
real_gemini36flash_50,run_002,run_003,0.137,0.548,0.166,0.6,True,True
real_gemini36flash_50,run_002,run_004,0.238,0.551,0.17,0.6,False,True
real_gemini36flash_50,run_002,run_005,0.258,0.659,0.135,0.75,True,True
real_gemini36flash_50,run_002,run_006,0.222,0.143,0.093,0.333,True,False
real_gemini36flash_50,run_002,run_007,0.318,0.116,0.446,0.333,True,True
real_gemini36flash_50,run_002,run_008,0.144,0.596,0.063,1.0,True,True
real_gemini36flash_50,run_002,run_009,0.136,0.667,0.433,1.0,False,True
real_gemini36flash_50,run_002,run_010,0.302,0.254,0.236,0.25,True,False
real_gemini36flash_50,run_002,run_011,0.32,0.566,0.128,1.0,False,True
real_gemini36flash_50,run_002,run_012,0.053,0.447,0.475,0.6,True,False
real_gemini36flash_50,run_002,run_013,0.138,0.59,0.249,0.75,True,True
real_gemini36flash_50,run_002,run_014,0.15,0.331,0.047,0.75,False,False
real_gemini36flash_50,run_002,run_015,0.33,0.655,0.285,0.6,True,False
real_gemini36flash_50,run_002,run_016,0.177,0.631,0.129,0.75,False,True
real_gemini36flash_50,run_002,run_017,0.317,0.736,0.27,0.75,False,True
real_gemini36flash_50,run_002,run_018,0.12,0.613,0.1,0.75,False,True
real_gemini36flash_50,run_002,run_019,0.196,0.465,0.039,0.5,False,False
real_gemini36flash_50,run_002,run_020,0.282,0.476,0.044,0.75,False,True
real_gemini36flash_50,run_002,run_021,0.111,0.62,0.239,1.0,False,True
real_gemini36flash_50,run_002,run_022,0.321,0.57,0.135,1.0,True,True
real_gemini36flash_50,run_002,run_023,0.333,0.594,0.159,1.0,True,True
real_gemini36flash_50,run_002,run_024,0.176,0.659,0.071,1.0,False,True
real_gemini36flash_50,run_002,run_025,0.151,0.515,0.161,0.75,False,True
real_gemini36flash_50,run_002,run_026,0.321,0.826,0.305,0.75,False,True
real_gemini36flash_50,run_002,run_027,0.156,0.217,0.176,0.333,True,True
real_gemini36flash_50,run_002,run_028,0.248,0.595,0.547,0.75,False,True
real_gemini36flash_50,run_002,run_029,0.244,0.651,0.159,1.0,False,True
real_gemini36flash_50,run_002,run_030,0.241,0.421,0.051,0.25,False,False
real_gemini36flash_50,run_002,run_031,0.278,0.952,0.169,1.0,True,True
real_gemini36flash_50,run_002,run_032,0.249,0.772,0.115,1.0,False,True
real_gemini36flash_50,run_002,run_033,0.295,0.504,0.05,1.0,True,True
real_gemini36flash_50,run_002,run_034,0.214,0.869,0.034,0.75,True,True
real_gemini36flash_50,run_002,run_035,0.23,0.233,0.285,0.333,True,True
real_gemini36flash_50,run_002,run_036,0.254,0.577,0.5,0.5,False,True
real_gemini36flash_50,run_002,run_037,0.131,0.432,0.163,0.25,False,False
real_gemini36flash_50,run_002,run_038,0.147,0.613,0.448,0.75,False,True
real_gemini36flash_50,run_002,run_039,0.234,0.528,0.194,0.25,True,False
real_gemini36flash_50,run_002,run_040,0.093,0.566,0.364,1.0,False,True
real_gemini36flash_50,run_002,run_041,0.206,0.553,0.039,1.0,True,True
real_gemini36flash_50,run_002,run_042,0.367,0.7,0.147,1.0,False,True
real_gemini36flash_50,run_002,run_043,0.272,0.639,0.24,1.0,True,True
real_gemini36flash_50,run_002,run_044,0.215,0.621,0.227,1.0,True,True
real_gemini36flash_50,run_002,run_045,0.289,0.534,0.223,1.0,False,True
real_gemini36flash_50,run_002,run_046,0.022,0.17,0.431,0.25,False,False
real_gemini36flash_50,run_002,run_047,0.171,0.661,0.119,0.75,False,True
real_gemini36flash_50,run_002,run_048,0.221,0.442,0.09,0.25,False,False
real_gemini36flash_50,run_002,run_049,0.124,0.56,0.118,1.0,False,True
real_gemini36flash_50,run_002,run_050,0.067,0.14,0.15,0.667,False,True
real_gemini36flash_50,run_003,run_004,0.048,0.701,0.126,0.667,False,True
real_gemini36flash_50,run_003,run_005,0.217,0.632,0.091,0.5,True,True
real_gemini36flash_50,run_003,run_006,0.166,0.188,0.218,0.2,True,False
real_gemini36flash_50,run_003,run_007,0.258,0.32,0.308,0.2,True,True
real_gemini36flash_50,run_003,run_008,0.156,0.803,0.219,0.6,True,True
real_gemini36flash_50,run_003,run_009,0.182,0.687,0.266,0.6,False,True
real_gemini36flash_50,run_003,run_010,0.189,0.267,0.103,0.167,True,False
real_gemini36flash_50,run_003,run_011,0.171,0.872,0.194,0.6,False,True
real_gemini36flash_50,run_003,run_012,0.109,0.489,0.395,0.667,True,False
real_gemini36flash_50,run_003,run_013,0.118,0.733,0.075,0.8,True,True
real_gemini36flash_50,run_003,run_014,0.152,0.376,0.147,0.5,False,False
real_gemini36flash_50,run_003,run_015,0.215,0.338,0.182,0.667,True,False
real_gemini36flash_50,run_003,run_016,0.138,0.818,0.023,0.8,False,True
real_gemini36flash_50,run_003,run_017,0.114,0.411,0.322,0.8,False,True
real_gemini36flash_50,run_003,run_018,0.033,0.663,0.228,0.8,False,True
real_gemini36flash_50,run_003,run_019,0.046,0.51,0.097,0.833,False,False
real_gemini36flash_50,run_003,run_020,0.129,0.667,0.022,0.8,False,True
real_gemini36flash_50,run_003,run_021,0.13,0.657,0.159,0.6,False,True
real_gemini36flash_50,run_003,run_022,0.142,0.856,0.139,0.6,True,True
real_gemini36flash_50,run_003,run_023,0.164,0.746,0.21,0.6,True,True
real_gemini36flash_50,run_003,run_024,0.262,0.746,0.192,0.6,False,True
real_gemini36flash_50,run_003,run_025,0.313,0.593,0.251,0.8,False,True
real_gemini36flash_50,run_003,run_026,0.111,0.512,0.178,0.8,False,True
real_gemini36flash_50,run_003,run_027,0.068,0.366,0.261,0.2,True,True
real_gemini36flash_50,run_003,run_028,0.23,0.796,0.373,0.5,False,True
real_gemini36flash_50,run_003,run_029,0.143,0.604,0.136,0.6,False,True
real_gemini36flash_50,run_003,run_030,0.18,0.415,0.042,0.167,False,False
real_gemini36flash_50,run_003,run_031,0.088,0.549,0.197,0.6,True,True
real_gemini36flash_50,run_003,run_032,0.073,0.695,0.204,0.6,False,True
real_gemini36flash_50,run_003,run_033,0.216,0.49,0.115,0.6,True,True
real_gemini36flash_50,run_003,run_034,0.082,0.549,0.021,0.8,True,True
real_gemini36flash_50,run_003,run_035,0.141,0.309,0.134,0.2,True,True
real_gemini36flash_50,run_003,run_036,0.078,0.637,0.383,0.375,False,True
real_gemini36flash_50,run_003,run_037,0.123,0.142,0.126,0.167,False,False
real_gemini36flash_50,run_003,run_038,0.293,0.663,0.421,0.8,False,True
real_gemini36flash_50,run_003,run_039,0.268,0.5,0.137,0.167,True,False
real_gemini36flash_50,run_003,run_040,0.12,0.667,0.418,0.6,False,True
real_gemini36flash_50,run_003,run_041,0.076,0.86,0.132,0.6,True,True
real_gemini36flash_50,run_003,run_042,0.098,0.657,0.127,0.6,False,True
real_gemini36flash_50,run_003,run_043,0.103,0.743,0.114,0.6,True,True
real_gemini36flash_50,run_003,run_044,0.141,0.66,0.189,0.6,True,True
real_gemini36flash_50,run_003,run_045,0.199,0.642,0.198,0.6,False,True
real_gemini36flash_50,run_003,run_046,0.105,0.295,0.353,0.4,False,False
real_gemini36flash_50,run_003,run_047,0.127,0.425,0.082,0.5,False,True
real_gemini36flash_50,run_003,run_048,0.285,0.262,0.19,0.167,False,False
real_gemini36flash_50,run_003,run_049,0.271,0.905,0.282,0.6,False,True
real_gemini36flash_50,run_003,run_050,0.134,0.11,0.058,0.4,False,True
real_gemini36flash_50,run_004,run_005,0.274,0.747,0.157,0.5,False,True
real_gemini36flash_50,run_004,run_006,0.133,0.256,0.067,0.2,False,False
real_gemini36flash_50,run_004,run_007,0.23,0.189,0.416,0.2,False,True
real_gemini36flash_50,run_004,run_008,0.116,0.549,0.136,0.6,False,True
real_gemini36flash_50,run_004,run_009,0.226,0.833,0.468,0.6,True,True
real_gemini36flash_50,run_004,run_010,0.255,0.193,0.169,0.167,False,False
real_gemini36flash_50,run_004,run_011,0.19,0.686,0.109,0.6,True,True
real_gemini36flash_50,run_004,run_012,0.129,0.595,0.548,0.429,False,False
real_gemini36flash_50,run_004,run_013,0.163,0.907,0.108,0.8,False,True
real_gemini36flash_50,run_004,run_014,0.128,0.437,0.142,0.5,False,False
real_gemini36flash_50,run_004,run_015,0.182,0.421,0.245,0.667,False,False
real_gemini36flash_50,run_004,run_016,0.121,0.66,0.192,0.8,False,True
real_gemini36flash_50,run_004,run_017,0.269,0.36,0.315,0.8,True,True
real_gemini36flash_50,run_004,run_018,0.204,0.888,0.103,0.8,False,True
real_gemini36flash_50,run_004,run_019,0.127,0.57,0.088,0.571,False,False
real_gemini36flash_50,run_004,run_020,0.221,0.646,0.068,0.8,True,True
real_gemini36flash_50,run_004,run_021,0.085,0.881,0.21,0.6,True,True
real_gemini36flash_50,run_004,run_022,0.206,0.638,0.142,0.6,False,True
real_gemini36flash_50,run_004,run_023,0.168,0.865,0.143,0.6,False,True
real_gemini36flash_50,run_004,run_024,0.202,0.827,0.154,0.6,False,True
real_gemini36flash_50,run_004,run_025,0.285,0.769,0.274,0.8,False,True
real_gemini36flash_50,run_004,run_026,0.171,0.543,0.148,0.5,True,True
real_gemini36flash_50,run_004,run_027,0.094,0.308,0.192,0.2,False,True
real_gemini36flash_50,run_004,run_028,0.222,0.649,0.33,0.5,True,True
real_gemini36flash_50,run_004,run_029,0.181,0.733,0.053,0.6,True,True
real_gemini36flash_50,run_004,run_030,0.237,0.494,0.063,0.167,False,False
real_gemini36flash_50,run_004,run_031,0.224,0.552,0.202,0.6,False,True
real_gemini36flash_50,run_004,run_032,0.177,0.473,0.131,0.6,True,True
real_gemini36flash_50,run_004,run_033,0.132,0.301,0.11,0.6,False,True
real_gemini36flash_50,run_004,run_034,0.176,0.586,0.07,0.8,False,True
real_gemini36flash_50,run_004,run_035,0.138,0.242,0.314,0.2,False,True
real_gemini36flash_50,run_004,run_036,0.154,0.552,0.304,0.375,True,True
real_gemini36flash_50,run_004,run_037,0.131,0.352,0.063,0.167,False,False
real_gemini36flash_50,run_004,run_038,0.093,0.888,0.51,0.8,False,True
real_gemini36flash_50,run_004,run_039,0.186,0.321,0.177,0.167,False,False
real_gemini36flash_50,run_004,run_040,0.098,0.764,0.392,0.6,True,True
real_gemini36flash_50,run_004,run_041,0.157,0.663,0.088,0.6,False,True
real_gemini36flash_50,run_004,run_042,0.237,0.656,0.198,0.6,True,True
real_gemini36flash_50,run_004,run_043,0.199,0.86,0.199,0.6,False,True
real_gemini36flash_50,run_004,run_044,0.087,0.766,0.123,0.6,False,True
real_gemini36flash_50,run_004,run_045,0.234,0.923,0.344,0.6,True,True
real_gemini36flash_50,run_004,run_046,0.037,0.309,0.308,0.4,False,False
real_gemini36flash_50,run_004,run_047,0.154,0.429,0.137,0.5,True,True
real_gemini36flash_50,run_004,run_048,0.134,0.28,0.149,0.167,False,False
real_gemini36flash_50,run_004,run_049,0.126,0.695,0.131,0.6,False,True
real_gemini36flash_50,run_004,run_050,0.055,0.174,0.078,0.4,True,True
real_gemini36flash_50,run_005,run_006,0.178,0.211,0.024,0.25,True,False
real_gemini36flash_50,run_005,run_007,0.186,0.229,0.361,0.25,True,True
real_gemini36flash_50,run_005,run_008,0.221,0.574,0.083,0.75,True,True
real_gemini36flash_50,run_005,run_009,0.24,0.771,0.304,0.75,False,True
real_gemini36flash_50,run_005,run_010,0.302,0.368,0.128,0.2,True,False
real_gemini36flash_50,run_005,run_011,0.18,0.653,0.172,0.75,False,True
real_gemini36flash_50,run_005,run_012,0.066,0.59,0.32,0.5,True,False
real_gemini36flash_50,run_005,run_013,0.159,0.835,0.06,0.6,True,True
real_gemini36flash_50,run_005,run_014,0.166,0.389,0.304,0.6,False,False
real_gemini36flash_50,run_005,run_015,0.285,0.402,0.084,0.5,True,False
real_gemini36flash_50,run_005,run_016,0.148,0.638,0.114,0.6,False,True
real_gemini36flash_50,run_005,run_017,0.256,0.405,0.275,0.6,False,True
real_gemini36flash_50,run_005,run_018,0.026,0.814,0.115,0.6,False,True
real_gemini36flash_50,run_005,run_019,0.143,0.521,0.122,0.429,False,False
real_gemini36flash_50,run_005,run_020,0.19,0.663,0.08,0.6,False,True
real_gemini36flash_50,run_005,run_021,0.128,0.834,0.029,0.75,False,True
real_gemini36flash_50,run_005,run_022,0.087,0.664,0.204,0.75,True,True
real_gemini36flash_50,run_005,run_023,0.365,0.793,0.149,0.75,True,True
real_gemini36flash_50,run_005,run_024,0.262,0.847,0.099,0.75,False,True
real_gemini36flash_50,run_005,run_025,0.356,0.778,0.105,0.6,False,True
real_gemini36flash_50,run_005,run_026,0.144,0.573,0.062,0.6,False,True
real_gemini36flash_50,run_005,run_027,0.089,0.347,0.063,0.25,True,True
real_gemini36flash_50,run_005,run_028,0.232,0.561,0.226,1.0,False,True
real_gemini36flash_50,run_005,run_029,0.145,0.8,0.048,0.75,False,True
real_gemini36flash_50,run_005,run_030,0.213,0.474,0.042,0.2,False,False
real_gemini36flash_50,run_005,run_031,0.369,0.64,0.052,0.75,True,True
real_gemini36flash_50,run_005,run_032,0.108,0.498,0.128,0.75,False,True
real_gemini36flash_50,run_005,run_033,0.187,0.319,0.046,0.75,True,True
real_gemini36flash_50,run_005,run_034,0.185,0.581,0.128,0.6,True,True
real_gemini36flash_50,run_005,run_035,0.087,0.265,0.081,0.25,True,True
real_gemini36flash_50,run_005,run_036,0.175,0.521,0.304,0.667,False,True
real_gemini36flash_50,run_005,run_037,0.159,0.4,0.08,0.2,False,False
real_gemini36flash_50,run_005,run_038,0.174,0.814,0.377,0.6,False,True
real_gemini36flash_50,run_005,run_039,0.223,0.37,0.038,0.2,True,False
real_gemini36flash_50,run_005,run_040,0.132,0.773,0.182,0.75,False,True
real_gemini36flash_50,run_005,run_041,0.11,0.66,0.106,0.75,True,True
real_gemini36flash_50,run_005,run_042,0.195,0.62,0.168,0.75,False,True
real_gemini36flash_50,run_005,run_043,0.136,0.8,0.156,0.75,True,True
real_gemini36flash_50,run_005,run_044,0.08,0.764,0.118,0.75,True,True
real_gemini36flash_50,run_005,run_045,0.215,0.744,0.2,0.75,False,True
real_gemini36flash_50,run_005,run_046,0.091,0.302,0.253,0.2,False,False
real_gemini36flash_50,run_005,run_047,0.113,0.423,0.068,0.6,False,True
real_gemini36flash_50,run_005,run_048,0.218,0.33,0.096,0.2,False,False
real_gemini36flash_50,run_005,run_049,0.168,0.635,0.073,0.75,False,True
real_gemini36flash_50,run_005,run_050,0.076,0.145,0.068,0.5,False,True
real_gemini36flash_50,run_006,run_007,0.201,0.615,0.277,1.0,True,False
real_gemini36flash_50,run_006,run_008,0.106,0.194,0.125,0.333,True,False
real_gemini36flash_50,run_006,run_009,0.167,0.207,0.246,0.333,False,False
real_gemini36flash_50,run_006,run_010,0.156,0.176,0.081,0.5,True,True
real_gemini36flash_50,run_006,run_011,0.196,0.173,0.123,0.333,False,False
real_gemini36flash_50,run_006,run_012,0.056,0.181,0.412,0.2,True,True
real_gemini36flash_50,run_006,run_013,0.146,0.26,0.114,0.25,True,False
real_gemini36flash_50,run_006,run_014,0.1,0.187,0.103,0.25,False,True
real_gemini36flash_50,run_006,run_015,0.145,0.22,0.28,0.2,True,True
real_gemini36flash_50,run_006,run_016,0.122,0.266,0.044,0.25,False,False
real_gemini36flash_50,run_006,run_017,0.17,0.179,0.493,0.25,False,False
real_gemini36flash_50,run_006,run_018,0.06,0.214,0.082,0.25,False,False
real_gemini36flash_50,run_006,run_019,0.204,0.21,0.083,0.167,False,True
real_gemini36flash_50,run_006,run_020,0.12,0.275,0.087,0.25,False,False
real_gemini36flash_50,run_006,run_021,0.119,0.271,0.145,0.333,False,False
real_gemini36flash_50,run_006,run_022,0.158,0.181,0.08,0.333,True,False
real_gemini36flash_50,run_006,run_023,0.128,0.286,0.037,0.333,True,False
real_gemini36flash_50,run_006,run_024,0.117,0.277,0.136,0.333,False,False
real_gemini36flash_50,run_006,run_025,0.173,0.23,0.067,0.25,False,False
real_gemini36flash_50,run_006,run_026,0.143,0.162,0.069,0.25,False,False
real_gemini36flash_50,run_006,run_027,0.03,0.698,0.067,1.0,True,False
real_gemini36flash_50,run_006,run_028,0.193,0.272,0.267,0.25,False,False
real_gemini36flash_50,run_006,run_029,0.116,0.293,0.055,0.333,False,False
real_gemini36flash_50,run_006,run_030,0.194,0.233,0.062,0.5,False,True
real_gemini36flash_50,run_006,run_031,0.112,0.194,0.065,0.333,True,False
real_gemini36flash_50,run_006,run_032,0.161,0.296,0.086,0.333,False,False
real_gemini36flash_50,run_006,run_033,0.139,0.312,0.049,0.333,True,False
real_gemini36flash_50,run_006,run_034,0.102,0.169,0.057,0.25,True,False
real_gemini36flash_50,run_006,run_035,0.238,0.372,0.096,1.0,True,False
real_gemini36flash_50,run_006,run_036,0.076,0.19,0.332,0.167,False,False
real_gemini36flash_50,run_006,run_037,0.197,0.266,0.108,0.5,False,True
real_gemini36flash_50,run_006,run_038,0.085,0.214,0.287,0.25,False,False
real_gemini36flash_50,run_006,run_039,0.113,0.253,0.125,0.5,True,True
real_gemini36flash_50,run_006,run_040,0.13,0.268,0.28,0.333,False,False
real_gemini36flash_50,run_006,run_041,0.165,0.165,0.043,0.333,True,False
real_gemini36flash_50,run_006,run_042,0.13,0.323,0.047,0.333,False,False
real_gemini36flash_50,run_006,run_043,0.138,0.276,0.033,0.333,True,False
real_gemini36flash_50,run_006,run_044,0.161,0.249,0.117,0.333,True,False
real_gemini36flash_50,run_006,run_045,0.198,0.219,0.13,0.333,False,False
real_gemini36flash_50,run_006,run_046,0.096,0.44,0.366,0.5,False,True
real_gemini36flash_50,run_006,run_047,0.088,0.201,0.088,0.25,False,False
real_gemini36flash_50,run_006,run_048,0.165,0.278,0.089,0.5,False,True
real_gemini36flash_50,run_006,run_049,0.092,0.202,0.1,0.333,False,False
real_gemini36flash_50,run_006,run_050,0.038,0.157,0.098,0.0,False,False
real_gemini36flash_50,run_007,run_008,0.093,0.239,0.131,0.333,True,True
real_gemini36flash_50,run_007,run_009,0.172,0.169,0.612,0.333,False,True
real_gemini36flash_50,run_007,run_010,0.29,0.292,0.22,0.5,True,False
real_gemini36flash_50,run_007,run_011,0.194,0.204,0.207,0.333,False,True
real_gemini36flash_50,run_007,run_012,0.075,0.252,0.175,0.2,True,False
real_gemini36flash_50,run_007,run_013,0.194,0.19,0.194,0.25,True,True
real_gemini36flash_50,run_007,run_014,0.16,0.26,0.063,0.25,False,False
real_gemini36flash_50,run_007,run_015,0.173,0.167,0.396,0.2,True,False
real_gemini36flash_50,run_007,run_016,0.232,0.281,0.362,0.25,False,True
real_gemini36flash_50,run_007,run_017,0.106,0.174,0.47,0.25,False,True
real_gemini36flash_50,run_007,run_018,0.229,0.201,0.192,0.25,False,True
real_gemini36flash_50,run_007,run_019,0.134,0.239,0.16,0.167,False,False
real_gemini36flash_50,run_007,run_020,0.166,0.262,0.108,0.25,False,True
real_gemini36flash_50,run_007,run_021,0.156,0.195,0.261,0.333,False,True
real_gemini36flash_50,run_007,run_022,0.187,0.246,0.168,0.333,True,True
real_gemini36flash_50,run_007,run_023,0.159,0.231,0.175,0.333,True,True
real_gemini36flash_50,run_007,run_024,0.262,0.224,0.139,0.333,False,True
real_gemini36flash_50,run_007,run_025,0.176,0.249,0.287,0.25,False,True
real_gemini36flash_50,run_007,run_026,0.257,0.174,0.097,0.25,False,True
real_gemini36flash_50,run_007,run_027,0.028,0.58,0.163,1.0,True,True
real_gemini36flash_50,run_007,run_028,0.197,0.192,0.598,0.25,False,True
real_gemini36flash_50,run_007,run_029,0.176,0.167,0.09,0.333,False,True
real_gemini36flash_50,run_007,run_030,0.213,0.21,0.097,0.5,False,False
real_gemini36flash_50,run_007,run_031,0.273,0.102,0.159,0.333,True,True
real_gemini36flash_50,run_007,run_032,0.274,0.191,0.169,0.333,False,True
real_gemini36flash_50,run_007,run_033,0.154,0.273,0.047,0.333,True,True
real_gemini36flash_50,run_007,run_034,0.168,0.102,0.224,0.25,True,True
real_gemini36flash_50,run_007,run_035,0.265,0.537,0.312,1.0,True,True
real_gemini36flash_50,run_007,run_036,0.21,0.206,0.338,0.167,False,True
real_gemini36flash_50,run_007,run_037,0.199,0.13,0.209,0.5,False,False
real_gemini36flash_50,run_007,run_038,0.125,0.201,0.548,0.25,False,True
real_gemini36flash_50,run_007,run_039,0.192,0.201,0.206,0.5,True,False
real_gemini36flash_50,run_007,run_040,0.227,0.171,0.496,0.333,False,True
real_gemini36flash_50,run_007,run_041,0.174,0.211,0.154,0.333,True,True
real_gemini36flash_50,run_007,run_042,0.342,0.233,0.225,0.333,False,True
real_gemini36flash_50,run_007,run_043,0.199,0.159,0.269,0.333,True,True
real_gemini36flash_50,run_007,run_044,0.114,0.219,0.133,0.333,True,True
real_gemini36flash_50,run_007,run_045,0.128,0.183,0.415,0.333,False,True
real_gemini36flash_50,run_007,run_046,0.035,0.372,0.473,0.5,False,False
real_gemini36flash_50,run_007,run_047,0.192,0.237,0.141,0.25,False,True
real_gemini36flash_50,run_007,run_048,0.133,0.19,0.118,0.5,False,False
real_gemini36flash_50,run_007,run_049,0.11,0.239,0.298,0.333,False,True
real_gemini36flash_50,run_007,run_050,0.142,0.101,0.303,0.0,False,True
real_gemini36flash_50,run_008,run_009,0.129,0.66,0.444,1.0,False,True
real_gemini36flash_50,run_008,run_010,0.147,0.609,0.036,0.25,True,False
real_gemini36flash_50,run_008,run_011,0.087,0.795,0.342,1.0,False,True
real_gemini36flash_50,run_008,run_012,0.033,0.472,0.427,0.6,True,False
real_gemini36flash_50,run_008,run_013,0.069,0.594,0.052,0.75,True,True
real_gemini36flash_50,run_008,run_014,0.102,0.444,0.043,0.75,False,False
real_gemini36flash_50,run_008,run_015,0.132,0.356,0.28,0.6,True,False
real_gemini36flash_50,run_008,run_016,0.071,0.733,0.35,0.75,False,True
real_gemini36flash_50,run_008,run_017,0.045,0.388,0.34,0.75,False,True
real_gemini36flash_50,run_008,run_018,0.028,0.614,0.215,0.75,False,True
real_gemini36flash_50,run_008,run_019,0.108,0.523,0.174,0.5,False,False
real_gemini36flash_50,run_008,run_020,0.112,0.651,0.131,0.75,False,True
real_gemini36flash_50,run_008,run_021,0.147,0.619,0.255,1.0,False,True
real_gemini36flash_50,run_008,run_022,0.117,0.833,0.231,1.0,True,True
real_gemini36flash_50,run_008,run_023,0.122,0.597,0.109,1.0,True,True
real_gemini36flash_50,run_008,run_024,0.141,0.573,0.22,1.0,False,True
real_gemini36flash_50,run_008,run_025,0.152,0.497,0.333,0.75,False,True
real_gemini36flash_50,run_008,run_026,0.095,0.549,0.04,0.75,False,True
real_gemini36flash_50,run_008,run_027,0.054,0.308,0.094,0.333,True,True
real_gemini36flash_50,run_008,run_028,0.127,0.749,0.322,0.75,False,True
real_gemini36flash_50,run_008,run_029,0.195,0.646,0.126,1.0,False,True
real_gemini36flash_50,run_008,run_030,0.079,0.18,0.032,0.25,False,False
real_gemini36flash_50,run_008,run_031,0.048,0.567,0.194,1.0,True,True
real_gemini36flash_50,run_008,run_032,0.101,0.78,0.086,1.0,False,True
real_gemini36flash_50,run_008,run_033,0.083,0.521,0.21,1.0,True,True
real_gemini36flash_50,run_008,run_034,0.107,0.598,0.126,0.75,True,True
real_gemini36flash_50,run_008,run_035,0.082,0.286,0.182,0.333,True,True
real_gemini36flash_50,run_008,run_036,0.095,0.573,0.381,0.5,False,True
real_gemini36flash_50,run_008,run_037,0.133,0.525,0.038,0.25,False,False
real_gemini36flash_50,run_008,run_038,0.094,0.614,0.575,0.75,False,True
real_gemini36flash_50,run_008,run_039,0.139,0.588,0.045,0.25,True,False
real_gemini36flash_50,run_008,run_040,0.085,0.562,0.39,1.0,False,True
real_gemini36flash_50,run_008,run_041,0.097,0.8,0.203,1.0,True,True
real_gemini36flash_50,run_008,run_042,0.115,0.689,0.258,1.0,False,True
real_gemini36flash_50,run_008,run_043,0.067,0.635,0.094,1.0,True,True
real_gemini36flash_50,run_008,run_044,0.131,0.588,0.085,1.0,True,True
real_gemini36flash_50,run_008,run_045,0.103,0.545,0.126,1.0,False,True
real_gemini36flash_50,run_008,run_046,0.053,0.206,0.231,0.25,False,False
real_gemini36flash_50,run_008,run_047,0.117,0.459,0.085,0.75,False,True
real_gemini36flash_50,run_008,run_048,0.225,0.393,0.149,0.25,False,False
real_gemini36flash_50,run_008,run_049,0.085,0.824,0.117,1.0,False,True
real_gemini36flash_50,run_008,run_050,0.049,0.073,0.046,0.667,False,True
real_gemini36flash_50,run_009,run_010,0.204,0.222,0.16,0.25,False,False
real_gemini36flash_50,run_009,run_011,0.177,0.745,0.177,1.0,True,True
real_gemini36flash_50,run_009,run_012,0.08,0.662,0.426,0.6,False,False
real_gemini36flash_50,run_009,run_013,0.179,0.859,0.145,0.75,False,True
real_gemini36flash_50,run_009,run_014,0.099,0.444,0.142,0.75,False,False
real_gemini36flash_50,run_009,run_015,0.322,0.413,0.183,0.6,False,False
real_gemini36flash_50,run_009,run_016,0.18,0.776,0.153,0.75,False,True
real_gemini36flash_50,run_009,run_017,0.177,0.418,0.409,0.75,True,True
real_gemini36flash_50,run_009,run_018,0.032,0.902,0.208,0.75,False,True
real_gemini36flash_50,run_009,run_019,0.044,0.605,0.107,0.5,False,False
real_gemini36flash_50,run_009,run_020,0.305,0.637,0.066,0.75,True,True
real_gemini36flash_50,run_009,run_021,0.141,0.87,0.193,1.0,True,True
real_gemini36flash_50,run_009,run_022,0.135,0.741,0.067,1.0,False,True
real_gemini36flash_50,run_009,run_023,0.211,0.877,0.165,1.0,False,True
real_gemini36flash_50,run_009,run_024,0.249,0.834,0.143,1.0,False,True
real_gemini36flash_50,run_009,run_025,0.315,0.732,0.141,0.75,False,True
real_gemini36flash_50,run_009,run_026,0.156,0.611,0.153,0.75,True,True
real_gemini36flash_50,run_009,run_027,0.092,0.303,0.122,0.333,False,True
real_gemini36flash_50,run_009,run_028,0.385,0.731,0.589,0.75,True,True
real_gemini36flash_50,run_009,run_029,0.162,0.872,0.074,1.0,True,True
real_gemini36flash_50,run_009,run_030,0.158,0.563,0.138,0.25,False,False
real_gemini36flash_50,run_009,run_031,0.177,0.633,0.19,1.0,False,True
real_gemini36flash_50,run_009,run_032,0.131,0.578,0.046,1.0,True,True
real_gemini36flash_50,run_009,run_033,0.198,0.336,0.105,1.0,False,True
real_gemini36flash_50,run_009,run_034,0.225,0.671,0.081,0.75,False,True
real_gemini36flash_50,run_009,run_035,0.092,0.257,0.211,0.333,False,True
real_gemini36flash_50,run_009,run_036,0.146,0.605,0.324,0.5,True,True
real_gemini36flash_50,run_009,run_037,0.235,0.434,0.114,0.25,False,False
real_gemini36flash_50,run_009,run_038,0.145,0.902,0.409,0.75,False,True
real_gemini36flash_50,run_009,run_039,0.238,0.337,0.295,0.25,False,False
real_gemini36flash_50,run_009,run_040,0.127,0.846,0.465,1.0,True,True
real_gemini36flash_50,run_009,run_041,0.19,0.73,0.088,1.0,False,True
real_gemini36flash_50,run_009,run_042,0.232,0.718,0.111,1.0,True,True
real_gemini36flash_50,run_009,run_043,0.193,0.923,0.123,1.0,False,True
real_gemini36flash_50,run_009,run_044,0.174,0.861,0.174,1.0,False,True
real_gemini36flash_50,run_009,run_045,0.169,0.819,0.321,1.0,True,True
real_gemini36flash_50,run_009,run_046,0.09,0.247,0.448,0.25,False,False
real_gemini36flash_50,run_009,run_047,0.044,0.481,0.2,0.75,True,True
real_gemini36flash_50,run_009,run_048,0.192,0.424,0.21,0.25,False,False
real_gemini36flash_50,run_009,run_049,0.16,0.741,0.067,1.0,False,True
real_gemini36flash_50,run_009,run_050,0.093,0.208,0.114,0.667,True,True
real_gemini36flash_50,run_010,run_011,0.159,0.271,0.1,0.25,False,False
real_gemini36flash_50,run_010,run_012,0.061,0.584,0.461,0.4,True,True
real_gemini36flash_50,run_010,run_013,0.155,0.24,0.138,0.2,True,False
real_gemini36flash_50,run_010,run_014,0.183,0.558,0.26,0.5,False,True
real_gemini36flash_50,run_010,run_015,0.181,0.494,0.201,0.4,True,True
real_gemini36flash_50,run_010,run_016,0.151,0.586,0.024,0.2,False,False
real_gemini36flash_50,run_010,run_017,0.234,0.248,0.275,0.2,False,False
real_gemini36flash_50,run_010,run_018,0.143,0.233,0.121,0.2,False,False
real_gemini36flash_50,run_010,run_019,0.032,0.661,0.035,0.333,False,True
real_gemini36flash_50,run_010,run_020,0.192,0.596,0.037,0.2,False,False
real_gemini36flash_50,run_010,run_021,0.199,0.256,0.21,0.25,False,False
real_gemini36flash_50,run_010,run_022,0.343,0.278,0.149,0.25,True,False
real_gemini36flash_50,run_010,run_023,0.234,0.241,0.085,0.25,True,False
real_gemini36flash_50,run_010,run_024,0.229,0.242,0.076,0.25,False,False
real_gemini36flash_50,run_010,run_025,0.285,0.326,0.082,0.2,False,False
real_gemini36flash_50,run_010,run_026,0.264,0.341,0.105,0.2,False,False
real_gemini36flash_50,run_010,run_027,0.04,0.252,0.096,0.5,True,False
real_gemini36flash_50,run_010,run_028,0.262,0.289,0.388,0.2,False,False
real_gemini36flash_50,run_010,run_029,0.221,0.251,0.059,0.25,False,False
real_gemini36flash_50,run_010,run_030,0.196,0.522,0.111,1.0,False,True
real_gemini36flash_50,run_010,run_031,0.212,0.249,0.103,0.25,True,False
real_gemini36flash_50,run_010,run_032,0.163,0.291,0.061,0.25,False,False
real_gemini36flash_50,run_010,run_033,0.337,0.356,0.062,0.25,True,False
real_gemini36flash_50,run_010,run_034,0.102,0.249,0.069,0.2,True,False
real_gemini36flash_50,run_010,run_035,0.283,0.197,0.273,0.5,True,False
real_gemini36flash_50,run_010,run_036,0.15,0.357,0.384,0.333,False,False
real_gemini36flash_50,run_010,run_037,0.122,0.681,0.085,1.0,False,True
real_gemini36flash_50,run_010,run_038,0.107,0.233,0.393,0.2,False,False
real_gemini36flash_50,run_010,run_039,0.219,0.706,0.364,1.0,True,True
real_gemini36flash_50,run_010,run_040,0.096,0.345,0.518,0.25,False,False
real_gemini36flash_50,run_010,run_041,0.122,0.577,0.031,0.25,True,False
real_gemini36flash_50,run_010,run_042,0.254,0.402,0.117,0.25,False,False
real_gemini36flash_50,run_010,run_043,0.195,0.263,0.116,0.25,True,False
real_gemini36flash_50,run_010,run_044,0.195,0.235,0.099,0.25,True,False
real_gemini36flash_50,run_010,run_045,0.278,0.184,0.171,0.25,False,False
real_gemini36flash_50,run_010,run_046,0.138,0.325,0.483,0.333,False,True
real_gemini36flash_50,run_010,run_047,0.116,0.396,0.088,0.5,False,False
real_gemini36flash_50,run_010,run_048,0.191,0.59,0.127,1.0,False,True
real_gemini36flash_50,run_010,run_049,0.095,0.287,0.05,0.25,False,False
real_gemini36flash_50,run_010,run_050,0.066,0.024,0.108,0.0,False,False
real_gemini36flash_50,run_011,run_012,0.084,0.506,0.423,0.6,False,False
real_gemini36flash_50,run_011,run_013,0.113,0.729,0.053,0.75,False,True
real_gemini36flash_50,run_011,run_014,0.058,0.164,0.086,0.75,False,False
real_gemini36flash_50,run_011,run_015,0.176,0.356,0.188,0.6,False,False
real_gemini36flash_50,run_011,run_016,0.133,0.819,0.389,0.75,False,True
real_gemini36flash_50,run_011,run_017,0.301,0.4,0.216,0.75,True,True
real_gemini36flash_50,run_011,run_018,0.053,0.72,0.309,0.75,False,True
real_gemini36flash_50,run_011,run_019,0.112,0.531,0.283,0.5,False,False
real_gemini36flash_50,run_011,run_020,0.13,0.735,0.177,0.75,True,True
real_gemini36flash_50,run_011,run_021,0.115,0.65,0.287,1.0,True,True
real_gemini36flash_50,run_011,run_022,0.213,0.85,0.17,1.0,False,True
real_gemini36flash_50,run_011,run_023,0.152,0.743,0.104,1.0,False,True
real_gemini36flash_50,run_011,run_024,0.302,0.714,0.187,1.0,False,True
real_gemini36flash_50,run_011,run_025,0.138,0.582,0.319,0.75,False,True
real_gemini36flash_50,run_011,run_026,0.158,0.56,0.038,0.75,True,True
real_gemini36flash_50,run_011,run_027,0.213,0.324,0.089,0.333,False,True
real_gemini36flash_50,run_011,run_028,0.22,0.787,0.302,0.75,True,True
real_gemini36flash_50,run_011,run_029,0.126,0.656,0.119,1.0,True,True
real_gemini36flash_50,run_011,run_030,0.139,0.438,0.06,0.25,False,False
real_gemini36flash_50,run_011,run_031,0.203,0.567,0.155,1.0,False,True
real_gemini36flash_50,run_011,run_032,0.161,0.682,0.086,1.0,True,True
real_gemini36flash_50,run_011,run_033,0.184,0.473,0.098,1.0,False,True
real_gemini36flash_50,run_011,run_034,0.152,0.598,0.223,0.75,False,True
real_gemini36flash_50,run_011,run_035,0.114,0.279,0.232,0.333,False,True
real_gemini36flash_50,run_011,run_036,0.097,0.68,0.353,0.5,True,True
real_gemini36flash_50,run_011,run_037,0.193,0.436,0.032,0.25,False,False
real_gemini36flash_50,run_011,run_038,0.181,0.72,0.576,0.75,False,True
real_gemini36flash_50,run_011,run_039,0.221,0.462,0.047,0.25,False,False
real_gemini36flash_50,run_011,run_040,0.053,0.714,0.389,1.0,True,True
real_gemini36flash_50,run_011,run_041,0.178,0.933,0.257,1.0,False,True
real_gemini36flash_50,run_011,run_042,0.229,0.631,0.329,1.0,True,True
real_gemini36flash_50,run_011,run_043,0.247,0.74,0.09,1.0,False,True
real_gemini36flash_50,run_011,run_044,0.149,0.717,0.081,1.0,False,True
real_gemini36flash_50,run_011,run_045,0.316,0.673,0.106,1.0,True,True
real_gemini36flash_50,run_011,run_046,0.018,0.234,0.212,0.25,False,False
real_gemini36flash_50,run_011,run_047,0.235,0.459,0.088,0.75,True,True
real_gemini36flash_50,run_011,run_048,0.229,0.248,0.121,0.25,False,False
real_gemini36flash_50,run_011,run_049,0.24,0.85,0.175,1.0,False,True
real_gemini36flash_50,run_011,run_050,0.088,0.181,0.047,0.667,True,True
real_gemini36flash_50,run_012,run_013,0.131,0.671,0.187,0.5,True,False
real_gemini36flash_50,run_012,run_014,0.091,0.672,0.357,0.8,False,True
real_gemini36flash_50,run_012,run_015,0.054,0.621,0.113,0.667,True,True
real_gemini36flash_50,run_012,run_016,0.085,0.516,0.044,0.5,False,False
real_gemini36flash_50,run_012,run_017,0.048,0.387,0.496,0.5,False,False
real_gemini36flash_50,run_012,run_018,0.228,0.643,0.265,0.5,False,False
real_gemini36flash_50,run_012,run_019,0.064,0.482,0.086,0.833,False,True
real_gemini36flash_50,run_012,run_020,0.125,0.201,0.04,0.5,False,False
real_gemini36flash_50,run_012,run_021,0.097,0.662,0.243,0.6,False,False
real_gemini36flash_50,run_012,run_022,0.066,0.492,0.069,0.6,True,False
real_gemini36flash_50,run_012,run_023,0.052,0.621,0.155,0.6,True,False
real_gemini36flash_50,run_012,run_024,0.12,0.588,0.159,0.6,False,False
real_gemini36flash_50,run_012,run_025,0.106,0.601,0.239,0.5,False,False
real_gemini36flash_50,run_012,run_026,0.092,0.381,0.205,0.8,False,False
real_gemini36flash_50,run_012,run_027,0.08,0.269,0.156,0.2,True,False
real_gemini36flash_50,run_012,run_028,0.121,0.497,0.284,0.5,False,False
real_gemini36flash_50,run_012,run_029,0.062,0.685,0.182,0.6,False,False
real_gemini36flash_50,run_012,run_030,0.124,0.788,0.127,0.4,False,True
real_gemini36flash_50,run_012,run_031,0.053,0.459,0.204,0.6,True,False
real_gemini36flash_50,run_012,run_032,0.059,0.407,0.064,0.6,False,False
real_gemini36flash_50,run_012,run_033,0.059,0.22,0.131,0.6,True,False
real_gemini36flash_50,run_012,run_034,0.052,0.432,0.092,0.5,True,False
real_gemini36flash_50,run_012,run_035,0.095,0.141,0.241,0.2,True,False
real_gemini36flash_50,run_012,run_036,0.038,0.544,0.285,0.571,False,False
real_gemini36flash_50,run_012,run_037,0.12,0.628,0.249,0.4,False,True
real_gemini36flash_50,run_012,run_038,0.182,0.643,0.534,0.5,False,False
real_gemini36flash_50,run_012,run_039,0.092,0.49,0.452,0.4,True,True
real_gemini36flash_50,run_012,run_040,0.113,0.547,0.36,0.6,False,False
real_gemini36flash_50,run_012,run_041,0.129,0.223,0.076,0.6,True,False
real_gemini36flash_50,run_012,run_042,0.046,0.512,0.095,0.6,False,False
real_gemini36flash_50,run_012,run_043,0.067,0.616,0.074,0.6,True,False
real_gemini36flash_50,run_012,run_044,0.044,0.567,0.034,0.6,True,False
real_gemini36flash_50,run_012,run_045,0.129,0.59,0.43,0.6,False,False
real_gemini36flash_50,run_012,run_046,0.074,0.31,0.429,0.167,False,True
real_gemini36flash_50,run_012,run_047,0.098,0.545,0.363,0.8,False,False
real_gemini36flash_50,run_012,run_048,0.186,0.585,0.304,0.4,False,True
real_gemini36flash_50,run_012,run_049,0.214,0.492,0.073,0.6,False,False
real_gemini36flash_50,run_012,run_050,0.118,0.091,0.104,0.4,False,False
real_gemini36flash_50,run_013,run_014,0.108,0.388,0.056,0.6,False,False
real_gemini36flash_50,run_013,run_015,0.224,0.44,0.122,0.8,True,False
real_gemini36flash_50,run_013,run_016,0.184,0.66,0.022,1.0,False,True
real_gemini36flash_50,run_013,run_017,0.122,0.391,0.468,1.0,False,True
real_gemini36flash_50,run_013,run_018,0.057,0.904,0.167,1.0,False,True
real_gemini36flash_50,run_013,run_019,0.185,0.593,0.097,0.667,False,False
real_gemini36flash_50,run_013,run_020,0.182,0.645,0.139,1.0,False,True
real_gemini36flash_50,run_013,run_021,0.205,0.897,0.178,0.75,False,True
real_gemini36flash_50,run_013,run_022,0.189,0.697,0.059,0.75,True,True
real_gemini36flash_50,run_013,run_023,0.185,0.956,0.114,0.75,True,True
real_gemini36flash_50,run_013,run_024,0.167,0.91,0.088,0.75,False,True
real_gemini36flash_50,run_013,run_025,0.189,0.777,0.096,1.0,False,True
real_gemini36flash_50,run_013,run_026,0.131,0.584,0.174,0.6,False,True
real_gemini36flash_50,run_013,run_027,0.066,0.326,0.139,0.25,True,True
real_gemini36flash_50,run_013,run_028,0.223,0.648,0.33,0.6,False,True
real_gemini36flash_50,run_013,run_029,0.096,0.812,0.099,0.75,False,True
real_gemini36flash_50,run_013,run_030,0.185,0.534,0.044,0.2,False,False
real_gemini36flash_50,run_013,run_031,0.093,0.593,0.094,0.75,True,True
real_gemini36flash_50,run_013,run_032,0.143,0.503,0.069,0.75,False,True
real_gemini36flash_50,run_013,run_033,0.122,0.315,0.135,0.75,True,True
real_gemini36flash_50,run_013,run_034,0.137,0.63,0.033,1.0,True,True
real_gemini36flash_50,run_013,run_035,0.187,0.253,0.177,0.25,True,True
real_gemini36flash_50,run_013,run_036,0.224,0.574,0.364,0.429,False,True
real_gemini36flash_50,run_013,run_037,0.18,0.376,0.335,0.2,False,False
real_gemini36flash_50,run_013,run_038,0.224,0.904,0.324,1.0,False,True
real_gemini36flash_50,run_013,run_039,0.221,0.32,0.165,0.2,True,False
real_gemini36flash_50,run_013,run_040,0.207,0.824,0.34,0.75,False,True
real_gemini36flash_50,run_013,run_041,0.211,0.725,0.08,0.75,True,True
real_gemini36flash_50,run_013,run_042,0.171,0.701,0.046,0.75,False,True
real_gemini36flash_50,run_013,run_043,0.097,0.925,0.046,0.75,True,True
real_gemini36flash_50,run_013,run_044,0.145,0.852,0.181,0.75,True,True
real_gemini36flash_50,run_013,run_045,0.112,0.847,0.193,0.75,False,True
real_gemini36flash_50,run_013,run_046,0.11,0.33,0.456,0.5,False,False
real_gemini36flash_50,run_013,run_047,0.096,0.453,0.164,0.6,False,True
real_gemini36flash_50,run_013,run_048,0.245,0.297,0.116,0.2,False,False
real_gemini36flash_50,run_013,run_049,0.146,0.726,0.091,0.75,False,True
real_gemini36flash_50,run_013,run_050,0.237,0.217,0.208,0.5,False,True
real_gemini36flash_50,run_014,run_015,0.167,0.507,0.096,0.8,False,True
real_gemini36flash_50,run_014,run_016,0.146,0.369,0.014,0.6,False,False
real_gemini36flash_50,run_014,run_017,0.086,0.325,0.274,0.6,False,False
real_gemini36flash_50,run_014,run_018,0.037,0.426,0.056,0.6,False,False
real_gemini36flash_50,run_014,run_019,0.026,0.511,0.039,0.667,True,True
real_gemini36flash_50,run_014,run_020,0.168,0.383,0.061,0.6,False,False
real_gemini36flash_50,run_014,run_021,0.128,0.417,0.209,0.75,False,False
real_gemini36flash_50,run_014,run_022,0.111,0.144,0.048,0.75,False,False
real_gemini36flash_50,run_014,run_023,0.157,0.406,0.153,0.75,False,False
real_gemini36flash_50,run_014,run_024,0.138,0.411,0.114,0.75,False,False
real_gemini36flash_50,run_014,run_025,0.175,0.456,0.175,0.6,False,False
real_gemini36flash_50,run_014,run_026,0.167,0.329,0.194,0.6,False,False
real_gemini36flash_50,run_014,run_027,0.047,0.237,0.117,0.25,False,False
real_gemini36flash_50,run_014,run_028,0.222,0.392,0.249,0.6,False,False
real_gemini36flash_50,run_014,run_029,0.233,0.388,0.04,0.75,False,False
real_gemini36flash_50,run_014,run_030,0.093,0.672,0.088,0.5,False,True
real_gemini36flash_50,run_014,run_031,0.11,0.326,0.12,0.75,False,False
real_gemini36flash_50,run_014,run_032,0.174,0.165,0.039,0.75,False,False
real_gemini36flash_50,run_014,run_033,0.155,0.268,0.14,0.75,False,False
real_gemini36flash_50,run_014,run_034,0.091,0.284,0.123,0.6,False,False
real_gemini36flash_50,run_014,run_035,0.209,0.266,0.266,0.25,False,False
real_gemini36flash_50,run_014,run_036,0.126,0.426,0.295,0.667,False,False
real_gemini36flash_50,run_014,run_037,0.101,0.685,0.101,0.5,True,True
real_gemini36flash_50,run_014,run_038,0.156,0.426,0.441,0.6,False,False
real_gemini36flash_50,run_014,run_039,0.172,0.465,0.195,0.5,False,True
real_gemini36flash_50,run_014,run_040,0.159,0.439,0.326,0.75,False,False
real_gemini36flash_50,run_014,run_041,0.072,0.151,0.039,0.75,False,False
real_gemini36flash_50,run_014,run_042,0.216,0.34,0.143,0.75,False,False
real_gemini36flash_50,run_014,run_043,0.147,0.432,0.263,0.75,False,False
real_gemini36flash_50,run_014,run_044,0.11,0.403,0.051,0.75,False,False
real_gemini36flash_50,run_014,run_045,0.115,0.443,0.269,0.75,False,False
real_gemini36flash_50,run_014,run_046,0.088,0.261,0.337,0.2,False,True
real_gemini36flash_50,run_014,run_047,0.098,0.44,0.128,1.0,False,False
real_gemini36flash_50,run_014,run_048,0.117,0.475,0.198,0.5,False,True
real_gemini36flash_50,run_014,run_049,0.16,0.144,0.023,0.75,False,False
real_gemini36flash_50,run_014,run_050,0.057,0.027,0.07,0.5,False,False
real_gemini36flash_50,run_015,run_016,0.159,0.352,0.224,0.8,False,False
real_gemini36flash_50,run_015,run_017,0.197,0.526,0.438,0.8,False,False
real_gemini36flash_50,run_015,run_018,0.044,0.462,0.177,0.8,False,False
real_gemini36flash_50,run_015,run_019,0.112,0.442,0.164,0.833,False,True
real_gemini36flash_50,run_015,run_020,0.282,0.176,0.085,0.8,False,False
real_gemini36flash_50,run_015,run_021,0.093,0.415,0.236,0.6,False,False
real_gemini36flash_50,run_015,run_022,0.218,0.37,0.09,0.6,True,False
real_gemini36flash_50,run_015,run_023,0.179,0.43,0.099,0.6,True,False
real_gemini36flash_50,run_015,run_024,0.21,0.41,0.177,0.6,False,False
real_gemini36flash_50,run_015,run_025,0.251,0.385,0.227,0.8,False,False
real_gemini36flash_50,run_015,run_026,0.12,0.575,0.062,0.5,False,False
real_gemini36flash_50,run_015,run_027,0.114,0.196,0.123,0.2,True,False
real_gemini36flash_50,run_015,run_028,0.325,0.382,0.458,0.5,False,False
real_gemini36flash_50,run_015,run_029,0.143,0.39,0.112,0.6,False,False
real_gemini36flash_50,run_015,run_030,0.141,0.552,0.2,0.4,False,True
real_gemini36flash_50,run_015,run_031,0.223,0.658,0.123,0.6,True,False
real_gemini36flash_50,run_015,run_032,0.132,0.579,0.161,0.6,False,False
real_gemini36flash_50,run_015,run_033,0.139,0.27,0.059,0.6,True,False
real_gemini36flash_50,run_015,run_034,0.228,0.658,0.17,0.8,True,False
real_gemini36flash_50,run_015,run_035,0.06,0.172,0.207,0.2,True,False
real_gemini36flash_50,run_015,run_036,0.145,0.433,0.38,0.571,False,False
real_gemini36flash_50,run_015,run_037,0.175,0.509,0.028,0.4,False,True
real_gemini36flash_50,run_015,run_038,0.202,0.462,0.441,0.8,False,False
real_gemini36flash_50,run_015,run_039,0.201,0.595,0.133,0.4,True,True
real_gemini36flash_50,run_015,run_040,0.127,0.355,0.372,0.6,False,False
real_gemini36flash_50,run_015,run_041,0.102,0.375,0.077,0.6,True,False
real_gemini36flash_50,run_015,run_042,0.285,0.439,0.191,0.6,False,False
real_gemini36flash_50,run_015,run_043,0.17,0.415,0.12,0.6,True,False
real_gemini36flash_50,run_015,run_044,0.119,0.442,0.156,0.6,True,False
real_gemini36flash_50,run_015,run_045,0.142,0.426,0.184,0.6,False,False
real_gemini36flash_50,run_015,run_046,0.048,0.298,0.481,0.4,False,True
real_gemini36flash_50,run_015,run_047,0.143,0.445,0.065,0.8,False,False
real_gemini36flash_50,run_015,run_048,0.192,0.527,0.079,0.4,False,True
real_gemini36flash_50,run_015,run_049,0.135,0.36,0.103,0.6,False,False
real_gemini36flash_50,run_015,run_050,0.11,0.087,0.16,0.4,False,False
real_gemini36flash_50,run_016,run_017,0.128,0.438,0.426,1.0,False,True
real_gemini36flash_50,run_016,run_018,0.029,0.701,0.336,1.0,True,True
real_gemini36flash_50,run_016,run_019,0.143,0.498,0.168,0.667,False,False
real_gemini36flash_50,run_016,run_020,0.214,0.798,0.127,1.0,False,True
real_gemini36flash_50,run_016,run_021,0.233,0.683,0.23,0.75,False,True
real_gemini36flash_50,run_016,run_022,0.116,0.772,0.169,0.75,False,True
real_gemini36flash_50,run_016,run_023,0.14,0.683,0.108,0.75,False,True
real_gemini36flash_50,run_016,run_024,0.213,0.686,0.164,0.75,True,True
real_gemini36flash_50,run_016,run_025,0.103,0.629,0.358,1.0,True,True
real_gemini36flash_50,run_016,run_026,0.199,0.527,0.039,0.6,False,True
real_gemini36flash_50,run_016,run_027,0.06,0.314,0.121,0.25,False,True
real_gemini36flash_50,run_016,run_028,0.142,0.822,0.47,0.6,False,True
real_gemini36flash_50,run_016,run_029,0.14,0.68,0.124,0.75,False,True
real_gemini36flash_50,run_016,run_030,0.119,0.43,0.05,0.2,False,False
real_gemini36flash_50,run_016,run_031,0.105,0.574,0.2,0.75,False,True
real_gemini36flash_50,run_016,run_032,0.202,0.641,0.086,0.75,False,True
real_gemini36flash_50,run_016,run_033,0.155,0.487,0.099,0.75,False,True
real_gemini36flash_50,run_016,run_034,0.138,0.574,0.116,1.0,False,True
real_gemini36flash_50,run_016,run_035,0.126,0.317,0.307,0.25,False,True
real_gemini36flash_50,run_016,run_036,0.266,0.635,0.329,0.429,False,True
real_gemini36flash_50,run_016,run_037,0.147,0.429,0.055,0.2,False,False
real_gemini36flash_50,run_016,run_038,0.196,0.701,0.706,1.0,False,True
real_gemini36flash_50,run_016,run_039,0.159,0.52,0.089,0.2,False,False
real_gemini36flash_50,run_016,run_040,0.163,0.663,0.386,0.75,False,True
real_gemini36flash_50,run_016,run_041,0.142,0.841,0.201,0.75,False,True
real_gemini36flash_50,run_016,run_042,0.243,0.636,0.238,0.75,False,True
real_gemini36flash_50,run_016,run_043,0.212,0.72,0.143,0.75,False,True
real_gemini36flash_50,run_016,run_044,0.102,0.667,0.085,0.75,False,True
real_gemini36flash_50,run_016,run_045,0.113,0.648,0.116,0.75,False,True
real_gemini36flash_50,run_016,run_046,0.037,0.297,0.404,0.5,False,False
real_gemini36flash_50,run_016,run_047,0.128,0.5,0.088,0.6,False,True
real_gemini36flash_50,run_016,run_048,0.173,0.264,0.139,0.2,False,False
real_gemini36flash_50,run_016,run_049,0.137,0.772,0.12,0.75,True,True
real_gemini36flash_50,run_016,run_050,0.11,0.138,0.079,0.5,False,True
real_gemini36flash_50,run_017,run_018,0.057,0.43,0.156,1.0,False,True
real_gemini36flash_50,run_017,run_019,0.251,0.31,0.176,0.667,False,False
real_gemini36flash_50,run_017,run_020,0.192,0.385,0.054,1.0,True,True
real_gemini36flash_50,run_017,run_021,0.096,0.392,0.105,0.75,True,True
real_gemini36flash_50,run_017,run_022,0.269,0.38,0.151,0.75,False,True
real_gemini36flash_50,run_017,run_023,0.207,0.409,0.163,0.75,False,True
real_gemini36flash_50,run_017,run_024,0.234,0.4,0.075,0.75,False,True
real_gemini36flash_50,run_017,run_025,0.166,0.459,0.139,1.0,False,True
real_gemini36flash_50,run_017,run_026,0.199,0.719,0.127,0.6,True,True
real_gemini36flash_50,run_017,run_027,0.191,0.332,0.073,0.25,False,True
real_gemini36flash_50,run_017,run_028,0.195,0.433,0.541,0.6,True,True
real_gemini36flash_50,run_017,run_029,0.117,0.42,0.069,0.75,True,True
real_gemini36flash_50,run_017,run_030,0.23,0.242,0.034,0.2,False,False
real_gemini36flash_50,run_017,run_031,0.183,0.771,0.13,0.75,False,True
real_gemini36flash_50,run_017,run_032,0.115,0.627,0.054,0.75,True,True
real_gemini36flash_50,run_017,run_033,0.264,0.42,0.067,0.75,False,True
real_gemini36flash_50,run_017,run_034,0.122,0.757,0.237,1.0,False,True
real_gemini36flash_50,run_017,run_035,0.089,0.235,0.18,0.25,False,True
real_gemini36flash_50,run_017,run_036,0.102,0.406,0.481,0.429,True,True
real_gemini36flash_50,run_017,run_037,0.126,0.176,0.136,0.2,False,False
real_gemini36flash_50,run_017,run_038,0.269,0.43,0.358,1.0,False,True
real_gemini36flash_50,run_017,run_039,0.165,0.413,0.129,0.2,False,False
real_gemini36flash_50,run_017,run_040,0.092,0.443,0.486,0.75,True,True
real_gemini36flash_50,run_017,run_041,0.201,0.398,0.074,0.75,False,True
real_gemini36flash_50,run_017,run_042,0.156,0.526,0.11,0.75,True,True
real_gemini36flash_50,run_017,run_043,0.214,0.406,0.144,0.75,False,True
real_gemini36flash_50,run_017,run_044,0.154,0.436,0.078,0.75,False,True
real_gemini36flash_50,run_017,run_045,0.373,0.351,0.178,0.75,True,True
real_gemini36flash_50,run_017,run_046,0.019,0.287,0.294,0.5,False,False
real_gemini36flash_50,run_017,run_047,0.145,0.558,0.126,0.6,True,True
real_gemini36flash_50,run_017,run_048,0.287,0.211,0.163,0.2,False,False
real_gemini36flash_50,run_017,run_049,0.224,0.369,0.174,0.75,False,True
real_gemini36flash_50,run_017,run_050,0.051,0.3,0.25,0.5,True,True
real_gemini36flash_50,run_018,run_019,0.18,0.573,0.221,0.667,False,False
real_gemini36flash_50,run_018,run_020,0.222,0.722,0.205,1.0,False,True
real_gemini36flash_50,run_018,run_021,0.127,0.914,0.236,0.75,False,True
real_gemini36flash_50,run_018,run_022,0.149,0.697,0.14,0.75,False,True
real_gemini36flash_50,run_018,run_023,0.083,0.885,0.125,0.75,False,True
real_gemini36flash_50,run_018,run_024,0.162,0.841,0.213,0.75,True,True
real_gemini36flash_50,run_018,run_025,0.163,0.844,0.348,1.0,True,True
real_gemini36flash_50,run_018,run_026,0.144,0.62,0.042,0.6,False,True
real_gemini36flash_50,run_018,run_027,0.048,0.34,0.145,0.25,False,True
real_gemini36flash_50,run_018,run_028,0.17,0.693,0.363,0.6,False,True
real_gemini36flash_50,run_018,run_029,0.129,0.828,0.145,0.75,False,True
real_gemini36flash_50,run_018,run_030,0.123,0.531,0.131,0.2,False,False
real_gemini36flash_50,run_018,run_031,0.191,0.629,0.227,0.75,False,True
real_gemini36flash_50,run_018,run_032,0.178,0.532,0.083,0.75,False,True
real_gemini36flash_50,run_018,run_033,0.13,0.335,0.124,0.75,False,True
real_gemini36flash_50,run_018,run_034,0.079,0.667,0.182,1.0,False,True
real_gemini36flash_50,run_018,run_035,0.192,0.256,0.258,0.25,False,True
real_gemini36flash_50,run_018,run_036,0.105,0.573,0.309,0.429,False,True
real_gemini36flash_50,run_018,run_037,0.175,0.395,0.311,0.2,False,False
real_gemini36flash_50,run_018,run_038,0.183,1.0,0.557,1.0,False,True
real_gemini36flash_50,run_018,run_039,0.108,0.355,0.052,0.2,False,False
real_gemini36flash_50,run_018,run_040,0.201,0.827,0.313,0.75,False,True
real_gemini36flash_50,run_018,run_041,0.201,0.726,0.29,0.75,False,True
real_gemini36flash_50,run_018,run_042,0.114,0.667,0.248,0.75,False,True
real_gemini36flash_50,run_018,run_043,0.138,0.854,0.098,0.75,False,True
real_gemini36flash_50,run_018,run_044,0.098,0.855,0.165,0.75,False,True
real_gemini36flash_50,run_018,run_045,0.088,0.886,0.121,0.75,False,True
real_gemini36flash_50,run_018,run_046,0.071,0.324,0.216,0.5,False,False
real_gemini36flash_50,run_018,run_047,0.069,0.478,0.065,0.6,False,True
real_gemini36flash_50,run_018,run_048,0.175,0.291,0.204,0.2,False,False
real_gemini36flash_50,run_018,run_049,0.076,0.667,0.174,0.75,True,True
real_gemini36flash_50,run_018,run_050,0.147,0.213,0.063,0.5,False,True
real_gemini36flash_50,run_019,run_020,0.17,0.474,0.149,0.667,False,False
real_gemini36flash_50,run_019,run_021,0.158,0.542,0.178,0.5,False,False
real_gemini36flash_50,run_019,run_022,0.144,0.512,0.236,0.5,False,False
real_gemini36flash_50,run_019,run_023,0.25,0.606,0.11,0.5,False,False
real_gemini36flash_50,run_019,run_024,0.091,0.583,0.157,0.5,False,False
real_gemini36flash_50,run_019,run_025,0.161,0.534,0.343,0.667,False,False
real_gemini36flash_50,run_019,run_026,0.289,0.419,0.031,0.667,False,False
real_gemini36flash_50,run_019,run_027,0.052,0.28,0.091,0.167,False,False
real_gemini36flash_50,run_019,run_028,0.195,0.544,0.474,0.429,False,False
real_gemini36flash_50,run_019,run_029,0.086,0.526,0.213,0.5,False,False
real_gemini36flash_50,run_019,run_030,0.213,0.431,0.075,0.333,False,True
real_gemini36flash_50,run_019,run_031,0.162,0.474,0.139,0.5,False,False
real_gemini36flash_50,run_019,run_032,0.237,0.425,0.145,0.5,False,False
real_gemini36flash_50,run_019,run_033,0.179,0.265,0.059,0.5,False,False
real_gemini36flash_50,run_019,run_034,0.08,0.483,0.22,0.667,False,False
real_gemini36flash_50,run_019,run_035,0.182,0.245,0.242,0.167,False,False
real_gemini36flash_50,run_019,run_036,0.159,0.496,0.378,0.5,False,False
real_gemini36flash_50,run_019,run_037,0.186,0.667,0.033,0.333,True,True
real_gemini36flash_50,run_019,run_038,0.183,0.573,0.48,0.667,False,False
real_gemini36flash_50,run_019,run_039,0.217,0.549,0.039,0.333,False,True
real_gemini36flash_50,run_019,run_040,0.203,0.554,0.471,0.5,False,False
real_gemini36flash_50,run_019,run_041,0.201,0.521,0.226,0.5,False,False
real_gemini36flash_50,run_019,run_042,0.14,0.475,0.342,0.5,False,False
real_gemini36flash_50,run_019,run_043,0.126,0.622,0.088,0.5,False,False
real_gemini36flash_50,run_019,run_044,0.105,0.618,0.106,0.5,False,False
real_gemini36flash_50,run_019,run_045,0.135,0.566,0.149,0.5,False,False
real_gemini36flash_50,run_019,run_046,0.07,0.346,0.456,0.333,False,True
real_gemini36flash_50,run_019,run_047,0.053,0.383,0.09,0.667,False,False
real_gemini36flash_50,run_019,run_048,0.147,0.486,0.087,0.333,False,True
real_gemini36flash_50,run_019,run_049,0.094,0.528,0.32,0.5,False,False
real_gemini36flash_50,run_019,run_050,0.145,0.086,0.045,0.333,False,False
real_gemini36flash_50,run_020,run_021,0.149,0.713,0.055,0.75,True,True
real_gemini36flash_50,run_020,run_022,0.235,0.679,0.052,0.75,False,True
real_gemini36flash_50,run_020,run_023,0.268,0.593,0.091,0.75,False,True
real_gemini36flash_50,run_020,run_024,0.247,0.579,0.085,0.75,False,True
real_gemini36flash_50,run_020,run_025,0.238,0.733,0.251,1.0,False,True
real_gemini36flash_50,run_020,run_026,0.319,0.587,0.053,0.6,True,True
real_gemini36flash_50,run_020,run_027,0.08,0.328,0.044,0.25,False,True
real_gemini36flash_50,run_020,run_028,0.25,0.772,0.216,0.6,True,True
real_gemini36flash_50,run_020,run_029,0.121,0.634,0.087,0.75,True,True
real_gemini36flash_50,run_020,run_030,0.233,0.379,0.1,0.2,False,False
real_gemini36flash_50,run_020,run_031,0.263,0.486,0.038,0.75,False,True
real_gemini36flash_50,run_020,run_032,0.173,0.579,0.092,0.75,True,True
real_gemini36flash_50,run_020,run_033,0.24,0.488,0.063,0.75,False,True
real_gemini36flash_50,run_020,run_034,0.177,0.519,0.173,1.0,False,True
real_gemini36flash_50,run_020,run_035,0.122,0.322,0.074,0.25,False,True
real_gemini36flash_50,run_020,run_036,0.134,0.534,0.263,0.429,True,True
real_gemini36flash_50,run_020,run_037,0.232,0.415,0.102,0.2,False,False
real_gemini36flash_50,run_020,run_038,0.2,0.722,0.365,1.0,False,True
real_gemini36flash_50,run_020,run_039,0.164,0.489,0.044,0.2,False,False
real_gemini36flash_50,run_020,run_040,0.164,0.625,0.306,0.75,True,True
real_gemini36flash_50,run_020,run_041,0.159,0.759,0.198,0.75,False,True
real_gemini36flash_50,run_020,run_042,0.166,0.558,0.229,0.75,True,True
real_gemini36flash_50,run_020,run_043,0.331,0.59,0.168,0.75,False,True
real_gemini36flash_50,run_020,run_044,0.115,0.562,0.052,0.75,False,True
real_gemini36flash_50,run_020,run_045,0.175,0.642,0.161,0.75,True,True
real_gemini36flash_50,run_020,run_046,0.107,0.322,0.193,0.5,False,False
real_gemini36flash_50,run_020,run_047,0.097,0.434,0.035,0.6,True,True
real_gemini36flash_50,run_020,run_048,0.253,0.196,0.07,0.2,False,False
real_gemini36flash_50,run_020,run_049,0.214,0.67,0.434,0.75,False,True
real_gemini36flash_50,run_020,run_050,0.116,0.162,0.051,0.5,True,True
real_gemini36flash_50,run_021,run_022,0.132,0.641,0.161,1.0,False,True
real_gemini36flash_50,run_021,run_023,0.248,0.829,0.145,1.0,False,True
real_gemini36flash_50,run_021,run_024,0.144,0.791,0.208,1.0,False,True
real_gemini36flash_50,run_021,run_025,0.043,0.827,0.25,0.75,False,True
real_gemini36flash_50,run_021,run_026,0.149,0.566,0.191,0.75,True,True
real_gemini36flash_50,run_021,run_027,0.237,0.345,0.26,0.333,False,True
real_gemini36flash_50,run_021,run_028,0.171,0.62,0.422,0.75,True,True
real_gemini36flash_50,run_021,run_029,0.133,0.848,0.19,1.0,True,True
real_gemini36flash_50,run_021,run_030,0.193,0.503,0.073,0.25,False,False
real_gemini36flash_50,run_021,run_031,0.12,0.575,0.244,1.0,False,True
real_gemini36flash_50,run_021,run_032,0.161,0.531,0.102,1.0,True,True
real_gemini36flash_50,run_021,run_033,0.186,0.309,0.113,1.0,False,True
real_gemini36flash_50,run_021,run_034,0.143,0.611,0.042,0.75,False,True
real_gemini36flash_50,run_021,run_035,0.222,0.263,0.209,0.333,False,True
real_gemini36flash_50,run_021,run_036,0.065,0.505,0.341,0.5,True,True
real_gemini36flash_50,run_021,run_037,0.083,0.423,0.128,0.25,False,False
real_gemini36flash_50,run_021,run_038,0.171,0.901,0.395,0.75,False,True
real_gemini36flash_50,run_021,run_039,0.243,0.408,0.26,0.25,False,False
real_gemini36flash_50,run_021,run_040,0.256,0.722,0.49,1.0,True,True
real_gemini36flash_50,run_021,run_041,0.144,0.626,0.06,1.0,False,True
real_gemini36flash_50,run_021,run_042,0.098,0.726,0.193,1.0,True,True
real_gemini36flash_50,run_021,run_043,0.165,0.873,0.101,1.0,False,True
real_gemini36flash_50,run_021,run_044,0.129,0.725,0.109,1.0,False,True
real_gemini36flash_50,run_021,run_045,0.095,0.823,0.284,1.0,True,True
real_gemini36flash_50,run_021,run_046,0.079,0.332,0.484,0.25,False,False
real_gemini36flash_50,run_021,run_047,0.092,0.442,0.156,0.75,True,True
real_gemini36flash_50,run_021,run_048,0.245,0.319,0.191,0.25,False,False
real_gemini36flash_50,run_021,run_049,0.12,0.689,0.141,1.0,False,True
real_gemini36flash_50,run_021,run_050,0.14,0.214,0.179,0.667,True,True
real_gemini36flash_50,run_022,run_023,0.143,0.74,0.034,1.0,True,True
real_gemini36flash_50,run_022,run_024,0.108,0.712,0.055,1.0,False,True
real_gemini36flash_50,run_022,run_025,0.104,0.535,0.091,0.75,False,True
real_gemini36flash_50,run_022,run_026,0.238,0.525,0.034,0.75,False,True
real_gemini36flash_50,run_022,run_027,0.022,0.328,0.106,0.333,True,True
real_gemini36flash_50,run_022,run_028,0.165,0.809,0.307,0.75,False,True
real_gemini36flash_50,run_022,run_029,0.121,0.657,0.093,1.0,False,True
real_gemini36flash_50,run_022,run_030,0.186,0.439,0.034,0.25,False,False
real_gemini36flash_50,run_022,run_031,0.118,0.542,0.058,1.0,True,True
real_gemini36flash_50,run_022,run_032,0.115,0.75,0.024,1.0,False,True
real_gemini36flash_50,run_022,run_033,0.346,0.512,0.056,1.0,True,True
real_gemini36flash_50,run_022,run_034,0.074,0.571,0.019,0.75,True,True
real_gemini36flash_50,run_022,run_035,0.112,0.29,0.153,0.333,True,True
real_gemini36flash_50,run_022,run_036,0.044,0.656,0.378,0.5,False,True
real_gemini36flash_50,run_022,run_037,0.108,0.303,0.039,0.25,False,False
real_gemini36flash_50,run_022,run_038,0.132,0.697,0.373,0.75,False,True
real_gemini36flash_50,run_022,run_039,0.177,0.494,0.04,0.25,True,False
real_gemini36flash_50,run_022,run_040,0.088,0.67,0.307,1.0,False,True
real_gemini36flash_50,run_022,run_041,0.114,0.889,0.098,1.0,True,True
real_gemini36flash_50,run_022,run_042,0.15,0.67,0.188,1.0,False,True
real_gemini36flash_50,run_022,run_043,0.189,0.736,0.034,1.0,True,True
real_gemini36flash_50,run_022,run_044,0.169,0.724,0.087,1.0,True,True
real_gemini36flash_50,run_022,run_045,0.234,0.635,0.047,1.0,False,True
real_gemini36flash_50,run_022,run_046,0.016,0.224,0.293,0.25,False,False
real_gemini36flash_50,run_022,run_047,0.128,0.443,0.067,0.75,False,True
real_gemini36flash_50,run_022,run_048,0.25,0.395,0.058,0.25,False,False
real_gemini36flash_50,run_022,run_049,0.073,0.959,0.069,1.0,False,True
real_gemini36flash_50,run_022,run_050,0.047,0.259,0.047,0.667,False,True
real_gemini36flash_50,run_023,run_024,0.208,0.952,0.291,1.0,False,True
real_gemini36flash_50,run_023,run_025,0.232,0.705,0.254,0.75,False,True
real_gemini36flash_50,run_023,run_026,0.255,0.588,0.295,0.75,False,True
real_gemini36flash_50,run_023,run_027,0.077,0.327,0.085,0.333,True,True
real_gemini36flash_50,run_023,run_028,0.195,0.663,0.155,0.75,False,True
real_gemini36flash_50,run_023,run_029,0.163,0.767,0.059,1.0,False,True
real_gemini36flash_50,run_023,run_030,0.222,0.538,0.091,0.25,False,False
real_gemini36flash_50,run_023,run_031,0.247,0.596,0.042,1.0,True,True
real_gemini36flash_50,run_023,run_032,0.132,0.505,0.259,1.0,False,True
real_gemini36flash_50,run_023,run_033,0.209,0.317,0.056,1.0,True,True
real_gemini36flash_50,run_023,run_034,0.148,0.634,0.103,0.75,True,True
real_gemini36flash_50,run_023,run_035,0.135,0.254,0.22,0.333,True,True
real_gemini36flash_50,run_023,run_036,0.245,0.587,0.147,0.5,False,True
real_gemini36flash_50,run_023,run_037,0.15,0.379,0.085,0.25,False,False
real_gemini36flash_50,run_023,run_038,0.142,0.872,0.336,0.75,False,True
real_gemini36flash_50,run_023,run_039,0.153,0.302,0.194,0.25,True,False
real_gemini36flash_50,run_023,run_040,0.094,0.842,0.156,1.0,False,True
real_gemini36flash_50,run_023,run_041,0.148,0.76,0.145,1.0,True,True
real_gemini36flash_50,run_023,run_042,0.217,0.705,0.156,1.0,False,True
real_gemini36flash_50,run_023,run_043,0.213,0.943,0.312,1.0,True,True
real_gemini36flash_50,run_023,run_044,0.124,0.896,0.021,1.0,True,True
real_gemini36flash_50,run_023,run_045,0.197,0.805,0.24,1.0,False,True
real_gemini36flash_50,run_023,run_046,0.031,0.298,0.233,0.25,False,False
real_gemini36flash_50,run_023,run_047,0.141,0.455,0.111,0.75,False,True
real_gemini36flash_50,run_023,run_048,0.143,0.289,0.073,0.25,False,False
real_gemini36flash_50,run_023,run_049,0.112,0.74,0.147,1.0,False,True
real_gemini36flash_50,run_023,run_050,0.038,0.224,0.126,0.667,False,True
real_gemini36flash_50,run_024,run_025,0.14,0.695,0.306,0.75,True,True
real_gemini36flash_50,run_024,run_026,0.142,0.607,0.209,0.75,False,True
real_gemini36flash_50,run_024,run_027,0.091,0.315,0.177,0.333,False,True
real_gemini36flash_50,run_024,run_028,0.211,0.634,0.276,0.75,False,True
real_gemini36flash_50,run_024,run_029,0.121,0.731,0.133,1.0,False,True
real_gemini36flash_50,run_024,run_030,0.223,0.497,0.068,0.25,False,False
real_gemini36flash_50,run_024,run_031,0.125,0.663,0.112,1.0,False,True
real_gemini36flash_50,run_024,run_032,0.143,0.485,0.277,1.0,False,True
real_gemini36flash_50,run_024,run_033,0.135,0.307,0.112,1.0,False,True
real_gemini36flash_50,run_024,run_034,0.227,0.58,0.115,0.75,False,True
real_gemini36flash_50,run_024,run_035,0.081,0.246,0.194,0.333,False,True
real_gemini36flash_50,run_024,run_036,0.162,0.565,0.314,0.5,False,True
real_gemini36flash_50,run_024,run_037,0.165,0.395,0.117,0.25,False,False
real_gemini36flash_50,run_024,run_038,0.32,0.829,0.455,0.75,False,True
real_gemini36flash_50,run_024,run_039,0.197,0.319,0.118,0.25,False,False
real_gemini36flash_50,run_024,run_040,0.171,0.812,0.235,1.0,False,True
real_gemini36flash_50,run_024,run_041,0.16,0.73,0.175,1.0,False,True
real_gemini36flash_50,run_024,run_042,0.178,0.674,0.11,1.0,False,True
real_gemini36flash_50,run_024,run_043,0.141,0.898,0.12,1.0,False,True
real_gemini36flash_50,run_024,run_044,0.152,0.852,0.104,1.0,False,True
real_gemini36flash_50,run_024,run_045,0.262,0.768,0.242,1.0,False,True
real_gemini36flash_50,run_024,run_046,0.102,0.286,0.234,0.25,False,False
real_gemini36flash_50,run_024,run_047,0.177,0.438,0.071,0.75,False,True
real_gemini36flash_50,run_024,run_048,0.218,0.306,0.162,0.25,False,False
real_gemini36flash_50,run_024,run_049,0.241,0.712,0.209,1.0,True,True
real_gemini36flash_50,run_024,run_050,0.123,0.164,0.051,0.667,False,True
real_gemini36flash_50,run_025,run_026,0.194,0.595,0.129,0.6,False,True
real_gemini36flash_50,run_025,run_027,0.057,0.406,0.102,0.25,False,True
real_gemini36flash_50,run_025,run_028,0.317,0.557,0.354,0.6,False,True
real_gemini36flash_50,run_025,run_029,0.191,0.739,0.142,0.75,False,True
real_gemini36flash_50,run_025,run_030,0.255,0.476,0.067,0.2,False,False
real_gemini36flash_50,run_025,run_031,0.339,0.516,0.264,0.75,False,True
real_gemini36flash_50,run_025,run_032,0.191,0.426,0.098,0.75,False,True
real_gemini36flash_50,run_025,run_033,0.231,0.319,0.215,0.75,False,True
real_gemini36flash_50,run_025,run_034,0.142,0.541,0.205,1.0,False,True
real_gemini36flash_50,run_025,run_035,0.153,0.301,0.219,0.25,False,True
real_gemini36flash_50,run_025,run_036,0.125,0.447,0.32,0.429,False,True
real_gemini36flash_50,run_025,run_037,0.187,0.132,0.133,0.2,False,False
real_gemini36flash_50,run_025,run_038,0.21,0.844,0.605,1.0,False,True
real_gemini36flash_50,run_025,run_039,0.324,0.374,0.037,0.2,False,False
real_gemini36flash_50,run_025,run_040,0.101,0.733,0.338,0.75,False,True
real_gemini36flash_50,run_025,run_041,0.092,0.568,0.282,0.75,False,True
real_gemini36flash_50,run_025,run_042,0.219,0.561,0.308,0.75,False,True
real_gemini36flash_50,run_025,run_043,0.128,0.701,0.178,0.75,False,True
real_gemini36flash_50,run_025,run_044,0.136,0.658,0.076,0.75,False,True
real_gemini36flash_50,run_025,run_045,0.22,0.778,0.107,0.75,False,True
real_gemini36flash_50,run_025,run_046,0.076,0.391,0.407,0.5,False,False
real_gemini36flash_50,run_025,run_047,0.089,0.383,0.089,0.6,False,True
real_gemini36flash_50,run_025,run_048,0.295,0.271,0.172,0.2,False,False
real_gemini36flash_50,run_025,run_049,0.308,0.545,0.243,0.75,True,True
real_gemini36flash_50,run_025,run_050,0.051,0.063,0.12,0.5,False,True
real_gemini36flash_50,run_026,run_027,0.027,0.287,0.256,0.25,False,True
real_gemini36flash_50,run_026,run_028,0.228,0.511,0.352,0.6,True,True
real_gemini36flash_50,run_026,run_029,0.206,0.609,0.24,0.75,True,True
real_gemini36flash_50,run_026,run_030,0.156,0.395,0.045,0.2,False,False
real_gemini36flash_50,run_026,run_031,0.199,0.883,0.211,0.75,False,True
real_gemini36flash_50,run_026,run_032,0.145,0.667,0.127,0.75,True,True
real_gemini36flash_50,run_026,run_033,0.347,0.552,0.097,0.75,False,True
real_gemini36flash_50,run_026,run_034,0.091,0.883,0.041,0.6,False,True
real_gemini36flash_50,run_026,run_035,0.216,0.244,0.259,0.25,False,True
real_gemini36flash_50,run_026,run_036,0.126,0.476,0.361,0.429,True,True
real_gemini36flash_50,run_026,run_037,0.176,0.444,0.137,0.2,False,False
real_gemini36flash_50,run_026,run_038,0.201,0.62,0.391,0.6,False,True
real_gemini36flash_50,run_026,run_039,0.203,0.522,0.155,0.2,False,False
real_gemini36flash_50,run_026,run_040,0.119,0.636,0.391,0.75,True,True
real_gemini36flash_50,run_026,run_041,0.163,0.546,0.116,0.75,False,True
real_gemini36flash_50,run_026,run_042,0.195,0.674,0.127,0.75,True,True
real_gemini36flash_50,run_026,run_043,0.304,0.596,0.092,0.75,False,True
real_gemini36flash_50,run_026,run_044,0.183,0.577,0.221,0.75,False,True
real_gemini36flash_50,run_026,run_045,0.231,0.538,0.269,0.75,True,True
real_gemini36flash_50,run_026,run_046,0.02,0.284,0.314,0.2,False,False
real_gemini36flash_50,run_026,run_047,0.145,0.601,0.132,0.6,True,True
real_gemini36flash_50,run_026,run_048,0.166,0.256,0.137,0.2,False,False
real_gemini36flash_50,run_026,run_049,0.093,0.515,0.053,0.75,False,True
real_gemini36flash_50,run_026,run_050,0.065,0.365,0.203,0.5,True,True
real_gemini36flash_50,run_027,run_028,0.181,0.256,0.386,0.25,False,True
real_gemini36flash_50,run_027,run_029,0.058,0.372,0.152,0.333,False,True
real_gemini36flash_50,run_027,run_030,0.09,0.219,0.041,0.5,False,False
real_gemini36flash_50,run_027,run_031,0.214,0.24,0.227,0.333,True,True
real_gemini36flash_50,run_027,run_032,0.091,0.293,0.152,0.333,False,True
real_gemini36flash_50,run_027,run_033,0.118,0.305,0.105,0.333,True,True
real_gemini36flash_50,run_027,run_034,0.139,0.249,0.031,0.25,True,True
real_gemini36flash_50,run_027,run_035,0.052,0.568,0.121,1.0,True,True
real_gemini36flash_50,run_027,run_036,0.111,0.288,0.391,0.167,False,True
real_gemini36flash_50,run_027,run_037,0.192,0.133,0.132,0.5,False,False
real_gemini36flash_50,run_027,run_038,0.157,0.34,0.333,0.25,False,True
real_gemini36flash_50,run_027,run_039,0.107,0.337,0.126,0.5,True,False
real_gemini36flash_50,run_027,run_040,0.147,0.337,0.452,0.333,False,True
real_gemini36flash_50,run_027,run_041,0.088,0.331,0.134,0.333,True,True
real_gemini36flash_50,run_027,run_042,0.174,0.358,0.161,0.333,False,True
real_gemini36flash_50,run_027,run_043,0.164,0.326,0.09,0.333,True,True
real_gemini36flash_50,run_027,run_044,0.211,0.305,0.168,0.333,True,True
real_gemini36flash_50,run_027,run_045,0.249,0.32,0.193,0.333,False,True
real_gemini36flash_50,run_027,run_046,0.082,0.464,0.338,0.5,False,False
real_gemini36flash_50,run_027,run_047,0.119,0.255,0.073,0.25,False,True
real_gemini36flash_50,run_027,run_048,0.316,0.265,0.136,0.5,False,False
real_gemini36flash_50,run_027,run_049,0.202,0.328,0.313,0.333,False,True
real_gemini36flash_50,run_027,run_050,0.071,0.17,0.063,0.0,False,True
real_gemini36flash_50,run_028,run_029,0.151,0.626,0.194,0.75,True,True
real_gemini36flash_50,run_028,run_030,0.242,0.461,0.049,0.2,False,False
real_gemini36flash_50,run_028,run_031,0.253,0.608,0.211,0.75,False,True
real_gemini36flash_50,run_028,run_032,0.152,0.743,0.088,0.75,True,True
real_gemini36flash_50,run_028,run_033,0.208,0.523,0.041,0.75,False,True
real_gemini36flash_50,run_028,run_034,0.192,0.619,0.04,0.6,False,True
real_gemini36flash_50,run_028,run_035,0.141,0.319,0.23,0.25,False,True
real_gemini36flash_50,run_028,run_036,0.154,0.605,0.483,0.667,True,True
real_gemini36flash_50,run_028,run_037,0.209,0.444,0.091,0.2,False,False
real_gemini36flash_50,run_028,run_038,0.167,0.693,0.472,0.6,False,True
real_gemini36flash_50,run_028,run_039,0.256,0.524,0.178,0.2,False,False
real_gemini36flash_50,run_028,run_040,0.164,0.64,0.545,0.75,True,True
real_gemini36flash_50,run_028,run_041,0.143,0.764,0.088,0.75,False,True
real_gemini36flash_50,run_028,run_042,0.223,0.663,0.138,0.75,True,True
real_gemini36flash_50,run_028,run_043,0.141,0.67,0.122,0.75,False,True
real_gemini36flash_50,run_028,run_044,0.181,0.701,0.132,0.75,False,True
real_gemini36flash_50,run_028,run_045,0.163,0.635,0.165,0.75,True,True
real_gemini36flash_50,run_028,run_046,0.098,0.219,0.477,0.2,False,False
real_gemini36flash_50,run_028,run_047,0.131,0.528,0.099,0.6,True,True
real_gemini36flash_50,run_028,run_048,0.29,0.416,0.105,0.2,False,False
real_gemini36flash_50,run_028,run_049,0.181,0.809,0.274,0.75,False,True
real_gemini36flash_50,run_028,run_050,0.177,0.152,0.198,0.5,True,True
real_gemini36flash_50,run_029,run_030,0.149,0.507,0.058,0.25,False,False
real_gemini36flash_50,run_029,run_031,0.15,0.617,0.249,1.0,False,True
real_gemini36flash_50,run_029,run_032,0.161,0.565,0.137,1.0,True,True
real_gemini36flash_50,run_029,run_033,0.142,0.331,0.118,1.0,False,True
real_gemini36flash_50,run_029,run_034,0.076,0.654,0.046,0.75,False,True
real_gemini36flash_50,run_029,run_035,0.114,0.275,0.153,0.333,False,True
real_gemini36flash_50,run_029,run_036,0.151,0.517,0.459,0.5,True,True
real_gemini36flash_50,run_029,run_037,0.074,0.424,0.14,0.25,False,False
real_gemini36flash_50,run_029,run_038,0.066,0.815,0.317,0.75,False,True
real_gemini36flash_50,run_029,run_039,0.24,0.379,0.13,0.25,False,False
real_gemini36flash_50,run_029,run_040,0.071,0.732,0.364,1.0,True,True
real_gemini36flash_50,run_029,run_041,0.129,0.642,0.153,1.0,False,True
real_gemini36flash_50,run_029,run_042,0.278,0.701,0.109,1.0,True,True
real_gemini36flash_50,run_029,run_043,0.177,0.812,0.09,1.0,False,True
real_gemini36flash_50,run_029,run_044,0.084,0.8,0.189,1.0,False,True
real_gemini36flash_50,run_029,run_045,0.123,0.718,0.155,1.0,True,True
real_gemini36flash_50,run_029,run_046,0.042,0.33,0.346,0.25,False,False
real_gemini36flash_50,run_029,run_047,0.152,0.472,0.169,0.75,True,True
real_gemini36flash_50,run_029,run_048,0.083,0.446,0.139,0.25,False,False
real_gemini36flash_50,run_029,run_049,0.087,0.647,0.086,1.0,False,True
real_gemini36flash_50,run_029,run_050,0.033,0.354,0.056,0.667,True,True
real_gemini36flash_50,run_030,run_031,0.187,0.351,0.064,0.25,False,False
real_gemini36flash_50,run_030,run_032,0.103,0.181,0.024,0.25,False,False
real_gemini36flash_50,run_030,run_033,0.21,0.244,0.05,0.25,False,False
real_gemini36flash_50,run_030,run_034,0.103,0.365,0.09,0.2,False,False
real_gemini36flash_50,run_030,run_035,0.179,0.165,0.134,0.5,False,False
real_gemini36flash_50,run_030,run_036,0.087,0.533,0.383,0.333,False,False
real_gemini36flash_50,run_030,run_037,0.215,0.564,0.148,1.0,False,True
real_gemini36flash_50,run_030,run_038,0.157,0.531,0.294,0.2,False,False
real_gemini36flash_50,run_030,run_039,0.248,0.438,0.342,1.0,False,True
real_gemini36flash_50,run_030,run_040,0.16,0.489,0.393,0.25,False,False
real_gemini36flash_50,run_030,run_041,0.129,0.436,0.044,0.25,False,False
real_gemini36flash_50,run_030,run_042,0.122,0.412,0.057,0.25,False,False
real_gemini36flash_50,run_030,run_043,0.166,0.562,0.11,0.25,False,False
real_gemini36flash_50,run_030,run_044,0.112,0.539,0.039,0.25,False,False
real_gemini36flash_50,run_030,run_045,0.184,0.487,0.12,0.25,False,False
real_gemini36flash_50,run_030,run_046,0.018,0.167,0.51,0.333,False,True
real_gemini36flash_50,run_030,run_047,0.155,0.465,0.052,0.5,False,False
real_gemini36flash_50,run_030,run_048,0.214,0.543,0.229,1.0,False,True
real_gemini36flash_50,run_030,run_049,0.159,0.449,0.072,0.25,False,False
real_gemini36flash_50,run_030,run_050,0.207,0.032,0.081,0.0,False,False
real_gemini36flash_50,run_031,run_032,0.132,0.767,0.134,1.0,False,True
real_gemini36flash_50,run_031,run_033,0.128,0.519,0.155,1.0,True,True
real_gemini36flash_50,run_031,run_034,0.174,0.915,0.036,0.75,True,True
real_gemini36flash_50,run_031,run_035,0.169,0.229,0.18,0.333,True,True
real_gemini36flash_50,run_031,run_036,0.15,0.559,0.383,0.5,False,True
real_gemini36flash_50,run_031,run_037,0.166,0.407,0.169,0.25,False,False
real_gemini36flash_50,run_031,run_038,0.078,0.629,0.412,0.75,False,True
real_gemini36flash_50,run_031,run_039,0.191,0.49,0.366,0.25,True,False
real_gemini36flash_50,run_031,run_040,0.049,0.581,0.459,1.0,False,True
real_gemini36flash_50,run_031,run_041,0.125,0.564,0.167,1.0,True,True
real_gemini36flash_50,run_031,run_042,0.196,0.693,0.211,1.0,False,True
real_gemini36flash_50,run_031,run_043,0.271,0.605,0.103,1.0,True,True
real_gemini36flash_50,run_031,run_044,0.052,0.637,0.151,1.0,True,True
real_gemini36flash_50,run_031,run_045,0.228,0.547,0.258,1.0,False,True
real_gemini36flash_50,run_031,run_046,0.017,0.185,0.396,0.25,False,False
real_gemini36flash_50,run_031,run_047,0.14,0.692,0.151,0.75,False,True
real_gemini36flash_50,run_031,run_048,0.107,0.422,0.188,0.25,False,False
real_gemini36flash_50,run_031,run_049,0.069,0.532,0.126,1.0,False,True
real_gemini36flash_50,run_031,run_050,0.034,0.42,0.17,0.667,False,True
real_gemini36flash_50,run_032,run_033,0.199,0.639,0.07,1.0,False,True
real_gemini36flash_50,run_032,run_034,0.102,0.767,0.096,0.75,False,True
real_gemini36flash_50,run_032,run_035,0.232,0.293,0.145,0.333,False,True
real_gemini36flash_50,run_032,run_036,0.145,0.583,0.305,0.5,True,True
real_gemini36flash_50,run_032,run_037,0.204,0.388,0.086,0.25,False,False
real_gemini36flash_50,run_032,run_038,0.16,0.532,0.449,0.75,False,True
real_gemini36flash_50,run_032,run_039,0.187,0.473,0.043,0.25,False,False
real_gemini36flash_50,run_032,run_040,0.202,0.478,0.226,1.0,True,True
real_gemini36flash_50,run_032,run_041,0.221,0.688,0.152,1.0,False,True
real_gemini36flash_50,run_032,run_042,0.387,0.673,0.178,1.0,True,True
real_gemini36flash_50,run_032,run_043,0.228,0.555,0.169,1.0,False,True
real_gemini36flash_50,run_032,run_044,0.152,0.538,0.107,1.0,False,True
real_gemini36flash_50,run_032,run_045,0.136,0.468,0.158,1.0,True,True
real_gemini36flash_50,run_032,run_046,0.035,0.235,0.205,0.25,False,False
real_gemini36flash_50,run_032,run_047,0.15,0.658,0.06,0.75,True,True
real_gemini36flash_50,run_032,run_048,0.172,0.163,0.041,0.25,False,False
real_gemini36flash_50,run_032,run_049,0.101,0.741,0.143,1.0,False,True
real_gemini36flash_50,run_032,run_050,0.147,0.465,0.191,0.667,True,True
real_gemini36flash_50,run_033,run_034,0.071,0.55,0.02,0.75,True,True
real_gemini36flash_50,run_033,run_035,0.145,0.282,0.104,0.333,True,True
real_gemini36flash_50,run_033,run_036,0.041,0.427,0.286,0.5,False,True
real_gemini36flash_50,run_033,run_037,0.115,0.237,0.116,0.25,False,False
real_gemini36flash_50,run_033,run_038,0.18,0.335,0.362,0.75,False,True
real_gemini36flash_50,run_033,run_039,0.164,0.484,0.046,0.25,True,False
real_gemini36flash_50,run_033,run_040,0.135,0.34,0.312,1.0,False,True
real_gemini36flash_50,run_033,run_041,0.18,0.471,0.214,1.0,True,True
real_gemini36flash_50,run_033,run_042,0.15,0.445,0.155,1.0,False,True
real_gemini36flash_50,run_033,run_043,0.167,0.323,0.104,1.0,True,True
real_gemini36flash_50,run_033,run_044,0.145,0.337,0.114,1.0,True,True
real_gemini36flash_50,run_033,run_045,0.315,0.296,0.054,1.0,False,True
real_gemini36flash_50,run_033,run_046,0.017,0.305,0.293,0.25,False,False
real_gemini36flash_50,run_033,run_047,0.065,0.545,0.078,0.75,False,True
real_gemini36flash_50,run_033,run_048,0.283,0.384,0.147,0.25,False,False
real_gemini36flash_50,run_033,run_049,0.071,0.505,0.022,1.0,False,True
real_gemini36flash_50,run_033,run_050,0.101,0.336,0.056,0.667,False,True
real_gemini36flash_50,run_034,run_035,0.054,0.251,0.209,0.25,True,True
real_gemini36flash_50,run_034,run_036,0.164,0.569,0.342,0.429,False,True
real_gemini36flash_50,run_034,run_037,0.123,0.36,0.036,0.2,False,False
real_gemini36flash_50,run_034,run_038,0.11,0.667,0.446,1.0,False,True
real_gemini36flash_50,run_034,run_039,0.191,0.452,0.063,0.2,True,False
real_gemini36flash_50,run_034,run_040,0.239,0.606,0.342,0.75,False,True
real_gemini36flash_50,run_034,run_041,0.085,0.595,0.215,0.75,True,True
real_gemini36flash_50,run_034,run_042,0.212,0.727,0.218,0.75,False,True
real_gemini36flash_50,run_034,run_043,0.239,0.642,0.106,0.75,True,True
real_gemini36flash_50,run_034,run_044,0.107,0.675,0.095,0.75,True,True
real_gemini36flash_50,run_034,run_045,0.228,0.581,0.101,0.75,False,True
real_gemini36flash_50,run_034,run_046,0.064,0.185,0.372,0.5,False,False
real_gemini36flash_50,run_034,run_047,0.126,0.692,0.036,0.6,False,True
real_gemini36flash_50,run_034,run_048,0.144,0.422,0.076,0.2,False,False
real_gemini36flash_50,run_034,run_049,0.091,0.562,0.274,0.75,False,True
real_gemini36flash_50,run_034,run_050,0.078,0.463,0.054,0.5,False,True
real_gemini36flash_50,run_035,run_036,0.095,0.264,0.412,0.167,False,True
real_gemini36flash_50,run_035,run_037,0.127,0.093,0.104,0.5,False,False
real_gemini36flash_50,run_035,run_038,0.068,0.278,0.41,0.25,False,True
real_gemini36flash_50,run_035,run_039,0.18,0.216,0.186,0.5,True,False
real_gemini36flash_50,run_035,run_040,0.154,0.244,0.416,0.333,False,True
real_gemini36flash_50,run_035,run_041,0.101,0.245,0.094,0.333,True,True
real_gemini36flash_50,run_035,run_042,0.145,0.304,0.153,0.333,False,True
real_gemini36flash_50,run_035,run_043,0.161,0.26,0.154,0.333,True,True
real_gemini36flash_50,run_035,run_044,0.058,0.28,0.082,0.333,True,True
real_gemini36flash_50,run_035,run_045,0.107,0.258,0.327,0.333,False,True
real_gemini36flash_50,run_035,run_046,0.075,0.337,0.42,0.5,False,False
real_gemini36flash_50,run_035,run_047,0.135,0.299,0.107,0.25,False,True
real_gemini36flash_50,run_035,run_048,0.143,0.206,0.119,0.5,False,False
real_gemini36flash_50,run_035,run_049,0.075,0.29,0.09,0.333,False,True
real_gemini36flash_50,run_035,run_050,0.122,0.139,0.125,0.0,False,True
real_gemini36flash_50,run_036,run_037,0.151,0.365,0.105,0.333,False,False
real_gemini36flash_50,run_036,run_038,0.231,0.573,0.367,0.429,False,True
real_gemini36flash_50,run_036,run_039,0.146,0.314,0.154,0.333,False,False
real_gemini36flash_50,run_036,run_040,0.138,0.564,0.51,0.5,True,True
real_gemini36flash_50,run_036,run_041,0.146,0.694,0.106,0.5,False,True
real_gemini36flash_50,run_036,run_042,0.213,0.538,0.184,0.5,True,True
real_gemini36flash_50,run_036,run_043,0.223,0.593,0.103,0.5,False,True
real_gemini36flash_50,run_036,run_044,0.074,0.618,0.202,0.5,False,True
real_gemini36flash_50,run_036,run_045,0.139,0.539,0.112,0.5,True,True
real_gemini36flash_50,run_036,run_046,0.069,0.156,0.41,0.143,False,False
real_gemini36flash_50,run_036,run_047,0.128,0.72,0.05,0.667,True,True
real_gemini36flash_50,run_036,run_048,0.198,0.359,0.091,0.333,False,False
real_gemini36flash_50,run_036,run_049,0.15,0.64,0.079,0.5,False,True
real_gemini36flash_50,run_036,run_050,0.143,0.167,0.101,0.333,True,True
real_gemini36flash_50,run_037,run_038,0.249,0.383,0.337,0.2,False,False
real_gemini36flash_50,run_037,run_039,0.111,0.574,0.149,1.0,False,True
real_gemini36flash_50,run_037,run_040,0.243,0.405,0.32,0.25,False,False
real_gemini36flash_50,run_037,run_041,0.162,0.394,0.049,0.25,False,False
real_gemini36flash_50,run_037,run_042,0.165,0.467,0.057,0.25,False,False
real_gemini36flash_50,run_037,run_043,0.158,0.435,0.059,0.25,False,False
real_gemini36flash_50,run_037,run_044,0.175,0.364,0.026,0.25,False,False
real_gemini36flash_50,run_037,run_045,0.159,0.356,0.099,0.25,False,False
real_gemini36flash_50,run_037,run_046,0.122,0.25,0.223,0.333,False,True
real_gemini36flash_50,run_037,run_047,0.131,0.441,0.246,0.5,False,False
real_gemini36flash_50,run_037,run_048,0.322,0.66,0.134,1.0,False,True
real_gemini36flash_50,run_037,run_049,0.229,0.455,0.022,0.25,False,False
real_gemini36flash_50,run_037,run_050,0.179,0.024,0.091,0.0,False,False
real_gemini36flash_50,run_038,run_039,0.145,0.355,0.049,0.2,False,False
real_gemini36flash_50,run_038,run_040,0.107,0.827,0.32,0.75,False,True
real_gemini36flash_50,run_038,run_041,0.087,0.726,0.249,0.75,False,True
real_gemini36flash_50,run_038,run_042,0.098,0.667,0.32,0.75,False,True
real_gemini36flash_50,run_038,run_043,0.118,0.854,0.113,0.75,False,True
real_gemini36flash_50,run_038,run_044,0.118,0.855,0.1,0.75,False,True
real_gemini36flash_50,run_038,run_045,0.214,0.886,0.137,0.75,False,True
real_gemini36flash_50,run_038,run_046,0.071,0.324,0.342,0.5,True,False
real_gemini36flash_50,run_038,run_047,0.067,0.478,0.116,0.6,False,True
real_gemini36flash_50,run_038,run_048,0.147,0.291,0.168,0.2,True,False
real_gemini36flash_50,run_038,run_049,0.261,0.667,0.23,0.75,False,True
real_gemini36flash_50,run_038,run_050,0.083,0.213,0.063,0.5,False,True
real_gemini36flash_50,run_039,run_040,0.16,0.332,0.241,0.25,False,False
real_gemini36flash_50,run_039,run_041,0.168,0.46,0.095,0.25,True,False
real_gemini36flash_50,run_039,run_042,0.173,0.482,0.112,0.25,False,False
real_gemini36flash_50,run_039,run_043,0.241,0.359,0.061,0.25,True,False
real_gemini36flash_50,run_039,run_044,0.098,0.299,0.093,0.25,True,False
real_gemini36flash_50,run_039,run_045,0.156,0.324,0.226,0.25,False,False
real_gemini36flash_50,run_039,run_046,0.059,0.263,0.5,0.333,False,True
real_gemini36flash_50,run_039,run_047,0.118,0.349,0.186,0.5,False,False
real_gemini36flash_50,run_039,run_048,0.201,0.581,0.247,1.0,False,True
real_gemini36flash_50,run_039,run_049,0.067,0.551,0.117,0.25,False,False
real_gemini36flash_50,run_039,run_050,0.156,0.022,0.172,0.0,False,False
real_gemini36flash_50,run_040,run_041,0.21,0.699,0.032,1.0,False,True
real_gemini36flash_50,run_040,run_042,0.112,0.611,0.134,1.0,True,True
real_gemini36flash_50,run_040,run_043,0.119,0.863,0.168,1.0,False,True
real_gemini36flash_50,run_040,run_044,0.114,0.824,0.132,1.0,False,True
real_gemini36flash_50,run_040,run_045,0.079,0.773,0.218,1.0,True,True
real_gemini36flash_50,run_040,run_046,0.083,0.309,0.535,0.25,False,False
real_gemini36flash_50,run_040,run_047,0.089,0.429,0.127,0.75,True,True
real_gemini36flash_50,run_040,run_048,0.197,0.267,0.132,0.25,False,False
real_gemini36flash_50,run_040,run_049,0.112,0.66,0.167,1.0,False,True
real_gemini36flash_50,run_040,run_050,0.195,0.121,0.097,0.667,True,True
real_gemini36flash_50,run_041,run_042,0.049,0.628,0.398,1.0,False,True
real_gemini36flash_50,run_041,run_043,0.109,0.725,0.102,1.0,True,True
real_gemini36flash_50,run_041,run_044,0.112,0.755,0.173,1.0,True,True
real_gemini36flash_50,run_041,run_045,0.217,0.66,0.126,1.0,False,True
real_gemini36flash_50,run_041,run_046,0.061,0.279,0.231,0.25,False,False
real_gemini36flash_50,run_041,run_047,0.062,0.457,0.049,0.75,False,True
real_gemini36flash_50,run_041,run_048,0.162,0.383,0.214,0.25,False,False
real_gemini36flash_50,run_041,run_049,0.14,0.846,0.28,1.0,False,True
real_gemini36flash_50,run_041,run_050,0.036,0.299,0.085,0.667,False,True
real_gemini36flash_50,run_042,run_043,0.266,0.747,0.119,1.0,False,True
real_gemini36flash_50,run_042,run_044,0.118,0.627,0.075,1.0,False,True
real_gemini36flash_50,run_042,run_045,0.201,0.598,0.126,1.0,True,True
real_gemini36flash_50,run_042,run_046,0.024,0.316,0.184,0.25,False,False
real_gemini36flash_50,run_042,run_047,0.184,0.566,0.102,0.75,True,True
real_gemini36flash_50,run_042,run_048,0.225,0.5,0.045,0.25,False,False
real_gemini36flash_50,run_042,run_049,0.183,0.707,0.291,1.0,False,True
real_gemini36flash_50,run_042,run_050,0.065,0.381,0.048,0.667,True,True
real_gemini36flash_50,run_043,run_044,0.078,0.839,0.109,1.0,True,True
real_gemini36flash_50,run_043,run_045,0.285,0.812,0.352,1.0,False,True
real_gemini36flash_50,run_043,run_046,0.125,0.275,0.16,0.25,False,False
real_gemini36flash_50,run_043,run_047,0.147,0.453,0.096,0.75,False,True
real_gemini36flash_50,run_043,run_048,0.203,0.317,0.135,0.25,False,False
real_gemini36flash_50,run_043,run_049,0.164,0.776,0.084,1.0,False,True
real_gemini36flash_50,run_043,run_050,0.103,0.242,0.123,0.667,False,True
real_gemini36flash_50,run_044,run_045,0.168,0.764,0.113,1.0,False,True
real_gemini36flash_50,run_044,run_046,0.163,0.282,0.412,0.25,False,False
real_gemini36flash_50,run_044,run_047,0.068,0.483,0.037,0.75,False,True
real_gemini36flash_50,run_044,run_048,0.22,0.365,0.082,0.25,False,False
real_gemini36flash_50,run_044,run_049,0.187,0.673,0.059,1.0,False,True
real_gemini36flash_50,run_044,run_050,0.129,0.29,0.037,0.667,False,True
real_gemini36flash_50,run_045,run_046,0.02,0.292,0.223,0.25,False,False
real_gemini36flash_50,run_045,run_047,0.136,0.423,0.302,0.75,True,True
real_gemini36flash_50,run_045,run_048,0.401,0.274,0.176,0.25,False,False
real_gemini36flash_50,run_045,run_049,0.243,0.645,0.189,1.0,False,True
real_gemini36flash_50,run_045,run_050,0.045,0.181,0.138,0.667,True,True
real_gemini36flash_50,run_046,run_047,0.112,0.239,0.09,0.2,False,False
real_gemini36flash_50,run_046,run_048,0.173,0.348,0.182,0.333,True,True
real_gemini36flash_50,run_046,run_049,0.126,0.242,0.183,0.25,False,False
real_gemini36flash_50,run_046,run_050,0.095,0.035,0.162,0.0,False,False
real_gemini36flash_50,run_047,run_048,0.159,0.402,0.113,0.5,False,False
real_gemini36flash_50,run_047,run_049,0.139,0.482,0.086,0.75,False,True
real_gemini36flash_50,run_047,run_050,0.055,0.417,0.087,0.5,True,True
real_gemini36flash_50,run_048,run_049,0.344,0.412,0.079,0.25,False,False
real_gemini36flash_50,run_048,run_050,0.158,0.022,0.113,0.0,False,False
real_gemini36flash_50,run_049,run_050,0.111,0.182,0.041,0.667,False,True
real_gpt54mini_med_50,run_001,run_002,0.024,0.788,0.047,1.0,True,True
real_gpt54mini_med_50,run_001,run_003,0.118,0.597,0.563,1.0,True,True
real_gpt54mini_med_50,run_001,run_004,0.06,0.719,0.07,1.0,False,True
real_gpt54mini_med_50,run_001,run_005,0.107,0.591,0.037,1.0,False,True
real_gpt54mini_med_50,run_001,run_006,0.05,0.746,0.056,1.0,False,True
real_gpt54mini_med_50,run_001,run_007,0.045,0.511,0.045,1.0,False,False
real_gpt54mini_med_50,run_001,run_008,0.061,0.579,0.409,1.0,True,True
real_gpt54mini_med_50,run_001,run_009,0.012,0.039,0.019,0.0,False,False
real_gpt54mini_med_50,run_001,run_010,0.055,0.662,0.462,1.0,True,True
real_gpt54mini_med_50,run_001,run_011,0.16,0.408,0.503,1.0,False,True
real_gpt54mini_med_50,run_001,run_012,0.053,0.52,0.049,1.0,True,True
real_gpt54mini_med_50,run_001,run_013,0.028,0.572,0.087,1.0,False,True
real_gpt54mini_med_50,run_001,run_014,0.02,0.408,0.433,1.0,True,True
real_gpt54mini_med_50,run_001,run_015,0.017,0.713,0.022,1.0,True,True
real_gpt54mini_med_50,run_001,run_016,0.06,0.584,0.069,1.0,False,True
real_gpt54mini_med_50,run_001,run_017,0.024,0.669,0.148,1.0,True,True
real_gpt54mini_med_50,run_001,run_018,0.012,0.039,0.019,0.0,False,False
real_gpt54mini_med_50,run_001,run_019,0.15,0.555,0.118,1.0,False,True
real_gpt54mini_med_50,run_001,run_020,0.04,0.676,0.138,1.0,True,True
real_gpt54mini_med_50,run_001,run_021,0.052,0.772,0.074,1.0,False,True
real_gpt54mini_med_50,run_001,run_022,0.065,0.755,0.048,1.0,True,True
real_gpt54mini_med_50,run_001,run_023,0.08,0.789,0.234,1.0,True,True
real_gpt54mini_med_50,run_001,run_024,0.044,0.699,0.038,1.0,True,True
real_gpt54mini_med_50,run_001,run_025,0.03,0.355,0.043,0.0,True,True
real_gpt54mini_med_50,run_001,run_026,0.14,0.683,0.06,1.0,True,True
real_gpt54mini_med_50,run_001,run_027,0.029,0.763,0.069,1.0,False,True
real_gpt54mini_med_50,run_001,run_028,0.03,0.707,0.1,1.0,True,True
real_gpt54mini_med_50,run_001,run_029,0.039,0.671,0.117,1.0,True,True
real_gpt54mini_med_50,run_001,run_030,0.08,0.705,0.179,1.0,True,True
real_gpt54mini_med_50,run_001,run_031,0.069,0.569,0.053,1.0,True,True
real_gpt54mini_med_50,run_001,run_032,0.028,0.579,0.047,1.0,True,True
real_gpt54mini_med_50,run_001,run_033,0.074,0.408,0.046,1.0,True,True
real_gpt54mini_med_50,run_001,run_034,0.054,0.613,0.032,1.0,True,True
real_gpt54mini_med_50,run_001,run_035,0.035,0.669,0.078,1.0,False,True
real_gpt54mini_med_50,run_001,run_036,0.063,0.743,0.07,1.0,False,True
real_gpt54mini_med_50,run_001,run_037,0.064,0.596,0.059,1.0,False,True
real_gpt54mini_med_50,run_001,run_038,0.043,0.598,0.065,1.0,True,True
real_gpt54mini_med_50,run_001,run_039,0.096,0.664,0.04,1.0,True,True
real_gpt54mini_med_50,run_001,run_040,0.031,0.762,0.065,1.0,True,True
real_gpt54mini_med_50,run_001,run_041,0.096,0.715,0.034,1.0,False,True
real_gpt54mini_med_50,run_001,run_042,0.024,0.677,0.043,1.0,True,True
real_gpt54mini_med_50,run_001,run_043,0.108,0.636,0.201,1.0,True,True
real_gpt54mini_med_50,run_001,run_044,0.05,0.669,0.112,1.0,True,True
real_gpt54mini_med_50,run_001,run_045,0.069,0.772,0.054,1.0,True,True
real_gpt54mini_med_50,run_001,run_046,0.06,0.401,0.06,0.0,True,True
real_gpt54mini_med_50,run_001,run_047,0.052,0.659,0.057,1.0,True,True
real_gpt54mini_med_50,run_001,run_048,0.074,0.588,0.097,1.0,True,True
real_gpt54mini_med_50,run_001,run_049,0.055,0.586,0.131,1.0,False,True
real_gpt54mini_med_50,run_001,run_050,0.056,0.671,0.406,1.0,True,True
real_gpt54mini_med_50,run_002,run_003,0.035,0.488,0.531,1.0,True,True
real_gpt54mini_med_50,run_002,run_004,0.024,0.73,0.012,1.0,False,True
real_gpt54mini_med_50,run_002,run_005,0.061,0.629,0.093,1.0,False,True
real_gpt54mini_med_50,run_002,run_006,0.03,0.677,0.026,1.0,False,True
real_gpt54mini_med_50,run_002,run_007,0.037,0.543,0.031,1.0,False,False
real_gpt54mini_med_50,run_002,run_008,0.026,0.607,0.572,1.0,True,True
real_gpt54mini_med_50,run_002,run_009,0.015,0.038,0.024,0.0,False,False
real_gpt54mini_med_50,run_002,run_010,0.03,0.581,0.568,1.0,True,True
real_gpt54mini_med_50,run_002,run_011,0.058,0.402,0.649,1.0,False,True
real_gpt54mini_med_50,run_002,run_012,0.023,0.567,0.011,1.0,True,True
real_gpt54mini_med_50,run_002,run_013,0.05,0.601,0.029,1.0,False,True
real_gpt54mini_med_50,run_002,run_014,0.018,0.402,0.531,1.0,True,True
real_gpt54mini_med_50,run_002,run_015,0.018,0.66,0.039,1.0,True,True
real_gpt54mini_med_50,run_002,run_016,0.049,0.556,0.059,1.0,False,True
real_gpt54mini_med_50,run_002,run_017,0.033,0.595,0.161,1.0,True,True
real_gpt54mini_med_50,run_002,run_018,0.015,0.038,0.024,0.0,False,False
real_gpt54mini_med_50,run_002,run_019,0.036,0.548,0.186,1.0,False,True
real_gpt54mini_med_50,run_002,run_020,0.04,0.628,0.027,1.0,True,True
real_gpt54mini_med_50,run_002,run_021,0.051,0.758,0.11,1.0,False,True
real_gpt54mini_med_50,run_002,run_022,0.033,0.66,0.051,1.0,True,True
real_gpt54mini_med_50,run_002,run_023,0.031,0.723,0.24,1.0,True,True
real_gpt54mini_med_50,run_002,run_024,0.014,0.699,0.044,1.0,True,True
real_gpt54mini_med_50,run_002,run_025,0.022,0.365,0.182,0.0,True,True
real_gpt54mini_med_50,run_002,run_026,0.035,0.628,0.022,1.0,True,True
real_gpt54mini_med_50,run_002,run_027,0.026,0.68,0.045,1.0,False,True
real_gpt54mini_med_50,run_002,run_028,0.033,0.556,0.037,1.0,True,True
real_gpt54mini_med_50,run_002,run_029,0.046,0.618,0.164,1.0,True,True
real_gpt54mini_med_50,run_002,run_030,0.024,0.59,0.246,1.0,True,True
real_gpt54mini_med_50,run_002,run_031,0.023,0.6,0.059,1.0,True,True
real_gpt54mini_med_50,run_002,run_032,0.041,0.598,0.125,1.0,True,True
real_gpt54mini_med_50,run_002,run_033,0.029,0.402,0.03,1.0,True,True
real_gpt54mini_med_50,run_002,run_034,0.03,0.533,0.041,1.0,True,True
real_gpt54mini_med_50,run_002,run_035,0.107,0.598,0.022,1.0,False,True
real_gpt54mini_med_50,run_002,run_036,0.02,0.693,0.045,1.0,False,True
real_gpt54mini_med_50,run_002,run_037,0.038,0.611,0.066,1.0,False,True
real_gpt54mini_med_50,run_002,run_038,0.048,0.631,0.033,1.0,True,True
real_gpt54mini_med_50,run_002,run_039,0.023,0.609,0.038,1.0,True,True
real_gpt54mini_med_50,run_002,run_040,0.024,0.706,0.037,1.0,True,True
real_gpt54mini_med_50,run_002,run_041,0.049,0.702,0.056,1.0,False,True
real_gpt54mini_med_50,run_002,run_042,0.032,0.639,0.049,1.0,True,True
real_gpt54mini_med_50,run_002,run_043,0.112,0.562,0.014,1.0,True,True
real_gpt54mini_med_50,run_002,run_044,0.058,0.643,0.094,1.0,True,True
real_gpt54mini_med_50,run_002,run_045,0.024,0.777,0.13,1.0,True,True
real_gpt54mini_med_50,run_002,run_046,0.031,0.502,0.043,0.0,True,True
real_gpt54mini_med_50,run_002,run_047,0.03,0.612,0.053,1.0,True,True
real_gpt54mini_med_50,run_002,run_048,0.071,0.596,0.068,1.0,True,True
real_gpt54mini_med_50,run_002,run_049,0.036,0.599,0.023,1.0,False,True
real_gpt54mini_med_50,run_002,run_050,0.025,0.624,0.196,1.0,True,True
real_gpt54mini_med_50,run_003,run_004,0.055,0.595,0.046,1.0,False,True
real_gpt54mini_med_50,run_003,run_005,0.049,0.387,0.042,1.0,False,True
real_gpt54mini_med_50,run_003,run_006,0.033,0.515,0.089,1.0,False,True
real_gpt54mini_med_50,run_003,run_007,0.084,0.536,0.098,1.0,False,False
real_gpt54mini_med_50,run_003,run_008,0.144,0.591,0.545,1.0,True,True
real_gpt54mini_med_50,run_003,run_009,0.01,0.043,0.032,0.0,False,False
real_gpt54mini_med_50,run_003,run_010,0.051,0.601,0.474,1.0,True,True
real_gpt54mini_med_50,run_003,run_011,0.069,0.454,0.724,1.0,False,True
real_gpt54mini_med_50,run_003,run_012,0.036,0.562,0.042,1.0,True,True
real_gpt54mini_med_50,run_003,run_013,0.026,0.584,0.019,1.0,False,True
real_gpt54mini_med_50,run_003,run_014,0.192,0.454,0.499,1.0,True,True
real_gpt54mini_med_50,run_003,run_015,0.02,0.62,0.134,1.0,True,True
real_gpt54mini_med_50,run_003,run_016,0.037,0.357,0.071,1.0,False,True
real_gpt54mini_med_50,run_003,run_017,0.097,0.52,0.067,1.0,True,True
real_gpt54mini_med_50,run_003,run_018,0.01,0.043,0.032,0.0,False,False
real_gpt54mini_med_50,run_003,run_019,0.027,0.558,0.085,1.0,False,True
real_gpt54mini_med_50,run_003,run_020,0.092,0.635,0.16,1.0,True,True
real_gpt54mini_med_50,run_003,run_021,0.049,0.585,0.107,1.0,False,True
real_gpt54mini_med_50,run_003,run_022,0.079,0.36,0.101,1.0,True,True
real_gpt54mini_med_50,run_003,run_023,0.184,0.624,0.347,1.0,True,True
real_gpt54mini_med_50,run_003,run_024,0.032,0.505,0.061,1.0,True,True
real_gpt54mini_med_50,run_003,run_025,0.018,0.339,0.013,0.0,True,True
real_gpt54mini_med_50,run_003,run_026,0.062,0.599,0.035,1.0,True,True
real_gpt54mini_med_50,run_003,run_027,0.077,0.509,0.118,1.0,False,True
real_gpt54mini_med_50,run_003,run_028,0.155,0.518,0.056,1.0,True,True
real_gpt54mini_med_50,run_003,run_029,0.026,0.596,0.03,1.0,True,True
real_gpt54mini_med_50,run_003,run_030,0.117,0.561,0.26,1.0,True,True
real_gpt54mini_med_50,run_003,run_031,0.2,0.446,0.05,1.0,True,True
real_gpt54mini_med_50,run_003,run_032,0.029,0.532,0.064,1.0,True,True
real_gpt54mini_med_50,run_003,run_033,0.051,0.454,0.03,1.0,True,True
real_gpt54mini_med_50,run_003,run_034,0.017,0.549,0.047,1.0,True,True
real_gpt54mini_med_50,run_003,run_035,0.072,0.589,0.031,1.0,False,True
real_gpt54mini_med_50,run_003,run_036,0.07,0.58,0.052,1.0,False,True
real_gpt54mini_med_50,run_003,run_037,0.085,0.492,0.054,1.0,False,True
real_gpt54mini_med_50,run_003,run_038,0.093,0.617,0.057,1.0,True,True
real_gpt54mini_med_50,run_003,run_039,0.037,0.608,0.058,1.0,True,True
real_gpt54mini_med_50,run_003,run_040,0.031,0.519,0.047,1.0,True,True
real_gpt54mini_med_50,run_003,run_041,0.06,0.531,0.094,1.0,False,True
real_gpt54mini_med_50,run_003,run_042,0.027,0.565,0.051,1.0,True,True
real_gpt54mini_med_50,run_003,run_043,0.097,0.581,0.077,1.0,True,True
real_gpt54mini_med_50,run_003,run_044,0.051,0.63,0.058,1.0,True,True
real_gpt54mini_med_50,run_003,run_045,0.055,0.533,0.045,1.0,True,True
real_gpt54mini_med_50,run_003,run_046,0.119,0.41,0.044,0.0,True,True
real_gpt54mini_med_50,run_003,run_047,0.025,0.568,0.079,1.0,True,True
real_gpt54mini_med_50,run_003,run_048,0.122,0.586,0.064,1.0,True,True
real_gpt54mini_med_50,run_003,run_049,0.058,0.507,0.129,1.0,False,True
real_gpt54mini_med_50,run_003,run_050,0.065,0.602,0.298,1.0,True,True
real_gpt54mini_med_50,run_004,run_005,0.06,0.662,0.044,1.0,True,True
real_gpt54mini_med_50,run_004,run_006,0.037,0.672,0.04,1.0,True,True
real_gpt54mini_med_50,run_004,run_007,0.036,0.572,0.038,1.0,True,False
real_gpt54mini_med_50,run_004,run_008,0.084,0.645,0.456,1.0,False,True
real_gpt54mini_med_50,run_004,run_009,0.014,0.031,0.023,0.0,False,False
real_gpt54mini_med_50,run_004,run_010,0.022,0.612,0.457,1.0,False,True
real_gpt54mini_med_50,run_004,run_011,0.074,0.41,0.619,1.0,False,True
real_gpt54mini_med_50,run_004,run_012,0.072,0.649,0.033,1.0,False,True
real_gpt54mini_med_50,run_004,run_013,0.032,0.673,0.098,1.0,True,True
real_gpt54mini_med_50,run_004,run_014,0.142,0.41,0.326,1.0,False,True
real_gpt54mini_med_50,run_004,run_015,0.022,0.663,0.017,1.0,False,True
real_gpt54mini_med_50,run_004,run_016,0.061,0.564,0.047,1.0,False,True
real_gpt54mini_med_50,run_004,run_017,0.024,0.618,0.138,1.0,False,True
real_gpt54mini_med_50,run_004,run_018,0.014,0.031,0.023,0.0,False,False
real_gpt54mini_med_50,run_004,run_019,0.033,0.558,0.097,1.0,True,True
real_gpt54mini_med_50,run_004,run_020,0.093,0.689,0.311,1.0,False,True
real_gpt54mini_med_50,run_004,run_021,0.063,0.739,0.104,1.0,True,True
real_gpt54mini_med_50,run_004,run_022,0.069,0.693,0.074,1.0,False,True
real_gpt54mini_med_50,run_004,run_023,0.142,0.763,0.397,1.0,False,True
real_gpt54mini_med_50,run_004,run_024,0.03,0.656,0.052,1.0,False,True
real_gpt54mini_med_50,run_004,run_025,0.017,0.326,0.055,0.0,False,True
real_gpt54mini_med_50,run_004,run_026,0.082,0.725,0.072,1.0,False,True
real_gpt54mini_med_50,run_004,run_027,0.074,0.596,0.061,1.0,True,True
real_gpt54mini_med_50,run_004,run_028,0.079,0.603,0.092,1.0,False,True
real_gpt54mini_med_50,run_004,run_029,0.025,0.684,0.127,1.0,False,True
real_gpt54mini_med_50,run_004,run_030,0.07,0.629,0.034,1.0,False,True
real_gpt54mini_med_50,run_004,run_031,0.264,0.643,0.044,1.0,False,True
real_gpt54mini_med_50,run_004,run_032,0.032,0.623,0.041,1.0,False,True
real_gpt54mini_med_50,run_004,run_033,0.021,0.41,0.095,1.0,False,True
real_gpt54mini_med_50,run_004,run_034,0.051,0.498,0.032,1.0,False,True
real_gpt54mini_med_50,run_004,run_035,0.067,0.708,0.092,1.0,False,True
real_gpt54mini_med_50,run_004,run_036,0.056,0.709,0.154,1.0,True,True
real_gpt54mini_med_50,run_004,run_037,0.076,0.626,0.044,1.0,True,True
real_gpt54mini_med_50,run_004,run_038,0.023,0.63,0.061,1.0,False,True
real_gpt54mini_med_50,run_004,run_039,0.139,0.639,0.041,1.0,False,True
real_gpt54mini_med_50,run_004,run_040,0.021,0.673,0.077,1.0,False,True
real_gpt54mini_med_50,run_004,run_041,0.045,0.641,0.038,1.0,True,True
real_gpt54mini_med_50,run_004,run_042,0.021,0.638,0.052,1.0,False,True
real_gpt54mini_med_50,run_004,run_043,0.03,0.609,0.109,1.0,False,True
real_gpt54mini_med_50,run_004,run_044,0.034,0.688,0.144,1.0,False,True
real_gpt54mini_med_50,run_004,run_045,0.204,0.689,0.071,1.0,False,True
real_gpt54mini_med_50,run_004,run_046,0.03,0.466,0.07,0.0,False,True
real_gpt54mini_med_50,run_004,run_047,0.024,0.641,0.143,1.0,False,True
real_gpt54mini_med_50,run_004,run_048,0.041,0.637,0.167,1.0,False,True
real_gpt54mini_med_50,run_004,run_049,0.046,0.626,0.093,1.0,True,True
real_gpt54mini_med_50,run_004,run_050,0.096,0.697,0.238,1.0,False,True
real_gpt54mini_med_50,run_005,run_006,0.025,0.674,0.035,1.0,True,True
real_gpt54mini_med_50,run_005,run_007,0.028,0.584,0.026,1.0,True,False
real_gpt54mini_med_50,run_005,run_008,0.02,0.708,0.513,1.0,False,True
real_gpt54mini_med_50,run_005,run_009,0.011,0.052,0.012,0.0,False,False
real_gpt54mini_med_50,run_005,run_010,0.038,0.568,0.552,1.0,False,True
real_gpt54mini_med_50,run_005,run_011,0.026,0.484,0.255,1.0,False,True
real_gpt54mini_med_50,run_005,run_012,0.055,0.735,0.032,1.0,False,True
real_gpt54mini_med_50,run_005,run_013,0.043,0.7,0.038,1.0,True,True
real_gpt54mini_med_50,run_005,run_014,0.005,0.484,0.529,1.0,False,True
real_gpt54mini_med_50,run_005,run_015,0.006,0.723,0.012,1.0,False,True
real_gpt54mini_med_50,run_005,run_016,0.046,0.598,0.053,1.0,False,True
real_gpt54mini_med_50,run_005,run_017,0.016,0.717,0.086,1.0,False,True
real_gpt54mini_med_50,run_005,run_018,0.011,0.052,0.012,0.0,False,False
real_gpt54mini_med_50,run_005,run_019,0.004,0.583,0.093,1.0,True,True
real_gpt54mini_med_50,run_005,run_020,0.051,0.696,0.053,1.0,False,True
real_gpt54mini_med_50,run_005,run_021,0.018,0.631,0.081,1.0,True,True
real_gpt54mini_med_50,run_005,run_022,0.021,0.646,0.056,1.0,False,True
real_gpt54mini_med_50,run_005,run_023,0.033,0.728,0.335,1.0,False,True
real_gpt54mini_med_50,run_005,run_024,0.014,0.608,0.036,1.0,False,True
real_gpt54mini_med_50,run_005,run_025,0.036,0.166,0.019,0.0,False,True
real_gpt54mini_med_50,run_005,run_026,0.019,0.751,0.04,1.0,False,True
real_gpt54mini_med_50,run_005,run_027,0.016,0.685,0.055,1.0,True,True
real_gpt54mini_med_50,run_005,run_028,0.021,0.643,0.058,1.0,False,True
real_gpt54mini_med_50,run_005,run_029,0.068,0.713,0.306,1.0,False,True
real_gpt54mini_med_50,run_005,run_030,0.054,0.632,0.253,1.0,False,True
real_gpt54mini_med_50,run_005,run_031,0.086,0.863,0.036,1.0,False,True
real_gpt54mini_med_50,run_005,run_032,0.043,0.653,0.147,1.0,False,True
real_gpt54mini_med_50,run_005,run_033,0.04,0.484,0.073,1.0,False,True
real_gpt54mini_med_50,run_005,run_034,0.013,0.485,0.024,1.0,False,True
real_gpt54mini_med_50,run_005,run_035,0.081,0.698,0.081,1.0,False,True
real_gpt54mini_med_50,run_005,run_036,0.015,0.587,0.041,1.0,True,True
real_gpt54mini_med_50,run_005,run_037,0.014,0.724,0.048,1.0,True,True
real_gpt54mini_med_50,run_005,run_038,0.038,0.613,0.104,1.0,False,True
real_gpt54mini_med_50,run_005,run_039,0.012,0.638,0.044,1.0,False,True
real_gpt54mini_med_50,run_005,run_040,0.019,0.683,0.221,1.0,False,True
real_gpt54mini_med_50,run_005,run_041,0.049,0.656,0.21,1.0,True,True
real_gpt54mini_med_50,run_005,run_042,0.015,0.644,0.034,1.0,False,True
real_gpt54mini_med_50,run_005,run_043,0.059,0.723,0.021,1.0,False,True
real_gpt54mini_med_50,run_005,run_044,0.016,0.679,0.069,1.0,False,True
real_gpt54mini_med_50,run_005,run_045,0.161,0.645,0.028,1.0,False,True
real_gpt54mini_med_50,run_005,run_046,0.044,0.18,0.327,0.0,False,True
real_gpt54mini_med_50,run_005,run_047,0.026,0.736,0.051,1.0,False,True
real_gpt54mini_med_50,run_005,run_048,0.05,0.611,0.177,1.0,False,True
real_gpt54mini_med_50,run_005,run_049,0.033,0.659,0.2,1.0,True,True
real_gpt54mini_med_50,run_005,run_050,0.018,0.714,0.145,1.0,False,True
real_gpt54mini_med_50,run_006,run_007,0.04,0.548,0.054,1.0,True,False
real_gpt54mini_med_50,run_006,run_008,0.06,0.583,0.477,1.0,False,True
real_gpt54mini_med_50,run_006,run_009,0.015,0.035,0.02,0.0,False,False
real_gpt54mini_med_50,run_006,run_010,0.074,0.599,0.353,1.0,False,True
real_gpt54mini_med_50,run_006,run_011,0.071,0.38,0.478,1.0,False,True
real_gpt54mini_med_50,run_006,run_012,0.022,0.677,0.01,1.0,False,True
real_gpt54mini_med_50,run_006,run_013,0.023,0.611,0.015,1.0,True,True
real_gpt54mini_med_50,run_006,run_014,0.079,0.38,0.285,1.0,False,True
real_gpt54mini_med_50,run_006,run_015,0.165,0.768,0.029,1.0,False,True
real_gpt54mini_med_50,run_006,run_016,0.053,0.554,0.014,1.0,False,True
real_gpt54mini_med_50,run_006,run_017,0.052,0.655,0.022,1.0,False,True
real_gpt54mini_med_50,run_006,run_018,0.015,0.035,0.02,0.0,False,False
real_gpt54mini_med_50,run_006,run_019,0.064,0.524,0.029,1.0,True,True
real_gpt54mini_med_50,run_006,run_020,0.047,0.662,0.025,1.0,False,True
real_gpt54mini_med_50,run_006,run_021,0.042,0.654,0.054,1.0,True,True
real_gpt54mini_med_50,run_006,run_022,0.072,0.751,0.031,1.0,False,True
real_gpt54mini_med_50,run_006,run_023,0.017,0.714,0.336,1.0,False,True
real_gpt54mini_med_50,run_006,run_024,0.032,0.687,0.036,1.0,False,True
real_gpt54mini_med_50,run_006,run_025,0.109,0.136,0.021,0.0,False,True
real_gpt54mini_med_50,run_006,run_026,0.063,0.708,0.012,1.0,False,True
real_gpt54mini_med_50,run_006,run_027,0.111,0.699,0.036,1.0,True,True
real_gpt54mini_med_50,run_006,run_028,0.027,0.675,0.034,1.0,False,True
real_gpt54mini_med_50,run_006,run_029,0.126,0.684,0.014,1.0,False,True
real_gpt54mini_med_50,run_006,run_030,0.039,0.679,0.018,1.0,False,True
real_gpt54mini_med_50,run_006,run_031,0.154,0.66,0.045,1.0,False,True
real_gpt54mini_med_50,run_006,run_032,0.081,0.612,0.024,1.0,False,True
real_gpt54mini_med_50,run_006,run_033,0.132,0.38,0.021,1.0,False,True
real_gpt54mini_med_50,run_006,run_034,0.055,0.601,0.12,1.0,False,True
real_gpt54mini_med_50,run_006,run_035,0.151,0.72,0.012,1.0,False,True
real_gpt54mini_med_50,run_006,run_036,0.015,0.68,0.029,1.0,True,True
real_gpt54mini_med_50,run_006,run_037,0.063,0.627,0.109,1.0,True,True
real_gpt54mini_med_50,run_006,run_038,0.254,0.564,0.034,1.0,False,True
real_gpt54mini_med_50,run_006,run_039,0.046,0.612,0.038,1.0,False,True
real_gpt54mini_med_50,run_006,run_040,0.055,0.658,0.042,1.0,False,True
real_gpt54mini_med_50,run_006,run_041,0.112,0.707,0.023,1.0,True,True
real_gpt54mini_med_50,run_006,run_042,0.119,0.665,0.052,1.0,False,True
real_gpt54mini_med_50,run_006,run_043,0.1,0.602,0.007,1.0,False,True
real_gpt54mini_med_50,run_006,run_044,0.042,0.7,0.058,1.0,False,True
real_gpt54mini_med_50,run_006,run_045,0.169,0.622,0.033,1.0,False,True
real_gpt54mini_med_50,run_006,run_046,0.035,0.441,0.02,0.0,False,True
real_gpt54mini_med_50,run_006,run_047,0.062,0.584,0.015,1.0,False,True
real_gpt54mini_med_50,run_006,run_048,0.082,0.626,0.014,1.0,False,True
real_gpt54mini_med_50,run_006,run_049,0.035,0.571,0.011,1.0,True,True
real_gpt54mini_med_50,run_006,run_050,0.078,0.632,0.075,1.0,False,True
real_gpt54mini_med_50,run_007,run_008,0.033,0.61,0.507,1.0,False,False
real_gpt54mini_med_50,run_007,run_009,0.025,0.051,0.022,0.0,False,False
real_gpt54mini_med_50,run_007,run_010,0.014,0.589,0.497,1.0,False,False
real_gpt54mini_med_50,run_007,run_011,0.055,0.479,0.315,1.0,False,False
real_gpt54mini_med_50,run_007,run_012,0.072,0.624,0.039,1.0,False,False
real_gpt54mini_med_50,run_007,run_013,0.038,0.514,0.076,1.0,True,False
real_gpt54mini_med_50,run_007,run_014,0.047,0.479,0.417,1.0,False,False
real_gpt54mini_med_50,run_007,run_015,0.028,0.656,0.176,1.0,False,False
real_gpt54mini_med_50,run_007,run_016,0.023,0.576,0.042,1.0,False,False
real_gpt54mini_med_50,run_007,run_017,0.036,0.57,0.128,1.0,False,False
real_gpt54mini_med_50,run_007,run_018,0.025,0.051,0.022,0.0,False,False
real_gpt54mini_med_50,run_007,run_019,0.011,0.578,0.14,1.0,True,False
real_gpt54mini_med_50,run_007,run_020,0.035,0.588,0.03,1.0,False,False
real_gpt54mini_med_50,run_007,run_021,0.052,0.626,0.077,1.0,True,False
real_gpt54mini_med_50,run_007,run_022,0.09,0.57,0.016,1.0,False,False
real_gpt54mini_med_50,run_007,run_023,0.047,0.589,0.25,1.0,False,False
real_gpt54mini_med_50,run_007,run_024,0.064,0.54,0.029,1.0,False,False
real_gpt54mini_med_50,run_007,run_025,0.082,0.282,0.021,0.0,False,False
real_gpt54mini_med_50,run_007,run_026,0.05,0.62,0.046,1.0,False,False
real_gpt54mini_med_50,run_007,run_027,0.02,0.522,0.055,1.0,True,False
real_gpt54mini_med_50,run_007,run_028,0.032,0.53,0.129,1.0,False,False
real_gpt54mini_med_50,run_007,run_029,0.062,0.578,0.058,1.0,False,False
real_gpt54mini_med_50,run_007,run_030,0.016,0.54,0.11,1.0,False,False
real_gpt54mini_med_50,run_007,run_031,0.124,0.576,0.154,1.0,False,False
real_gpt54mini_med_50,run_007,run_032,0.102,0.552,0.022,1.0,False,False
real_gpt54mini_med_50,run_007,run_033,0.027,0.479,0.018,1.0,False,False
real_gpt54mini_med_50,run_007,run_034,0.051,0.429,0.149,1.0,False,False
real_gpt54mini_med_50,run_007,run_035,0.091,0.471,0.09,1.0,False,False
real_gpt54mini_med_50,run_007,run_036,0.041,0.498,0.043,1.0,True,False
real_gpt54mini_med_50,run_007,run_037,0.062,0.573,0.023,1.0,True,False
real_gpt54mini_med_50,run_007,run_038,0.058,0.579,0.024,1.0,False,False
real_gpt54mini_med_50,run_007,run_039,0.059,0.633,0.09,1.0,False,False
real_gpt54mini_med_50,run_007,run_040,0.048,0.726,0.055,1.0,False,False
real_gpt54mini_med_50,run_007,run_041,0.089,0.583,0.078,1.0,True,False
real_gpt54mini_med_50,run_007,run_042,0.028,0.596,0.008,1.0,False,False
real_gpt54mini_med_50,run_007,run_043,0.039,0.549,0.062,1.0,False,False
real_gpt54mini_med_50,run_007,run_044,0.023,0.541,0.05,1.0,False,False
real_gpt54mini_med_50,run_007,run_045,0.118,0.518,0.024,1.0,False,False
real_gpt54mini_med_50,run_007,run_046,0.018,0.341,0.017,0.0,False,False
real_gpt54mini_med_50,run_007,run_047,0.025,0.561,0.078,1.0,False,False
real_gpt54mini_med_50,run_007,run_048,0.068,0.705,0.091,1.0,False,False
real_gpt54mini_med_50,run_007,run_049,0.033,0.564,0.143,1.0,True,False
real_gpt54mini_med_50,run_007,run_050,0.039,0.584,0.251,1.0,False,False
real_gpt54mini_med_50,run_008,run_009,0.016,0.041,0.033,0.0,False,False
real_gpt54mini_med_50,run_008,run_010,0.017,0.573,0.509,1.0,True,True
real_gpt54mini_med_50,run_008,run_011,0.063,0.505,0.479,1.0,False,True
real_gpt54mini_med_50,run_008,run_012,0.091,0.714,0.046,1.0,True,True
real_gpt54mini_med_50,run_008,run_013,0.017,0.652,0.053,1.0,False,True
real_gpt54mini_med_50,run_008,run_014,0.08,0.505,0.604,1.0,True,True
real_gpt54mini_med_50,run_008,run_015,0.021,0.655,0.036,1.0,True,True
real_gpt54mini_med_50,run_008,run_016,0.06,0.659,0.225,1.0,False,True
real_gpt54mini_med_50,run_008,run_017,0.101,0.649,0.188,1.0,True,True
real_gpt54mini_med_50,run_008,run_018,0.016,0.041,0.033,0.0,False,False
real_gpt54mini_med_50,run_008,run_019,0.014,0.683,0.158,1.0,False,True
real_gpt54mini_med_50,run_008,run_020,0.034,0.657,0.058,1.0,True,True
real_gpt54mini_med_50,run_008,run_021,0.065,0.655,0.103,1.0,False,True
real_gpt54mini_med_50,run_008,run_022,0.072,0.592,0.049,1.0,True,True
real_gpt54mini_med_50,run_008,run_023,0.218,0.684,0.362,1.0,True,True
real_gpt54mini_med_50,run_008,run_024,0.033,0.655,0.423,1.0,True,True
real_gpt54mini_med_50,run_008,run_025,0.047,0.28,0.034,0.0,True,True
real_gpt54mini_med_50,run_008,run_026,0.07,0.685,0.065,1.0,True,True
real_gpt54mini_med_50,run_008,run_027,0.058,0.641,0.409,1.0,False,True
real_gpt54mini_med_50,run_008,run_028,0.119,0.49,0.291,1.0,True,True
real_gpt54mini_med_50,run_008,run_029,0.032,0.667,0.229,1.0,True,True
real_gpt54mini_med_50,run_008,run_030,0.15,0.715,0.114,1.0,True,True
real_gpt54mini_med_50,run_008,run_031,0.176,0.646,0.047,1.0,True,True
real_gpt54mini_med_50,run_008,run_032,0.045,0.623,0.334,1.0,True,True
real_gpt54mini_med_50,run_008,run_033,0.035,0.505,0.047,1.0,True,True
real_gpt54mini_med_50,run_008,run_034,0.024,0.523,0.047,1.0,True,True
real_gpt54mini_med_50,run_008,run_035,0.013,0.61,0.084,1.0,False,True
real_gpt54mini_med_50,run_008,run_036,0.088,0.652,0.1,1.0,False,True
real_gpt54mini_med_50,run_008,run_037,0.133,0.574,0.148,1.0,False,True
real_gpt54mini_med_50,run_008,run_038,0.107,0.658,0.29,1.0,True,True
real_gpt54mini_med_50,run_008,run_039,0.035,0.642,0.066,1.0,True,True
real_gpt54mini_med_50,run_008,run_040,0.034,0.703,0.239,1.0,True,True
real_gpt54mini_med_50,run_008,run_041,0.08,0.678,0.065,1.0,False,True
real_gpt54mini_med_50,run_008,run_042,0.03,0.667,0.216,1.0,True,True
real_gpt54mini_med_50,run_008,run_043,0.027,0.724,0.028,1.0,True,True
real_gpt54mini_med_50,run_008,run_044,0.031,0.631,0.106,1.0,True,True
real_gpt54mini_med_50,run_008,run_045,0.027,0.621,0.049,1.0,True,True
real_gpt54mini_med_50,run_008,run_046,0.025,0.188,0.105,0.0,True,True
real_gpt54mini_med_50,run_008,run_047,0.032,0.669,0.181,1.0,True,True
real_gpt54mini_med_50,run_008,run_048,0.041,0.61,0.082,1.0,True,True
real_gpt54mini_med_50,run_008,run_049,0.055,0.559,0.282,1.0,False,True
real_gpt54mini_med_50,run_008,run_050,0.065,0.743,0.197,1.0,True,True
real_gpt54mini_med_50,run_009,run_010,0.0,0.05,0.03,0.0,False,False
real_gpt54mini_med_50,run_009,run_011,0.0,0.115,0.022,0.0,False,False
real_gpt54mini_med_50,run_009,run_012,0.0,0.039,0.0,0.0,False,False
real_gpt54mini_med_50,run_009,run_013,0.0,0.045,0.0,0.0,False,False
real_gpt54mini_med_50,run_009,run_014,0.0,0.115,0.02,0.0,False,False
real_gpt54mini_med_50,run_009,run_015,0.0,0.04,0.0,0.0,False,False
real_gpt54mini_med_50,run_009,run_016,0.0,0.048,0.0,0.0,False,False
real_gpt54mini_med_50,run_009,run_017,0.0,0.051,0.0,0.0,False,False
real_gpt54mini_med_50,run_009,run_018,1.0,1.0,1.0,1.0,False,False
real_gpt54mini_med_50,run_009,run_019,0.0,0.056,0.0,0.0,False,False
real_gpt54mini_med_50,run_009,run_020,0.0,0.042,0.0,0.0,False,False
real_gpt54mini_med_50,run_009,run_021,0.0,0.039,0.0,0.0,False,False
real_gpt54mini_med_50,run_009,run_022,0.0,0.041,0.0,0.0,False,False
real_gpt54mini_med_50,run_009,run_023,0.0,0.046,0.034,0.0,False,False
real_gpt54mini_med_50,run_009,run_024,0.0,0.03,0.0,0.0,False,False
real_gpt54mini_med_50,run_009,run_025,0.0,0.042,0.007,0.0,False,False
real_gpt54mini_med_50,run_009,run_026,0.0,0.042,0.0,0.0,False,False
real_gpt54mini_med_50,run_009,run_027,0.0,0.042,0.0,0.0,False,False
real_gpt54mini_med_50,run_009,run_028,0.0,0.036,0.0,0.0,False,False
real_gpt54mini_med_50,run_009,run_029,0.0,0.039,0.0,0.0,False,False
real_gpt54mini_med_50,run_009,run_030,0.0,0.037,0.0,0.0,False,False
real_gpt54mini_med_50,run_009,run_031,0.0,0.051,0.0,0.0,False,False
real_gpt54mini_med_50,run_009,run_032,0.0,0.034,0.0,0.0,False,False
real_gpt54mini_med_50,run_009,run_033,0.0,0.115,0.0,0.0,False,False
real_gpt54mini_med_50,run_009,run_034,0.0,0.049,0.0,0.0,False,False
real_gpt54mini_med_50,run_009,run_035,0.0,0.032,0.0,0.0,False,False
real_gpt54mini_med_50,run_009,run_036,0.0,0.034,0.0,0.0,False,False
real_gpt54mini_med_50,run_009,run_037,0.0,0.049,0.0,0.0,False,False
real_gpt54mini_med_50,run_009,run_038,0.0,0.037,0.0,0.0,False,False
real_gpt54mini_med_50,run_009,run_039,0.0,0.058,0.0,0.0,False,False
real_gpt54mini_med_50,run_009,run_040,0.0,0.044,0.0,0.0,False,False
real_gpt54mini_med_50,run_009,run_041,0.0,0.039,0.0,0.0,False,False
real_gpt54mini_med_50,run_009,run_042,0.0,0.037,0.0,0.0,False,False
real_gpt54mini_med_50,run_009,run_043,0.0,0.052,0.0,0.0,False,False
real_gpt54mini_med_50,run_009,run_044,0.0,0.038,0.0,0.0,False,False
real_gpt54mini_med_50,run_009,run_045,0.0,0.036,0.0,0.0,False,False
real_gpt54mini_med_50,run_009,run_046,0.0,0.044,0.0,0.0,False,False
real_gpt54mini_med_50,run_009,run_047,0.0,0.058,0.0,0.0,False,False
real_gpt54mini_med_50,run_009,run_048,0.0,0.046,0.0,0.0,False,False
real_gpt54mini_med_50,run_009,run_049,0.0,0.039,0.0,0.0,False,False
real_gpt54mini_med_50,run_009,run_050,0.0,0.041,0.0,0.0,False,False
real_gpt54mini_med_50,run_010,run_011,0.024,0.506,0.441,1.0,False,True
real_gpt54mini_med_50,run_010,run_012,0.076,0.595,0.041,1.0,True,True
real_gpt54mini_med_50,run_010,run_013,0.011,0.637,0.116,1.0,False,True
real_gpt54mini_med_50,run_010,run_014,0.054,0.506,0.542,1.0,True,True
real_gpt54mini_med_50,run_010,run_015,0.017,0.604,0.023,1.0,True,True
real_gpt54mini_med_50,run_010,run_016,0.046,0.628,0.081,1.0,False,True
real_gpt54mini_med_50,run_010,run_017,0.018,0.727,0.28,1.0,True,True
real_gpt54mini_med_50,run_010,run_018,0.009,0.05,0.03,0.0,False,False
real_gpt54mini_med_50,run_010,run_019,0.004,0.534,0.187,1.0,False,True
real_gpt54mini_med_50,run_010,run_020,0.041,0.612,0.138,1.0,True,True
real_gpt54mini_med_50,run_010,run_021,0.022,0.657,0.132,1.0,False,True
real_gpt54mini_med_50,run_010,run_022,0.02,0.649,0.098,1.0,True,True
real_gpt54mini_med_50,run_010,run_023,0.021,0.787,0.474,1.0,True,True
real_gpt54mini_med_50,run_010,run_024,0.021,0.548,0.044,1.0,True,True
real_gpt54mini_med_50,run_010,run_025,0.012,0.349,0.037,0.0,True,True
real_gpt54mini_med_50,run_010,run_026,0.021,0.636,0.082,1.0,True,True
real_gpt54mini_med_50,run_010,run_027,0.012,0.648,0.079,1.0,False,True
real_gpt54mini_med_50,run_010,run_028,0.043,0.525,0.153,1.0,True,True
real_gpt54mini_med_50,run_010,run_029,0.095,0.647,0.171,1.0,True,True
real_gpt54mini_med_50,run_010,run_030,0.037,0.708,0.152,1.0,True,True
real_gpt54mini_med_50,run_010,run_031,0.021,0.517,0.057,1.0,True,True
real_gpt54mini_med_50,run_010,run_032,0.038,0.58,0.07,1.0,True,True
real_gpt54mini_med_50,run_010,run_033,0.045,0.506,0.037,1.0,True,True
real_gpt54mini_med_50,run_010,run_034,0.018,0.542,0.045,1.0,True,True
real_gpt54mini_med_50,run_010,run_035,0.021,0.573,0.105,1.0,False,True
real_gpt54mini_med_50,run_010,run_036,0.028,0.625,0.065,1.0,False,True
real_gpt54mini_med_50,run_010,run_037,0.007,0.582,0.087,1.0,False,True
real_gpt54mini_med_50,run_010,run_038,0.027,0.58,0.366,1.0,True,True
real_gpt54mini_med_50,run_010,run_039,0.016,0.706,0.038,1.0,True,True
real_gpt54mini_med_50,run_010,run_040,0.018,0.677,0.124,1.0,True,True
real_gpt54mini_med_50,run_010,run_041,0.043,0.599,0.315,1.0,False,True
real_gpt54mini_med_50,run_010,run_042,0.03,0.647,0.054,1.0,True,True
real_gpt54mini_med_50,run_010,run_043,0.033,0.594,0.047,1.0,True,True
real_gpt54mini_med_50,run_010,run_044,0.022,0.63,0.072,1.0,True,True
real_gpt54mini_med_50,run_010,run_045,0.029,0.605,0.059,1.0,True,True
real_gpt54mini_med_50,run_010,run_046,0.038,0.41,0.179,0.0,True,True
real_gpt54mini_med_50,run_010,run_047,0.013,0.691,0.121,1.0,True,True
real_gpt54mini_med_50,run_010,run_048,0.033,0.623,0.383,1.0,True,True
real_gpt54mini_med_50,run_010,run_049,0.114,0.691,0.05,1.0,False,True
real_gpt54mini_med_50,run_010,run_050,0.013,0.677,0.293,1.0,True,True
real_gpt54mini_med_50,run_011,run_012,0.058,0.488,0.017,1.0,False,True
real_gpt54mini_med_50,run_011,run_013,0.022,0.522,0.034,1.0,False,True
real_gpt54mini_med_50,run_011,run_014,0.043,1.0,0.558,1.0,False,True
real_gpt54mini_med_50,run_011,run_015,0.016,0.497,0.286,1.0,False,True
real_gpt54mini_med_50,run_011,run_016,0.033,0.398,0.067,1.0,False,True
real_gpt54mini_med_50,run_011,run_017,0.117,0.601,0.09,1.0,False,True
real_gpt54mini_med_50,run_011,run_018,0.01,0.115,0.022,0.0,False,False
real_gpt54mini_med_50,run_011,run_019,0.106,0.641,0.068,1.0,False,True
real_gpt54mini_med_50,run_011,run_020,0.053,0.516,0.157,1.0,False,True
real_gpt54mini_med_50,run_011,run_021,0.073,0.49,0.113,1.0,False,True
real_gpt54mini_med_50,run_011,run_022,0.149,0.429,0.097,1.0,False,True
real_gpt54mini_med_50,run_011,run_023,0.069,0.557,0.351,1.0,False,True
real_gpt54mini_med_50,run_011,run_024,0.009,0.398,0.087,1.0,False,True
real_gpt54mini_med_50,run_011,run_025,0.01,0.326,0.063,0.0,False,True
real_gpt54mini_med_50,run_011,run_026,0.27,0.516,0.066,1.0,False,True
real_gpt54mini_med_50,run_011,run_027,0.12,0.436,0.119,1.0,False,True
real_gpt54mini_med_50,run_011,run_028,0.084,0.383,0.104,1.0,False,True
real_gpt54mini_med_50,run_011,run_029,0.034,0.495,0.204,1.0,False,True
real_gpt54mini_med_50,run_011,run_030,0.018,0.469,0.324,1.0,False,True
real_gpt54mini_med_50,run_011,run_031,0.1,0.476,0.121,1.0,False,True
real_gpt54mini_med_50,run_011,run_032,0.034,0.436,0.082,1.0,False,True
real_gpt54mini_med_50,run_011,run_033,0.04,1.0,0.111,1.0,False,True
real_gpt54mini_med_50,run_011,run_034,0.032,0.488,0.057,1.0,False,True
real_gpt54mini_med_50,run_011,run_035,0.018,0.422,0.063,1.0,False,True
real_gpt54mini_med_50,run_011,run_036,0.072,0.445,0.047,1.0,False,True
real_gpt54mini_med_50,run_011,run_037,0.083,0.402,0.086,1.0,False,True
real_gpt54mini_med_50,run_011,run_038,0.022,0.471,0.105,1.0,False,True
real_gpt54mini_med_50,run_011,run_039,0.052,0.653,0.132,1.0,False,True
real_gpt54mini_med_50,run_011,run_040,0.036,0.536,0.115,1.0,False,True
real_gpt54mini_med_50,run_011,run_041,0.034,0.412,0.09,1.0,False,True
real_gpt54mini_med_50,run_011,run_042,0.018,0.415,0.066,1.0,False,True
real_gpt54mini_med_50,run_011,run_043,0.045,0.484,0.154,1.0,False,True
real_gpt54mini_med_50,run_011,run_044,0.026,0.459,0.098,1.0,False,True
real_gpt54mini_med_50,run_011,run_045,0.008,0.385,0.249,1.0,False,True
real_gpt54mini_med_50,run_011,run_046,0.025,0.287,0.036,0.0,False,True
real_gpt54mini_med_50,run_011,run_047,0.031,0.523,0.061,1.0,False,True
real_gpt54mini_med_50,run_011,run_048,0.016,0.557,0.069,1.0,False,True
real_gpt54mini_med_50,run_011,run_049,0.022,0.488,0.148,1.0,False,True
real_gpt54mini_med_50,run_011,run_050,0.046,0.51,0.368,1.0,False,True
real_gpt54mini_med_50,run_012,run_013,0.012,0.742,0.053,1.0,False,True
real_gpt54mini_med_50,run_012,run_014,0.022,0.488,0.503,1.0,True,True
real_gpt54mini_med_50,run_012,run_015,0.009,0.747,0.094,1.0,True,True
real_gpt54mini_med_50,run_012,run_016,0.036,0.569,0.084,1.0,False,True
real_gpt54mini_med_50,run_012,run_017,0.02,0.677,0.053,1.0,True,True
real_gpt54mini_med_50,run_012,run_018,0.016,0.039,0.02,0.0,False,False
real_gpt54mini_med_50,run_012,run_019,0.005,0.602,0.093,1.0,False,True
real_gpt54mini_med_50,run_012,run_020,0.054,0.696,0.228,1.0,True,True
real_gpt54mini_med_50,run_012,run_021,0.029,0.64,0.076,1.0,False,True
real_gpt54mini_med_50,run_012,run_022,0.025,0.626,0.091,1.0,True,True
real_gpt54mini_med_50,run_012,run_023,0.038,0.695,0.461,1.0,True,True
real_gpt54mini_med_50,run_012,run_024,0.039,0.625,0.083,1.0,True,True
real_gpt54mini_med_50,run_012,run_025,0.029,0.218,0.024,0.0,True,True
real_gpt54mini_med_50,run_012,run_026,0.013,0.751,0.078,1.0,True,True
real_gpt54mini_med_50,run_012,run_027,0.044,0.742,0.044,1.0,False,True
real_gpt54mini_med_50,run_012,run_028,0.023,0.726,0.026,1.0,True,True
real_gpt54mini_med_50,run_012,run_029,0.038,0.711,0.09,1.0,True,True
real_gpt54mini_med_50,run_012,run_030,0.039,0.699,0.063,1.0,True,True
real_gpt54mini_med_50,run_012,run_031,0.039,0.659,0.019,1.0,True,True
real_gpt54mini_med_50,run_012,run_032,0.04,0.707,0.137,1.0,True,True
real_gpt54mini_med_50,run_012,run_033,0.05,0.488,0.041,1.0,True,True
real_gpt54mini_med_50,run_012,run_034,0.046,0.546,0.026,1.0,True,True
real_gpt54mini_med_50,run_012,run_035,0.023,0.663,0.028,1.0,False,True
real_gpt54mini_med_50,run_012,run_036,0.031,0.65,0.073,1.0,False,True
real_gpt54mini_med_50,run_012,run_037,0.007,0.544,0.096,1.0,False,True
real_gpt54mini_med_50,run_012,run_038,0.036,0.617,0.056,1.0,True,True
real_gpt54mini_med_50,run_012,run_039,0.027,0.64,0.022,1.0,True,True
real_gpt54mini_med_50,run_012,run_040,0.041,0.657,0.056,1.0,True,True
real_gpt54mini_med_50,run_012,run_041,0.074,0.728,0.085,1.0,False,True
real_gpt54mini_med_50,run_012,run_042,0.023,0.723,0.089,1.0,True,True
real_gpt54mini_med_50,run_012,run_043,0.037,0.674,0.072,1.0,True,True
real_gpt54mini_med_50,run_012,run_044,0.017,0.682,0.08,1.0,True,True
real_gpt54mini_med_50,run_012,run_045,0.019,0.646,0.05,1.0,True,True
real_gpt54mini_med_50,run_012,run_046,0.043,0.19,0.036,0.0,True,True
real_gpt54mini_med_50,run_012,run_047,0.026,0.635,0.095,1.0,True,True
real_gpt54mini_med_50,run_012,run_048,0.037,0.667,0.193,1.0,True,True
real_gpt54mini_med_50,run_012,run_049,0.09,0.625,0.09,1.0,False,True
real_gpt54mini_med_50,run_012,run_050,0.019,0.786,0.093,1.0,True,True
real_gpt54mini_med_50,run_013,run_014,0.028,0.522,0.531,1.0,False,True
real_gpt54mini_med_50,run_013,run_015,0.013,0.631,0.011,1.0,False,True
real_gpt54mini_med_50,run_013,run_016,0.031,0.593,0.056,1.0,False,True
real_gpt54mini_med_50,run_013,run_017,0.018,0.678,0.175,1.0,False,True
real_gpt54mini_med_50,run_013,run_018,0.014,0.045,0.025,0.0,False,False
real_gpt54mini_med_50,run_013,run_019,0.013,0.562,0.233,1.0,True,True
real_gpt54mini_med_50,run_013,run_020,0.02,0.699,0.131,1.0,False,True
real_gpt54mini_med_50,run_013,run_021,0.02,0.631,0.099,1.0,True,True
real_gpt54mini_med_50,run_013,run_022,0.03,0.601,0.051,1.0,False,True
real_gpt54mini_med_50,run_013,run_023,0.037,0.659,0.523,1.0,False,True
real_gpt54mini_med_50,run_013,run_024,0.011,0.622,0.045,1.0,False,True
real_gpt54mini_med_50,run_013,run_025,0.022,0.287,0.034,0.0,False,True
real_gpt54mini_med_50,run_013,run_026,0.033,0.787,0.075,1.0,False,True
real_gpt54mini_med_50,run_013,run_027,0.015,0.696,0.136,1.0,True,True
real_gpt54mini_med_50,run_013,run_028,0.026,0.662,0.104,1.0,False,True
real_gpt54mini_med_50,run_013,run_029,0.118,0.764,0.089,1.0,False,True
real_gpt54mini_med_50,run_013,run_030,0.03,0.619,0.207,1.0,False,True
real_gpt54mini_med_50,run_013,run_031,0.027,0.659,0.071,1.0,False,True
real_gpt54mini_med_50,run_013,run_032,0.034,0.717,0.146,1.0,False,True
real_gpt54mini_med_50,run_013,run_033,0.035,0.522,0.217,1.0,False,True
real_gpt54mini_med_50,run_013,run_034,0.073,0.48,0.046,1.0,False,True
real_gpt54mini_med_50,run_013,run_035,0.05,0.65,0.11,1.0,False,True
real_gpt54mini_med_50,run_013,run_036,0.022,0.616,0.083,1.0,True,True
real_gpt54mini_med_50,run_013,run_037,0.032,0.598,0.12,1.0,True,True
real_gpt54mini_med_50,run_013,run_038,0.02,0.497,0.168,1.0,False,True
real_gpt54mini_med_50,run_013,run_039,0.022,0.595,0.035,1.0,False,True
real_gpt54mini_med_50,run_013,run_040,0.025,0.604,0.152,1.0,False,True
real_gpt54mini_med_50,run_013,run_041,0.029,0.698,0.271,1.0,True,True
real_gpt54mini_med_50,run_013,run_042,0.026,0.706,0.037,1.0,False,True
real_gpt54mini_med_50,run_013,run_043,0.046,0.658,0.175,1.0,False,True
real_gpt54mini_med_50,run_013,run_044,0.033,0.76,0.135,1.0,False,True
real_gpt54mini_med_50,run_013,run_045,0.013,0.658,0.066,1.0,False,True
real_gpt54mini_med_50,run_013,run_046,0.025,0.479,0.109,0.0,False,True
real_gpt54mini_med_50,run_013,run_047,0.016,0.632,0.388,1.0,False,True
real_gpt54mini_med_50,run_013,run_048,0.032,0.612,0.212,1.0,False,True
real_gpt54mini_med_50,run_013,run_049,0.032,0.693,0.233,1.0,True,True
real_gpt54mini_med_50,run_013,run_050,0.032,0.701,0.295,1.0,False,True
real_gpt54mini_med_50,run_014,run_015,0.024,0.497,0.031,1.0,True,True
real_gpt54mini_med_50,run_014,run_016,0.168,0.398,0.268,1.0,False,True
real_gpt54mini_med_50,run_014,run_017,0.108,0.601,0.195,1.0,True,True
real_gpt54mini_med_50,run_014,run_018,0.015,0.115,0.02,0.0,False,False
real_gpt54mini_med_50,run_014,run_019,0.034,0.641,0.145,1.0,False,True
real_gpt54mini_med_50,run_014,run_020,0.041,0.516,0.113,1.0,True,True
real_gpt54mini_med_50,run_014,run_021,0.087,0.49,0.085,1.0,False,True
real_gpt54mini_med_50,run_014,run_022,0.088,0.429,0.047,1.0,True,True
real_gpt54mini_med_50,run_014,run_023,0.264,0.557,0.375,1.0,True,True
real_gpt54mini_med_50,run_014,run_024,0.103,0.398,0.571,1.0,True,True
real_gpt54mini_med_50,run_014,run_025,0.018,0.326,0.041,0.0,True,True
real_gpt54mini_med_50,run_014,run_026,0.089,0.516,0.073,1.0,True,True
real_gpt54mini_med_50,run_014,run_027,0.045,0.436,0.495,1.0,False,True
real_gpt54mini_med_50,run_014,run_028,0.099,0.383,0.341,1.0,True,True
real_gpt54mini_med_50,run_014,run_029,0.034,0.495,0.13,1.0,True,True
real_gpt54mini_med_50,run_014,run_030,0.113,0.469,0.233,1.0,True,True
real_gpt54mini_med_50,run_014,run_031,0.155,0.476,0.034,1.0,True,True
real_gpt54mini_med_50,run_014,run_032,0.04,0.436,0.05,1.0,True,True
real_gpt54mini_med_50,run_014,run_033,0.032,1.0,0.058,1.0,True,True
real_gpt54mini_med_50,run_014,run_034,0.032,0.488,0.059,1.0,True,True
real_gpt54mini_med_50,run_014,run_035,0.009,0.422,0.071,1.0,False,True
real_gpt54mini_med_50,run_014,run_036,0.084,0.445,0.183,1.0,False,True
real_gpt54mini_med_50,run_014,run_037,0.107,0.402,0.152,1.0,False,True
real_gpt54mini_med_50,run_014,run_038,0.042,0.471,0.267,1.0,True,True
real_gpt54mini_med_50,run_014,run_039,0.056,0.653,0.166,1.0,True,True
real_gpt54mini_med_50,run_014,run_040,0.033,0.536,0.176,1.0,True,True
real_gpt54mini_med_50,run_014,run_041,0.06,0.412,0.062,1.0,False,True
real_gpt54mini_med_50,run_014,run_042,0.032,0.415,0.259,1.0,True,True
real_gpt54mini_med_50,run_014,run_043,0.022,0.484,0.032,1.0,True,True
real_gpt54mini_med_50,run_014,run_044,0.03,0.459,0.111,1.0,True,True
real_gpt54mini_med_50,run_014,run_045,0.121,0.385,0.052,1.0,True,True
real_gpt54mini_med_50,run_014,run_046,0.037,0.287,0.114,0.0,True,True
real_gpt54mini_med_50,run_014,run_047,0.051,0.523,0.297,1.0,True,True
real_gpt54mini_med_50,run_014,run_048,0.143,0.557,0.259,1.0,True,True
real_gpt54mini_med_50,run_014,run_049,0.014,0.488,0.046,1.0,False,True
real_gpt54mini_med_50,run_014,run_050,0.071,0.51,0.226,1.0,True,True
real_gpt54mini_med_50,run_015,run_016,0.041,0.578,0.038,1.0,False,True
real_gpt54mini_med_50,run_015,run_017,0.035,0.74,0.091,1.0,True,True
real_gpt54mini_med_50,run_015,run_018,0.012,0.04,0.018,0.0,False,False
real_gpt54mini_med_50,run_015,run_019,0.07,0.635,0.089,1.0,False,True
real_gpt54mini_med_50,run_015,run_020,0.066,0.796,0.024,1.0,True,True
real_gpt54mini_med_50,run_015,run_021,0.021,0.702,0.061,1.0,False,True
real_gpt54mini_med_50,run_015,run_022,0.037,0.662,0.022,1.0,True,True
real_gpt54mini_med_50,run_015,run_023,0.129,0.764,0.317,1.0,True,True
real_gpt54mini_med_50,run_015,run_024,0.031,0.719,0.03,1.0,True,True
real_gpt54mini_med_50,run_015,run_025,0.057,0.367,0.023,0.0,True,True
real_gpt54mini_med_50,run_015,run_026,0.039,0.747,0.037,1.0,True,True
real_gpt54mini_med_50,run_015,run_027,0.099,0.69,0.049,1.0,False,True
real_gpt54mini_med_50,run_015,run_028,0.025,0.645,0.07,1.0,True,True
real_gpt54mini_med_50,run_015,run_029,0.024,0.714,0.053,1.0,True,True
real_gpt54mini_med_50,run_015,run_030,0.053,0.617,0.093,1.0,True,True
real_gpt54mini_med_50,run_015,run_031,0.059,0.692,0.146,1.0,True,True
real_gpt54mini_med_50,run_015,run_032,0.035,0.63,0.02,1.0,True,True
real_gpt54mini_med_50,run_015,run_033,0.1,0.497,0.026,1.0,True,True
real_gpt54mini_med_50,run_015,run_034,0.053,0.622,0.13,1.0,True,True
real_gpt54mini_med_50,run_015,run_035,0.1,0.683,0.038,1.0,False,True
real_gpt54mini_med_50,run_015,run_036,0.014,0.602,0.027,1.0,False,True
real_gpt54mini_med_50,run_015,run_037,0.015,0.649,0.1,1.0,False,True
real_gpt54mini_med_50,run_015,run_038,0.08,0.717,0.025,1.0,True,True
real_gpt54mini_med_50,run_015,run_039,0.054,0.715,0.082,1.0,True,True
real_gpt54mini_med_50,run_015,run_040,0.061,0.674,0.046,1.0,True,True
real_gpt54mini_med_50,run_015,run_041,0.04,0.604,0.066,1.0,False,True
real_gpt54mini_med_50,run_015,run_042,0.106,0.601,0.007,1.0,True,True
real_gpt54mini_med_50,run_015,run_043,0.044,0.7,0.019,1.0,True,True
real_gpt54mini_med_50,run_015,run_044,0.041,0.691,0.067,1.0,True,True
real_gpt54mini_med_50,run_015,run_045,0.075,0.712,0.025,1.0,True,True
real_gpt54mini_med_50,run_015,run_046,0.036,0.45,0.016,0.0,True,True
real_gpt54mini_med_50,run_015,run_047,0.05,0.653,0.024,1.0,True,True
real_gpt54mini_med_50,run_015,run_048,0.068,0.749,0.095,1.0,True,True
real_gpt54mini_med_50,run_015,run_049,0.035,0.653,0.076,1.0,False,True
real_gpt54mini_med_50,run_015,run_050,0.044,0.653,0.115,1.0,True,True
real_gpt54mini_med_50,run_016,run_017,0.018,0.686,0.064,1.0,False,True
real_gpt54mini_med_50,run_016,run_018,0.013,0.048,0.02,0.0,False,False
real_gpt54mini_med_50,run_016,run_019,0.006,0.558,0.086,1.0,False,True
real_gpt54mini_med_50,run_016,run_020,0.052,0.608,0.049,1.0,False,True
real_gpt54mini_med_50,run_016,run_021,0.033,0.674,0.095,1.0,False,True
real_gpt54mini_med_50,run_016,run_022,0.018,0.629,0.038,1.0,False,True
real_gpt54mini_med_50,run_016,run_023,0.024,0.747,0.254,1.0,False,True
real_gpt54mini_med_50,run_016,run_024,0.011,0.533,0.297,1.0,False,True
real_gpt54mini_med_50,run_016,run_025,0.019,0.213,0.027,0.0,False,True
real_gpt54mini_med_50,run_016,run_026,0.012,0.677,0.074,1.0,False,True
real_gpt54mini_med_50,run_016,run_027,0.022,0.651,0.174,1.0,False,True
real_gpt54mini_med_50,run_016,run_028,0.064,0.557,0.15,1.0,False,True
real_gpt54mini_med_50,run_016,run_029,0.019,0.62,0.103,1.0,False,True
real_gpt54mini_med_50,run_016,run_030,0.044,0.652,0.08,1.0,False,True
real_gpt54mini_med_50,run_016,run_031,0.013,0.582,0.038,1.0,False,True
real_gpt54mini_med_50,run_016,run_032,0.038,0.584,0.041,1.0,False,True
real_gpt54mini_med_50,run_016,run_033,0.06,0.421,0.044,1.0,False,True
real_gpt54mini_med_50,run_016,run_034,0.022,0.481,0.085,1.0,False,True
real_gpt54mini_med_50,run_016,run_035,0.03,0.557,0.072,1.0,False,True
real_gpt54mini_med_50,run_016,run_036,0.009,0.628,0.076,1.0,False,True
real_gpt54mini_med_50,run_016,run_037,0.007,0.694,0.19,1.0,False,True
real_gpt54mini_med_50,run_016,run_038,0.04,0.626,0.178,1.0,False,True
real_gpt54mini_med_50,run_016,run_039,0.021,0.61,0.054,1.0,False,True
real_gpt54mini_med_50,run_016,run_040,0.054,0.688,0.145,1.0,False,True
real_gpt54mini_med_50,run_016,run_041,0.064,0.625,0.05,1.0,False,True
real_gpt54mini_med_50,run_016,run_042,0.032,0.671,0.095,1.0,False,True
real_gpt54mini_med_50,run_016,run_043,0.147,0.701,0.023,1.0,False,True
real_gpt54mini_med_50,run_016,run_044,0.035,0.576,0.089,1.0,False,True
real_gpt54mini_med_50,run_016,run_045,0.012,0.545,0.043,1.0,False,True
real_gpt54mini_med_50,run_016,run_046,0.08,0.417,0.098,0.0,False,True
real_gpt54mini_med_50,run_016,run_047,0.013,0.712,0.153,1.0,False,True
real_gpt54mini_med_50,run_016,run_048,0.04,0.627,0.065,1.0,False,True
real_gpt54mini_med_50,run_016,run_049,0.039,0.591,0.038,1.0,False,True
real_gpt54mini_med_50,run_016,run_050,0.017,0.732,0.198,1.0,False,True
real_gpt54mini_med_50,run_017,run_018,0.012,0.051,0.015,0.0,False,False
real_gpt54mini_med_50,run_017,run_019,0.005,0.642,0.117,1.0,False,True
real_gpt54mini_med_50,run_017,run_020,0.027,0.753,0.139,1.0,True,True
real_gpt54mini_med_50,run_017,run_021,0.08,0.717,0.178,1.0,False,True
real_gpt54mini_med_50,run_017,run_022,0.08,0.719,0.064,1.0,True,True
real_gpt54mini_med_50,run_017,run_023,0.111,0.797,0.54,1.0,True,True
real_gpt54mini_med_50,run_017,run_024,0.01,0.63,0.058,1.0,True,True
real_gpt54mini_med_50,run_017,run_025,0.017,0.322,0.032,0.0,True,True
real_gpt54mini_med_50,run_017,run_026,0.072,0.745,0.079,1.0,True,True
real_gpt54mini_med_50,run_017,run_027,0.021,0.783,0.068,1.0,False,True
real_gpt54mini_med_50,run_017,run_028,0.166,0.602,0.113,1.0,True,True
real_gpt54mini_med_50,run_017,run_029,0.049,0.715,0.208,1.0,True,True
real_gpt54mini_med_50,run_017,run_030,0.075,0.672,0.099,1.0,True,True
real_gpt54mini_med_50,run_017,run_031,0.159,0.638,0.05,1.0,True,True
real_gpt54mini_med_50,run_017,run_032,0.053,0.669,0.058,1.0,True,True
real_gpt54mini_med_50,run_017,run_033,0.035,0.601,0.036,1.0,True,True
real_gpt54mini_med_50,run_017,run_034,0.037,0.584,0.035,1.0,True,True
real_gpt54mini_med_50,run_017,run_035,0.011,0.633,0.115,1.0,False,True
real_gpt54mini_med_50,run_017,run_036,0.076,0.596,0.056,1.0,False,True
real_gpt54mini_med_50,run_017,run_037,0.084,0.624,0.053,1.0,False,True
real_gpt54mini_med_50,run_017,run_038,0.263,0.659,0.107,1.0,True,True
real_gpt54mini_med_50,run_017,run_039,0.039,0.744,0.033,1.0,True,True
real_gpt54mini_med_50,run_017,run_040,0.034,0.79,0.158,1.0,True,True
real_gpt54mini_med_50,run_017,run_041,0.053,0.614,0.2,1.0,False,True
real_gpt54mini_med_50,run_017,run_042,0.014,0.618,0.051,1.0,True,True
real_gpt54mini_med_50,run_017,run_043,0.029,0.681,0.117,1.0,True,True
real_gpt54mini_med_50,run_017,run_044,0.039,0.637,0.074,1.0,True,True
real_gpt54mini_med_50,run_017,run_045,0.021,0.626,0.066,1.0,True,True
real_gpt54mini_med_50,run_017,run_046,0.013,0.211,0.178,0.0,True,True
real_gpt54mini_med_50,run_017,run_047,0.009,0.692,0.066,1.0,True,True
real_gpt54mini_med_50,run_017,run_048,0.017,0.697,0.163,1.0,True,True
real_gpt54mini_med_50,run_017,run_049,0.043,0.654,0.044,1.0,False,True
real_gpt54mini_med_50,run_017,run_050,0.04,0.708,0.213,1.0,True,True
real_gpt54mini_med_50,run_018,run_019,0.0,0.056,0.0,0.0,False,False
real_gpt54mini_med_50,run_018,run_020,0.0,0.042,0.0,0.0,False,False
real_gpt54mini_med_50,run_018,run_021,0.0,0.039,0.0,0.0,False,False
real_gpt54mini_med_50,run_018,run_022,0.0,0.041,0.0,0.0,False,False
real_gpt54mini_med_50,run_018,run_023,0.0,0.046,0.034,0.0,False,False
real_gpt54mini_med_50,run_018,run_024,0.0,0.03,0.0,0.0,False,False
real_gpt54mini_med_50,run_018,run_025,0.0,0.042,0.007,0.0,False,False
real_gpt54mini_med_50,run_018,run_026,0.0,0.042,0.0,0.0,False,False
real_gpt54mini_med_50,run_018,run_027,0.0,0.042,0.0,0.0,False,False
real_gpt54mini_med_50,run_018,run_028,0.0,0.036,0.0,0.0,False,False
real_gpt54mini_med_50,run_018,run_029,0.0,0.039,0.0,0.0,False,False
real_gpt54mini_med_50,run_018,run_030,0.0,0.037,0.0,0.0,False,False
real_gpt54mini_med_50,run_018,run_031,0.0,0.051,0.0,0.0,False,False
real_gpt54mini_med_50,run_018,run_032,0.0,0.034,0.0,0.0,False,False
real_gpt54mini_med_50,run_018,run_033,0.0,0.115,0.0,0.0,False,False
real_gpt54mini_med_50,run_018,run_034,0.0,0.049,0.0,0.0,False,False
real_gpt54mini_med_50,run_018,run_035,0.0,0.032,0.0,0.0,False,False
real_gpt54mini_med_50,run_018,run_036,0.0,0.034,0.0,0.0,False,False
real_gpt54mini_med_50,run_018,run_037,0.0,0.049,0.0,0.0,False,False
real_gpt54mini_med_50,run_018,run_038,0.0,0.037,0.0,0.0,False,False
real_gpt54mini_med_50,run_018,run_039,0.0,0.058,0.0,0.0,False,False
real_gpt54mini_med_50,run_018,run_040,0.0,0.044,0.0,0.0,False,False
real_gpt54mini_med_50,run_018,run_041,0.0,0.039,0.0,0.0,False,False
real_gpt54mini_med_50,run_018,run_042,0.0,0.037,0.0,0.0,False,False
real_gpt54mini_med_50,run_018,run_043,0.0,0.052,0.0,0.0,False,False
real_gpt54mini_med_50,run_018,run_044,0.0,0.038,0.0,0.0,False,False
real_gpt54mini_med_50,run_018,run_045,0.0,0.036,0.0,0.0,False,False
real_gpt54mini_med_50,run_018,run_046,0.0,0.044,0.0,0.0,False,False
real_gpt54mini_med_50,run_018,run_047,0.0,0.058,0.0,0.0,False,False
real_gpt54mini_med_50,run_018,run_048,0.0,0.046,0.0,0.0,False,False
real_gpt54mini_med_50,run_018,run_049,0.0,0.039,0.0,0.0,False,False
real_gpt54mini_med_50,run_018,run_050,0.0,0.041,0.0,0.0,False,False
real_gpt54mini_med_50,run_019,run_020,0.084,0.637,0.072,1.0,False,True
real_gpt54mini_med_50,run_019,run_021,0.044,0.612,0.073,1.0,True,True
real_gpt54mini_med_50,run_019,run_022,0.048,0.561,0.057,1.0,False,True
real_gpt54mini_med_50,run_019,run_023,0.065,0.736,0.335,1.0,False,True
real_gpt54mini_med_50,run_019,run_024,0.005,0.498,0.089,1.0,False,True
real_gpt54mini_med_50,run_019,run_025,0.025,0.392,0.032,0.0,False,True
real_gpt54mini_med_50,run_019,run_026,0.162,0.604,0.067,1.0,False,True
real_gpt54mini_med_50,run_019,run_027,0.084,0.535,0.068,1.0,True,True
real_gpt54mini_med_50,run_019,run_028,0.054,0.58,0.13,1.0,False,True
real_gpt54mini_med_50,run_019,run_029,0.035,0.648,0.136,1.0,False,True
real_gpt54mini_med_50,run_019,run_030,0.01,0.553,0.104,1.0,False,True
real_gpt54mini_med_50,run_019,run_031,0.082,0.621,0.04,1.0,False,True
real_gpt54mini_med_50,run_019,run_032,0.026,0.621,0.047,1.0,False,True
real_gpt54mini_med_50,run_019,run_033,0.033,0.641,0.061,1.0,False,True
real_gpt54mini_med_50,run_019,run_034,0.031,0.655,0.039,1.0,False,True
real_gpt54mini_med_50,run_019,run_035,0.052,0.571,0.073,1.0,False,True
real_gpt54mini_med_50,run_019,run_036,0.052,0.516,0.165,1.0,True,True
real_gpt54mini_med_50,run_019,run_037,0.071,0.643,0.044,1.0,True,True
real_gpt54mini_med_50,run_019,run_038,0.045,0.654,0.06,1.0,False,True
real_gpt54mini_med_50,run_019,run_039,0.033,0.761,0.07,1.0,False,True
real_gpt54mini_med_50,run_019,run_040,0.016,0.597,0.088,1.0,False,True
real_gpt54mini_med_50,run_019,run_041,0.032,0.606,0.116,1.0,True,True
real_gpt54mini_med_50,run_019,run_042,0.013,0.603,0.063,1.0,False,True
real_gpt54mini_med_50,run_019,run_043,0.044,0.574,0.07,1.0,False,True
real_gpt54mini_med_50,run_019,run_044,0.021,0.562,0.098,1.0,False,True
real_gpt54mini_med_50,run_019,run_045,0.033,0.575,0.059,1.0,False,True
real_gpt54mini_med_50,run_019,run_046,0.02,0.415,0.038,0.0,False,True
real_gpt54mini_med_50,run_019,run_047,0.04,0.696,0.102,1.0,False,True
real_gpt54mini_med_50,run_019,run_048,0.049,0.658,0.212,1.0,False,True
real_gpt54mini_med_50,run_019,run_049,0.052,0.617,0.287,1.0,True,True
real_gpt54mini_med_50,run_019,run_050,0.093,0.656,0.219,1.0,False,True
real_gpt54mini_med_50,run_020,run_021,0.032,0.678,0.069,1.0,False,True
real_gpt54mini_med_50,run_020,run_022,0.014,0.735,0.06,1.0,True,True
real_gpt54mini_med_50,run_020,run_023,0.025,0.776,0.336,1.0,True,True
real_gpt54mini_med_50,run_020,run_024,0.038,0.716,0.063,1.0,True,True
real_gpt54mini_med_50,run_020,run_025,0.048,0.284,0.061,0.0,True,True
real_gpt54mini_med_50,run_020,run_026,0.004,0.837,0.074,1.0,True,True
real_gpt54mini_med_50,run_020,run_027,0.044,0.7,0.068,1.0,False,True
real_gpt54mini_med_50,run_020,run_028,0.027,0.647,0.097,1.0,True,True
real_gpt54mini_med_50,run_020,run_029,0.013,0.717,0.146,1.0,True,True
real_gpt54mini_med_50,run_020,run_030,0.032,0.658,0.026,1.0,True,True
real_gpt54mini_med_50,run_020,run_031,0.012,0.719,0.06,1.0,True,True
real_gpt54mini_med_50,run_020,run_032,0.045,0.669,0.043,1.0,True,True
real_gpt54mini_med_50,run_020,run_033,0.068,0.516,0.104,1.0,True,True
real_gpt54mini_med_50,run_020,run_034,0.009,0.577,0.035,1.0,True,True
real_gpt54mini_med_50,run_020,run_035,0.036,0.691,0.107,1.0,False,True
real_gpt54mini_med_50,run_020,run_036,0.013,0.583,0.099,1.0,False,True
real_gpt54mini_med_50,run_020,run_037,0.006,0.69,0.05,1.0,False,True
real_gpt54mini_med_50,run_020,run_038,0.018,0.667,0.067,1.0,True,True
real_gpt54mini_med_50,run_020,run_039,0.016,0.736,0.06,1.0,True,True
real_gpt54mini_med_50,run_020,run_040,0.028,0.691,0.075,1.0,True,True
real_gpt54mini_med_50,run_020,run_041,0.036,0.66,0.033,1.0,False,True
real_gpt54mini_med_50,run_020,run_042,0.025,0.689,0.07,1.0,True,True
real_gpt54mini_med_50,run_020,run_043,0.066,0.759,0.131,1.0,True,True
real_gpt54mini_med_50,run_020,run_044,0.018,0.721,0.087,1.0,True,True
real_gpt54mini_med_50,run_020,run_045,0.02,0.675,0.055,1.0,True,True
real_gpt54mini_med_50,run_020,run_046,0.045,0.19,0.154,0.0,True,True
real_gpt54mini_med_50,run_020,run_047,0.046,0.647,0.031,1.0,True,True
real_gpt54mini_med_50,run_020,run_048,0.089,0.672,0.102,1.0,True,True
real_gpt54mini_med_50,run_020,run_049,0.161,0.594,0.088,1.0,False,True
real_gpt54mini_med_50,run_020,run_050,0.01,0.725,0.199,1.0,True,True
real_gpt54mini_med_50,run_021,run_022,0.105,0.621,0.104,1.0,False,True
real_gpt54mini_med_50,run_021,run_023,0.026,0.791,0.328,1.0,False,True
real_gpt54mini_med_50,run_021,run_024,0.043,0.615,0.159,1.0,False,True
real_gpt54mini_med_50,run_021,run_025,0.035,0.336,0.065,0.0,False,True
real_gpt54mini_med_50,run_021,run_026,0.16,0.699,0.081,1.0,False,True
real_gpt54mini_med_50,run_021,run_027,0.042,0.724,0.088,1.0,True,True
real_gpt54mini_med_50,run_021,run_028,0.03,0.589,0.076,1.0,False,True
real_gpt54mini_med_50,run_021,run_029,0.034,0.727,0.059,1.0,False,True
real_gpt54mini_med_50,run_021,run_030,0.182,0.688,0.13,1.0,False,True
real_gpt54mini_med_50,run_021,run_031,0.008,0.654,0.064,1.0,False,True
real_gpt54mini_med_50,run_021,run_032,0.045,0.661,0.089,1.0,False,True
real_gpt54mini_med_50,run_021,run_033,0.032,0.49,0.058,1.0,False,True
real_gpt54mini_med_50,run_021,run_034,0.026,0.667,0.076,1.0,False,True
real_gpt54mini_med_50,run_021,run_035,0.016,0.731,0.088,1.0,False,True
real_gpt54mini_med_50,run_021,run_036,0.012,0.708,0.121,1.0,True,True
real_gpt54mini_med_50,run_021,run_037,0.065,0.62,0.068,1.0,True,True
real_gpt54mini_med_50,run_021,run_038,0.03,0.697,0.073,1.0,False,True
real_gpt54mini_med_50,run_021,run_039,0.013,0.659,0.113,1.0,False,True
real_gpt54mini_med_50,run_021,run_040,0.021,0.842,0.077,1.0,False,True
real_gpt54mini_med_50,run_021,run_041,0.048,0.658,0.209,1.0,True,True
real_gpt54mini_med_50,run_021,run_042,0.023,0.654,0.08,1.0,False,True
real_gpt54mini_med_50,run_021,run_043,0.01,0.684,0.148,1.0,False,True
real_gpt54mini_med_50,run_021,run_044,0.015,0.671,0.079,1.0,False,True
real_gpt54mini_med_50,run_021,run_045,0.02,0.673,0.093,1.0,False,True
real_gpt54mini_med_50,run_021,run_046,0.029,0.382,0.062,0.0,False,True
real_gpt54mini_med_50,run_021,run_047,0.036,0.717,0.063,1.0,False,True
real_gpt54mini_med_50,run_021,run_048,0.05,0.712,0.168,1.0,False,True
real_gpt54mini_med_50,run_021,run_049,0.07,0.667,0.138,1.0,True,True
real_gpt54mini_med_50,run_021,run_050,0.055,0.728,0.145,1.0,False,True
real_gpt54mini_med_50,run_022,run_023,0.064,0.766,0.325,1.0,True,True
real_gpt54mini_med_50,run_022,run_024,0.008,0.625,0.059,1.0,True,True
real_gpt54mini_med_50,run_022,run_025,0.065,0.276,0.038,0.0,True,True
real_gpt54mini_med_50,run_022,run_026,0.151,0.77,0.049,1.0,True,True
real_gpt54mini_med_50,run_022,run_027,0.041,0.655,0.196,1.0,False,True
real_gpt54mini_med_50,run_022,run_028,0.06,0.749,0.054,1.0,True,True
real_gpt54mini_med_50,run_022,run_029,0.02,0.66,0.054,1.0,True,True
real_gpt54mini_med_50,run_022,run_030,0.047,0.669,0.184,1.0,True,True
real_gpt54mini_med_50,run_022,run_031,0.219,0.615,0.053,1.0,True,True
real_gpt54mini_med_50,run_022,run_032,0.037,0.604,0.058,1.0,True,True
real_gpt54mini_med_50,run_022,run_033,0.042,0.429,0.034,1.0,True,True
real_gpt54mini_med_50,run_022,run_034,0.031,0.613,0.029,1.0,True,True
real_gpt54mini_med_50,run_022,run_035,0.074,0.695,0.157,1.0,False,True
real_gpt54mini_med_50,run_022,run_036,0.063,0.703,0.093,1.0,False,True
real_gpt54mini_med_50,run_022,run_037,0.076,0.656,0.053,1.0,False,True
real_gpt54mini_med_50,run_022,run_038,0.026,0.585,0.085,1.0,True,True
real_gpt54mini_med_50,run_022,run_039,0.065,0.733,0.067,1.0,True,True
real_gpt54mini_med_50,run_022,run_040,0.045,0.674,0.106,1.0,True,True
real_gpt54mini_med_50,run_022,run_041,0.05,0.76,0.154,1.0,False,True
real_gpt54mini_med_50,run_022,run_042,0.033,0.747,0.079,1.0,True,True
real_gpt54mini_med_50,run_022,run_043,0.022,0.583,0.117,1.0,True,True
real_gpt54mini_med_50,run_022,run_044,0.02,0.705,0.071,1.0,True,True
real_gpt54mini_med_50,run_022,run_045,0.097,0.706,0.052,1.0,True,True
real_gpt54mini_med_50,run_022,run_046,0.03,0.467,0.062,0.0,True,True
real_gpt54mini_med_50,run_022,run_047,0.032,0.669,0.05,1.0,True,True
real_gpt54mini_med_50,run_022,run_048,0.032,0.625,0.089,1.0,True,True
real_gpt54mini_med_50,run_022,run_049,0.028,0.605,0.136,1.0,False,True
real_gpt54mini_med_50,run_022,run_050,0.033,0.653,0.228,1.0,True,True
real_gpt54mini_med_50,run_023,run_024,0.04,0.648,0.223,1.0,True,True
real_gpt54mini_med_50,run_023,run_025,0.034,0.358,0.103,0.0,True,True
real_gpt54mini_med_50,run_023,run_026,0.084,0.784,0.148,1.0,True,True
real_gpt54mini_med_50,run_023,run_027,0.054,0.729,0.2,1.0,False,True
real_gpt54mini_med_50,run_023,run_028,0.13,0.658,0.138,1.0,True,True
real_gpt54mini_med_50,run_023,run_029,0.035,0.804,0.154,1.0,True,True
real_gpt54mini_med_50,run_023,run_030,0.081,0.746,0.177,1.0,True,True
real_gpt54mini_med_50,run_023,run_031,0.178,0.727,0.067,1.0,True,True
real_gpt54mini_med_50,run_023,run_032,0.04,0.7,0.087,1.0,True,True
real_gpt54mini_med_50,run_023,run_033,0.036,0.557,0.069,1.0,True,True
real_gpt54mini_med_50,run_023,run_034,0.026,0.642,0.11,1.0,True,True
real_gpt54mini_med_50,run_023,run_035,0.037,0.703,0.112,1.0,False,True
real_gpt54mini_med_50,run_023,run_036,0.113,0.718,0.16,1.0,False,True
real_gpt54mini_med_50,run_023,run_037,0.138,0.745,0.103,1.0,False,True
real_gpt54mini_med_50,run_023,run_038,0.124,0.741,0.15,1.0,True,True
real_gpt54mini_med_50,run_023,run_039,0.039,0.868,0.11,1.0,True,True
real_gpt54mini_med_50,run_023,run_040,0.034,0.789,0.169,1.0,True,True
real_gpt54mini_med_50,run_023,run_041,0.069,0.679,0.152,1.0,False,True
real_gpt54mini_med_50,run_023,run_042,0.041,0.688,0.076,1.0,True,True
real_gpt54mini_med_50,run_023,run_043,0.049,0.745,0.16,1.0,True,True
real_gpt54mini_med_50,run_023,run_044,0.026,0.728,0.115,1.0,True,True
real_gpt54mini_med_50,run_023,run_045,0.033,0.763,0.099,1.0,True,True
real_gpt54mini_med_50,run_023,run_046,0.027,0.425,0.069,0.0,True,True
real_gpt54mini_med_50,run_023,run_047,0.035,0.846,0.156,1.0,True,True
real_gpt54mini_med_50,run_023,run_048,0.032,0.732,0.127,1.0,True,True
real_gpt54mini_med_50,run_023,run_049,0.032,0.717,0.171,1.0,False,True
real_gpt54mini_med_50,run_023,run_050,0.063,0.815,0.19,1.0,True,True
real_gpt54mini_med_50,run_024,run_025,0.02,0.302,0.024,0.0,True,True
real_gpt54mini_med_50,run_024,run_026,0.101,0.686,0.07,1.0,True,True
real_gpt54mini_med_50,run_024,run_027,0.072,0.625,0.502,1.0,False,True
real_gpt54mini_med_50,run_024,run_028,0.054,0.63,0.319,1.0,True,True
real_gpt54mini_med_50,run_024,run_029,0.13,0.607,0.105,1.0,True,True
real_gpt54mini_med_50,run_024,run_030,0.093,0.644,0.11,1.0,True,True
real_gpt54mini_med_50,run_024,run_031,0.065,0.622,0.04,1.0,True,True
real_gpt54mini_med_50,run_024,run_032,0.052,0.558,0.052,1.0,True,True
real_gpt54mini_med_50,run_024,run_033,0.025,0.398,0.048,1.0,True,True
real_gpt54mini_med_50,run_024,run_034,0.017,0.494,0.044,1.0,True,True
real_gpt54mini_med_50,run_024,run_035,0.092,0.658,0.082,1.0,False,True
real_gpt54mini_med_50,run_024,run_036,0.157,0.679,0.18,1.0,False,True
real_gpt54mini_med_50,run_024,run_037,0.112,0.574,0.198,1.0,False,True
real_gpt54mini_med_50,run_024,run_038,0.124,0.674,0.186,1.0,True,True
real_gpt54mini_med_50,run_024,run_039,0.044,0.597,0.066,1.0,True,True
real_gpt54mini_med_50,run_024,run_040,0.025,0.677,0.186,1.0,True,True
real_gpt54mini_med_50,run_024,run_041,0.061,0.622,0.051,1.0,False,True
real_gpt54mini_med_50,run_024,run_042,0.023,0.637,0.127,1.0,True,True
real_gpt54mini_med_50,run_024,run_043,0.066,0.615,0.027,1.0,True,True
real_gpt54mini_med_50,run_024,run_044,0.035,0.652,0.114,1.0,True,True
real_gpt54mini_med_50,run_024,run_045,0.05,0.56,0.065,1.0,True,True
real_gpt54mini_med_50,run_024,run_046,0.014,0.383,0.068,0.0,True,True
real_gpt54mini_med_50,run_024,run_047,0.115,0.566,0.242,1.0,True,True
real_gpt54mini_med_50,run_024,run_048,0.058,0.562,0.19,1.0,True,True
real_gpt54mini_med_50,run_024,run_049,0.028,0.562,0.049,1.0,False,True
real_gpt54mini_med_50,run_024,run_050,0.054,0.594,0.2,1.0,True,True
real_gpt54mini_med_50,run_025,run_026,0.033,0.27,0.035,0.0,True,True
real_gpt54mini_med_50,run_025,run_027,0.019,0.336,0.032,0.0,False,True
real_gpt54mini_med_50,run_025,run_028,0.014,0.32,0.022,0.0,True,True
real_gpt54mini_med_50,run_025,run_029,0.052,0.317,0.017,0.0,True,True
real_gpt54mini_med_50,run_025,run_030,0.027,0.359,0.01,0.0,True,True
real_gpt54mini_med_50,run_025,run_031,0.04,0.164,0.029,0.0,True,True
real_gpt54mini_med_50,run_025,run_032,0.051,0.24,0.021,0.0,True,True
real_gpt54mini_med_50,run_025,run_033,0.032,0.295,0.024,0.0,True,True
real_gpt54mini_med_50,run_025,run_034,0.045,0.369,0.134,0.0,True,True
real_gpt54mini_med_50,run_025,run_035,0.09,0.13,0.024,0.0,False,True
real_gpt54mini_med_50,run_025,run_036,0.03,0.333,0.032,0.0,False,True
real_gpt54mini_med_50,run_025,run_037,0.022,0.406,0.041,0.0,False,True
real_gpt54mini_med_50,run_025,run_038,0.048,0.347,0.03,0.0,True,True
real_gpt54mini_med_50,run_025,run_039,0.026,0.397,0.016,0.0,True,True
real_gpt54mini_med_50,run_025,run_040,0.022,0.276,0.146,0.0,True,True
real_gpt54mini_med_50,run_025,run_041,0.108,0.371,0.023,0.0,False,True
real_gpt54mini_med_50,run_025,run_042,0.022,0.341,0.033,0.0,True,True
real_gpt54mini_med_50,run_025,run_043,0.08,0.348,0.01,0.0,True,True
real_gpt54mini_med_50,run_025,run_044,0.031,0.337,0.019,0.0,True,True
real_gpt54mini_med_50,run_025,run_045,0.112,0.334,0.04,0.0,True,True
real_gpt54mini_med_50,run_025,run_046,0.012,0.498,0.066,1.0,True,True
real_gpt54mini_med_50,run_025,run_047,0.022,0.407,0.026,0.0,True,True
real_gpt54mini_med_50,run_025,run_048,0.034,0.418,0.028,0.0,True,True
real_gpt54mini_med_50,run_025,run_049,0.017,0.348,0.021,0.0,False,True
real_gpt54mini_med_50,run_025,run_050,0.025,0.268,0.036,0.0,True,True
real_gpt54mini_med_50,run_026,run_027,0.077,0.764,0.033,1.0,False,True
real_gpt54mini_med_50,run_026,run_028,0.071,0.725,0.216,1.0,True,True
real_gpt54mini_med_50,run_026,run_029,0.036,0.793,0.124,1.0,True,True
real_gpt54mini_med_50,run_026,run_030,0.018,0.658,0.105,1.0,True,True
real_gpt54mini_med_50,run_026,run_031,0.098,0.711,0.022,1.0,True,True
real_gpt54mini_med_50,run_026,run_032,0.038,0.713,0.091,1.0,True,True
real_gpt54mini_med_50,run_026,run_033,0.037,0.516,0.118,1.0,True,True
real_gpt54mini_med_50,run_026,run_034,0.059,0.562,0.039,1.0,True,True
real_gpt54mini_med_50,run_026,run_035,0.025,0.685,0.038,1.0,False,True
real_gpt54mini_med_50,run_026,run_036,0.058,0.641,0.197,1.0,False,True
real_gpt54mini_med_50,run_026,run_037,0.069,0.674,0.196,1.0,False,True
real_gpt54mini_med_50,run_026,run_038,0.056,0.76,0.219,1.0,True,True
real_gpt54mini_med_50,run_026,run_039,0.051,0.636,0.014,1.0,True,True
real_gpt54mini_med_50,run_026,run_040,0.04,0.742,0.263,1.0,True,True
real_gpt54mini_med_50,run_026,run_041,0.033,0.818,0.018,1.0,False,True
real_gpt54mini_med_50,run_026,run_042,0.015,0.776,0.035,1.0,True,True
real_gpt54mini_med_50,run_026,run_043,0.051,0.791,0.102,1.0,True,True
real_gpt54mini_med_50,run_026,run_044,0.021,0.815,0.121,1.0,True,True
real_gpt54mini_med_50,run_026,run_045,0.008,0.741,0.08,1.0,True,True
real_gpt54mini_med_50,run_026,run_046,0.012,0.469,0.023,0.0,True,True
real_gpt54mini_med_50,run_026,run_047,0.034,0.672,0.026,1.0,True,True
real_gpt54mini_med_50,run_026,run_048,0.02,0.701,0.032,1.0,True,True
real_gpt54mini_med_50,run_026,run_049,0.024,0.662,0.305,1.0,False,True
real_gpt54mini_med_50,run_026,run_050,0.047,0.775,0.128,1.0,True,True
real_gpt54mini_med_50,run_027,run_028,0.065,0.717,0.071,1.0,False,True
real_gpt54mini_med_50,run_027,run_029,0.008,0.785,0.209,1.0,False,True
real_gpt54mini_med_50,run_027,run_030,0.014,0.689,0.347,1.0,False,True
real_gpt54mini_med_50,run_027,run_031,0.043,0.606,0.074,1.0,False,True
real_gpt54mini_med_50,run_027,run_032,0.033,0.698,0.146,1.0,False,True
real_gpt54mini_med_50,run_027,run_033,0.086,0.436,0.02,1.0,False,True
real_gpt54mini_med_50,run_027,run_034,0.043,0.651,0.084,1.0,False,True
real_gpt54mini_med_50,run_027,run_035,0.011,0.646,0.093,1.0,False,True
real_gpt54mini_med_50,run_027,run_036,0.016,0.645,0.049,1.0,True,True
real_gpt54mini_med_50,run_027,run_037,0.023,0.61,0.089,1.0,True,True
real_gpt54mini_med_50,run_027,run_038,0.031,0.564,0.045,1.0,False,True
real_gpt54mini_med_50,run_027,run_039,0.028,0.633,0.162,1.0,False,True
real_gpt54mini_med_50,run_027,run_040,0.016,0.674,0.117,1.0,False,True
real_gpt54mini_med_50,run_027,run_041,0.036,0.81,0.103,1.0,True,True
real_gpt54mini_med_50,run_027,run_042,0.016,0.741,0.018,1.0,False,True
real_gpt54mini_med_50,run_027,run_043,0.047,0.717,0.035,1.0,False,True
real_gpt54mini_med_50,run_027,run_044,0.04,0.664,0.104,1.0,False,True
real_gpt54mini_med_50,run_027,run_045,0.011,0.614,0.058,1.0,False,True
real_gpt54mini_med_50,run_027,run_046,0.028,0.413,0.019,0.0,False,True
real_gpt54mini_med_50,run_027,run_047,0.135,0.644,0.474,1.0,False,True
real_gpt54mini_med_50,run_027,run_048,0.024,0.617,0.024,1.0,False,True
real_gpt54mini_med_50,run_027,run_049,0.028,0.619,0.049,1.0,True,True
real_gpt54mini_med_50,run_027,run_050,0.093,0.759,0.402,1.0,False,True
real_gpt54mini_med_50,run_028,run_029,0.031,0.739,0.167,1.0,True,True
real_gpt54mini_med_50,run_028,run_030,0.067,0.628,0.073,1.0,True,True
real_gpt54mini_med_50,run_028,run_031,0.201,0.614,0.052,1.0,True,True
real_gpt54mini_med_50,run_028,run_032,0.029,0.645,0.079,1.0,True,True
real_gpt54mini_med_50,run_028,run_033,0.024,0.383,0.045,1.0,True,True
real_gpt54mini_med_50,run_028,run_034,0.021,0.563,0.061,1.0,True,True
real_gpt54mini_med_50,run_028,run_035,0.011,0.661,0.08,1.0,False,True
real_gpt54mini_med_50,run_028,run_036,0.072,0.613,0.117,1.0,False,True
real_gpt54mini_med_50,run_028,run_037,0.075,0.561,0.055,1.0,False,True
real_gpt54mini_med_50,run_028,run_038,0.164,0.611,0.074,1.0,True,True
real_gpt54mini_med_50,run_028,run_039,0.031,0.549,0.158,1.0,True,True
real_gpt54mini_med_50,run_028,run_040,0.021,0.622,0.066,1.0,True,True
real_gpt54mini_med_50,run_028,run_041,0.064,0.724,0.342,1.0,False,True
real_gpt54mini_med_50,run_028,run_042,0.024,0.669,0.081,1.0,True,True
real_gpt54mini_med_50,run_028,run_043,0.042,0.628,0.029,1.0,True,True
real_gpt54mini_med_50,run_028,run_044,0.02,0.71,0.108,1.0,True,True
real_gpt54mini_med_50,run_028,run_045,0.017,0.632,0.061,1.0,True,True
real_gpt54mini_med_50,run_028,run_046,0.024,0.444,0.164,0.0,True,True
real_gpt54mini_med_50,run_028,run_047,0.025,0.596,0.125,1.0,True,True
real_gpt54mini_med_50,run_028,run_048,0.043,0.548,0.189,1.0,True,True
real_gpt54mini_med_50,run_028,run_049,0.05,0.562,0.046,1.0,False,True
real_gpt54mini_med_50,run_028,run_050,0.076,0.688,0.222,1.0,True,True
real_gpt54mini_med_50,run_029,run_030,0.025,0.706,0.114,1.0,True,True
real_gpt54mini_med_50,run_029,run_031,0.015,0.682,0.068,1.0,True,True
real_gpt54mini_med_50,run_029,run_032,0.04,0.726,0.214,1.0,True,True
real_gpt54mini_med_50,run_029,run_033,0.025,0.495,0.045,1.0,True,True
real_gpt54mini_med_50,run_029,run_034,0.026,0.634,0.065,1.0,True,True
real_gpt54mini_med_50,run_029,run_035,0.023,0.723,0.112,1.0,False,True
real_gpt54mini_med_50,run_029,run_036,0.023,0.613,0.041,1.0,False,True
real_gpt54mini_med_50,run_029,run_037,0.037,0.654,0.049,1.0,False,True
real_gpt54mini_med_50,run_029,run_038,0.014,0.675,0.065,1.0,True,True
real_gpt54mini_med_50,run_029,run_039,0.018,0.688,0.032,1.0,True,True
real_gpt54mini_med_50,run_029,run_040,0.018,0.7,0.081,1.0,True,True
real_gpt54mini_med_50,run_029,run_041,0.057,0.676,0.131,1.0,False,True
real_gpt54mini_med_50,run_029,run_042,0.041,0.704,0.045,1.0,True,True
real_gpt54mini_med_50,run_029,run_043,0.059,0.72,0.111,1.0,True,True
real_gpt54mini_med_50,run_029,run_044,0.014,0.761,0.065,1.0,True,True
real_gpt54mini_med_50,run_029,run_045,0.014,0.652,0.061,1.0,True,True
real_gpt54mini_med_50,run_029,run_046,0.015,0.406,0.151,0.0,True,True
real_gpt54mini_med_50,run_029,run_047,0.009,0.747,0.09,1.0,True,True
real_gpt54mini_med_50,run_029,run_048,0.028,0.674,0.166,1.0,True,True
real_gpt54mini_med_50,run_029,run_049,0.02,0.711,0.043,1.0,False,True
real_gpt54mini_med_50,run_029,run_050,0.021,0.753,0.157,1.0,True,True
real_gpt54mini_med_50,run_030,run_031,0.092,0.589,0.039,1.0,True,True
real_gpt54mini_med_50,run_030,run_032,0.03,0.667,0.032,1.0,True,True
real_gpt54mini_med_50,run_030,run_033,0.08,0.469,0.018,1.0,True,True
real_gpt54mini_med_50,run_030,run_034,0.015,0.573,0.015,1.0,True,True
real_gpt54mini_med_50,run_030,run_035,0.013,0.659,0.037,1.0,False,True
real_gpt54mini_med_50,run_030,run_036,0.06,0.731,0.046,1.0,False,True
real_gpt54mini_med_50,run_030,run_037,0.068,0.607,0.049,1.0,False,True
real_gpt54mini_med_50,run_030,run_038,0.1,0.583,0.042,1.0,True,True
real_gpt54mini_med_50,run_030,run_039,0.035,0.636,0.016,1.0,True,True
real_gpt54mini_med_50,run_030,run_040,0.03,0.667,0.031,1.0,True,True
real_gpt54mini_med_50,run_030,run_041,0.06,0.742,0.04,1.0,False,True
real_gpt54mini_med_50,run_030,run_042,0.02,0.748,0.038,1.0,True,True
real_gpt54mini_med_50,run_030,run_043,0.05,0.603,0.091,1.0,True,True
real_gpt54mini_med_50,run_030,run_044,0.025,0.652,0.076,1.0,True,True
real_gpt54mini_med_50,run_030,run_045,0.093,0.586,0.031,1.0,True,True
real_gpt54mini_med_50,run_030,run_046,0.039,0.418,0.027,0.0,True,True
real_gpt54mini_med_50,run_030,run_047,0.029,0.662,0.057,1.0,True,True
real_gpt54mini_med_50,run_030,run_048,0.042,0.627,0.028,1.0,True,True
real_gpt54mini_med_50,run_030,run_049,0.034,0.66,0.032,1.0,False,True
real_gpt54mini_med_50,run_030,run_050,0.069,0.726,0.213,1.0,True,True
real_gpt54mini_med_50,run_031,run_032,0.047,0.667,0.019,1.0,True,True
real_gpt54mini_med_50,run_031,run_033,0.025,0.476,0.083,1.0,True,True
real_gpt54mini_med_50,run_031,run_034,0.029,0.581,0.149,1.0,True,True
real_gpt54mini_med_50,run_031,run_035,0.08,0.658,0.041,1.0,False,True
real_gpt54mini_med_50,run_031,run_036,0.081,0.559,0.038,1.0,False,True
real_gpt54mini_med_50,run_031,run_037,0.109,0.749,0.021,1.0,False,True
real_gpt54mini_med_50,run_031,run_038,0.161,0.599,0.024,1.0,True,True
real_gpt54mini_med_50,run_031,run_039,0.033,0.685,0.084,1.0,True,True
real_gpt54mini_med_50,run_031,run_040,0.055,0.635,0.042,1.0,True,True
real_gpt54mini_med_50,run_031,run_041,0.103,0.611,0.065,1.0,False,True
real_gpt54mini_med_50,run_031,run_042,0.023,0.608,0.007,1.0,True,True
real_gpt54mini_med_50,run_031,run_043,0.024,0.661,0.04,1.0,True,True
real_gpt54mini_med_50,run_031,run_044,0.021,0.627,0.082,1.0,True,True
real_gpt54mini_med_50,run_031,run_045,0.135,0.645,0.037,1.0,True,True
real_gpt54mini_med_50,run_031,run_046,0.028,0.211,0.015,0.0,True,True
real_gpt54mini_med_50,run_031,run_047,0.036,0.735,0.055,1.0,True,True
real_gpt54mini_med_50,run_031,run_048,0.058,0.603,0.117,1.0,True,True
real_gpt54mini_med_50,run_031,run_049,0.028,0.607,0.117,1.0,False,True
real_gpt54mini_med_50,run_031,run_050,0.151,0.628,0.087,1.0,True,True
real_gpt54mini_med_50,run_032,run_033,0.061,0.436,0.031,1.0,True,True
real_gpt54mini_med_50,run_032,run_034,0.074,0.508,0.038,1.0,True,True
real_gpt54mini_med_50,run_032,run_035,0.034,0.607,0.049,1.0,False,True
real_gpt54mini_med_50,run_032,run_036,0.007,0.599,0.045,1.0,False,True
real_gpt54mini_med_50,run_032,run_037,0.051,0.608,0.129,1.0,False,True
real_gpt54mini_med_50,run_032,run_038,0.036,0.633,0.144,1.0,True,True
real_gpt54mini_med_50,run_032,run_039,0.03,0.585,0.026,1.0,True,True
real_gpt54mini_med_50,run_032,run_040,0.038,0.671,0.095,1.0,True,True
real_gpt54mini_med_50,run_032,run_041,0.092,0.656,0.086,1.0,False,True
real_gpt54mini_med_50,run_032,run_042,0.031,0.665,0.041,1.0,True,True
real_gpt54mini_med_50,run_032,run_043,0.035,0.639,0.023,1.0,True,True
real_gpt54mini_med_50,run_032,run_044,0.063,0.633,0.084,1.0,True,True
real_gpt54mini_med_50,run_032,run_045,0.13,0.653,0.047,1.0,True,True
real_gpt54mini_med_50,run_032,run_046,0.063,0.169,0.036,0.0,True,True
real_gpt54mini_med_50,run_032,run_047,0.088,0.616,0.071,1.0,True,True
real_gpt54mini_med_50,run_032,run_048,0.026,0.594,0.056,1.0,True,True
real_gpt54mini_med_50,run_032,run_049,0.016,0.738,0.099,1.0,False,True
real_gpt54mini_med_50,run_032,run_050,0.074,0.777,0.054,1.0,True,True
real_gpt54mini_med_50,run_033,run_034,0.077,0.488,0.026,1.0,True,True
real_gpt54mini_med_50,run_033,run_035,0.061,0.422,0.077,1.0,False,True
real_gpt54mini_med_50,run_033,run_036,0.012,0.445,0.09,1.0,False,True
real_gpt54mini_med_50,run_033,run_037,0.009,0.402,0.051,1.0,False,True
real_gpt54mini_med_50,run_033,run_038,0.067,0.471,0.06,1.0,True,True
real_gpt54mini_med_50,run_033,run_039,0.022,0.653,0.029,1.0,True,True
real_gpt54mini_med_50,run_033,run_040,0.034,0.536,0.075,1.0,True,True
real_gpt54mini_med_50,run_033,run_041,0.075,0.412,0.043,1.0,False,True
real_gpt54mini_med_50,run_033,run_042,0.026,0.415,0.037,1.0,True,True
real_gpt54mini_med_50,run_033,run_043,0.09,0.484,0.142,1.0,True,True
real_gpt54mini_med_50,run_033,run_044,0.027,0.459,0.074,1.0,True,True
real_gpt54mini_med_50,run_033,run_045,0.034,0.385,0.033,1.0,True,True
real_gpt54mini_med_50,run_033,run_046,0.069,0.287,0.036,0.0,True,True
real_gpt54mini_med_50,run_033,run_047,0.054,0.523,0.137,1.0,True,True
real_gpt54mini_med_50,run_033,run_048,0.068,0.557,0.08,1.0,True,True
real_gpt54mini_med_50,run_033,run_049,0.047,0.488,0.287,1.0,False,True
real_gpt54mini_med_50,run_033,run_050,0.015,0.51,0.05,1.0,True,True
real_gpt54mini_med_50,run_034,run_035,0.032,0.623,0.036,1.0,False,True
real_gpt54mini_med_50,run_034,run_036,0.034,0.579,0.027,1.0,False,True
real_gpt54mini_med_50,run_034,run_037,0.02,0.569,0.087,1.0,False,True
real_gpt54mini_med_50,run_034,run_038,0.143,0.54,0.033,1.0,True,True
real_gpt54mini_med_50,run_034,run_039,0.009,0.673,0.079,1.0,True,True
real_gpt54mini_med_50,run_034,run_040,0.019,0.609,0.045,1.0,True,True
real_gpt54mini_med_50,run_034,run_041,0.025,0.617,0.081,1.0,False,True
real_gpt54mini_med_50,run_034,run_042,0.04,0.57,0.008,1.0,True,True
real_gpt54mini_med_50,run_034,run_043,0.017,0.519,0.025,1.0,True,True
real_gpt54mini_med_50,run_034,run_044,0.08,0.553,0.049,1.0,True,True
real_gpt54mini_med_50,run_034,run_045,0.033,0.608,0.043,1.0,True,True
real_gpt54mini_med_50,run_034,run_046,0.021,0.39,0.025,0.0,True,True
real_gpt54mini_med_50,run_034,run_047,0.009,0.612,0.093,1.0,True,True
real_gpt54mini_med_50,run_034,run_048,0.029,0.61,0.106,1.0,True,True
real_gpt54mini_med_50,run_034,run_049,0.056,0.635,0.099,1.0,False,True
real_gpt54mini_med_50,run_034,run_050,0.012,0.588,0.074,1.0,True,True
real_gpt54mini_med_50,run_035,run_036,0.02,0.689,0.07,1.0,False,True
real_gpt54mini_med_50,run_035,run_037,0.05,0.627,0.09,1.0,False,True
real_gpt54mini_med_50,run_035,run_038,0.123,0.567,0.072,1.0,False,True
real_gpt54mini_med_50,run_035,run_039,0.031,0.634,0.045,1.0,False,True
real_gpt54mini_med_50,run_035,run_040,0.031,0.625,0.277,1.0,False,True
real_gpt54mini_med_50,run_035,run_041,0.069,0.661,0.085,1.0,False,True
real_gpt54mini_med_50,run_035,run_042,0.025,0.651,0.054,1.0,False,True
real_gpt54mini_med_50,run_035,run_043,0.033,0.563,0.031,1.0,False,True
real_gpt54mini_med_50,run_035,run_044,0.021,0.708,0.105,1.0,False,True
real_gpt54mini_med_50,run_035,run_045,0.069,0.663,0.066,1.0,False,True
real_gpt54mini_med_50,run_035,run_046,0.027,0.413,0.05,0.0,False,True
real_gpt54mini_med_50,run_035,run_047,0.031,0.636,0.128,1.0,False,True
real_gpt54mini_med_50,run_035,run_048,0.067,0.626,0.078,1.0,False,True
real_gpt54mini_med_50,run_035,run_049,0.063,0.657,0.116,1.0,False,True
real_gpt54mini_med_50,run_035,run_050,0.036,0.558,0.128,1.0,False,True
real_gpt54mini_med_50,run_036,run_037,0.13,0.577,0.049,1.0,True,True
real_gpt54mini_med_50,run_036,run_038,0.107,0.564,0.073,1.0,False,True
real_gpt54mini_med_50,run_036,run_039,0.046,0.632,0.101,1.0,False,True
real_gpt54mini_med_50,run_036,run_040,0.033,0.695,0.082,1.0,False,True
real_gpt54mini_med_50,run_036,run_041,0.086,0.71,0.109,1.0,True,True
real_gpt54mini_med_50,run_036,run_042,0.037,0.729,0.099,1.0,False,True
real_gpt54mini_med_50,run_036,run_043,0.052,0.565,0.058,1.0,False,True
real_gpt54mini_med_50,run_036,run_044,0.028,0.673,0.121,1.0,False,True
real_gpt54mini_med_50,run_036,run_045,0.029,0.627,0.063,1.0,False,True
real_gpt54mini_med_50,run_036,run_046,0.032,0.442,0.035,0.0,False,True
real_gpt54mini_med_50,run_036,run_047,0.025,0.657,0.053,1.0,False,True
real_gpt54mini_med_50,run_036,run_048,0.02,0.644,0.157,1.0,False,True
real_gpt54mini_med_50,run_036,run_049,0.053,0.619,0.079,1.0,True,True
real_gpt54mini_med_50,run_036,run_050,0.061,0.631,0.287,1.0,False,True
real_gpt54mini_med_50,run_037,run_038,0.038,0.631,0.157,1.0,False,True
real_gpt54mini_med_50,run_037,run_039,0.046,0.724,0.045,1.0,False,True
real_gpt54mini_med_50,run_037,run_040,0.025,0.614,0.178,1.0,False,True
real_gpt54mini_med_50,run_037,run_041,0.042,0.585,0.101,1.0,True,True
real_gpt54mini_med_50,run_037,run_042,0.024,0.59,0.193,1.0,False,True
real_gpt54mini_med_50,run_037,run_043,0.1,0.69,0.025,1.0,False,True
real_gpt54mini_med_50,run_037,run_044,0.038,0.623,0.094,1.0,False,True
real_gpt54mini_med_50,run_037,run_045,0.091,0.613,0.037,1.0,False,True
real_gpt54mini_med_50,run_037,run_046,0.023,0.46,0.068,0.0,False,True
real_gpt54mini_med_50,run_037,run_047,0.026,0.736,0.048,1.0,False,True
real_gpt54mini_med_50,run_037,run_048,0.03,0.632,0.201,1.0,False,True
real_gpt54mini_med_50,run_037,run_049,0.044,0.632,0.088,1.0,True,True
real_gpt54mini_med_50,run_037,run_050,0.028,0.624,0.093,1.0,False,True
real_gpt54mini_med_50,run_038,run_039,0.034,0.638,0.038,1.0,True,True
real_gpt54mini_med_50,run_038,run_040,0.044,0.717,0.209,1.0,True,True
real_gpt54mini_med_50,run_038,run_041,0.065,0.654,0.139,1.0,False,True
real_gpt54mini_med_50,run_038,run_042,0.018,0.53,0.049,1.0,True,True
real_gpt54mini_med_50,run_038,run_043,0.027,0.716,0.029,1.0,True,True
real_gpt54mini_med_50,run_038,run_044,0.04,0.616,0.116,1.0,True,True
real_gpt54mini_med_50,run_038,run_045,0.054,0.656,0.047,1.0,True,True
real_gpt54mini_med_50,run_038,run_046,0.013,0.412,0.137,0.0,True,True
real_gpt54mini_med_50,run_038,run_047,0.009,0.695,0.18,1.0,True,True
real_gpt54mini_med_50,run_038,run_048,0.019,0.587,0.294,1.0,True,True
real_gpt54mini_med_50,run_038,run_049,0.074,0.605,0.107,1.0,False,True
real_gpt54mini_med_50,run_038,run_050,0.062,0.715,0.162,1.0,True,True
real_gpt54mini_med_50,run_039,run_040,0.118,0.706,0.042,1.0,True,True
real_gpt54mini_med_50,run_039,run_041,0.063,0.606,0.065,1.0,False,True
real_gpt54mini_med_50,run_039,run_042,0.028,0.595,0.007,1.0,True,True
real_gpt54mini_med_50,run_039,run_043,0.053,0.61,0.018,1.0,True,True
real_gpt54mini_med_50,run_039,run_044,0.016,0.623,0.063,1.0,True,True
real_gpt54mini_med_50,run_039,run_045,0.088,0.634,0.037,1.0,True,True
real_gpt54mini_med_50,run_039,run_046,0.052,0.412,0.018,0.0,True,True
real_gpt54mini_med_50,run_039,run_047,0.087,0.756,0.027,1.0,True,True
real_gpt54mini_med_50,run_039,run_048,0.083,0.737,0.019,1.0,True,True
real_gpt54mini_med_50,run_039,run_049,0.033,0.68,0.026,1.0,False,True
real_gpt54mini_med_50,run_039,run_050,0.018,0.68,0.126,1.0,True,True
real_gpt54mini_med_50,run_040,run_041,0.074,0.669,0.291,1.0,False,True
real_gpt54mini_med_50,run_040,run_042,0.022,0.596,0.058,1.0,True,True
real_gpt54mini_med_50,run_040,run_043,0.063,0.691,0.025,1.0,True,True
real_gpt54mini_med_50,run_040,run_044,0.025,0.641,0.112,1.0,True,True
real_gpt54mini_med_50,run_040,run_045,0.012,0.705,0.062,1.0,True,True
real_gpt54mini_med_50,run_040,run_046,0.019,0.195,0.101,0.0,True,True
real_gpt54mini_med_50,run_040,run_047,0.087,0.735,0.115,1.0,True,True
real_gpt54mini_med_50,run_040,run_048,0.038,0.713,0.157,1.0,True,True
real_gpt54mini_med_50,run_040,run_049,0.03,0.671,0.258,1.0,False,True
real_gpt54mini_med_50,run_040,run_050,0.014,0.7,0.15,1.0,True,True
real_gpt54mini_med_50,run_041,run_042,0.027,0.857,0.038,1.0,False,True
real_gpt54mini_med_50,run_041,run_043,0.04,0.611,0.026,1.0,False,True
real_gpt54mini_med_50,run_041,run_044,0.013,0.758,0.098,1.0,False,True
real_gpt54mini_med_50,run_041,run_045,0.021,0.643,0.071,1.0,False,True
real_gpt54mini_med_50,run_041,run_046,0.067,0.489,0.141,0.0,False,True
real_gpt54mini_med_50,run_041,run_047,0.056,0.592,0.123,1.0,False,True
real_gpt54mini_med_50,run_041,run_048,0.036,0.614,0.15,1.0,False,True
real_gpt54mini_med_50,run_041,run_049,0.079,0.603,0.064,1.0,True,True
real_gpt54mini_med_50,run_041,run_050,0.025,0.689,0.307,1.0,False,True
real_gpt54mini_med_50,run_042,run_043,0.068,0.615,0.057,1.0,True,True
real_gpt54mini_med_50,run_042,run_044,0.035,0.783,0.118,1.0,True,True
real_gpt54mini_med_50,run_042,run_045,0.021,0.602,0.058,1.0,True,True
real_gpt54mini_med_50,run_042,run_046,0.036,0.455,0.068,0.0,True,True
real_gpt54mini_med_50,run_042,run_047,0.047,0.605,0.101,1.0,True,True
real_gpt54mini_med_50,run_042,run_048,0.04,0.618,0.113,1.0,True,True
real_gpt54mini_med_50,run_042,run_049,0.052,0.606,0.046,1.0,False,True
real_gpt54mini_med_50,run_042,run_050,0.036,0.691,0.078,1.0,True,True
real_gpt54mini_med_50,run_043,run_044,0.029,0.679,0.096,1.0,True,True
real_gpt54mini_med_50,run_043,run_045,0.014,0.63,0.055,1.0,True,True
real_gpt54mini_med_50,run_043,run_046,0.04,0.213,0.124,0.0,True,True
real_gpt54mini_med_50,run_043,run_047,0.066,0.717,0.053,1.0,True,True
real_gpt54mini_med_50,run_043,run_048,0.107,0.611,0.064,1.0,True,True
real_gpt54mini_med_50,run_043,run_049,0.037,0.576,0.162,1.0,False,True
real_gpt54mini_med_50,run_043,run_050,0.025,0.769,0.148,1.0,True,True
real_gpt54mini_med_50,run_044,run_045,0.01,0.656,0.041,1.0,True,True
real_gpt54mini_med_50,run_044,run_046,0.032,0.472,0.034,0.0,True,True
real_gpt54mini_med_50,run_044,run_047,0.01,0.648,0.076,1.0,True,True
real_gpt54mini_med_50,run_044,run_048,0.025,0.671,0.088,1.0,True,True
real_gpt54mini_med_50,run_044,run_049,0.034,0.623,0.121,1.0,False,True
real_gpt54mini_med_50,run_044,run_050,0.011,0.669,0.077,1.0,True,True
real_gpt54mini_med_50,run_045,run_046,0.028,0.466,0.029,0.0,True,True
real_gpt54mini_med_50,run_045,run_047,0.033,0.644,0.039,1.0,True,True
real_gpt54mini_med_50,run_045,run_048,0.038,0.619,0.051,1.0,True,True
real_gpt54mini_med_50,run_045,run_049,0.02,0.62,0.017,1.0,False,True
real_gpt54mini_med_50,run_045,run_050,0.029,0.638,0.059,1.0,True,True
real_gpt54mini_med_50,run_046,run_047,0.049,0.466,0.085,0.0,True,True
real_gpt54mini_med_50,run_046,run_048,0.039,0.517,0.17,0.0,True,True
real_gpt54mini_med_50,run_046,run_049,0.124,0.465,0.04,0.0,False,True
real_gpt54mini_med_50,run_046,run_050,0.02,0.189,0.106,0.0,True,True
real_gpt54mini_med_50,run_047,run_048,0.015,0.722,0.067,1.0,True,True
real_gpt54mini_med_50,run_047,run_049,0.067,0.706,0.056,1.0,False,True
real_gpt54mini_med_50,run_047,run_050,0.042,0.634,0.17,1.0,True,True
real_gpt54mini_med_50,run_048,run_049,0.05,0.724,0.131,1.0,False,True
real_gpt54mini_med_50,run_048,run_050,0.014,0.652,0.181,1.0,True,True
real_gpt54mini_med_50,run_049,run_050,0.022,0.631,0.084,1.0,False,True
real_gpt56sol_med_50,run_001,run_002,0.257,0.341,0.011,0.0,False,True
real_gpt56sol_med_50,run_001,run_003,0.267,0.307,0.211,1.0,False,False
real_gpt56sol_med_50,run_001,run_004,0.167,0.451,0.287,1.0,True,True
real_gpt56sol_med_50,run_001,run_005,0.209,0.326,0.22,0.0,False,True
real_gpt56sol_med_50,run_001,run_006,0.143,0.093,0.068,1.0,False,False
real_gpt56sol_med_50,run_001,run_007,0.082,0.05,0.068,1.0,False,False
real_gpt56sol_med_50,run_001,run_008,0.175,0.537,0.03,1.0,True,True
real_gpt56sol_med_50,run_001,run_009,0.106,0.409,0.016,1.0,False,False
real_gpt56sol_med_50,run_001,run_010,0.193,0.238,0.148,1.0,False,True
real_gpt56sol_med_50,run_001,run_011,0.203,0.389,0.271,0.0,False,True
real_gpt56sol_med_50,run_001,run_012,0.158,0.31,0.093,1.0,False,False
real_gpt56sol_med_50,run_001,run_013,0.148,0.215,0.21,1.0,False,True
real_gpt56sol_med_50,run_001,run_014,0.111,0.326,0.061,0.0,False,True
real_gpt56sol_med_50,run_001,run_015,0.155,0.557,0.244,1.0,False,True
real_gpt56sol_med_50,run_001,run_016,0.116,0.046,0.042,1.0,False,False
real_gpt56sol_med_50,run_001,run_017,0.21,0.351,0.092,0.0,False,True
real_gpt56sol_med_50,run_001,run_018,0.115,0.341,0.082,0.0,False,True
real_gpt56sol_med_50,run_001,run_019,0.128,0.432,0.111,1.0,False,True
real_gpt56sol_med_50,run_001,run_020,0.149,0.497,0.232,1.0,True,True
real_gpt56sol_med_50,run_001,run_021,0.12,0.351,0.008,0.0,False,True
real_gpt56sol_med_50,run_001,run_022,0.206,0.406,0.086,1.0,False,False
real_gpt56sol_med_50,run_001,run_023,0.108,0.364,0.044,0.0,False,True
real_gpt56sol_med_50,run_001,run_024,0.134,0.151,0.038,1.0,True,True
real_gpt56sol_med_50,run_001,run_025,0.132,0.162,0.096,1.0,True,True
real_gpt56sol_med_50,run_001,run_026,0.253,0.564,0.084,1.0,False,True
real_gpt56sol_med_50,run_001,run_027,0.172,0.395,0.143,1.0,True,False
real_gpt56sol_med_50,run_001,run_028,0.103,0.364,0.312,0.0,False,True
real_gpt56sol_med_50,run_001,run_029,0.15,0.123,0.082,1.0,False,True
real_gpt56sol_med_50,run_001,run_030,0.059,0.366,0.188,0.0,False,True
real_gpt56sol_med_50,run_001,run_031,0.165,0.402,0.251,1.0,False,True
real_gpt56sol_med_50,run_001,run_032,0.271,0.211,0.03,1.0,True,True
real_gpt56sol_med_50,run_001,run_033,0.104,0.321,0.03,0.0,False,True
real_gpt56sol_med_50,run_001,run_034,0.155,0.192,0.232,1.0,False,True
real_gpt56sol_med_50,run_001,run_035,0.322,0.357,0.117,1.0,False,False
real_gpt56sol_med_50,run_001,run_036,0.177,0.4,0.149,1.0,False,True
real_gpt56sol_med_50,run_001,run_037,0.194,0.356,0.147,0.0,False,True
real_gpt56sol_med_50,run_001,run_038,0.187,0.396,0.007,1.0,False,True
real_gpt56sol_med_50,run_001,run_039,0.272,0.292,0.006,1.0,False,True
real_gpt56sol_med_50,run_001,run_040,0.19,0.557,0.126,1.0,False,True
real_gpt56sol_med_50,run_001,run_041,0.134,0.354,0.022,1.0,False,False
real_gpt56sol_med_50,run_001,run_042,0.11,0.32,0.006,0.0,False,True
real_gpt56sol_med_50,run_001,run_043,0.143,0.333,0.01,1.0,False,False
real_gpt56sol_med_50,run_001,run_044,0.148,0.364,0.143,0.0,False,True
real_gpt56sol_med_50,run_001,run_045,0.187,0.296,0.211,0.0,False,True
real_gpt56sol_med_50,run_001,run_046,0.26,0.43,0.314,1.0,False,True
real_gpt56sol_med_50,run_001,run_047,0.279,0.351,0.131,0.0,False,True
real_gpt56sol_med_50,run_001,run_048,0.237,0.07,0.273,0.0,False,True
real_gpt56sol_med_50,run_001,run_049,0.14,0.532,0.009,1.0,False,True
real_gpt56sol_med_50,run_001,run_050,0.182,0.326,0.098,0.0,False,True
real_gpt56sol_med_50,run_002,run_003,0.294,0.224,0.06,0.0,False,False
real_gpt56sol_med_50,run_002,run_004,0.133,0.344,0.091,0.0,False,True
real_gpt56sol_med_50,run_002,run_005,0.198,0.436,0.034,1.0,True,True
real_gpt56sol_med_50,run_002,run_006,0.141,0.019,0.038,0.0,False,False
real_gpt56sol_med_50,run_002,run_007,0.079,0.016,0.075,0.0,False,False
real_gpt56sol_med_50,run_002,run_008,0.18,0.334,0.038,0.0,False,True
real_gpt56sol_med_50,run_002,run_009,0.097,0.23,0.047,0.0,False,False
real_gpt56sol_med_50,run_002,run_010,0.13,0.304,0.09,0.0,True,True
real_gpt56sol_med_50,run_002,run_011,0.203,0.3,0.106,0.5,True,True
real_gpt56sol_med_50,run_002,run_012,0.164,0.202,0.037,0.0,False,False
real_gpt56sol_med_50,run_002,run_013,0.135,0.015,0.03,0.0,False,True
real_gpt56sol_med_50,run_002,run_014,0.091,0.436,0.047,1.0,True,True
real_gpt56sol_med_50,run_002,run_015,0.136,0.372,0.071,0.0,False,True
real_gpt56sol_med_50,run_002,run_016,0.161,0.011,0.035,0.0,False,False
real_gpt56sol_med_50,run_002,run_017,0.217,0.545,0.02,1.0,True,True
real_gpt56sol_med_50,run_002,run_018,0.109,0.424,0.039,1.0,True,True
real_gpt56sol_med_50,run_002,run_019,0.129,0.31,0.028,0.0,True,True
real_gpt56sol_med_50,run_002,run_020,0.19,0.391,0.021,0.0,False,True
real_gpt56sol_med_50,run_002,run_021,0.12,0.545,0.042,1.0,True,True
real_gpt56sol_med_50,run_002,run_022,0.232,0.153,0.031,0.0,False,False
real_gpt56sol_med_50,run_002,run_023,0.142,0.424,0.022,1.0,True,True
real_gpt56sol_med_50,run_002,run_024,0.131,0.077,0.051,0.0,False,True
real_gpt56sol_med_50,run_002,run_025,0.133,0.095,0.034,0.0,False,True
real_gpt56sol_med_50,run_002,run_026,0.31,0.287,0.032,0.0,False,True
real_gpt56sol_med_50,run_002,run_027,0.163,0.316,0.036,0.0,False,False
real_gpt56sol_med_50,run_002,run_028,0.106,0.283,0.066,0.5,True,True
real_gpt56sol_med_50,run_002,run_029,0.129,0.09,0.06,0.0,True,True
real_gpt56sol_med_50,run_002,run_030,0.094,0.373,0.051,1.0,True,True
real_gpt56sol_med_50,run_002,run_031,0.187,0.206,0.034,0.0,True,True
real_gpt56sol_med_50,run_002,run_032,0.302,0.056,0.029,0.0,False,True
real_gpt56sol_med_50,run_002,run_033,0.143,0.258,0.035,1.0,True,True
real_gpt56sol_med_50,run_002,run_034,0.152,0.055,0.044,0.0,True,True
real_gpt56sol_med_50,run_002,run_035,0.326,0.34,0.061,0.0,False,False
real_gpt56sol_med_50,run_002,run_036,0.148,0.355,0.062,0.0,True,True
real_gpt56sol_med_50,run_002,run_037,0.222,0.39,0.018,1.0,True,True
real_gpt56sol_med_50,run_002,run_038,0.17,0.22,0.017,0.0,True,True
real_gpt56sol_med_50,run_002,run_039,0.191,0.09,0.113,0.0,False,True
real_gpt56sol_med_50,run_002,run_040,0.135,0.379,0.013,0.0,True,True
real_gpt56sol_med_50,run_002,run_041,0.144,0.192,0.052,0.0,False,False
real_gpt56sol_med_50,run_002,run_042,0.118,0.337,0.057,1.0,True,True
real_gpt56sol_med_50,run_002,run_043,0.126,0.146,0.034,0.0,False,False
real_gpt56sol_med_50,run_002,run_044,0.187,0.424,0.048,1.0,True,True
real_gpt56sol_med_50,run_002,run_045,0.219,0.597,0.025,1.0,True,True
real_gpt56sol_med_50,run_002,run_046,0.209,0.35,0.111,0.0,True,True
real_gpt56sol_med_50,run_002,run_047,0.47,0.545,0.005,1.0,True,True
real_gpt56sol_med_50,run_002,run_048,0.22,0.179,0.059,1.0,True,True
real_gpt56sol_med_50,run_002,run_049,0.135,0.41,0.026,0.0,True,True
real_gpt56sol_med_50,run_002,run_050,0.231,0.436,0.035,1.0,True,True
real_gpt56sol_med_50,run_003,run_004,0.114,0.347,0.059,1.0,False,False
real_gpt56sol_med_50,run_003,run_005,0.148,0.234,0.029,0.0,False,False
real_gpt56sol_med_50,run_003,run_006,0.133,0.134,0.036,1.0,True,True
real_gpt56sol_med_50,run_003,run_007,0.073,0.11,0.287,1.0,True,True
real_gpt56sol_med_50,run_003,run_008,0.176,0.278,0.082,1.0,False,False
real_gpt56sol_med_50,run_003,run_009,0.08,0.491,0.062,1.0,True,True
real_gpt56sol_med_50,run_003,run_010,0.165,0.423,0.074,1.0,False,False
real_gpt56sol_med_50,run_003,run_011,0.207,0.431,0.202,0.0,False,False
real_gpt56sol_med_50,run_003,run_012,0.114,0.481,0.061,1.0,True,True
real_gpt56sol_med_50,run_003,run_013,0.112,0.176,0.008,1.0,False,False
real_gpt56sol_med_50,run_003,run_014,0.077,0.234,0.01,0.0,False,False
real_gpt56sol_med_50,run_003,run_015,0.124,0.392,0.206,1.0,False,False
real_gpt56sol_med_50,run_003,run_016,0.102,0.054,0.074,1.0,False,True
real_gpt56sol_med_50,run_003,run_017,0.201,0.209,0.178,0.0,False,False
real_gpt56sol_med_50,run_003,run_018,0.114,0.229,0.154,0.0,False,False
real_gpt56sol_med_50,run_003,run_019,0.13,0.378,0.014,1.0,False,False
real_gpt56sol_med_50,run_003,run_020,0.131,0.463,0.062,1.0,False,False
real_gpt56sol_med_50,run_003,run_021,0.114,0.209,0.046,0.0,False,False
real_gpt56sol_med_50,run_003,run_022,0.152,0.419,0.105,1.0,True,True
real_gpt56sol_med_50,run_003,run_023,0.092,0.229,0.21,0.0,False,False
real_gpt56sol_med_50,run_003,run_024,0.138,0.085,0.216,1.0,False,False
real_gpt56sol_med_50,run_003,run_025,0.108,0.148,0.091,1.0,False,False
real_gpt56sol_med_50,run_003,run_026,0.252,0.316,0.038,1.0,False,False
real_gpt56sol_med_50,run_003,run_027,0.21,0.341,0.223,1.0,False,True
real_gpt56sol_med_50,run_003,run_028,0.092,0.29,0.114,0.0,False,False
real_gpt56sol_med_50,run_003,run_029,0.104,0.086,0.088,1.0,False,False
real_gpt56sol_med_50,run_003,run_030,0.072,0.28,0.032,0.0,False,False
real_gpt56sol_med_50,run_003,run_031,0.118,0.443,0.132,1.0,False,False
real_gpt56sol_med_50,run_003,run_032,0.177,0.141,0.151,1.0,False,False
real_gpt56sol_med_50,run_003,run_033,0.088,0.171,0.027,0.0,False,False
real_gpt56sol_med_50,run_003,run_034,0.171,0.149,0.037,1.0,False,False
real_gpt56sol_med_50,run_003,run_035,0.237,0.552,0.008,1.0,True,True
real_gpt56sol_med_50,run_003,run_036,0.129,0.458,0.132,1.0,False,False
real_gpt56sol_med_50,run_003,run_037,0.203,0.204,0.034,0.0,False,False
real_gpt56sol_med_50,run_003,run_038,0.153,0.35,0.01,1.0,False,False
real_gpt56sol_med_50,run_003,run_039,0.162,0.14,0.006,1.0,False,False
real_gpt56sol_med_50,run_003,run_040,0.101,0.414,0.044,1.0,False,False
real_gpt56sol_med_50,run_003,run_041,0.112,0.669,0.058,1.0,True,True
real_gpt56sol_med_50,run_003,run_042,0.109,0.327,0.015,0.0,False,False
real_gpt56sol_med_50,run_003,run_043,0.126,0.505,0.019,1.0,True,True
real_gpt56sol_med_50,run_003,run_044,0.122,0.229,0.037,0.0,False,False
real_gpt56sol_med_50,run_003,run_045,0.188,0.363,0.035,0.0,False,False
real_gpt56sol_med_50,run_003,run_046,0.162,0.502,0.118,1.0,False,False
real_gpt56sol_med_50,run_003,run_047,0.263,0.209,0.018,0.0,False,False
real_gpt56sol_med_50,run_003,run_048,0.194,0.109,0.043,0.0,False,False
real_gpt56sol_med_50,run_003,run_049,0.126,0.464,0.084,1.0,False,False
real_gpt56sol_med_50,run_003,run_050,0.179,0.234,0.016,0.0,False,False
real_gpt56sol_med_50,run_004,run_005,0.121,0.186,0.129,0.0,False,True
real_gpt56sol_med_50,run_004,run_006,0.111,0.156,0.099,1.0,False,False
real_gpt56sol_med_50,run_004,run_007,0.096,0.043,0.122,1.0,False,False
real_gpt56sol_med_50,run_004,run_008,0.174,0.404,0.02,1.0,True,True
real_gpt56sol_med_50,run_004,run_009,0.14,0.609,0.053,1.0,False,False
real_gpt56sol_med_50,run_004,run_010,0.154,0.308,0.22,1.0,False,True
real_gpt56sol_med_50,run_004,run_011,0.161,0.299,0.044,0.0,False,True
real_gpt56sol_med_50,run_004,run_012,0.216,0.514,0.031,1.0,False,False
real_gpt56sol_med_50,run_004,run_013,0.205,0.415,0.03,1.0,False,True
real_gpt56sol_med_50,run_004,run_014,0.138,0.186,0.092,0.0,False,True
real_gpt56sol_med_50,run_004,run_015,0.216,0.563,0.079,1.0,False,True
real_gpt56sol_med_50,run_004,run_016,0.136,0.078,0.064,1.0,False,False
real_gpt56sol_med_50,run_004,run_017,0.241,0.27,0.118,0.0,False,True
real_gpt56sol_med_50,run_004,run_018,0.123,0.211,0.175,0.0,False,True
real_gpt56sol_med_50,run_004,run_019,0.145,0.538,0.038,1.0,False,True
real_gpt56sol_med_50,run_004,run_020,0.157,0.678,0.154,1.0,True,True
real_gpt56sol_med_50,run_004,run_021,0.166,0.27,0.049,0.0,False,True
real_gpt56sol_med_50,run_004,run_022,0.178,0.317,0.19,1.0,False,False
real_gpt56sol_med_50,run_004,run_023,0.139,0.26,0.027,0.0,False,True
real_gpt56sol_med_50,run_004,run_024,0.201,0.276,0.022,1.0,True,True
real_gpt56sol_med_50,run_004,run_025,0.12,0.389,0.04,1.0,True,True
real_gpt56sol_med_50,run_004,run_026,0.188,0.487,0.032,1.0,False,True
real_gpt56sol_med_50,run_004,run_027,0.223,0.424,0.223,1.0,True,False
real_gpt56sol_med_50,run_004,run_028,0.201,0.241,0.026,0.0,False,True
real_gpt56sol_med_50,run_004,run_029,0.2,0.068,0.158,1.0,False,True
real_gpt56sol_med_50,run_004,run_030,0.18,0.294,0.086,0.0,False,True
real_gpt56sol_med_50,run_004,run_031,0.171,0.38,0.075,1.0,False,True
real_gpt56sol_med_50,run_004,run_032,0.129,0.327,0.114,1.0,True,True
real_gpt56sol_med_50,run_004,run_033,0.117,0.288,0.133,0.0,False,True
real_gpt56sol_med_50,run_004,run_034,0.302,0.351,0.049,1.0,False,True
real_gpt56sol_med_50,run_004,run_035,0.165,0.312,0.089,1.0,False,False
real_gpt56sol_med_50,run_004,run_036,0.218,0.692,0.071,1.0,False,True
real_gpt56sol_med_50,run_004,run_037,0.228,0.281,0.081,0.0,False,True
real_gpt56sol_med_50,run_004,run_038,0.129,0.458,0.018,1.0,False,True
real_gpt56sol_med_50,run_004,run_039,0.113,0.219,0.031,1.0,False,True
real_gpt56sol_med_50,run_004,run_040,0.226,0.488,0.019,1.0,False,True
real_gpt56sol_med_50,run_004,run_041,0.128,0.273,0.03,1.0,False,False
real_gpt56sol_med_50,run_004,run_042,0.139,0.19,0.062,0.0,False,True
real_gpt56sol_med_50,run_004,run_043,0.121,0.423,0.01,1.0,False,False
real_gpt56sol_med_50,run_004,run_044,0.091,0.26,0.1,0.0,False,True
real_gpt56sol_med_50,run_004,run_045,0.131,0.211,0.121,0.0,False,True
real_gpt56sol_med_50,run_004,run_046,0.132,0.593,0.12,1.0,False,True
real_gpt56sol_med_50,run_004,run_047,0.127,0.27,0.006,0.0,False,True
real_gpt56sol_med_50,run_004,run_048,0.134,0.087,0.067,0.0,False,True
real_gpt56sol_med_50,run_004,run_049,0.139,0.647,0.037,1.0,False,True
real_gpt56sol_med_50,run_004,run_050,0.115,0.186,0.074,0.0,False,True
real_gpt56sol_med_50,run_005,run_006,0.086,0.027,0.009,0.0,False,False
real_gpt56sol_med_50,run_005,run_007,0.083,0.019,0.101,0.0,False,False
real_gpt56sol_med_50,run_005,run_008,0.106,0.348,0.037,0.0,False,True
real_gpt56sol_med_50,run_005,run_009,0.081,0.335,0.018,0.0,False,False
real_gpt56sol_med_50,run_005,run_010,0.087,0.359,0.015,0.0,True,True
real_gpt56sol_med_50,run_005,run_011,0.159,0.629,0.225,0.5,True,True
real_gpt56sol_med_50,run_005,run_012,0.124,0.365,0.16,0.0,False,False
real_gpt56sol_med_50,run_005,run_013,0.114,0.023,0.098,0.0,False,True
real_gpt56sol_med_50,run_005,run_014,0.087,1.0,0.013,1.0,True,True
real_gpt56sol_med_50,run_005,run_015,0.112,0.329,0.317,0.0,False,True
real_gpt56sol_med_50,run_005,run_016,0.087,0.019,0.074,0.0,False,False
real_gpt56sol_med_50,run_005,run_017,0.151,0.851,0.016,1.0,True,True
real_gpt56sol_med_50,run_005,run_018,0.099,0.902,0.018,1.0,True,True
real_gpt56sol_med_50,run_005,run_019,0.098,0.157,0.117,0.0,True,True
real_gpt56sol_med_50,run_005,run_020,0.084,0.296,0.285,0.0,False,True
real_gpt56sol_med_50,run_005,run_021,0.095,0.851,0.01,1.0,True,True
real_gpt56sol_med_50,run_005,run_022,0.231,0.167,0.077,0.0,False,False
real_gpt56sol_med_50,run_005,run_023,0.177,0.967,0.043,1.0,True,True
real_gpt56sol_med_50,run_005,run_024,0.092,0.083,0.044,0.0,False,True
real_gpt56sol_med_50,run_005,run_025,0.15,0.083,0.12,0.0,False,True
real_gpt56sol_med_50,run_005,run_026,0.204,0.351,0.115,0.0,False,True
real_gpt56sol_med_50,run_005,run_027,0.114,0.345,0.042,0.0,False,False
real_gpt56sol_med_50,run_005,run_028,0.107,0.613,0.326,0.5,True,True
real_gpt56sol_med_50,run_005,run_029,0.122,0.058,0.255,0.0,True,True
real_gpt56sol_med_50,run_005,run_030,0.013,0.585,0.175,1.0,True,True
real_gpt56sol_med_50,run_005,run_031,0.118,0.176,0.149,0.0,True,True
real_gpt56sol_med_50,run_005,run_032,0.195,0.091,0.029,0.0,False,True
real_gpt56sol_med_50,run_005,run_033,0.154,0.569,0.029,1.0,True,True
real_gpt56sol_med_50,run_005,run_034,0.098,0.083,0.234,0.0,True,True
real_gpt56sol_med_50,run_005,run_035,0.214,0.4,0.183,0.0,False,False
real_gpt56sol_med_50,run_005,run_036,0.13,0.317,0.169,0.0,True,True
real_gpt56sol_med_50,run_005,run_037,0.142,0.902,0.187,1.0,True,True
real_gpt56sol_med_50,run_005,run_038,0.08,0.387,0.013,0.0,True,True
real_gpt56sol_med_50,run_005,run_039,0.249,0.142,0.012,0.0,False,True
real_gpt56sol_med_50,run_005,run_040,0.107,0.387,0.232,0.0,True,True
real_gpt56sol_med_50,run_005,run_041,0.115,0.249,0.031,0.0,False,False
real_gpt56sol_med_50,run_005,run_042,0.107,0.692,0.009,1.0,True,True
real_gpt56sol_med_50,run_005,run_043,0.131,0.291,0.016,0.0,False,False
real_gpt56sol_med_50,run_005,run_044,0.107,0.967,0.258,1.0,True,True
real_gpt56sol_med_50,run_005,run_045,0.19,0.355,0.263,1.0,True,True
real_gpt56sol_med_50,run_005,run_046,0.163,0.272,0.267,0.0,True,True
real_gpt56sol_med_50,run_005,run_047,0.224,0.851,0.1,1.0,True,True
real_gpt56sol_med_50,run_005,run_048,0.171,0.498,0.181,1.0,True,True
real_gpt56sol_med_50,run_005,run_049,0.093,0.347,0.012,0.0,True,True
real_gpt56sol_med_50,run_005,run_050,0.143,1.0,0.019,1.0,True,True
real_gpt56sol_med_50,run_006,run_007,0.119,0.031,0.155,1.0,True,True
real_gpt56sol_med_50,run_006,run_008,0.196,0.336,0.035,1.0,False,False
real_gpt56sol_med_50,run_006,run_009,0.11,0.386,0.026,1.0,True,True
real_gpt56sol_med_50,run_006,run_010,0.232,0.276,0.155,1.0,False,False
real_gpt56sol_med_50,run_006,run_011,0.146,0.305,0.136,0.0,False,False
real_gpt56sol_med_50,run_006,run_012,0.077,0.363,0.015,1.0,True,True
real_gpt56sol_med_50,run_006,run_013,0.127,0.14,0.038,1.0,False,False
real_gpt56sol_med_50,run_006,run_014,0.178,0.188,0.034,0.0,False,False
real_gpt56sol_med_50,run_006,run_015,0.102,0.292,0.014,1.0,False,False
real_gpt56sol_med_50,run_006,run_016,0.174,0.108,0.096,1.0,False,True
real_gpt56sol_med_50,run_006,run_017,0.153,0.147,0.022,0.0,False,False
real_gpt56sol_med_50,run_006,run_018,0.139,0.201,0.063,0.0,False,False
real_gpt56sol_med_50,run_006,run_019,0.112,0.292,0.061,1.0,False,False
real_gpt56sol_med_50,run_006,run_020,0.277,0.374,0.075,1.0,False,False
real_gpt56sol_med_50,run_006,run_021,0.13,0.147,0.026,0.0,False,False
real_gpt56sol_med_50,run_006,run_022,0.247,0.373,0.221,1.0,True,True
real_gpt56sol_med_50,run_006,run_023,0.115,0.185,0.052,0.0,False,False
real_gpt56sol_med_50,run_006,run_024,0.123,0.058,0.056,1.0,False,False
real_gpt56sol_med_50,run_006,run_025,0.066,0.058,0.052,1.0,False,False
real_gpt56sol_med_50,run_006,run_026,0.176,0.257,0.045,1.0,False,False
real_gpt56sol_med_50,run_006,run_027,0.21,0.348,0.084,1.0,False,True
real_gpt56sol_med_50,run_006,run_028,0.122,0.197,0.105,0.0,False,False
real_gpt56sol_med_50,run_006,run_029,0.083,0.056,0.026,1.0,False,False
real_gpt56sol_med_50,run_006,run_030,0.046,0.26,0.043,0.0,False,False
real_gpt56sol_med_50,run_006,run_031,0.097,0.39,0.055,1.0,False,False
real_gpt56sol_med_50,run_006,run_032,0.078,0.155,0.023,1.0,False,False
real_gpt56sol_med_50,run_006,run_033,0.156,0.272,0.009,0.0,False,False
real_gpt56sol_med_50,run_006,run_034,0.152,0.09,0.08,1.0,False,False
real_gpt56sol_med_50,run_006,run_035,0.146,0.396,0.017,1.0,True,True
real_gpt56sol_med_50,run_006,run_036,0.108,0.396,0.071,1.0,False,False
real_gpt56sol_med_50,run_006,run_037,0.18,0.169,0.147,0.0,False,False
real_gpt56sol_med_50,run_006,run_038,0.288,0.286,0.034,1.0,False,False
real_gpt56sol_med_50,run_006,run_039,0.073,0.115,0.03,1.0,False,False
real_gpt56sol_med_50,run_006,run_040,0.084,0.352,0.015,1.0,False,False
real_gpt56sol_med_50,run_006,run_041,0.079,0.327,0.035,1.0,True,True
real_gpt56sol_med_50,run_006,run_042,0.116,0.23,0.078,0.0,False,False
real_gpt56sol_med_50,run_006,run_043,0.068,0.316,0.053,1.0,True,True
real_gpt56sol_med_50,run_006,run_044,0.238,0.185,0.064,0.0,False,False
real_gpt56sol_med_50,run_006,run_045,0.087,0.278,0.032,0.0,False,False
real_gpt56sol_med_50,run_006,run_046,0.074,0.356,0.112,1.0,False,False
real_gpt56sol_med_50,run_006,run_047,0.152,0.147,0.015,0.0,False,False
real_gpt56sol_med_50,run_006,run_048,0.166,0.041,0.044,0.0,False,False
real_gpt56sol_med_50,run_006,run_049,0.161,0.318,0.03,1.0,False,False
real_gpt56sol_med_50,run_006,run_050,0.168,0.188,0.04,0.0,False,False
real_gpt56sol_med_50,run_007,run_008,0.171,0.33,0.022,1.0,False,False
real_gpt56sol_med_50,run_007,run_009,0.127,0.461,0.019,1.0,True,True
real_gpt56sol_med_50,run_007,run_010,0.135,0.276,0.104,1.0,False,False
real_gpt56sol_med_50,run_007,run_011,0.083,0.276,0.273,0.0,False,False
real_gpt56sol_med_50,run_007,run_012,0.075,0.462,0.185,1.0,True,True
real_gpt56sol_med_50,run_007,run_013,0.122,0.045,0.02,1.0,False,False
real_gpt56sol_med_50,run_007,run_014,0.131,0.15,0.02,0.0,False,False
real_gpt56sol_med_50,run_007,run_015,0.094,0.36,0.045,1.0,False,False
real_gpt56sol_med_50,run_007,run_016,0.197,0.049,0.037,1.0,False,True
real_gpt56sol_med_50,run_007,run_017,0.1,0.145,0.092,0.0,False,False
real_gpt56sol_med_50,run_007,run_018,0.191,0.153,0.211,0.0,False,False
real_gpt56sol_med_50,run_007,run_019,0.112,0.376,0.018,1.0,False,False
real_gpt56sol_med_50,run_007,run_020,0.146,0.429,0.048,1.0,False,False
real_gpt56sol_med_50,run_007,run_021,0.193,0.145,0.021,0.0,False,False
real_gpt56sol_med_50,run_007,run_022,0.08,0.571,0.193,1.0,True,True
real_gpt56sol_med_50,run_007,run_023,0.163,0.147,0.123,0.0,False,False
real_gpt56sol_med_50,run_007,run_024,0.115,0.088,0.067,1.0,False,False
real_gpt56sol_med_50,run_007,run_025,0.068,0.144,0.05,1.0,False,False
real_gpt56sol_med_50,run_007,run_026,0.083,0.244,0.031,1.0,False,False
real_gpt56sol_med_50,run_007,run_027,0.17,0.342,0.111,1.0,False,True
real_gpt56sol_med_50,run_007,run_028,0.143,0.225,0.189,0.0,False,False
real_gpt56sol_med_50,run_007,run_029,0.092,0.062,0.06,1.0,False,False
real_gpt56sol_med_50,run_007,run_030,0.056,0.233,0.05,0.0,False,False
real_gpt56sol_med_50,run_007,run_031,0.151,0.28,0.277,1.0,False,False
real_gpt56sol_med_50,run_007,run_032,0.08,0.071,0.067,1.0,False,False
real_gpt56sol_med_50,run_007,run_033,0.127,0.23,0.025,0.0,False,False
real_gpt56sol_med_50,run_007,run_034,0.134,0.031,0.05,1.0,False,False
real_gpt56sol_med_50,run_007,run_035,0.08,0.48,0.046,1.0,True,True
real_gpt56sol_med_50,run_007,run_036,0.09,0.424,0.114,1.0,False,False
real_gpt56sol_med_50,run_007,run_037,0.091,0.184,0.067,0.0,False,False
real_gpt56sol_med_50,run_007,run_038,0.136,0.38,0.027,1.0,False,False
real_gpt56sol_med_50,run_007,run_039,0.07,0.084,0.024,1.0,False,False
real_gpt56sol_med_50,run_007,run_040,0.087,0.312,0.033,1.0,False,False
real_gpt56sol_med_50,run_007,run_041,0.078,0.324,0.019,1.0,True,True
real_gpt56sol_med_50,run_007,run_042,0.185,0.197,0.016,0.0,False,False
real_gpt56sol_med_50,run_007,run_043,0.19,0.493,0.013,1.0,True,True
real_gpt56sol_med_50,run_007,run_044,0.149,0.147,0.054,0.0,False,False
real_gpt56sol_med_50,run_007,run_045,0.08,0.241,0.046,0.0,False,False
real_gpt56sol_med_50,run_007,run_046,0.081,0.408,0.231,1.0,False,False
real_gpt56sol_med_50,run_007,run_047,0.081,0.145,0.009,0.0,False,False
real_gpt56sol_med_50,run_007,run_048,0.118,0.037,0.058,0.0,False,False
real_gpt56sol_med_50,run_007,run_049,0.247,0.355,0.018,1.0,False,False
real_gpt56sol_med_50,run_007,run_050,0.087,0.15,0.075,0.0,False,False
real_gpt56sol_med_50,run_008,run_009,0.225,0.384,0.022,1.0,False,False
real_gpt56sol_med_50,run_008,run_010,0.263,0.385,0.021,1.0,False,True
real_gpt56sol_med_50,run_008,run_011,0.193,0.295,0.008,0.0,False,True
real_gpt56sol_med_50,run_008,run_012,0.149,0.366,0.021,1.0,False,False
real_gpt56sol_med_50,run_008,run_013,0.179,0.196,0.105,1.0,False,True
real_gpt56sol_med_50,run_008,run_014,0.161,0.341,0.033,0.0,False,True
real_gpt56sol_med_50,run_008,run_015,0.158,0.365,0.024,1.0,False,True
real_gpt56sol_med_50,run_008,run_016,0.268,0.085,0.035,1.0,False,False
real_gpt56sol_med_50,run_008,run_017,0.201,0.364,0.184,0.0,False,True
real_gpt56sol_med_50,run_008,run_018,0.213,0.341,0.028,0.0,False,True
real_gpt56sol_med_50,run_008,run_019,0.209,0.584,0.025,1.0,False,True
real_gpt56sol_med_50,run_008,run_020,0.25,0.427,0.024,1.0,True,True
real_gpt56sol_med_50,run_008,run_021,0.226,0.364,0.024,0.0,False,True
real_gpt56sol_med_50,run_008,run_022,0.187,0.446,0.014,1.0,False,False
real_gpt56sol_med_50,run_008,run_023,0.332,0.377,0.019,0.0,False,True
real_gpt56sol_med_50,run_008,run_024,0.29,0.236,0.021,1.0,True,True
real_gpt56sol_med_50,run_008,run_025,0.092,0.152,0.037,1.0,True,True
real_gpt56sol_med_50,run_008,run_026,0.161,0.488,0.103,1.0,False,True
real_gpt56sol_med_50,run_008,run_027,0.318,0.338,0.019,1.0,True,False
real_gpt56sol_med_50,run_008,run_028,0.203,0.299,0.022,0.0,False,True
real_gpt56sol_med_50,run_008,run_029,0.099,0.165,0.018,1.0,False,True
real_gpt56sol_med_50,run_008,run_030,0.109,0.29,0.023,0.0,False,True
real_gpt56sol_med_50,run_008,run_031,0.116,0.482,0.035,1.0,False,True
real_gpt56sol_med_50,run_008,run_032,0.108,0.145,0.023,1.0,True,True
real_gpt56sol_med_50,run_008,run_033,0.13,0.352,0.048,0.0,False,True
real_gpt56sol_med_50,run_008,run_034,0.407,0.192,0.034,1.0,False,True
real_gpt56sol_med_50,run_008,run_035,0.172,0.418,0.13,1.0,False,False
real_gpt56sol_med_50,run_008,run_036,0.117,0.53,0.02,1.0,False,True
real_gpt56sol_med_50,run_008,run_037,0.209,0.37,0.018,0.0,False,True
real_gpt56sol_med_50,run_008,run_038,0.182,0.69,0.009,1.0,False,True
real_gpt56sol_med_50,run_008,run_039,0.1,0.358,0.029,1.0,False,True
real_gpt56sol_med_50,run_008,run_040,0.159,0.281,0.013,1.0,False,True
real_gpt56sol_med_50,run_008,run_041,0.106,0.347,0.025,1.0,False,False
real_gpt56sol_med_50,run_008,run_042,0.281,0.379,0.014,0.0,False,True
real_gpt56sol_med_50,run_008,run_043,0.093,0.406,0.02,1.0,False,False
real_gpt56sol_med_50,run_008,run_044,0.191,0.377,0.039,0.0,False,True
real_gpt56sol_med_50,run_008,run_045,0.112,0.328,0.028,0.0,False,True
real_gpt56sol_med_50,run_008,run_046,0.114,0.567,0.027,1.0,False,True
real_gpt56sol_med_50,run_008,run_047,0.2,0.364,0.038,0.0,False,True
real_gpt56sol_med_50,run_008,run_048,0.186,0.068,0.03,0.0,False,True
real_gpt56sol_med_50,run_008,run_049,0.264,0.463,0.034,1.0,False,True
real_gpt56sol_med_50,run_008,run_050,0.125,0.341,0.021,0.0,False,True
real_gpt56sol_med_50,run_009,run_010,0.162,0.525,0.211,1.0,False,False
real_gpt56sol_med_50,run_009,run_011,0.094,0.295,0.016,0.0,False,False
real_gpt56sol_med_50,run_009,run_012,0.124,0.453,0.025,1.0,True,True
real_gpt56sol_med_50,run_009,run_013,0.139,0.202,0.254,1.0,False,False
real_gpt56sol_med_50,run_009,run_014,0.157,0.319,0.173,0.0,False,False
real_gpt56sol_med_50,run_009,run_015,0.176,0.521,0.057,1.0,False,False
real_gpt56sol_med_50,run_009,run_016,0.184,0.129,0.099,1.0,False,True
real_gpt56sol_med_50,run_009,run_017,0.108,0.18,0.02,0.0,False,False
real_gpt56sol_med_50,run_009,run_018,0.229,0.213,0.092,0.0,False,False
real_gpt56sol_med_50,run_009,run_019,0.141,0.46,0.105,1.0,False,False
real_gpt56sol_med_50,run_009,run_020,0.242,0.365,0.022,1.0,False,False
real_gpt56sol_med_50,run_009,run_021,0.205,0.18,0.057,0.0,False,False
real_gpt56sol_med_50,run_009,run_022,0.086,0.382,0.389,1.0,True,True
real_gpt56sol_med_50,run_009,run_023,0.212,0.319,0.031,0.0,False,False
real_gpt56sol_med_50,run_009,run_024,0.151,0.076,0.066,1.0,False,False
real_gpt56sol_med_50,run_009,run_025,0.081,0.206,0.043,1.0,False,False
real_gpt56sol_med_50,run_009,run_026,0.083,0.4,0.178,1.0,False,False
real_gpt56sol_med_50,run_009,run_027,0.188,0.389,0.128,1.0,False,True
real_gpt56sol_med_50,run_009,run_028,0.141,0.332,0.02,0.0,False,False
real_gpt56sol_med_50,run_009,run_029,0.09,0.144,0.129,1.0,False,False
real_gpt56sol_med_50,run_009,run_030,0.071,0.319,0.22,0.0,False,False
real_gpt56sol_med_50,run_009,run_031,0.108,0.409,0.06,1.0,False,False
real_gpt56sol_med_50,run_009,run_032,0.092,0.103,0.087,1.0,False,False
real_gpt56sol_med_50,run_009,run_033,0.112,0.315,0.06,0.0,False,False
real_gpt56sol_med_50,run_009,run_034,0.186,0.147,0.018,1.0,False,False
real_gpt56sol_med_50,run_009,run_035,0.089,0.358,0.024,1.0,True,True
real_gpt56sol_med_50,run_009,run_036,0.079,0.558,0.044,1.0,False,False
real_gpt56sol_med_50,run_009,run_037,0.14,0.243,0.021,0.0,False,False
real_gpt56sol_med_50,run_009,run_038,0.118,0.386,0.088,1.0,False,False
real_gpt56sol_med_50,run_009,run_039,0.088,0.211,0.028,1.0,False,False
real_gpt56sol_med_50,run_009,run_040,0.154,0.429,0.037,1.0,False,False
real_gpt56sol_med_50,run_009,run_041,0.091,0.349,0.086,1.0,True,True
real_gpt56sol_med_50,run_009,run_042,0.166,0.294,0.029,0.0,False,False
real_gpt56sol_med_50,run_009,run_043,0.114,0.507,0.282,1.0,True,True
real_gpt56sol_med_50,run_009,run_044,0.129,0.319,0.087,0.0,False,False
real_gpt56sol_med_50,run_009,run_045,0.092,0.303,0.057,0.0,False,False
real_gpt56sol_med_50,run_009,run_046,0.096,0.395,0.081,1.0,False,False
real_gpt56sol_med_50,run_009,run_047,0.084,0.18,0.044,0.0,False,False
real_gpt56sol_med_50,run_009,run_048,0.112,0.114,0.064,0.0,False,False
real_gpt56sol_med_50,run_009,run_049,0.318,0.342,0.062,1.0,False,False
real_gpt56sol_med_50,run_009,run_050,0.104,0.319,0.172,0.0,False,False
real_gpt56sol_med_50,run_010,run_011,0.151,0.419,0.045,0.0,True,True
real_gpt56sol_med_50,run_010,run_012,0.092,0.442,0.039,1.0,False,False
real_gpt56sol_med_50,run_010,run_013,0.133,0.174,0.131,1.0,False,True
real_gpt56sol_med_50,run_010,run_014,0.117,0.375,0.271,0.0,True,True
real_gpt56sol_med_50,run_010,run_015,0.099,0.434,0.01,1.0,False,True
real_gpt56sol_med_50,run_010,run_016,0.133,0.109,0.075,1.0,False,False
real_gpt56sol_med_50,run_010,run_017,0.23,0.383,0.099,0.0,True,True
real_gpt56sol_med_50,run_010,run_018,0.148,0.389,0.213,0.0,True,True
real_gpt56sol_med_50,run_010,run_019,0.196,0.506,0.028,1.0,True,True
real_gpt56sol_med_50,run_010,run_020,0.145,0.463,0.045,1.0,False,True
real_gpt56sol_med_50,run_010,run_021,0.129,0.383,0.034,0.0,True,True
real_gpt56sol_med_50,run_010,run_022,0.129,0.352,0.246,1.0,False,False
real_gpt56sol_med_50,run_010,run_023,0.187,0.359,0.022,0.0,True,True
real_gpt56sol_med_50,run_010,run_024,0.206,0.25,0.014,1.0,False,True
real_gpt56sol_med_50,run_010,run_025,0.085,0.272,0.044,1.0,False,True
real_gpt56sol_med_50,run_010,run_026,0.137,0.291,0.039,1.0,False,True
real_gpt56sol_med_50,run_010,run_027,0.248,0.382,0.286,1.0,False,False
real_gpt56sol_med_50,run_010,run_028,0.215,0.34,0.013,0.0,True,True
real_gpt56sol_med_50,run_010,run_029,0.1,0.253,0.053,1.0,True,True
real_gpt56sol_med_50,run_010,run_030,0.052,0.387,0.17,0.0,True,True
real_gpt56sol_med_50,run_010,run_031,0.1,0.382,0.123,1.0,True,True
real_gpt56sol_med_50,run_010,run_032,0.106,0.274,0.007,1.0,False,True
real_gpt56sol_med_50,run_010,run_033,0.113,0.394,0.006,0.0,True,True
real_gpt56sol_med_50,run_010,run_034,0.262,0.198,0.026,1.0,True,True
real_gpt56sol_med_50,run_010,run_035,0.127,0.381,0.068,1.0,False,False
real_gpt56sol_med_50,run_010,run_036,0.118,0.415,0.058,1.0,True,True
real_gpt56sol_med_50,run_010,run_037,0.165,0.366,0.017,0.0,True,True
real_gpt56sol_med_50,run_010,run_038,0.167,0.314,0.09,1.0,True,True
real_gpt56sol_med_50,run_010,run_039,0.09,0.103,0.024,1.0,False,True
real_gpt56sol_med_50,run_010,run_040,0.093,0.486,0.015,1.0,True,True
real_gpt56sol_med_50,run_010,run_041,0.098,0.373,0.013,1.0,False,False
real_gpt56sol_med_50,run_010,run_042,0.205,0.363,0.015,0.0,True,True
real_gpt56sol_med_50,run_010,run_043,0.085,0.457,0.02,1.0,False,False
real_gpt56sol_med_50,run_010,run_044,0.151,0.359,0.033,0.0,True,True
real_gpt56sol_med_50,run_010,run_045,0.105,0.259,0.006,0.0,True,True
real_gpt56sol_med_50,run_010,run_046,0.107,0.415,0.117,1.0,True,True
real_gpt56sol_med_50,run_010,run_047,0.119,0.383,0.012,0.0,True,True
real_gpt56sol_med_50,run_010,run_048,0.138,0.071,0.047,0.0,True,True
real_gpt56sol_med_50,run_010,run_049,0.161,0.4,0.018,1.0,True,True
real_gpt56sol_med_50,run_010,run_050,0.114,0.375,0.133,0.0,True,True
real_gpt56sol_med_50,run_011,run_012,0.171,0.294,0.207,0.0,False,False
real_gpt56sol_med_50,run_011,run_013,0.146,0.037,0.193,0.0,False,True
real_gpt56sol_med_50,run_011,run_014,0.096,0.62,0.01,0.5,True,True
real_gpt56sol_med_50,run_011,run_015,0.142,0.33,0.077,0.0,False,True
real_gpt56sol_med_50,run_011,run_016,0.116,0.023,0.078,0.0,False,False
real_gpt56sol_med_50,run_011,run_017,0.24,0.565,0.082,0.5,True,True
real_gpt56sol_med_50,run_011,run_018,0.247,0.694,0.062,0.5,True,True
real_gpt56sol_med_50,run_011,run_019,0.18,0.347,0.025,0.0,True,True
real_gpt56sol_med_50,run_011,run_020,0.122,0.337,0.321,0.0,False,True
real_gpt56sol_med_50,run_011,run_021,0.144,0.565,0.016,0.5,True,True
real_gpt56sol_med_50,run_011,run_022,0.143,0.385,0.119,0.0,False,False
real_gpt56sol_med_50,run_011,run_023,0.175,0.658,0.047,0.5,True,True
real_gpt56sol_med_50,run_011,run_024,0.172,0.142,0.034,0.0,False,True
real_gpt56sol_med_50,run_011,run_025,0.159,0.098,0.13,0.0,False,True
real_gpt56sol_med_50,run_011,run_026,0.198,0.35,0.006,0.0,False,True
real_gpt56sol_med_50,run_011,run_027,0.16,0.296,0.136,0.0,False,False
real_gpt56sol_med_50,run_011,run_028,0.129,0.366,0.319,1.0,True,True
real_gpt56sol_med_50,run_011,run_029,0.141,0.052,0.139,0.0,True,True
real_gpt56sol_med_50,run_011,run_030,0.025,0.514,0.292,0.5,True,True
real_gpt56sol_med_50,run_011,run_031,0.133,0.26,0.393,0.0,True,True
real_gpt56sol_med_50,run_011,run_032,0.149,0.07,0.026,0.0,False,True
real_gpt56sol_med_50,run_011,run_033,0.135,0.449,0.027,0.5,True,True
real_gpt56sol_med_50,run_011,run_034,0.204,0.074,0.324,0.0,True,True
real_gpt56sol_med_50,run_011,run_035,0.214,0.298,0.217,0.0,False,False
real_gpt56sol_med_50,run_011,run_036,0.167,0.356,0.166,0.0,True,True
real_gpt56sol_med_50,run_011,run_037,0.169,0.658,0.17,0.5,True,True
real_gpt56sol_med_50,run_011,run_038,0.118,0.472,0.007,0.0,True,True
real_gpt56sol_med_50,run_011,run_039,0.156,0.133,0.015,0.0,False,True
real_gpt56sol_med_50,run_011,run_040,0.114,0.453,0.074,0.0,True,True
real_gpt56sol_med_50,run_011,run_041,0.135,0.36,0.034,0.0,False,False
real_gpt56sol_med_50,run_011,run_042,0.183,0.57,0.095,0.5,True,True
real_gpt56sol_med_50,run_011,run_043,0.136,0.337,0.019,0.0,False,False
real_gpt56sol_med_50,run_011,run_044,0.142,0.658,0.153,0.5,True,True
real_gpt56sol_med_50,run_011,run_045,0.228,0.421,0.064,0.5,True,True
real_gpt56sol_med_50,run_011,run_046,0.16,0.309,0.378,0.0,True,True
real_gpt56sol_med_50,run_011,run_047,0.226,0.565,0.006,0.5,True,True
real_gpt56sol_med_50,run_011,run_048,0.289,0.185,0.094,0.5,True,True
real_gpt56sol_med_50,run_011,run_049,0.117,0.405,0.012,0.0,True,True
real_gpt56sol_med_50,run_011,run_050,0.224,0.62,0.02,0.5,True,True
real_gpt56sol_med_50,run_012,run_013,0.14,0.175,0.02,1.0,False,False
real_gpt56sol_med_50,run_012,run_014,0.152,0.33,0.013,0.0,False,False
real_gpt56sol_med_50,run_012,run_015,0.139,0.325,0.027,1.0,False,False
real_gpt56sol_med_50,run_012,run_016,0.182,0.061,0.008,1.0,False,True
real_gpt56sol_med_50,run_012,run_017,0.128,0.225,0.09,0.0,False,False
real_gpt56sol_med_50,run_012,run_018,0.114,0.364,0.243,0.0,False,False
real_gpt56sol_med_50,run_012,run_019,0.13,0.397,0.028,1.0,False,False
real_gpt56sol_med_50,run_012,run_020,0.116,0.199,0.255,1.0,False,False
real_gpt56sol_med_50,run_012,run_021,0.098,0.225,0.018,0.0,False,False
real_gpt56sol_med_50,run_012,run_022,0.135,0.527,0.254,1.0,True,True
real_gpt56sol_med_50,run_012,run_023,0.137,0.322,0.018,0.0,False,False
real_gpt56sol_med_50,run_012,run_024,0.122,0.064,0.014,1.0,False,False
real_gpt56sol_med_50,run_012,run_025,0.14,0.058,0.03,1.0,False,False
real_gpt56sol_med_50,run_012,run_026,0.135,0.365,0.017,1.0,False,False
real_gpt56sol_med_50,run_012,run_027,0.105,0.445,0.223,1.0,False,True
real_gpt56sol_med_50,run_012,run_028,0.103,0.321,0.094,0.0,False,False
real_gpt56sol_med_50,run_012,run_029,0.13,0.144,0.008,1.0,False,False
real_gpt56sol_med_50,run_012,run_030,0.109,0.243,0.201,0.0,False,False
real_gpt56sol_med_50,run_012,run_031,0.124,0.363,0.232,1.0,False,False
real_gpt56sol_med_50,run_012,run_032,0.142,0.083,0.007,1.0,False,False
real_gpt56sol_med_50,run_012,run_033,0.104,0.275,0.033,0.0,False,False
real_gpt56sol_med_50,run_012,run_034,0.133,0.087,0.225,1.0,False,False
real_gpt56sol_med_50,run_012,run_035,0.145,0.468,0.411,1.0,True,True
real_gpt56sol_med_50,run_012,run_036,0.121,0.274,0.019,1.0,False,False
real_gpt56sol_med_50,run_012,run_037,0.158,0.322,0.105,0.0,False,False
real_gpt56sol_med_50,run_012,run_038,0.216,0.466,0.013,1.0,False,False
real_gpt56sol_med_50,run_012,run_039,0.127,0.105,0.021,1.0,False,False
real_gpt56sol_med_50,run_012,run_040,0.189,0.251,0.009,1.0,False,False
real_gpt56sol_med_50,run_012,run_041,0.126,0.505,0.059,1.0,True,True
real_gpt56sol_med_50,run_012,run_042,0.126,0.248,0.018,0.0,False,False
real_gpt56sol_med_50,run_012,run_043,0.262,0.444,0.026,1.0,True,True
real_gpt56sol_med_50,run_012,run_044,0.085,0.322,0.108,0.0,False,False
real_gpt56sol_med_50,run_012,run_045,0.136,0.311,0.022,0.0,False,False
real_gpt56sol_med_50,run_012,run_046,0.143,0.291,0.02,1.0,False,False
real_gpt56sol_med_50,run_012,run_047,0.14,0.225,0.021,0.0,False,False
real_gpt56sol_med_50,run_012,run_048,0.256,0.082,0.017,0.0,False,False
real_gpt56sol_med_50,run_012,run_049,0.211,0.37,0.012,1.0,False,False
real_gpt56sol_med_50,run_012,run_050,0.199,0.33,0.02,0.0,False,False
real_gpt56sol_med_50,run_013,run_014,0.132,0.15,0.234,0.0,False,True
real_gpt56sol_med_50,run_013,run_015,0.219,0.462,0.016,1.0,True,True
real_gpt56sol_med_50,run_013,run_016,0.269,0.067,0.021,1.0,False,False
real_gpt56sol_med_50,run_013,run_017,0.202,0.224,0.118,0.0,False,True
real_gpt56sol_med_50,run_013,run_018,0.096,0.164,0.048,0.0,False,True
real_gpt56sol_med_50,run_013,run_019,0.113,0.456,0.274,1.0,False,True
real_gpt56sol_med_50,run_013,run_020,0.195,0.644,0.033,1.0,False,True
real_gpt56sol_med_50,run_013,run_021,0.151,0.224,0.023,0.0,False,True
real_gpt56sol_med_50,run_013,run_022,0.113,0.396,0.021,1.0,False,False
real_gpt56sol_med_50,run_013,run_023,0.178,0.215,0.045,0.0,False,True
real_gpt56sol_med_50,run_013,run_024,0.194,0.196,0.055,1.0,False,True
real_gpt56sol_med_50,run_013,run_025,0.101,0.327,0.047,1.0,False,True
real_gpt56sol_med_50,run_013,run_026,0.141,0.421,0.008,1.0,False,True
real_gpt56sol_med_50,run_013,run_027,0.186,0.332,0.01,1.0,False,False
real_gpt56sol_med_50,run_013,run_028,0.113,0.21,0.015,0.0,False,True
real_gpt56sol_med_50,run_013,run_029,0.132,0.079,0.016,1.0,False,True
real_gpt56sol_med_50,run_013,run_030,0.17,0.303,0.037,0.0,False,True
real_gpt56sol_med_50,run_013,run_031,0.122,0.357,0.02,1.0,False,True
real_gpt56sol_med_50,run_013,run_032,0.112,0.356,0.022,1.0,False,True
real_gpt56sol_med_50,run_013,run_033,0.109,0.324,0.017,0.0,False,True
real_gpt56sol_med_50,run_013,run_034,0.182,0.335,0.011,1.0,False,True
real_gpt56sol_med_50,run_013,run_035,0.144,0.293,0.051,1.0,False,False
real_gpt56sol_med_50,run_013,run_036,0.114,0.567,0.018,1.0,False,True
real_gpt56sol_med_50,run_013,run_037,0.218,0.221,0.014,0.0,False,True
real_gpt56sol_med_50,run_013,run_038,0.094,0.469,0.188,1.0,False,True
real_gpt56sol_med_50,run_013,run_039,0.102,0.213,0.028,1.0,False,True
real_gpt56sol_med_50,run_013,run_040,0.172,0.413,0.028,1.0,False,True
real_gpt56sol_med_50,run_013,run_041,0.111,0.23,0.03,1.0,False,False
real_gpt56sol_med_50,run_013,run_042,0.144,0.214,0.061,0.0,False,True
real_gpt56sol_med_50,run_013,run_043,0.106,0.389,0.189,1.0,False,False
real_gpt56sol_med_50,run_013,run_044,0.111,0.215,0.015,0.0,False,True
real_gpt56sol_med_50,run_013,run_045,0.118,0.175,0.024,0.0,False,True
real_gpt56sol_med_50,run_013,run_046,0.111,0.544,0.035,1.0,False,True
real_gpt56sol_med_50,run_013,run_047,0.137,0.224,0.1,0.0,False,True
real_gpt56sol_med_50,run_013,run_048,0.129,0.061,0.035,0.0,False,True
real_gpt56sol_med_50,run_013,run_049,0.149,0.528,0.065,1.0,False,True
real_gpt56sol_med_50,run_013,run_050,0.154,0.15,0.355,0.0,False,True
real_gpt56sol_med_50,run_014,run_015,0.119,0.329,0.081,0.0,False,True
real_gpt56sol_med_50,run_014,run_016,0.146,0.019,0.012,0.0,False,False
real_gpt56sol_med_50,run_014,run_017,0.116,0.851,0.027,1.0,True,True
real_gpt56sol_med_50,run_014,run_018,0.135,0.902,0.021,1.0,True,True
real_gpt56sol_med_50,run_014,run_019,0.093,0.157,0.016,0.0,True,True
real_gpt56sol_med_50,run_014,run_020,0.164,0.296,0.026,0.0,False,True
real_gpt56sol_med_50,run_014,run_021,0.166,0.851,0.023,1.0,True,True
real_gpt56sol_med_50,run_014,run_022,0.099,0.167,0.082,0.0,False,False
real_gpt56sol_med_50,run_014,run_023,0.257,0.967,0.021,1.0,True,True
real_gpt56sol_med_50,run_014,run_024,0.129,0.083,0.016,0.0,False,True
real_gpt56sol_med_50,run_014,run_025,0.069,0.083,0.042,0.0,False,True
real_gpt56sol_med_50,run_014,run_026,0.081,0.351,0.086,0.0,False,True
real_gpt56sol_med_50,run_014,run_027,0.131,0.345,0.109,0.0,False,False
real_gpt56sol_med_50,run_014,run_028,0.116,0.613,0.018,0.5,True,True
real_gpt56sol_med_50,run_014,run_029,0.088,0.058,0.019,0.0,True,True
real_gpt56sol_med_50,run_014,run_030,0.072,0.585,0.029,1.0,True,True
real_gpt56sol_med_50,run_014,run_031,0.109,0.176,0.013,0.0,True,True
real_gpt56sol_med_50,run_014,run_032,0.085,0.091,0.007,0.0,False,True
real_gpt56sol_med_50,run_014,run_033,0.325,0.569,0.007,1.0,True,True
real_gpt56sol_med_50,run_014,run_034,0.177,0.083,0.016,0.0,True,True
real_gpt56sol_med_50,run_014,run_035,0.085,0.4,0.069,0.0,False,False
real_gpt56sol_med_50,run_014,run_036,0.097,0.317,0.025,0.0,True,True
real_gpt56sol_med_50,run_014,run_037,0.129,0.902,0.019,1.0,True,True
real_gpt56sol_med_50,run_014,run_038,0.189,0.387,0.023,0.0,True,True
real_gpt56sol_med_50,run_014,run_039,0.074,0.142,0.02,0.0,False,True
real_gpt56sol_med_50,run_014,run_040,0.118,0.387,0.122,0.0,True,True
real_gpt56sol_med_50,run_014,run_041,0.075,0.249,0.014,0.0,False,False
real_gpt56sol_med_50,run_014,run_042,0.142,0.692,0.01,1.0,True,True
real_gpt56sol_med_50,run_014,run_043,0.078,0.291,0.029,0.0,False,False
real_gpt56sol_med_50,run_014,run_044,0.236,0.967,0.014,1.0,True,True
real_gpt56sol_med_50,run_014,run_045,0.112,0.355,0.007,1.0,True,True
real_gpt56sol_med_50,run_014,run_046,0.084,0.272,0.03,0.0,True,True
real_gpt56sol_med_50,run_014,run_047,0.086,0.851,0.181,1.0,True,True
real_gpt56sol_med_50,run_014,run_048,0.085,0.498,0.03,1.0,True,True
real_gpt56sol_med_50,run_014,run_049,0.148,0.347,0.049,0.0,True,True
real_gpt56sol_med_50,run_014,run_050,0.074,1.0,0.271,1.0,True,True
real_gpt56sol_med_50,run_015,run_016,0.177,0.043,0.012,1.0,False,False
real_gpt56sol_med_50,run_015,run_017,0.182,0.365,0.018,0.0,False,True
real_gpt56sol_med_50,run_015,run_018,0.102,0.308,0.149,0.0,False,True
real_gpt56sol_med_50,run_015,run_019,0.1,0.414,0.033,1.0,False,True
real_gpt56sol_med_50,run_015,run_020,0.154,0.453,0.065,1.0,False,True
real_gpt56sol_med_50,run_015,run_021,0.196,0.365,0.012,0.0,False,True
real_gpt56sol_med_50,run_015,run_022,0.143,0.506,0.417,1.0,False,False
real_gpt56sol_med_50,run_015,run_023,0.151,0.336,0.059,0.0,False,True
real_gpt56sol_med_50,run_015,run_024,0.136,0.131,0.052,1.0,False,True
real_gpt56sol_med_50,run_015,run_025,0.115,0.231,0.085,1.0,False,True
real_gpt56sol_med_50,run_015,run_026,0.146,0.376,0.14,1.0,False,True
real_gpt56sol_med_50,run_015,run_027,0.112,0.348,0.265,1.0,False,False
real_gpt56sol_med_50,run_015,run_028,0.113,0.424,0.068,0.0,False,True
real_gpt56sol_med_50,run_015,run_029,0.151,0.173,0.06,1.0,False,True
real_gpt56sol_med_50,run_015,run_030,0.149,0.355,0.075,0.0,False,True
real_gpt56sol_med_50,run_015,run_031,0.169,0.325,0.139,1.0,False,True
real_gpt56sol_med_50,run_015,run_032,0.121,0.158,0.034,1.0,False,True
real_gpt56sol_med_50,run_015,run_033,0.089,0.335,0.041,0.0,False,True
real_gpt56sol_med_50,run_015,run_034,0.137,0.217,0.079,1.0,False,True
real_gpt56sol_med_50,run_015,run_035,0.128,0.364,0.013,1.0,False,False
real_gpt56sol_med_50,run_015,run_036,0.118,0.494,0.058,1.0,False,True
real_gpt56sol_med_50,run_015,run_037,0.217,0.363,0.064,0.0,False,True
real_gpt56sol_med_50,run_015,run_038,0.1,0.51,0.023,1.0,False,True
real_gpt56sol_med_50,run_015,run_039,0.118,0.254,0.013,1.0,False,True
real_gpt56sol_med_50,run_015,run_040,0.27,0.689,0.24,1.0,False,True
real_gpt56sol_med_50,run_015,run_041,0.119,0.188,0.053,1.0,False,False
real_gpt56sol_med_50,run_015,run_042,0.122,0.366,0.017,0.0,False,True
real_gpt56sol_med_50,run_015,run_043,0.142,0.463,0.037,1.0,False,False
real_gpt56sol_med_50,run_015,run_044,0.092,0.336,0.036,0.0,False,True
real_gpt56sol_med_50,run_015,run_045,0.123,0.236,0.066,0.0,False,True
real_gpt56sol_med_50,run_015,run_046,0.132,0.464,0.076,1.0,False,True
real_gpt56sol_med_50,run_015,run_047,0.13,0.365,0.078,0.0,False,True
real_gpt56sol_med_50,run_015,run_048,0.152,0.076,0.089,0.0,False,True
real_gpt56sol_med_50,run_015,run_049,0.175,0.484,0.01,1.0,False,True
real_gpt56sol_med_50,run_015,run_050,0.128,0.301,0.023,0.0,False,True
real_gpt56sol_med_50,run_016,run_017,0.133,0.176,0.021,0.0,False,False
real_gpt56sol_med_50,run_016,run_018,0.165,0.223,0.163,0.0,False,False
real_gpt56sol_med_50,run_016,run_019,0.154,0.422,0.107,1.0,False,False
real_gpt56sol_med_50,run_016,run_020,0.286,0.4,0.109,1.0,False,False
real_gpt56sol_med_50,run_016,run_021,0.263,0.176,0.029,0.0,False,False
real_gpt56sol_med_50,run_016,run_022,0.121,0.416,0.088,1.0,False,True
real_gpt56sol_med_50,run_016,run_023,0.228,0.229,0.027,0.0,False,False
real_gpt56sol_med_50,run_016,run_024,0.186,0.157,0.038,1.0,False,False
real_gpt56sol_med_50,run_016,run_025,0.067,0.11,0.061,1.0,False,False
real_gpt56sol_med_50,run_016,run_026,0.131,0.287,0.073,1.0,False,False
real_gpt56sol_med_50,run_016,run_027,0.29,0.349,0.18,1.0,False,True
real_gpt56sol_med_50,run_016,run_028,0.13,0.136,0.009,0.0,False,False
real_gpt56sol_med_50,run_016,run_029,0.081,0.096,0.118,1.0,False,False
real_gpt56sol_med_50,run_016,run_030,0.181,0.256,0.033,0.0,False,False
real_gpt56sol_med_50,run_016,run_031,0.091,0.318,0.064,1.0,False,False
real_gpt56sol_med_50,run_016,run_032,0.081,0.105,0.03,1.0,False,False
real_gpt56sol_med_50,run_016,run_033,0.134,0.249,0.028,0.0,False,False
real_gpt56sol_med_50,run_016,run_034,0.219,0.049,0.1,1.0,False,False
real_gpt56sol_med_50,run_016,run_035,0.124,0.485,0.04,1.0,False,True
real_gpt56sol_med_50,run_016,run_036,0.091,0.53,0.015,1.0,False,False
real_gpt56sol_med_50,run_016,run_037,0.155,0.14,0.035,0.0,False,False
real_gpt56sol_med_50,run_016,run_038,0.125,0.439,0.211,1.0,False,False
real_gpt56sol_med_50,run_016,run_039,0.07,0.082,0.044,1.0,False,False
real_gpt56sol_med_50,run_016,run_040,0.113,0.354,0.085,1.0,False,False
real_gpt56sol_med_50,run_016,run_041,0.084,0.172,0.372,1.0,False,True
real_gpt56sol_med_50,run_016,run_042,0.198,0.227,0.186,0.0,False,False
real_gpt56sol_med_50,run_016,run_043,0.078,0.362,0.202,1.0,False,True
real_gpt56sol_med_50,run_016,run_044,0.146,0.229,0.078,0.0,False,False
real_gpt56sol_med_50,run_016,run_045,0.084,0.238,0.021,0.0,False,False
real_gpt56sol_med_50,run_016,run_046,0.084,0.411,0.034,1.0,False,False
real_gpt56sol_med_50,run_016,run_047,0.118,0.176,0.042,0.0,False,False
real_gpt56sol_med_50,run_016,run_048,0.102,0.091,0.037,0.0,False,False
real_gpt56sol_med_50,run_016,run_049,0.211,0.307,0.176,1.0,False,False
real_gpt56sol_med_50,run_016,run_050,0.122,0.234,0.202,0.0,False,False
real_gpt56sol_med_50,run_017,run_018,0.183,0.763,0.137,1.0,True,True
real_gpt56sol_med_50,run_017,run_019,0.177,0.367,0.019,0.0,True,True
real_gpt56sol_med_50,run_017,run_020,0.185,0.292,0.066,0.0,False,True
real_gpt56sol_med_50,run_017,run_021,0.145,1.0,0.039,1.0,True,True
real_gpt56sol_med_50,run_017,run_022,0.139,0.16,0.058,0.0,False,False
real_gpt56sol_med_50,run_017,run_023,0.128,0.887,0.135,1.0,True,True
real_gpt56sol_med_50,run_017,run_024,0.21,0.08,0.109,0.0,False,True
real_gpt56sol_med_50,run_017,run_025,0.128,0.133,0.033,0.0,False,True
real_gpt56sol_med_50,run_017,run_026,0.193,0.235,0.123,0.0,False,True
real_gpt56sol_med_50,run_017,run_027,0.214,0.303,0.262,0.0,False,False
real_gpt56sol_med_50,run_017,run_028,0.159,0.569,0.066,0.5,True,True
real_gpt56sol_med_50,run_017,run_029,0.193,0.025,0.119,0.0,True,True
real_gpt56sol_med_50,run_017,run_030,0.165,0.494,0.045,1.0,True,True
real_gpt56sol_med_50,run_017,run_031,0.2,0.184,0.165,0.0,True,True
real_gpt56sol_med_50,run_017,run_032,0.135,0.082,0.006,0.0,False,True
real_gpt56sol_med_50,run_017,run_033,0.109,0.471,0.246,1.0,True,True
real_gpt56sol_med_50,run_017,run_034,0.198,0.123,0.061,0.0,True,True
real_gpt56sol_med_50,run_017,run_035,0.192,0.381,0.217,0.0,False,False
real_gpt56sol_med_50,run_017,run_036,0.174,0.368,0.158,0.0,True,True
real_gpt56sol_med_50,run_017,run_037,0.327,0.825,0.068,1.0,True,True
real_gpt56sol_med_50,run_017,run_038,0.167,0.38,0.012,0.0,True,True
real_gpt56sol_med_50,run_017,run_039,0.133,0.181,0.011,0.0,False,True
real_gpt56sol_med_50,run_017,run_040,0.199,0.395,0.068,0.0,True,True
real_gpt56sol_med_50,run_017,run_041,0.134,0.145,0.057,0.0,False,False
real_gpt56sol_med_50,run_017,run_042,0.137,0.589,0.017,1.0,True,True
real_gpt56sol_med_50,run_017,run_043,0.152,0.129,0.015,0.0,False,False
real_gpt56sol_med_50,run_017,run_044,0.201,0.887,0.077,1.0,True,True
real_gpt56sol_med_50,run_017,run_045,0.161,0.34,0.038,1.0,True,True
real_gpt56sol_med_50,run_017,run_046,0.148,0.346,0.039,0.0,True,True
real_gpt56sol_med_50,run_017,run_047,0.189,1.0,0.083,1.0,True,True
real_gpt56sol_med_50,run_017,run_048,0.274,0.161,0.043,1.0,True,True
real_gpt56sol_med_50,run_017,run_049,0.164,0.34,0.081,0.0,True,True
real_gpt56sol_med_50,run_017,run_050,0.203,0.851,0.1,1.0,True,True
real_gpt56sol_med_50,run_018,run_019,0.177,0.186,0.045,0.0,True,True
real_gpt56sol_med_50,run_018,run_020,0.298,0.25,0.011,0.0,False,True
real_gpt56sol_med_50,run_018,run_021,0.257,0.763,0.027,1.0,True,True
real_gpt56sol_med_50,run_018,run_022,0.085,0.154,0.142,0.0,False,False
real_gpt56sol_med_50,run_018,run_023,0.267,0.874,0.25,1.0,True,True
real_gpt56sol_med_50,run_018,run_024,0.138,0.081,0.033,0.0,False,True
real_gpt56sol_med_50,run_018,run_025,0.074,0.095,0.037,0.0,False,True
real_gpt56sol_med_50,run_018,run_026,0.1,0.341,0.049,0.0,False,True
real_gpt56sol_med_50,run_018,run_027,0.179,0.356,0.164,0.0,False,False
real_gpt56sol_med_50,run_018,run_028,0.13,0.596,0.033,0.5,True,True
real_gpt56sol_med_50,run_018,run_029,0.087,0.057,0.061,0.0,True,True
real_gpt56sol_med_50,run_018,run_030,0.103,0.602,0.065,1.0,True,True
real_gpt56sol_med_50,run_018,run_031,0.099,0.186,0.078,0.0,True,True
real_gpt56sol_med_50,run_018,run_032,0.08,0.076,0.052,0.0,False,True
real_gpt56sol_med_50,run_018,run_033,0.228,0.563,0.079,1.0,True,True
real_gpt56sol_med_50,run_018,run_034,0.172,0.1,0.021,0.0,True,True
real_gpt56sol_med_50,run_018,run_035,0.101,0.398,0.053,0.0,False,False
real_gpt56sol_med_50,run_018,run_036,0.093,0.325,0.074,0.0,True,True
real_gpt56sol_med_50,run_018,run_037,0.176,0.789,0.06,1.0,True,True
real_gpt56sol_med_50,run_018,run_038,0.138,0.394,0.038,0.0,True,True
real_gpt56sol_med_50,run_018,run_039,0.071,0.133,0.047,0.0,False,True
real_gpt56sol_med_50,run_018,run_040,0.112,0.402,0.009,0.0,True,True
real_gpt56sol_med_50,run_018,run_041,0.081,0.229,0.023,0.0,False,False
real_gpt56sol_med_50,run_018,run_042,0.146,0.655,0.029,1.0,True,True
real_gpt56sol_med_50,run_018,run_043,0.12,0.285,0.007,0.0,False,False
real_gpt56sol_med_50,run_018,run_044,0.143,0.874,0.016,1.0,True,True
real_gpt56sol_med_50,run_018,run_045,0.101,0.38,0.044,1.0,True,True
real_gpt56sol_med_50,run_018,run_046,0.078,0.281,0.049,0.0,True,True
real_gpt56sol_med_50,run_018,run_047,0.121,0.763,0.031,1.0,True,True
real_gpt56sol_med_50,run_018,run_048,0.125,0.549,0.021,1.0,True,True
real_gpt56sol_med_50,run_018,run_049,0.292,0.375,0.055,0.0,True,True
real_gpt56sol_med_50,run_018,run_050,0.136,0.902,0.056,1.0,True,True
real_gpt56sol_med_50,run_019,run_020,0.14,0.629,0.021,1.0,False,True
real_gpt56sol_med_50,run_019,run_021,0.117,0.375,0.033,0.0,True,True
real_gpt56sol_med_50,run_019,run_022,0.093,0.384,0.181,1.0,False,False
real_gpt56sol_med_50,run_019,run_023,0.177,0.364,0.058,0.0,True,True
real_gpt56sol_med_50,run_019,run_024,0.207,0.415,0.084,1.0,False,True
real_gpt56sol_med_50,run_019,run_025,0.088,0.485,0.07,1.0,False,True
real_gpt56sol_med_50,run_019,run_026,0.145,0.502,0.039,1.0,False,True
real_gpt56sol_med_50,run_019,run_027,0.246,0.427,0.012,1.0,False,False
real_gpt56sol_med_50,run_019,run_028,0.146,0.299,0.124,0.0,True,True
real_gpt56sol_med_50,run_019,run_029,0.089,0.321,0.082,1.0,True,True
real_gpt56sol_med_50,run_019,run_030,0.052,0.321,0.051,0.0,True,True
real_gpt56sol_med_50,run_019,run_031,0.105,0.382,0.025,1.0,True,True
real_gpt56sol_med_50,run_019,run_032,0.102,0.427,0.032,1.0,False,True
real_gpt56sol_med_50,run_019,run_033,0.11,0.324,0.025,0.0,True,True
real_gpt56sol_med_50,run_019,run_034,0.212,0.398,0.017,1.0,True,True
real_gpt56sol_med_50,run_019,run_035,0.163,0.508,0.043,1.0,False,False
real_gpt56sol_med_50,run_019,run_036,0.122,0.705,0.134,1.0,True,True
real_gpt56sol_med_50,run_019,run_037,0.18,0.356,0.017,0.0,True,True
real_gpt56sol_med_50,run_019,run_038,0.125,0.61,0.248,1.0,True,True
real_gpt56sol_med_50,run_019,run_039,0.093,0.166,0.098,1.0,False,True
real_gpt56sol_med_50,run_019,run_040,0.105,0.353,0.028,1.0,True,True
real_gpt56sol_med_50,run_019,run_041,0.097,0.511,0.273,1.0,False,False
real_gpt56sol_med_50,run_019,run_042,0.17,0.211,0.172,0.0,True,True
real_gpt56sol_med_50,run_019,run_043,0.087,0.569,0.349,1.0,False,False
real_gpt56sol_med_50,run_019,run_044,0.126,0.364,0.035,0.0,True,True
real_gpt56sol_med_50,run_019,run_045,0.106,0.254,0.027,0.0,True,True
real_gpt56sol_med_50,run_019,run_046,0.106,0.642,0.233,1.0,True,True
real_gpt56sol_med_50,run_019,run_047,0.12,0.375,0.032,0.0,True,True
real_gpt56sol_med_50,run_019,run_048,0.14,0.065,0.053,0.0,True,True
real_gpt56sol_med_50,run_019,run_049,0.207,0.646,0.104,1.0,True,True
real_gpt56sol_med_50,run_019,run_050,0.117,0.174,0.273,0.0,True,True
real_gpt56sol_med_50,run_020,run_021,0.183,0.323,0.016,0.0,False,True
real_gpt56sol_med_50,run_020,run_022,0.076,0.333,0.199,1.0,False,False
real_gpt56sol_med_50,run_020,run_023,0.198,0.312,0.041,0.0,False,True
real_gpt56sol_med_50,run_020,run_024,0.185,0.26,0.036,1.0,True,True
real_gpt56sol_med_50,run_020,run_025,0.067,0.409,0.095,1.0,True,True
real_gpt56sol_med_50,run_020,run_026,0.191,0.488,0.007,1.0,False,True
real_gpt56sol_med_50,run_020,run_027,0.219,0.458,0.041,1.0,True,False
real_gpt56sol_med_50,run_020,run_028,0.121,0.347,0.292,0.0,False,True
real_gpt56sol_med_50,run_020,run_029,0.08,0.058,0.065,1.0,False,True
real_gpt56sol_med_50,run_020,run_030,0.072,0.363,0.242,0.0,False,True
real_gpt56sol_med_50,run_020,run_031,0.1,0.423,0.219,1.0,False,True
real_gpt56sol_med_50,run_020,run_032,0.085,0.304,0.026,1.0,True,True
real_gpt56sol_med_50,run_020,run_033,0.127,0.316,0.027,0.0,False,True
real_gpt56sol_med_50,run_020,run_034,0.211,0.382,0.345,1.0,False,True
real_gpt56sol_med_50,run_020,run_035,0.138,0.537,0.219,1.0,False,False
real_gpt56sol_med_50,run_020,run_036,0.104,0.628,0.148,1.0,False,True
real_gpt56sol_med_50,run_020,run_037,0.213,0.328,0.197,0.0,False,True
real_gpt56sol_med_50,run_020,run_038,0.228,0.468,0.012,1.0,False,True
real_gpt56sol_med_50,run_020,run_039,0.076,0.215,0.018,1.0,False,True
real_gpt56sol_med_50,run_020,run_040,0.121,0.546,0.068,1.0,False,True
real_gpt56sol_med_50,run_020,run_041,0.07,0.487,0.033,1.0,False,False
real_gpt56sol_med_50,run_020,run_042,0.152,0.301,0.114,0.0,False,True
real_gpt56sol_med_50,run_020,run_043,0.066,0.488,0.023,1.0,False,False
real_gpt56sol_med_50,run_020,run_044,0.203,0.312,0.227,0.0,False,True
real_gpt56sol_med_50,run_020,run_045,0.077,0.231,0.059,0.0,False,True
real_gpt56sol_med_50,run_020,run_046,0.081,0.683,0.247,1.0,False,True
real_gpt56sol_med_50,run_020,run_047,0.137,0.323,0.085,0.0,False,True
real_gpt56sol_med_50,run_020,run_048,0.165,0.055,0.082,0.0,False,True
real_gpt56sol_med_50,run_020,run_049,0.29,0.701,0.013,1.0,False,True
real_gpt56sol_med_50,run_020,run_050,0.17,0.224,0.049,0.0,False,True
real_gpt56sol_med_50,run_021,run_022,0.093,0.16,0.016,0.0,False,False
real_gpt56sol_med_50,run_021,run_023,0.216,0.887,0.043,1.0,True,True
real_gpt56sol_med_50,run_021,run_024,0.122,0.08,0.03,0.0,False,True
real_gpt56sol_med_50,run_021,run_025,0.079,0.133,0.063,0.0,False,True
real_gpt56sol_med_50,run_021,run_026,0.093,0.235,0.015,0.0,False,True
real_gpt56sol_med_50,run_021,run_027,0.167,0.303,0.076,0.0,False,False
real_gpt56sol_med_50,run_021,run_028,0.149,0.569,0.016,0.5,True,True
real_gpt56sol_med_50,run_021,run_029,0.089,0.025,0.052,0.0,True,True
real_gpt56sol_med_50,run_021,run_030,0.066,0.494,0.042,1.0,True,True
real_gpt56sol_med_50,run_021,run_031,0.106,0.184,0.031,0.0,True,True
real_gpt56sol_med_50,run_021,run_032,0.087,0.082,0.028,0.0,False,True
real_gpt56sol_med_50,run_021,run_033,0.146,0.471,0.029,1.0,True,True
real_gpt56sol_med_50,run_021,run_034,0.174,0.123,0.023,0.0,True,True
real_gpt56sol_med_50,run_021,run_035,0.083,0.381,0.042,0.0,False,False
real_gpt56sol_med_50,run_021,run_036,0.096,0.368,0.017,0.0,True,True
real_gpt56sol_med_50,run_021,run_037,0.116,0.825,0.015,1.0,True,True
real_gpt56sol_med_50,run_021,run_038,0.146,0.38,0.043,0.0,True,True
real_gpt56sol_med_50,run_021,run_039,0.078,0.181,0.021,0.0,False,True
real_gpt56sol_med_50,run_021,run_040,0.112,0.395,0.01,0.0,True,True
real_gpt56sol_med_50,run_021,run_041,0.088,0.145,0.071,0.0,False,False
real_gpt56sol_med_50,run_021,run_042,0.165,0.589,0.099,1.0,True,True
real_gpt56sol_med_50,run_021,run_043,0.083,0.129,0.023,0.0,False,False
real_gpt56sol_med_50,run_021,run_044,0.146,0.887,0.058,1.0,True,True
real_gpt56sol_med_50,run_021,run_045,0.085,0.34,0.058,1.0,True,True
real_gpt56sol_med_50,run_021,run_046,0.086,0.346,0.032,0.0,True,True
real_gpt56sol_med_50,run_021,run_047,0.084,1.0,0.01,1.0,True,True
real_gpt56sol_med_50,run_021,run_048,0.131,0.161,0.032,1.0,True,True
real_gpt56sol_med_50,run_021,run_049,0.196,0.34,0.054,0.0,True,True
real_gpt56sol_med_50,run_021,run_050,0.078,0.851,0.04,1.0,True,True
real_gpt56sol_med_50,run_022,run_023,0.104,0.179,0.019,0.0,False,False
real_gpt56sol_med_50,run_022,run_024,0.091,0.318,0.018,1.0,False,False
real_gpt56sol_med_50,run_022,run_025,0.125,0.165,0.02,1.0,False,False
real_gpt56sol_med_50,run_022,run_026,0.198,0.234,0.035,1.0,False,False
real_gpt56sol_med_50,run_022,run_027,0.109,0.426,0.289,1.0,False,True
real_gpt56sol_med_50,run_022,run_028,0.094,0.275,0.163,0.0,False,False
real_gpt56sol_med_50,run_022,run_029,0.115,0.194,0.08,1.0,False,False
real_gpt56sol_med_50,run_022,run_030,0.006,0.273,0.028,0.0,False,False
real_gpt56sol_med_50,run_022,run_031,0.138,0.37,0.076,1.0,False,False
real_gpt56sol_med_50,run_022,run_032,0.188,0.173,0.024,1.0,False,False
real_gpt56sol_med_50,run_022,run_033,0.107,0.286,0.048,0.0,False,False
real_gpt56sol_med_50,run_022,run_034,0.088,0.138,0.043,1.0,False,False
real_gpt56sol_med_50,run_022,run_035,0.178,0.527,0.036,1.0,True,True
real_gpt56sol_med_50,run_022,run_036,0.124,0.517,0.142,1.0,False,False
real_gpt56sol_med_50,run_022,run_037,0.129,0.252,0.033,0.0,False,False
real_gpt56sol_med_50,run_022,run_038,0.102,0.419,0.014,1.0,False,False
real_gpt56sol_med_50,run_022,run_039,0.204,0.07,0.013,1.0,False,False
real_gpt56sol_med_50,run_022,run_040,0.108,0.341,0.031,1.0,False,False
real_gpt56sol_med_50,run_022,run_041,0.126,0.428,0.036,1.0,True,True
real_gpt56sol_med_50,run_022,run_042,0.115,0.217,0.023,0.0,False,False
real_gpt56sol_med_50,run_022,run_043,0.125,0.673,0.007,1.0,True,True
real_gpt56sol_med_50,run_022,run_044,0.083,0.179,0.09,0.0,False,False
real_gpt56sol_med_50,run_022,run_045,0.174,0.287,0.014,0.0,False,False
real_gpt56sol_med_50,run_022,run_046,0.176,0.333,0.28,1.0,False,False
real_gpt56sol_med_50,run_022,run_047,0.174,0.184,0.038,0.0,False,False
real_gpt56sol_med_50,run_022,run_048,0.161,0.114,0.014,0.0,False,False
real_gpt56sol_med_50,run_022,run_049,0.105,0.394,0.019,1.0,False,False
real_gpt56sol_med_50,run_022,run_050,0.136,0.183,0.032,0.0,False,False
real_gpt56sol_med_50,run_023,run_024,0.182,0.081,0.104,0.0,False,True
real_gpt56sol_med_50,run_023,run_025,0.088,0.088,0.058,0.0,False,True
real_gpt56sol_med_50,run_023,run_026,0.094,0.276,0.043,0.0,False,True
real_gpt56sol_med_50,run_023,run_027,0.229,0.333,0.098,0.0,False,False
real_gpt56sol_med_50,run_023,run_028,0.184,0.649,0.178,0.5,True,True
real_gpt56sol_med_50,run_023,run_029,0.097,0.057,0.047,0.0,True,True
real_gpt56sol_med_50,run_023,run_030,0.124,0.571,0.101,1.0,True,True
real_gpt56sol_med_50,run_023,run_031,0.113,0.172,0.065,0.0,True,True
real_gpt56sol_med_50,run_023,run_032,0.103,0.083,0.106,0.0,False,True
real_gpt56sol_med_50,run_023,run_033,0.245,0.555,0.055,1.0,True,True
real_gpt56sol_med_50,run_023,run_034,0.263,0.087,0.056,0.0,True,True
real_gpt56sol_med_50,run_023,run_035,0.101,0.388,0.058,0.0,False,False
real_gpt56sol_med_50,run_023,run_036,0.11,0.374,0.099,0.0,True,True
real_gpt56sol_med_50,run_023,run_037,0.134,0.937,0.076,1.0,True,True
real_gpt56sol_med_50,run_023,run_038,0.116,0.425,0.058,0.0,True,True
real_gpt56sol_med_50,run_023,run_039,0.095,0.177,0.072,0.0,False,True
real_gpt56sol_med_50,run_023,run_040,0.12,0.434,0.047,0.0,True,True
real_gpt56sol_med_50,run_023,run_041,0.101,0.244,0.039,0.0,False,False
real_gpt56sol_med_50,run_023,run_042,0.255,0.673,0.038,1.0,True,True
real_gpt56sol_med_50,run_023,run_043,0.156,0.292,0.024,0.0,False,False
real_gpt56sol_med_50,run_023,run_044,0.125,1.0,0.047,1.0,True,True
real_gpt56sol_med_50,run_023,run_045,0.123,0.346,0.091,1.0,True,True
real_gpt56sol_med_50,run_023,run_046,0.109,0.352,0.183,0.0,True,True
real_gpt56sol_med_50,run_023,run_047,0.098,0.887,0.033,1.0,True,True
real_gpt56sol_med_50,run_023,run_048,0.201,0.393,0.055,1.0,True,True
real_gpt56sol_med_50,run_023,run_049,0.28,0.346,0.075,0.0,True,True
real_gpt56sol_med_50,run_023,run_050,0.129,0.967,0.062,1.0,True,True
real_gpt56sol_med_50,run_024,run_025,0.079,0.294,0.099,1.0,True,True
real_gpt56sol_med_50,run_024,run_026,0.136,0.353,0.082,1.0,False,True
real_gpt56sol_med_50,run_024,run_027,0.258,0.4,0.284,1.0,True,False
real_gpt56sol_med_50,run_024,run_028,0.14,0.293,0.207,0.0,False,True
real_gpt56sol_med_50,run_024,run_029,0.104,0.499,0.118,1.0,False,True
real_gpt56sol_med_50,run_024,run_030,0.121,0.329,0.046,0.0,False,True
real_gpt56sol_med_50,run_024,run_031,0.107,0.655,0.11,1.0,False,True
real_gpt56sol_med_50,run_024,run_032,0.092,0.299,0.667,1.0,True,True
real_gpt56sol_med_50,run_024,run_033,0.098,0.331,0.038,0.0,False,True
real_gpt56sol_med_50,run_024,run_034,0.301,0.23,0.047,1.0,False,True
real_gpt56sol_med_50,run_024,run_035,0.125,0.321,0.042,1.0,False,False
real_gpt56sol_med_50,run_024,run_036,0.1,0.545,0.197,1.0,False,True
real_gpt56sol_med_50,run_024,run_037,0.226,0.25,0.046,0.0,False,True
real_gpt56sol_med_50,run_024,run_038,0.148,0.542,0.023,1.0,False,True
real_gpt56sol_med_50,run_024,run_039,0.083,0.1,0.102,1.0,False,True
real_gpt56sol_med_50,run_024,run_040,0.16,0.406,0.078,1.0,False,True
real_gpt56sol_med_50,run_024,run_041,0.088,0.467,0.033,1.0,False,False
real_gpt56sol_med_50,run_024,run_042,0.16,0.325,0.114,0.0,False,True
real_gpt56sol_med_50,run_024,run_043,0.078,0.432,0.065,1.0,False,False
real_gpt56sol_med_50,run_024,run_044,0.133,0.257,0.051,0.0,False,True
real_gpt56sol_med_50,run_024,run_045,0.092,0.181,0.19,0.0,False,True
real_gpt56sol_med_50,run_024,run_046,0.094,0.68,0.355,1.0,False,True
real_gpt56sol_med_50,run_024,run_047,0.119,0.267,0.066,0.0,False,True
real_gpt56sol_med_50,run_024,run_048,0.126,0.08,0.075,0.0,False,True
real_gpt56sol_med_50,run_024,run_049,0.182,0.567,0.122,1.0,False,True
real_gpt56sol_med_50,run_024,run_050,0.102,0.138,0.027,0.0,False,True
real_gpt56sol_med_50,run_025,run_026,0.146,0.396,0.099,1.0,False,True
real_gpt56sol_med_50,run_025,run_027,0.106,0.35,0.113,1.0,True,False
real_gpt56sol_med_50,run_025,run_028,0.091,0.24,0.151,0.0,False,True
real_gpt56sol_med_50,run_025,run_029,0.161,0.157,0.105,1.0,False,True
real_gpt56sol_med_50,run_025,run_030,0.006,0.312,0.097,0.0,False,True
real_gpt56sol_med_50,run_025,run_031,0.118,0.338,0.166,1.0,False,True
real_gpt56sol_med_50,run_025,run_032,0.13,0.366,0.053,1.0,True,True
real_gpt56sol_med_50,run_025,run_033,0.105,0.302,0.038,0.0,False,True
real_gpt56sol_med_50,run_025,run_034,0.099,0.337,0.111,1.0,False,True
real_gpt56sol_med_50,run_025,run_035,0.156,0.397,0.034,1.0,False,False
real_gpt56sol_med_50,run_025,run_036,0.116,0.705,0.087,1.0,False,True
real_gpt56sol_med_50,run_025,run_037,0.111,0.277,0.115,0.0,False,True
real_gpt56sol_med_50,run_025,run_038,0.078,0.548,0.036,1.0,False,True
real_gpt56sol_med_50,run_025,run_039,0.119,0.142,0.065,1.0,False,True
real_gpt56sol_med_50,run_025,run_040,0.108,0.344,0.349,1.0,False,True
real_gpt56sol_med_50,run_025,run_041,0.122,0.408,0.023,1.0,False,False
real_gpt56sol_med_50,run_025,run_042,0.14,0.184,0.047,0.0,False,True
real_gpt56sol_med_50,run_025,run_043,0.126,0.511,0.044,1.0,False,False
real_gpt56sol_med_50,run_025,run_044,0.089,0.25,0.06,0.0,False,True
real_gpt56sol_med_50,run_025,run_045,0.131,0.233,0.081,0.0,False,True
real_gpt56sol_med_50,run_025,run_046,0.149,0.602,0.129,1.0,False,True
real_gpt56sol_med_50,run_025,run_047,0.126,0.273,0.022,0.0,False,True
real_gpt56sol_med_50,run_025,run_048,0.184,0.055,0.094,0.0,False,True
real_gpt56sol_med_50,run_025,run_049,0.097,0.529,0.032,1.0,False,True
real_gpt56sol_med_50,run_025,run_050,0.18,0.138,0.042,0.0,False,True
real_gpt56sol_med_50,run_026,run_027,0.164,0.338,0.09,1.0,False,False
real_gpt56sol_med_50,run_026,run_028,0.111,0.298,0.012,0.0,False,True
real_gpt56sol_med_50,run_026,run_029,0.136,0.099,0.034,1.0,False,True
real_gpt56sol_med_50,run_026,run_030,0.065,0.343,0.012,0.0,False,True
real_gpt56sol_med_50,run_026,run_031,0.141,0.431,0.011,1.0,False,True
real_gpt56sol_med_50,run_026,run_032,0.204,0.246,0.127,1.0,False,True
real_gpt56sol_med_50,run_026,run_033,0.12,0.317,0.02,0.0,False,True
real_gpt56sol_med_50,run_026,run_034,0.153,0.276,0.019,1.0,False,True
real_gpt56sol_med_50,run_026,run_035,0.256,0.343,0.066,1.0,False,False
real_gpt56sol_med_50,run_026,run_036,0.156,0.469,0.068,1.0,False,True
real_gpt56sol_med_50,run_026,run_037,0.225,0.313,0.069,0.0,False,True
real_gpt56sol_med_50,run_026,run_038,0.153,0.441,0.015,1.0,False,True
real_gpt56sol_med_50,run_026,run_039,0.2,0.233,0.011,1.0,True,True
real_gpt56sol_med_50,run_026,run_040,0.152,0.326,0.099,1.0,False,True
real_gpt56sol_med_50,run_026,run_041,0.143,0.242,0.032,1.0,False,False
real_gpt56sol_med_50,run_026,run_042,0.124,0.332,0.151,0.0,False,True
real_gpt56sol_med_50,run_026,run_043,0.132,0.512,0.015,1.0,False,False
real_gpt56sol_med_50,run_026,run_044,0.245,0.313,0.137,0.0,False,True
real_gpt56sol_med_50,run_026,run_045,0.198,0.326,0.015,0.0,False,True
real_gpt56sol_med_50,run_026,run_046,0.288,0.523,0.012,1.0,False,True
real_gpt56sol_med_50,run_026,run_047,0.327,0.299,0.022,0.0,False,True
real_gpt56sol_med_50,run_026,run_048,0.255,0.05,0.012,0.0,False,True
real_gpt56sol_med_50,run_026,run_049,0.116,0.511,0.011,1.0,False,True
real_gpt56sol_med_50,run_026,run_050,0.241,0.322,0.012,0.0,False,True
real_gpt56sol_med_50,run_027,run_028,0.216,0.245,0.017,0.0,False,False
real_gpt56sol_med_50,run_027,run_029,0.121,0.054,0.018,1.0,False,False
real_gpt56sol_med_50,run_027,run_030,0.107,0.337,0.014,0.0,False,False
real_gpt56sol_med_50,run_027,run_031,0.113,0.319,0.211,1.0,False,False
real_gpt56sol_med_50,run_027,run_032,0.105,0.06,0.012,1.0,True,False
real_gpt56sol_med_50,run_027,run_033,0.126,0.387,0.105,0.0,False,False
real_gpt56sol_med_50,run_027,run_034,0.393,0.098,0.023,1.0,False,False
real_gpt56sol_med_50,run_027,run_035,0.137,0.453,0.089,1.0,False,True
real_gpt56sol_med_50,run_027,run_036,0.152,0.426,0.142,1.0,False,False
real_gpt56sol_med_50,run_027,run_037,0.236,0.333,0.023,0.0,False,False
real_gpt56sol_med_50,run_027,run_038,0.218,0.321,0.003,1.0,False,False
real_gpt56sol_med_50,run_027,run_039,0.097,0.093,0.003,1.0,False,False
real_gpt56sol_med_50,run_027,run_040,0.103,0.464,0.018,1.0,False,False
real_gpt56sol_med_50,run_027,run_041,0.103,0.251,0.067,1.0,False,True
real_gpt56sol_med_50,run_027,run_042,0.206,0.333,0.148,0.0,False,False
real_gpt56sol_med_50,run_027,run_043,0.188,0.333,0.003,1.0,False,True
real_gpt56sol_med_50,run_027,run_044,0.148,0.356,0.034,0.0,False,False
real_gpt56sol_med_50,run_027,run_045,0.111,0.389,0.011,0.0,False,False
real_gpt56sol_med_50,run_027,run_046,0.11,0.4,0.012,1.0,False,False
real_gpt56sol_med_50,run_027,run_047,0.148,0.303,0.021,0.0,False,False
real_gpt56sol_med_50,run_027,run_048,0.2,0.065,0.003,0.0,False,False
real_gpt56sol_med_50,run_027,run_049,0.256,0.656,0.076,1.0,False,False
real_gpt56sol_med_50,run_027,run_050,0.156,0.369,0.094,0.0,False,False
real_gpt56sol_med_50,run_028,run_029,0.106,0.079,0.307,0.0,True,True
real_gpt56sol_med_50,run_028,run_030,0.101,0.532,0.261,0.5,True,True
real_gpt56sol_med_50,run_028,run_031,0.115,0.309,0.197,0.0,True,True
real_gpt56sol_med_50,run_028,run_032,0.105,0.079,0.031,0.0,False,True
real_gpt56sol_med_50,run_028,run_033,0.15,0.514,0.032,0.5,True,True
real_gpt56sol_med_50,run_028,run_034,0.283,0.078,0.274,0.0,True,True
real_gpt56sol_med_50,run_028,run_035,0.129,0.107,0.169,0.0,False,False
real_gpt56sol_med_50,run_028,run_036,0.184,0.261,0.293,0.0,True,True
real_gpt56sol_med_50,run_028,run_037,0.141,0.632,0.272,0.5,True,True
real_gpt56sol_med_50,run_028,run_038,0.138,0.404,0.014,0.0,True,True
real_gpt56sol_med_50,run_028,run_039,0.097,0.147,0.012,0.0,False,True
real_gpt56sol_med_50,run_028,run_040,0.109,0.453,0.22,0.0,True,True
real_gpt56sol_med_50,run_028,run_041,0.088,0.246,0.033,0.0,False,False
real_gpt56sol_med_50,run_028,run_042,0.242,0.574,0.01,0.5,True,True
real_gpt56sol_med_50,run_028,run_043,0.089,0.224,0.017,0.0,False,False
real_gpt56sol_med_50,run_028,run_044,0.123,0.632,0.205,0.5,True,True
real_gpt56sol_med_50,run_028,run_045,0.116,0.298,0.182,0.5,True,True
real_gpt56sol_med_50,run_028,run_046,0.1,0.313,0.467,0.0,True,True
real_gpt56sol_med_50,run_028,run_047,0.097,0.543,0.16,0.5,True,True
real_gpt56sol_med_50,run_028,run_048,0.098,0.186,0.27,0.5,True,True
real_gpt56sol_med_50,run_028,run_049,0.156,0.285,0.012,0.0,True,True
real_gpt56sol_med_50,run_028,run_050,0.089,0.595,0.021,0.5,True,True
real_gpt56sol_med_50,run_029,run_030,0.144,0.339,0.337,0.0,True,True
real_gpt56sol_med_50,run_029,run_031,0.158,0.614,0.299,1.0,True,True
real_gpt56sol_med_50,run_029,run_032,0.123,0.327,0.128,1.0,False,True
real_gpt56sol_med_50,run_029,run_033,0.096,0.375,0.028,0.0,True,True
real_gpt56sol_med_50,run_029,run_034,0.092,0.251,0.275,1.0,True,True
real_gpt56sol_med_50,run_029,run_035,0.109,0.338,0.128,1.0,False,False
real_gpt56sol_med_50,run_029,run_036,0.112,0.501,0.036,1.0,True,True
real_gpt56sol_med_50,run_029,run_037,0.155,0.356,0.161,0.0,True,True
real_gpt56sol_med_50,run_029,run_038,0.101,0.698,0.012,1.0,True,True
real_gpt56sol_med_50,run_029,run_039,0.105,0.249,0.058,1.0,False,True
real_gpt56sol_med_50,run_029,run_040,0.162,0.465,0.241,1.0,True,True
real_gpt56sol_med_50,run_029,run_041,0.118,0.359,0.018,1.0,False,False
real_gpt56sol_med_50,run_029,run_042,0.15,0.354,0.04,0.0,True,True
real_gpt56sol_med_50,run_029,run_043,0.2,0.486,0.103,1.0,False,False
real_gpt56sol_med_50,run_029,run_044,0.093,0.362,0.126,0.0,True,True
real_gpt56sol_med_50,run_029,run_045,0.117,0.171,0.209,0.0,True,True
real_gpt56sol_med_50,run_029,run_046,0.119,0.688,0.344,1.0,True,True
real_gpt56sol_med_50,run_029,run_047,0.117,0.382,0.163,0.0,True,True
real_gpt56sol_med_50,run_029,run_048,0.18,0.086,0.359,0.0,True,True
real_gpt56sol_med_50,run_029,run_049,0.143,0.492,0.017,1.0,True,True
real_gpt56sol_med_50,run_029,run_050,0.132,0.33,0.019,0.0,True,True
real_gpt56sol_med_50,run_030,run_031,0.142,0.299,0.313,0.0,True,True
real_gpt56sol_med_50,run_030,run_032,0.017,0.13,0.22,0.0,False,True
real_gpt56sol_med_50,run_030,run_033,0.082,0.808,0.049,1.0,True,True
real_gpt56sol_med_50,run_030,run_034,0.083,0.077,0.329,0.0,True,True
real_gpt56sol_med_50,run_030,run_035,0.044,0.291,0.267,0.0,False,False
real_gpt56sol_med_50,run_030,run_036,0.03,0.273,0.042,0.0,True,True
real_gpt56sol_med_50,run_030,run_037,0.205,0.595,0.195,1.0,True,True
real_gpt56sol_med_50,run_030,run_038,0.067,0.348,0.015,0.0,True,True
real_gpt56sol_med_50,run_030,run_039,0.006,0.119,0.071,0.0,False,True
real_gpt56sol_med_50,run_030,run_040,0.157,0.403,0.119,0.0,True,True
real_gpt56sol_med_50,run_030,run_041,0.012,0.3,0.031,0.0,False,False
real_gpt56sol_med_50,run_030,run_042,0.147,0.678,0.044,1.0,True,True
real_gpt56sol_med_50,run_030,run_043,0.043,0.245,0.039,0.0,False,False
real_gpt56sol_med_50,run_030,run_044,0.078,0.587,0.106,1.0,True,True
real_gpt56sol_med_50,run_030,run_045,0.021,0.458,0.151,1.0,True,True
real_gpt56sol_med_50,run_030,run_046,0.012,0.394,0.231,0.0,True,True
real_gpt56sol_med_50,run_030,run_047,0.074,0.51,0.007,1.0,True,True
real_gpt56sol_med_50,run_030,run_048,0.061,0.681,0.144,1.0,True,True
real_gpt56sol_med_50,run_030,run_049,0.152,0.44,0.038,0.0,True,True
real_gpt56sol_med_50,run_030,run_050,0.085,0.601,0.161,1.0,True,True
real_gpt56sol_med_50,run_031,run_032,0.134,0.124,0.026,1.0,False,True
real_gpt56sol_med_50,run_031,run_033,0.093,0.318,0.027,0.0,True,True
real_gpt56sol_med_50,run_031,run_034,0.11,0.146,0.25,1.0,True,True
real_gpt56sol_med_50,run_031,run_035,0.136,0.4,0.263,1.0,False,False
real_gpt56sol_med_50,run_031,run_036,0.129,0.382,0.035,1.0,True,True
real_gpt56sol_med_50,run_031,run_037,0.181,0.272,0.108,0.0,True,True
real_gpt56sol_med_50,run_031,run_038,0.097,0.489,0.007,1.0,True,True
real_gpt56sol_med_50,run_031,run_039,0.125,0.123,0.015,1.0,False,True
real_gpt56sol_med_50,run_031,run_040,0.191,0.391,0.074,1.0,True,True
real_gpt56sol_med_50,run_031,run_041,0.131,0.45,0.025,1.0,False,False
real_gpt56sol_med_50,run_031,run_042,0.161,0.272,0.006,0.0,True,True
real_gpt56sol_med_50,run_031,run_043,0.124,0.391,0.02,1.0,False,False
real_gpt56sol_med_50,run_031,run_044,0.115,0.179,0.151,0.0,True,True
real_gpt56sol_med_50,run_031,run_045,0.134,0.301,0.064,0.0,True,True
real_gpt56sol_med_50,run_031,run_046,0.139,0.539,0.093,1.0,True,True
real_gpt56sol_med_50,run_031,run_047,0.137,0.163,0.006,0.0,True,True
real_gpt56sol_med_50,run_031,run_048,0.142,0.109,0.094,0.0,True,True
real_gpt56sol_med_50,run_031,run_049,0.144,0.364,0.012,1.0,True,True
real_gpt56sol_med_50,run_031,run_050,0.122,0.183,0.023,0.0,True,True
real_gpt56sol_med_50,run_032,run_033,0.101,0.275,0.132,0.0,False,True
real_gpt56sol_med_50,run_032,run_034,0.099,0.309,0.048,1.0,False,True
real_gpt56sol_med_50,run_032,run_035,0.218,0.381,0.043,1.0,False,False
real_gpt56sol_med_50,run_032,run_036,0.126,0.55,0.283,1.0,False,True
real_gpt56sol_med_50,run_032,run_037,0.119,0.317,0.053,0.0,False,True
real_gpt56sol_med_50,run_032,run_038,0.11,0.464,0.022,1.0,False,True
real_gpt56sol_med_50,run_032,run_039,0.22,0.177,0.016,1.0,False,True
real_gpt56sol_med_50,run_032,run_040,0.118,0.283,0.042,1.0,False,True
real_gpt56sol_med_50,run_032,run_041,0.136,0.525,0.048,1.0,False,False
real_gpt56sol_med_50,run_032,run_042,0.157,0.157,0.017,0.0,False,True
real_gpt56sol_med_50,run_032,run_043,0.126,0.426,0.036,1.0,False,False
real_gpt56sol_med_50,run_032,run_044,0.102,0.292,0.095,0.0,False,True
real_gpt56sol_med_50,run_032,run_045,0.359,0.254,0.078,0.0,False,True
real_gpt56sol_med_50,run_032,run_046,0.181,0.551,0.377,1.0,False,True
real_gpt56sol_med_50,run_032,run_047,0.18,0.301,0.016,0.0,False,True
real_gpt56sol_med_50,run_032,run_048,0.153,0.086,0.078,0.0,False,True
real_gpt56sol_med_50,run_032,run_049,0.142,0.523,0.026,1.0,False,True
real_gpt56sol_med_50,run_032,run_050,0.135,0.129,0.07,0.0,False,True
real_gpt56sol_med_50,run_033,run_034,0.12,0.087,0.076,0.0,True,True
real_gpt56sol_med_50,run_033,run_035,0.08,0.315,0.225,0.0,False,False
real_gpt56sol_med_50,run_033,run_036,0.09,0.327,0.174,0.0,True,True
real_gpt56sol_med_50,run_033,run_037,0.097,0.647,0.074,1.0,True,True
real_gpt56sol_med_50,run_033,run_038,0.179,0.378,0.013,0.0,True,True
real_gpt56sol_med_50,run_033,run_039,0.07,0.115,0.012,0.0,False,True
real_gpt56sol_med_50,run_033,run_040,0.085,0.377,0.125,0.0,True,True
real_gpt56sol_med_50,run_033,run_041,0.071,0.207,0.035,0.0,False,False
real_gpt56sol_med_50,run_033,run_042,0.127,0.724,0.019,1.0,True,True
real_gpt56sol_med_50,run_033,run_043,0.074,0.242,0.016,0.0,False,False
real_gpt56sol_med_50,run_033,run_044,0.225,0.555,0.076,1.0,True,True
real_gpt56sol_med_50,run_033,run_045,0.097,0.554,0.042,1.0,True,True
real_gpt56sol_med_50,run_033,run_046,0.08,0.243,0.044,0.0,True,True
real_gpt56sol_med_50,run_033,run_047,0.081,0.471,0.084,1.0,True,True
real_gpt56sol_med_50,run_033,run_048,0.08,0.776,0.047,1.0,True,True
real_gpt56sol_med_50,run_033,run_049,0.134,0.453,0.089,0.0,True,True
real_gpt56sol_med_50,run_033,run_050,0.07,0.569,0.11,1.0,True,True
real_gpt56sol_med_50,run_034,run_035,0.151,0.332,0.303,1.0,False,False
real_gpt56sol_med_50,run_034,run_036,0.147,0.653,0.037,1.0,True,True
real_gpt56sol_med_50,run_034,run_037,0.217,0.305,0.258,0.0,True,True
real_gpt56sol_med_50,run_034,run_038,0.187,0.523,0.013,1.0,True,True
real_gpt56sol_med_50,run_034,run_039,0.094,0.268,0.02,1.0,False,True
real_gpt56sol_med_50,run_034,run_040,0.147,0.295,0.075,1.0,True,True
real_gpt56sol_med_50,run_034,run_041,0.098,0.254,0.067,1.0,False,False
real_gpt56sol_med_50,run_034,run_042,0.251,0.217,0.117,0.0,True,True
real_gpt56sol_med_50,run_034,run_043,0.087,0.385,0.025,1.0,False,False
real_gpt56sol_med_50,run_034,run_044,0.16,0.274,0.194,0.0,True,True
real_gpt56sol_med_50,run_034,run_045,0.104,0.266,0.065,0.0,True,True
real_gpt56sol_med_50,run_034,run_046,0.106,0.537,0.094,1.0,True,True
real_gpt56sol_med_50,run_034,run_047,0.143,0.283,0.009,0.0,True,True
real_gpt56sol_med_50,run_034,run_048,0.153,0.047,0.091,0.0,True,True
real_gpt56sol_med_50,run_034,run_049,0.232,0.525,0.014,1.0,True,True
real_gpt56sol_med_50,run_034,run_050,0.116,0.165,0.023,0.0,True,True
real_gpt56sol_med_50,run_035,run_036,0.153,0.389,0.271,1.0,False,False
real_gpt56sol_med_50,run_035,run_037,0.201,0.34,0.103,0.0,False,False
real_gpt56sol_med_50,run_035,run_038,0.168,0.364,0.012,1.0,False,False
real_gpt56sol_med_50,run_035,run_039,0.225,0.084,0.02,1.0,False,False
real_gpt56sol_med_50,run_035,run_040,0.147,0.377,0.008,1.0,False,False
real_gpt56sol_med_50,run_035,run_041,0.121,0.564,0.038,1.0,True,True
real_gpt56sol_med_50,run_035,run_042,0.103,0.203,0.067,0.0,False,False
real_gpt56sol_med_50,run_035,run_043,0.124,0.483,0.025,1.0,True,True
real_gpt56sol_med_50,run_035,run_044,0.138,0.369,0.147,0.0,False,False
real_gpt56sol_med_50,run_035,run_045,0.175,0.19,0.021,0.0,False,False
real_gpt56sol_med_50,run_035,run_046,0.178,0.382,0.157,1.0,False,False
real_gpt56sol_med_50,run_035,run_047,0.254,0.362,0.017,0.0,False,False
real_gpt56sol_med_50,run_035,run_048,0.186,0.129,0.016,0.0,False,False
real_gpt56sol_med_50,run_035,run_049,0.102,0.429,0.011,1.0,False,False
real_gpt56sol_med_50,run_035,run_050,0.174,0.38,0.019,0.0,False,False
real_gpt56sol_med_50,run_036,run_037,0.136,0.366,0.046,0.0,True,True
real_gpt56sol_med_50,run_036,run_038,0.115,0.622,0.107,1.0,True,True
real_gpt56sol_med_50,run_036,run_039,0.149,0.22,0.029,1.0,False,True
real_gpt56sol_med_50,run_036,run_040,0.116,0.374,0.035,1.0,True,True
real_gpt56sol_med_50,run_036,run_041,0.206,0.3,0.047,1.0,False,False
real_gpt56sol_med_50,run_036,run_042,0.103,0.254,0.026,0.0,True,True
real_gpt56sol_med_50,run_036,run_043,0.188,0.521,0.018,1.0,False,False
real_gpt56sol_med_50,run_036,run_044,0.125,0.358,0.072,0.0,True,True
real_gpt56sol_med_50,run_036,run_045,0.157,0.239,0.062,0.0,True,True
real_gpt56sol_med_50,run_036,run_046,0.172,0.705,0.341,1.0,True,True
real_gpt56sol_med_50,run_036,run_047,0.159,0.368,0.01,0.0,True,True
real_gpt56sol_med_50,run_036,run_048,0.138,0.057,0.054,0.0,True,True
real_gpt56sol_med_50,run_036,run_049,0.114,0.606,0.038,1.0,True,True
real_gpt56sol_med_50,run_036,run_050,0.132,0.217,0.054,0.0,True,True
real_gpt56sol_med_50,run_037,run_038,0.147,0.425,0.044,0.0,True,True
real_gpt56sol_med_50,run_037,run_039,0.119,0.146,0.04,0.0,False,True
real_gpt56sol_med_50,run_037,run_040,0.235,0.434,0.332,0.0,True,True
real_gpt56sol_med_50,run_037,run_041,0.123,0.244,0.057,0.0,False,False
real_gpt56sol_med_50,run_037,run_042,0.121,0.718,0.106,1.0,True,True
real_gpt56sol_med_50,run_037,run_043,0.16,0.277,0.028,0.0,False,False
real_gpt56sol_med_50,run_037,run_044,0.158,0.937,0.167,1.0,True,True
real_gpt56sol_med_50,run_037,run_045,0.137,0.346,0.085,1.0,True,True
real_gpt56sol_med_50,run_037,run_046,0.138,0.344,0.19,0.0,True,True
real_gpt56sol_med_50,run_037,run_047,0.187,0.825,0.043,1.0,True,True
real_gpt56sol_med_50,run_037,run_048,0.214,0.339,0.146,1.0,True,True
real_gpt56sol_med_50,run_037,run_049,0.211,0.356,0.053,0.0,True,True
real_gpt56sol_med_50,run_037,run_050,0.196,0.902,0.047,1.0,True,True
real_gpt56sol_med_50,run_038,run_039,0.07,0.301,0.033,1.0,False,True
real_gpt56sol_med_50,run_038,run_040,0.083,0.535,0.042,1.0,True,True
real_gpt56sol_med_50,run_038,run_041,0.071,0.153,0.098,1.0,False,False
real_gpt56sol_med_50,run_038,run_042,0.124,0.408,0.106,0.0,True,True
real_gpt56sol_med_50,run_038,run_043,0.074,0.367,0.274,1.0,False,False
real_gpt56sol_med_50,run_038,run_044,0.216,0.409,0.08,0.0,True,True
real_gpt56sol_med_50,run_038,run_045,0.08,0.229,0.032,0.0,True,True
real_gpt56sol_med_50,run_038,run_046,0.081,0.677,0.049,1.0,True,True
real_gpt56sol_med_50,run_038,run_047,0.135,0.388,0.06,0.0,True,True
real_gpt56sol_med_50,run_038,run_048,0.122,0.055,0.045,0.0,True,True
real_gpt56sol_med_50,run_038,run_049,0.139,0.527,0.257,1.0,True,True
real_gpt56sol_med_50,run_038,run_050,0.108,0.372,0.264,0.0,True,True
real_gpt56sol_med_50,run_039,run_040,0.113,0.224,0.018,1.0,False,True
real_gpt56sol_med_50,run_039,run_041,0.128,0.242,0.025,1.0,False,False
real_gpt56sol_med_50,run_039,run_042,0.148,0.289,0.058,0.0,False,True
real_gpt56sol_med_50,run_039,run_043,0.149,0.375,0.036,1.0,False,False
real_gpt56sol_med_50,run_039,run_044,0.088,0.297,0.03,0.0,False,True
real_gpt56sol_med_50,run_039,run_045,0.214,0.309,0.022,0.0,False,True
real_gpt56sol_med_50,run_039,run_046,0.176,0.33,0.02,1.0,False,True
real_gpt56sol_med_50,run_039,run_047,0.188,0.287,0.015,0.0,False,True
real_gpt56sol_med_50,run_039,run_048,0.181,0.038,0.047,0.0,False,True
real_gpt56sol_med_50,run_039,run_049,0.119,0.419,0.02,1.0,False,True
real_gpt56sol_med_50,run_039,run_050,0.15,0.265,0.02,0.0,False,True
real_gpt56sol_med_50,run_040,run_041,0.114,0.364,0.025,1.0,False,False
real_gpt56sol_med_50,run_040,run_042,0.111,0.43,0.055,0.0,True,True
real_gpt56sol_med_50,run_040,run_043,0.111,0.372,0.055,1.0,False,False
real_gpt56sol_med_50,run_040,run_044,0.095,0.402,0.065,0.0,True,True
real_gpt56sol_med_50,run_040,run_045,0.117,0.372,0.088,0.0,True,True
real_gpt56sol_med_50,run_040,run_046,0.127,0.356,0.174,1.0,True,True
real_gpt56sol_med_50,run_040,run_047,0.125,0.387,0.03,0.0,True,True
real_gpt56sol_med_50,run_040,run_048,0.124,0.107,0.132,0.0,True,True
real_gpt56sol_med_50,run_040,run_049,0.149,0.434,0.035,1.0,True,True
real_gpt56sol_med_50,run_040,run_050,0.11,0.354,0.049,0.0,True,True
real_gpt56sol_med_50,run_041,run_042,0.113,0.252,0.126,0.0,False,False
real_gpt56sol_med_50,run_041,run_043,0.237,0.501,0.233,1.0,True,True
real_gpt56sol_med_50,run_041,run_044,0.088,0.236,0.073,0.0,False,False
real_gpt56sol_med_50,run_041,run_045,0.151,0.302,0.024,0.0,False,False
real_gpt56sol_med_50,run_041,run_046,0.169,0.463,0.039,1.0,False,False
real_gpt56sol_med_50,run_041,run_047,0.146,0.167,0.041,0.0,False,False
real_gpt56sol_med_50,run_041,run_048,0.199,0.064,0.05,0.0,False,False
real_gpt56sol_med_50,run_041,run_049,0.15,0.367,0.071,1.0,False,False
real_gpt56sol_med_50,run_041,run_050,0.16,0.242,0.084,0.0,False,False
real_gpt56sol_med_50,run_042,run_043,0.107,0.276,0.003,0.0,False,False
real_gpt56sol_med_50,run_042,run_044,0.148,0.673,0.142,1.0,True,True
real_gpt56sol_med_50,run_042,run_045,0.147,0.367,0.01,1.0,True,True
real_gpt56sol_med_50,run_042,run_046,0.119,0.266,0.021,0.0,True,True
real_gpt56sol_med_50,run_042,run_047,0.175,0.589,0.019,1.0,True,True
real_gpt56sol_med_50,run_042,run_048,0.129,0.209,0.01,1.0,True,True
real_gpt56sol_med_50,run_042,run_049,0.193,0.353,0.009,0.0,True,True
real_gpt56sol_med_50,run_042,run_050,0.135,0.692,0.021,1.0,True,True
real_gpt56sol_med_50,run_043,run_044,0.08,0.285,0.024,0.0,False,False
real_gpt56sol_med_50,run_043,run_045,0.128,0.28,0.039,0.0,False,False
real_gpt56sol_med_50,run_043,run_046,0.128,0.447,0.04,1.0,False,False
real_gpt56sol_med_50,run_043,run_047,0.125,0.151,0.029,0.0,False,False
real_gpt56sol_med_50,run_043,run_048,0.156,0.069,0.081,0.0,False,False
real_gpt56sol_med_50,run_043,run_049,0.129,0.445,0.202,1.0,False,False
real_gpt56sol_med_50,run_043,run_050,0.174,0.291,0.219,0.0,False,False
real_gpt56sol_med_50,run_044,run_045,0.095,0.346,0.045,1.0,True,True
real_gpt56sol_med_50,run_044,run_046,0.09,0.352,0.033,0.0,True,True
real_gpt56sol_med_50,run_044,run_047,0.193,0.887,0.008,1.0,True,True
real_gpt56sol_med_50,run_044,run_048,0.257,0.393,0.036,1.0,True,True
real_gpt56sol_med_50,run_044,run_049,0.134,0.346,0.022,0.0,True,True
real_gpt56sol_med_50,run_044,run_050,0.172,0.967,0.025,1.0,True,True
real_gpt56sol_med_50,run_045,run_046,0.192,0.244,0.215,0.0,True,True
real_gpt56sol_med_50,run_045,run_047,0.223,0.332,0.035,1.0,True,True
real_gpt56sol_med_50,run_045,run_048,0.172,0.17,0.192,1.0,True,True
real_gpt56sol_med_50,run_045,run_049,0.117,0.4,0.009,0.0,True,True
real_gpt56sol_med_50,run_045,run_050,0.154,0.346,0.018,1.0,True,True
real_gpt56sol_med_50,run_046,run_047,0.196,0.323,0.047,0.0,True,True
real_gpt56sol_med_50,run_046,run_048,0.244,0.055,0.38,0.0,True,True
real_gpt56sol_med_50,run_046,run_049,0.132,0.613,0.036,1.0,True,True
real_gpt56sol_med_50,run_046,run_050,0.166,0.208,0.112,0.0,True,True
real_gpt56sol_med_50,run_047,run_048,0.217,0.161,0.024,1.0,True,True
real_gpt56sol_med_50,run_047,run_049,0.116,0.34,0.088,0.0,True,True
real_gpt56sol_med_50,run_047,run_050,0.236,0.851,0.133,1.0,True,True
real_gpt56sol_med_50,run_048,run_049,0.134,0.371,0.033,0.0,True,True
real_gpt56sol_med_50,run_048,run_050,0.282,0.554,0.03,1.0,True,True
real_gpt56sol_med_50,run_049,run_050,0.128,0.277,0.258,0.0,True,True
real_grok46_50,run_001,run_002,0.056,0.333,0.148,0.0,False,False
real_grok46_50,run_001,run_003,0.137,0.444,0.303,1.0,False,False
real_grok46_50,run_001,run_004,0.079,0.41,0.283,1.0,False,False
real_grok46_50,run_001,run_005,0.147,0.453,0.027,1.0,True,True
real_grok46_50,run_001,run_006,0.173,0.324,0.023,1.0,False,False
real_grok46_50,run_001,run_007,0.137,0.188,0.084,1.0,True,True
real_grok46_50,run_001,run_008,0.204,0.297,0.033,0.0,False,False
real_grok46_50,run_001,run_009,0.164,0.431,0.011,1.0,False,False
real_grok46_50,run_001,run_010,0.055,0.375,0.294,1.0,True,True
real_grok46_50,run_001,run_011,0.045,0.125,0.073,0.0,False,False
real_grok46_50,run_001,run_012,0.074,0.39,0.051,1.0,False,False
real_grok46_50,run_001,run_013,0.147,0.123,0.247,0.0,False,False
real_grok46_50,run_001,run_014,0.117,0.142,0.051,1.0,False,False
real_grok46_50,run_001,run_015,0.161,0.349,0.091,1.0,False,False
real_grok46_50,run_001,run_016,0.159,0.456,0.277,1.0,False,False
real_grok46_50,run_001,run_017,0.052,0.115,0.399,0.0,False,False
real_grok46_50,run_001,run_018,0.047,0.359,0.027,1.0,True,True
real_grok46_50,run_001,run_019,0.38,0.447,0.016,1.0,False,False
real_grok46_50,run_001,run_020,0.254,0.395,0.206,1.0,True,True
real_grok46_50,run_001,run_021,0.093,0.357,0.114,1.0,True,True
real_grok46_50,run_001,run_022,0.09,0.403,0.098,1.0,False,False
real_grok46_50,run_001,run_023,0.216,0.143,0.225,1.0,True,True
real_grok46_50,run_001,run_024,0.102,0.299,0.053,1.0,False,False
real_grok46_50,run_001,run_025,0.025,0.39,0.032,1.0,True,True
real_grok46_50,run_001,run_026,0.022,0.413,0.421,1.0,True,True
real_grok46_50,run_001,run_027,0.137,0.151,0.032,1.0,False,False
real_grok46_50,run_001,run_028,0.063,0.596,0.061,1.0,True,True
real_grok46_50,run_001,run_029,0.147,0.586,0.022,1.0,True,True
real_grok46_50,run_001,run_030,0.125,0.379,0.041,1.0,True,True
real_grok46_50,run_001,run_031,0.35,0.453,0.037,1.0,True,True
real_grok46_50,run_001,run_032,0.209,0.444,0.023,1.0,False,False
real_grok46_50,run_001,run_033,0.101,0.243,0.109,0.0,False,False
real_grok46_50,run_001,run_034,0.02,0.245,0.068,1.0,False,False
real_grok46_50,run_001,run_035,0.031,0.127,0.178,0.0,False,False
real_grok46_50,run_001,run_036,0.162,0.327,0.02,1.0,False,False
real_grok46_50,run_001,run_037,0.041,0.336,0.015,1.0,False,False
real_grok46_50,run_001,run_038,0.078,0.353,0.068,0.0,False,False
real_grok46_50,run_001,run_039,0.069,0.327,0.057,1.0,False,False
real_grok46_50,run_001,run_040,0.352,0.579,0.028,1.0,True,True
real_grok46_50,run_001,run_041,0.163,0.282,0.01,1.0,False,False
real_grok46_50,run_001,run_042,0.013,0.556,0.41,1.0,False,True
real_grok46_50,run_001,run_043,0.013,0.219,0.066,1.0,False,False
real_grok46_50,run_001,run_044,0.124,0.349,0.065,1.0,True,True
real_grok46_50,run_001,run_045,0.129,0.339,0.287,1.0,False,False
real_grok46_50,run_001,run_046,0.264,0.272,0.076,0.0,False,False
real_grok46_50,run_001,run_047,0.235,0.312,0.352,1.0,False,False
real_grok46_50,run_001,run_048,0.074,0.371,0.107,1.0,False,False
real_grok46_50,run_001,run_049,0.276,0.341,0.076,1.0,False,False
real_grok46_50,run_001,run_050,0.074,0.315,0.327,0.0,False,False
real_grok46_50,run_002,run_003,0.058,0.234,0.377,0.0,True,True
real_grok46_50,run_002,run_004,0.134,0.42,0.438,0.0,True,True
real_grok46_50,run_002,run_005,0.093,0.4,0.033,0.0,False,False
real_grok46_50,run_002,run_006,0.086,0.353,0.047,0.0,True,True
real_grok46_50,run_002,run_007,0.139,0.072,0.066,0.0,False,False
real_grok46_50,run_002,run_008,0.109,0.676,0.053,0.5,True,True
real_grok46_50,run_002,run_009,0.18,0.291,0.029,0.0,True,True
real_grok46_50,run_002,run_010,0.187,0.243,0.543,0.0,False,False
real_grok46_50,run_002,run_011,0.122,0.505,0.051,1.0,True,True
real_grok46_50,run_002,run_012,0.158,0.346,0.074,0.0,True,True
real_grok46_50,run_002,run_013,0.255,0.508,0.223,0.5,True,True
real_grok46_50,run_002,run_014,0.078,0.388,0.061,0.0,True,True
real_grok46_50,run_002,run_015,0.082,0.397,0.073,0.0,True,True
real_grok46_50,run_002,run_016,0.097,0.387,0.077,0.0,True,True
real_grok46_50,run_002,run_017,0.172,0.467,0.099,0.5,True,True
real_grok46_50,run_002,run_018,0.121,0.319,0.037,0.0,False,False
real_grok46_50,run_002,run_019,0.039,0.377,0.018,0.0,True,True
real_grok46_50,run_002,run_020,0.147,0.333,0.04,0.0,False,False
real_grok46_50,run_002,run_021,0.145,0.146,0.107,0.0,False,False
real_grok46_50,run_002,run_022,0.132,0.347,0.103,0.0,True,True
real_grok46_50,run_002,run_023,0.133,0.02,0.041,0.0,False,False
real_grok46_50,run_002,run_024,0.13,0.494,0.08,0.0,True,True
real_grok46_50,run_002,run_025,0.062,0.311,0.042,0.0,False,False
real_grok46_50,run_002,run_026,0.077,0.347,0.534,0.0,False,False
real_grok46_50,run_002,run_027,0.087,0.048,0.052,0.0,True,True
real_grok46_50,run_002,run_028,0.158,0.291,0.046,0.0,False,False
real_grok46_50,run_002,run_029,0.059,0.323,0.045,0.0,False,False
real_grok46_50,run_002,run_030,0.1,0.211,0.045,0.0,False,False
real_grok46_50,run_002,run_031,0.089,0.274,0.049,0.0,False,False
real_grok46_50,run_002,run_032,0.056,0.394,0.027,0.0,True,True
real_grok46_50,run_002,run_033,0.127,0.238,0.084,0.5,True,True
real_grok46_50,run_002,run_034,0.066,0.049,0.206,0.0,True,True
real_grok46_50,run_002,run_035,0.107,0.512,0.229,1.0,True,True
real_grok46_50,run_002,run_036,0.124,0.322,0.033,0.0,True,True
real_grok46_50,run_002,run_037,0.106,0.331,0.028,0.0,True,True
real_grok46_50,run_002,run_038,0.056,0.65,0.096,1.0,True,True
real_grok46_50,run_002,run_039,0.167,0.453,0.061,0.0,True,True
real_grok46_50,run_002,run_040,0.098,0.292,0.038,0.0,False,False
real_grok46_50,run_002,run_041,0.167,0.366,0.013,0.0,True,True
real_grok46_50,run_002,run_042,0.215,0.361,0.578,0.0,True,False
real_grok46_50,run_002,run_043,0.098,0.448,0.079,0.0,True,True
real_grok46_50,run_002,run_044,0.038,0.294,0.038,0.0,False,False
real_grok46_50,run_002,run_045,0.115,0.358,0.58,0.0,True,True
real_grok46_50,run_002,run_046,0.147,0.567,0.141,0.5,True,True
real_grok46_50,run_002,run_047,0.056,0.39,0.211,0.0,True,True
real_grok46_50,run_002,run_048,0.155,0.336,0.062,0.0,True,True
real_grok46_50,run_002,run_049,0.047,0.428,0.104,0.0,False,True
real_grok46_50,run_002,run_050,0.067,0.635,0.306,0.5,True,True
real_grok46_50,run_003,run_004,0.099,0.422,0.293,1.0,True,True
real_grok46_50,run_003,run_005,0.262,0.417,0.04,1.0,False,False
real_grok46_50,run_003,run_006,0.103,0.756,0.052,1.0,True,True
real_grok46_50,run_003,run_007,0.143,0.132,0.104,1.0,False,False
real_grok46_50,run_003,run_008,0.236,0.222,0.047,0.0,True,True
real_grok46_50,run_003,run_009,0.061,0.402,0.026,1.0,True,True
real_grok46_50,run_003,run_010,0.056,0.345,0.406,1.0,False,False
real_grok46_50,run_003,run_011,0.066,0.335,0.049,0.0,True,True
real_grok46_50,run_003,run_012,0.057,0.752,0.07,1.0,True,True
real_grok46_50,run_003,run_013,0.064,0.326,0.409,0.0,True,True
real_grok46_50,run_003,run_014,0.178,0.484,0.076,1.0,True,True
real_grok46_50,run_003,run_015,0.163,0.363,0.081,1.0,True,True
real_grok46_50,run_003,run_016,0.295,0.575,0.087,1.0,True,True
real_grok46_50,run_003,run_017,0.107,0.435,0.145,0.0,True,True
real_grok46_50,run_003,run_018,0.068,0.376,0.033,1.0,False,False
real_grok46_50,run_003,run_019,0.19,0.586,0.02,1.0,True,True
real_grok46_50,run_003,run_020,0.241,0.465,0.239,1.0,False,False
real_grok46_50,run_003,run_021,0.113,0.301,0.102,1.0,False,False
real_grok46_50,run_003,run_022,0.146,0.771,0.156,1.0,True,True
real_grok46_50,run_003,run_023,0.152,0.13,0.226,1.0,False,False
real_grok46_50,run_003,run_024,0.059,0.65,0.069,1.0,True,True
real_grok46_50,run_003,run_025,0.029,0.381,0.038,1.0,False,False
real_grok46_50,run_003,run_026,0.029,0.225,0.46,1.0,False,False
real_grok46_50,run_003,run_027,0.229,0.193,0.063,1.0,True,True
real_grok46_50,run_003,run_028,0.06,0.355,0.06,1.0,False,False
real_grok46_50,run_003,run_029,0.08,0.383,0.047,1.0,False,False
real_grok46_50,run_003,run_030,0.079,0.488,0.055,1.0,False,False
real_grok46_50,run_003,run_031,0.228,0.65,0.044,1.0,False,False
real_grok46_50,run_003,run_032,0.291,0.585,0.03,1.0,True,True
real_grok46_50,run_003,run_033,0.193,0.092,0.134,0.0,True,True
real_grok46_50,run_003,run_034,0.016,0.073,0.093,1.0,True,True
real_grok46_50,run_003,run_035,0.051,0.341,0.241,0.0,True,True
real_grok46_50,run_003,run_036,0.278,0.448,0.029,1.0,True,True
real_grok46_50,run_003,run_037,0.056,0.613,0.032,1.0,True,True
real_grok46_50,run_003,run_038,0.081,0.276,0.154,0.0,True,True
real_grok46_50,run_003,run_039,0.079,0.702,0.055,1.0,True,True
real_grok46_50,run_003,run_040,0.185,0.531,0.037,1.0,False,False
real_grok46_50,run_003,run_041,0.14,0.788,0.027,1.0,True,True
real_grok46_50,run_003,run_042,0.039,0.509,0.445,1.0,True,False
real_grok46_50,run_003,run_043,0.059,0.399,0.092,1.0,True,True
real_grok46_50,run_003,run_044,0.224,0.322,0.037,1.0,False,False
real_grok46_50,run_003,run_045,0.104,0.748,0.327,1.0,True,True
real_grok46_50,run_003,run_046,0.051,0.405,0.117,0.0,True,True
real_grok46_50,run_003,run_047,0.184,0.448,0.15,1.0,True,True
real_grok46_50,run_003,run_048,0.126,0.629,0.134,1.0,True,True
real_grok46_50,run_003,run_049,0.283,0.579,0.092,1.0,False,True
real_grok46_50,run_003,run_050,0.118,0.46,0.246,0.0,True,True
real_grok46_50,run_004,run_005,0.053,0.453,0.047,1.0,False,False
real_grok46_50,run_004,run_006,0.053,0.416,0.026,1.0,True,True
real_grok46_50,run_004,run_007,0.098,0.043,0.107,1.0,False,False
real_grok46_50,run_004,run_008,0.063,0.466,0.044,0.0,True,True
real_grok46_50,run_004,run_009,0.04,0.252,0.021,1.0,True,True
real_grok46_50,run_004,run_010,0.029,0.342,0.441,1.0,False,False
real_grok46_50,run_004,run_011,0.043,0.72,0.043,0.0,True,True
real_grok46_50,run_004,run_012,0.031,0.496,0.066,1.0,True,True
real_grok46_50,run_004,run_013,0.146,0.7,0.228,0.0,True,True
real_grok46_50,run_004,run_014,0.096,0.802,0.067,1.0,True,True
real_grok46_50,run_004,run_015,0.089,0.368,0.068,1.0,True,True
real_grok46_50,run_004,run_016,0.131,0.616,0.256,1.0,True,True
real_grok46_50,run_004,run_017,0.085,0.706,0.325,0.0,True,True
real_grok46_50,run_004,run_018,0.021,0.154,0.031,1.0,False,False
real_grok46_50,run_004,run_019,0.063,0.558,0.015,1.0,True,True
real_grok46_50,run_004,run_020,0.052,0.304,0.033,1.0,False,False
real_grok46_50,run_004,run_021,0.051,0.331,0.109,1.0,False,False
real_grok46_50,run_004,run_022,0.02,0.449,0.141,1.0,True,True
real_grok46_50,run_004,run_023,0.019,0.106,0.035,1.0,False,False
real_grok46_50,run_004,run_024,0.291,0.6,0.064,1.0,True,True
real_grok46_50,run_004,run_025,0.026,0.358,0.035,1.0,False,False
real_grok46_50,run_004,run_026,0.037,0.317,0.407,1.0,False,False
real_grok46_50,run_004,run_027,0.075,0.263,0.035,1.0,True,True
real_grok46_50,run_004,run_028,0.122,0.388,0.037,1.0,False,False
real_grok46_50,run_004,run_029,0.06,0.332,0.028,1.0,False,False
real_grok46_50,run_004,run_030,0.031,0.254,0.04,1.0,False,False
real_grok46_50,run_004,run_031,0.111,0.312,0.039,1.0,False,False
real_grok46_50,run_004,run_032,0.089,0.522,0.026,1.0,True,True
real_grok46_50,run_004,run_033,0.143,0.133,0.068,0.0,True,True
real_grok46_50,run_004,run_034,0.014,0.198,0.058,1.0,True,True
real_grok46_50,run_004,run_035,0.166,0.725,0.168,0.0,True,True
real_grok46_50,run_004,run_036,0.052,0.346,0.027,1.0,True,True
real_grok46_50,run_004,run_037,0.075,0.438,0.02,1.0,True,True
real_grok46_50,run_004,run_038,0.02,0.588,0.074,0.0,True,True
real_grok46_50,run_004,run_039,0.017,0.418,0.055,1.0,True,True
real_grok46_50,run_004,run_040,0.1,0.198,0.032,1.0,False,False
real_grok46_50,run_004,run_041,0.119,0.412,0.011,1.0,True,True
real_grok46_50,run_004,run_042,0.178,0.423,0.458,1.0,True,False
real_grok46_50,run_004,run_043,0.068,0.509,0.062,1.0,True,True
real_grok46_50,run_004,run_044,0.062,0.333,0.051,1.0,False,False
real_grok46_50,run_004,run_045,0.069,0.438,0.379,1.0,True,True
real_grok46_50,run_004,run_046,0.038,0.491,0.104,0.0,True,True
real_grok46_50,run_004,run_047,0.054,0.922,0.204,1.0,True,True
real_grok46_50,run_004,run_048,0.04,0.381,0.046,1.0,True,True
real_grok46_50,run_004,run_049,0.046,0.463,0.086,1.0,False,True
real_grok46_50,run_004,run_050,0.106,0.516,0.273,0.0,True,True
real_grok46_50,run_005,run_006,0.074,0.333,0.12,1.0,False,False
real_grok46_50,run_005,run_007,0.199,0.34,0.246,1.0,True,True
real_grok46_50,run_005,run_008,0.259,0.453,0.113,0.0,False,False
real_grok46_50,run_005,run_009,0.109,0.614,0.035,1.0,False,False
real_grok46_50,run_005,run_010,0.069,0.454,0.4,1.0,True,True
real_grok46_50,run_005,run_011,0.029,0.282,0.213,0.0,False,False
real_grok46_50,run_005,run_012,0.132,0.386,0.24,1.0,False,False
real_grok46_50,run_005,run_013,0.048,0.273,0.03,0.0,False,False
real_grok46_50,run_005,run_014,0.14,0.34,0.053,1.0,False,False
real_grok46_50,run_005,run_015,0.149,0.364,0.215,1.0,False,False
real_grok46_50,run_005,run_016,0.278,0.364,0.144,1.0,False,False
real_grok46_50,run_005,run_017,0.075,0.247,0.215,0.0,False,False
real_grok46_50,run_005,run_018,0.061,0.546,0.032,1.0,True,True
real_grok46_50,run_005,run_019,0.13,0.333,0.211,1.0,False,False
real_grok46_50,run_005,run_020,0.165,0.555,0.155,1.0,True,True
real_grok46_50,run_005,run_021,0.159,0.269,0.046,1.0,True,True
real_grok46_50,run_005,run_022,0.191,0.358,0.027,1.0,False,False
real_grok46_50,run_005,run_023,0.158,0.086,0.276,1.0,True,True
real_grok46_50,run_005,run_024,0.065,0.476,0.283,1.0,False,False
real_grok46_50,run_005,run_025,0.027,0.489,0.111,1.0,True,True
real_grok46_50,run_005,run_026,0.024,0.504,0.391,1.0,True,True
real_grok46_50,run_005,run_027,0.171,0.098,0.088,1.0,False,False
real_grok46_50,run_005,run_028,0.077,0.414,0.126,1.0,True,True
real_grok46_50,run_005,run_029,0.116,0.622,0.131,1.0,True,True
real_grok46_50,run_005,run_030,0.081,0.298,0.015,1.0,True,True
real_grok46_50,run_005,run_031,0.252,0.354,0.111,1.0,True,True
real_grok46_50,run_005,run_032,0.254,0.163,0.252,1.0,False,False
real_grok46_50,run_005,run_033,0.165,0.392,0.092,0.0,False,False
real_grok46_50,run_005,run_034,0.022,0.277,0.012,1.0,False,False
real_grok46_50,run_005,run_035,0.034,0.289,0.081,0.0,False,False
real_grok46_50,run_005,run_036,0.312,0.531,0.284,1.0,False,False
real_grok46_50,run_005,run_037,0.038,0.24,0.158,1.0,False,False
real_grok46_50,run_005,run_038,0.085,0.481,0.154,0.0,False,False
real_grok46_50,run_005,run_039,0.089,0.512,0.2,1.0,False,False
real_grok46_50,run_005,run_040,0.156,0.619,0.132,1.0,True,True
real_grok46_50,run_005,run_041,0.123,0.356,0.023,1.0,False,False
real_grok46_50,run_005,run_042,0.014,0.659,0.48,1.0,False,True
real_grok46_50,run_005,run_043,0.014,0.319,0.226,1.0,False,False
real_grok46_50,run_005,run_044,0.237,0.421,0.28,1.0,True,True
real_grok46_50,run_005,run_045,0.092,0.391,0.156,1.0,False,False
real_grok46_50,run_005,run_046,0.112,0.417,0.083,0.0,False,False
real_grok46_50,run_005,run_047,0.207,0.473,0.023,1.0,False,False
real_grok46_50,run_005,run_048,0.103,0.34,0.267,1.0,False,False
real_grok46_50,run_005,run_049,0.313,0.458,0.142,1.0,False,False
real_grok46_50,run_005,run_050,0.112,0.493,0.207,0.0,False,False
real_grok46_50,run_006,run_007,0.13,0.061,0.029,1.0,False,False
real_grok46_50,run_006,run_008,0.148,0.175,0.014,0.0,True,True
real_grok46_50,run_006,run_009,0.161,0.291,0.177,1.0,True,True
real_grok46_50,run_006,run_010,0.104,0.235,0.501,1.0,False,False
real_grok46_50,run_006,run_011,0.131,0.327,0.05,0.0,True,True
real_grok46_50,run_006,run_012,0.19,0.545,0.055,1.0,True,True
real_grok46_50,run_006,run_013,0.171,0.336,0.059,0.0,True,True
real_grok46_50,run_006,run_014,0.084,0.458,0.038,1.0,True,True
real_grok46_50,run_006,run_015,0.152,0.336,0.061,1.0,True,True
real_grok46_50,run_006,run_016,0.084,0.567,0.119,1.0,True,True
real_grok46_50,run_006,run_017,0.07,0.414,0.122,0.0,True,True
real_grok46_50,run_006,run_018,0.12,0.321,0.031,1.0,False,False
real_grok46_50,run_006,run_019,0.19,0.556,0.125,1.0,True,True
real_grok46_50,run_006,run_020,0.167,0.332,0.015,1.0,False,False
real_grok46_50,run_006,run_021,0.224,0.276,0.052,1.0,False,False
real_grok46_50,run_006,run_022,0.071,0.768,0.022,1.0,True,True
real_grok46_50,run_006,run_023,0.123,0.151,0.024,1.0,False,False
real_grok46_50,run_006,run_024,0.023,0.59,0.069,1.0,True,True
real_grok46_50,run_006,run_025,0.053,0.31,0.06,1.0,False,False
real_grok46_50,run_006,run_026,0.064,0.187,0.423,1.0,False,False
real_grok46_50,run_006,run_027,0.108,0.377,0.033,1.0,True,True
real_grok46_50,run_006,run_028,0.09,0.48,0.053,1.0,False,False
real_grok46_50,run_006,run_029,0.058,0.446,0.166,1.0,False,False
real_grok46_50,run_006,run_030,0.071,0.371,0.052,1.0,False,False
real_grok46_50,run_006,run_031,0.161,0.561,0.127,1.0,False,False
real_grok46_50,run_006,run_032,0.147,0.626,0.023,1.0,True,True
real_grok46_50,run_006,run_033,0.129,0.06,0.018,0.0,True,True
real_grok46_50,run_006,run_034,0.061,0.406,0.032,1.0,True,True
real_grok46_50,run_006,run_035,0.039,0.382,0.144,0.0,True,True
real_grok46_50,run_006,run_036,0.061,0.427,0.05,1.0,True,True
real_grok46_50,run_006,run_037,0.121,0.543,0.06,1.0,True,True
real_grok46_50,run_006,run_038,0.091,0.204,0.029,0.0,True,True
real_grok46_50,run_006,run_039,0.121,0.697,0.039,1.0,True,True
real_grok46_50,run_006,run_040,0.194,0.457,0.256,1.0,False,False
real_grok46_50,run_006,run_041,0.122,0.876,0.049,1.0,True,True
real_grok46_50,run_006,run_042,0.166,0.507,0.402,1.0,True,False
real_grok46_50,run_006,run_043,0.083,0.356,0.104,1.0,True,True
real_grok46_50,run_006,run_044,0.062,0.267,0.087,1.0,False,False
real_grok46_50,run_006,run_045,0.086,0.783,0.058,1.0,True,True
real_grok46_50,run_006,run_046,0.262,0.364,0.08,0.0,True,True
real_grok46_50,run_006,run_047,0.192,0.414,0.12,1.0,True,True
real_grok46_50,run_006,run_048,0.153,0.598,0.084,1.0,True,True
real_grok46_50,run_006,run_049,0.047,0.571,0.044,1.0,False,True
real_grok46_50,run_006,run_050,0.14,0.416,0.133,0.0,True,True
real_grok46_50,run_007,run_008,0.292,0.248,0.094,0.0,False,False
real_grok46_50,run_007,run_009,0.148,0.429,0.053,1.0,False,False
real_grok46_50,run_007,run_010,0.074,0.428,0.342,1.0,True,True
real_grok46_50,run_007,run_011,0.061,0.147,0.197,0.0,False,False
real_grok46_50,run_007,run_012,0.109,0.387,0.225,1.0,False,False
real_grok46_50,run_007,run_013,0.044,0.145,0.069,0.0,False,False
real_grok46_50,run_007,run_014,0.062,0.161,0.029,1.0,False,False
real_grok46_50,run_007,run_015,0.074,0.453,0.104,1.0,False,False
real_grok46_50,run_007,run_016,0.195,0.248,0.107,1.0,False,False
real_grok46_50,run_007,run_017,0.077,0.137,0.148,0.0,False,False
real_grok46_50,run_007,run_018,0.186,0.533,0.015,1.0,True,True
real_grok46_50,run_007,run_019,0.149,0.236,0.14,1.0,False,False
real_grok46_50,run_007,run_020,0.085,0.617,0.179,1.0,True,True
real_grok46_50,run_007,run_021,0.119,0.377,0.025,1.0,True,True
real_grok46_50,run_007,run_022,0.071,0.239,0.037,1.0,False,False
real_grok46_50,run_007,run_023,0.132,0.053,0.155,1.0,True,True
real_grok46_50,run_007,run_024,0.029,0.273,0.139,1.0,False,False
real_grok46_50,run_007,run_025,0.055,0.576,0.128,1.0,True,True
real_grok46_50,run_007,run_026,0.04,0.49,0.256,1.0,True,True
real_grok46_50,run_007,run_027,0.073,0.088,0.081,1.0,False,False
real_grok46_50,run_007,run_028,0.154,0.393,0.132,1.0,True,True
real_grok46_50,run_007,run_029,0.078,0.431,0.16,1.0,True,True
real_grok46_50,run_007,run_030,0.08,0.379,0.013,1.0,True,True
real_grok46_50,run_007,run_031,0.087,0.22,0.094,1.0,True,True
real_grok46_50,run_007,run_032,0.26,0.09,0.197,1.0,False,False
real_grok46_50,run_007,run_033,0.071,0.07,0.142,0.0,False,False
real_grok46_50,run_007,run_034,0.065,0.54,0.021,1.0,False,False
real_grok46_50,run_007,run_035,0.016,0.149,0.067,0.0,False,False
real_grok46_50,run_007,run_036,0.286,0.503,0.185,1.0,False,False
real_grok46_50,run_007,run_037,0.109,0.447,0.1,1.0,False,False
real_grok46_50,run_007,run_038,0.111,0.269,0.135,0.0,False,False
real_grok46_50,run_007,run_039,0.129,0.297,0.093,1.0,False,False
real_grok46_50,run_007,run_040,0.13,0.467,0.114,1.0,True,True
real_grok46_50,run_007,run_041,0.142,0.132,0.018,1.0,False,False
real_grok46_50,run_007,run_042,0.075,0.433,0.447,1.0,False,True
real_grok46_50,run_007,run_043,0.025,0.338,0.187,1.0,False,False
real_grok46_50,run_007,run_044,0.115,0.667,0.12,1.0,True,True
real_grok46_50,run_007,run_045,0.103,0.248,0.1,1.0,False,False
real_grok46_50,run_007,run_046,0.187,0.213,0.024,0.0,False,False
real_grok46_50,run_007,run_047,0.201,0.287,0.019,1.0,False,False
real_grok46_50,run_007,run_048,0.136,0.378,0.133,1.0,False,False
real_grok46_50,run_007,run_049,0.128,0.495,0.098,1.0,False,False
real_grok46_50,run_007,run_050,0.08,0.26,0.163,0.0,False,False
real_grok46_50,run_008,run_009,0.094,0.338,0.047,0.0,True,True
real_grok46_50,run_008,run_010,0.09,0.274,0.448,0.0,False,False
real_grok46_50,run_008,run_011,0.029,0.585,0.171,0.5,True,True
real_grok46_50,run_008,run_012,0.094,0.217,0.115,0.0,True,True
real_grok46_50,run_008,run_013,0.067,0.622,0.019,1.0,True,True
real_grok46_50,run_008,run_014,0.154,0.419,0.099,0.0,True,True
real_grok46_50,run_008,run_015,0.135,0.367,0.121,0.0,True,True
real_grok46_50,run_008,run_016,0.291,0.437,0.141,0.0,True,True
real_grok46_50,run_008,run_017,0.178,0.645,0.115,1.0,True,True
real_grok46_50,run_008,run_018,0.078,0.308,0.011,0.0,False,False
real_grok46_50,run_008,run_019,0.108,0.418,0.02,0.0,True,True
real_grok46_50,run_008,run_020,0.247,0.316,0.146,0.0,False,False
real_grok46_50,run_008,run_021,0.143,0.123,0.057,0.0,False,False
real_grok46_50,run_008,run_022,0.131,0.379,0.034,0.0,True,True
real_grok46_50,run_008,run_023,0.139,0.016,0.182,0.0,False,False
real_grok46_50,run_008,run_024,0.056,0.52,0.143,0.0,True,True
real_grok46_50,run_008,run_025,0.024,0.288,0.04,0.0,False,False
real_grok46_50,run_008,run_026,0.021,0.297,0.452,0.0,False,False
real_grok46_50,run_008,run_027,0.169,0.097,0.215,0.0,True,True
real_grok46_50,run_008,run_028,0.062,0.285,0.113,0.0,False,False
real_grok46_50,run_008,run_029,0.096,0.325,0.069,0.0,False,False
real_grok46_50,run_008,run_030,0.114,0.206,0.057,0.0,False,False
real_grok46_50,run_008,run_031,0.193,0.204,0.022,0.0,False,False
real_grok46_50,run_008,run_032,0.208,0.375,0.119,0.0,True,True
real_grok46_50,run_008,run_033,0.145,0.185,0.151,1.0,True,True
real_grok46_50,run_008,run_034,0.015,0.057,0.015,0.0,True,True
real_grok46_50,run_008,run_035,0.03,0.586,0.053,0.5,True,True
real_grok46_50,run_008,run_036,0.407,0.29,0.24,0.0,True,True
real_grok46_50,run_008,run_037,0.046,0.315,0.144,0.0,True,True
real_grok46_50,run_008,run_038,0.145,0.66,0.131,0.5,True,True
real_grok46_50,run_008,run_039,0.08,0.472,0.197,0.0,True,True
real_grok46_50,run_008,run_040,0.127,0.333,0.254,0.0,False,False
real_grok46_50,run_008,run_041,0.201,0.163,0.035,0.0,True,True
real_grok46_50,run_008,run_042,0.012,0.343,0.403,0.0,True,False
real_grok46_50,run_008,run_043,0.037,0.402,0.079,0.0,True,True
real_grok46_50,run_008,run_044,0.253,0.249,0.153,0.0,False,False
real_grok46_50,run_008,run_045,0.113,0.37,0.08,0.0,True,True
real_grok46_50,run_008,run_046,0.117,0.707,0.105,1.0,True,True
real_grok46_50,run_008,run_047,0.283,0.471,0.075,0.0,True,True
real_grok46_50,run_008,run_048,0.125,0.313,0.109,0.0,True,True
real_grok46_50,run_008,run_049,0.256,0.442,0.159,0.0,False,True
real_grok46_50,run_008,run_050,0.083,0.854,0.09,1.0,True,True
real_grok46_50,run_009,run_010,0.086,0.497,0.372,1.0,False,False
real_grok46_50,run_009,run_011,0.099,0.224,0.071,0.0,True,True
real_grok46_50,run_009,run_012,0.193,0.388,0.011,1.0,True,True
real_grok46_50,run_009,run_013,0.143,0.219,0.047,0.0,True,True
real_grok46_50,run_009,run_014,0.121,0.255,0.094,1.0,True,True
real_grok46_50,run_009,run_015,0.086,0.358,0.111,1.0,True,True
real_grok46_50,run_009,run_016,0.093,0.321,0.282,1.0,True,True
real_grok46_50,run_009,run_017,0.026,0.204,0.078,0.0,True,True
real_grok46_50,run_009,run_018,0.113,0.558,0.009,1.0,False,False
real_grok46_50,run_009,run_019,0.157,0.288,0.031,1.0,True,True
real_grok46_50,run_009,run_020,0.139,0.607,0.051,1.0,False,False
real_grok46_50,run_009,run_021,0.116,0.368,0.131,1.0,False,False
real_grok46_50,run_009,run_022,0.133,0.336,0.074,1.0,True,True
real_grok46_50,run_009,run_023,0.153,0.069,0.016,1.0,False,False
real_grok46_50,run_009,run_024,0.065,0.354,0.063,1.0,True,True
real_grok46_50,run_009,run_025,0.056,0.441,0.044,1.0,False,False
real_grok46_50,run_009,run_026,0.039,0.505,0.449,1.0,False,False
real_grok46_50,run_009,run_027,0.068,0.09,0.119,1.0,True,True
real_grok46_50,run_009,run_028,0.092,0.494,0.026,1.0,False,False
real_grok46_50,run_009,run_029,0.092,0.519,0.026,1.0,False,False
real_grok46_50,run_009,run_030,0.078,0.339,0.034,1.0,False,False
real_grok46_50,run_009,run_031,0.168,0.402,0.017,1.0,False,False
real_grok46_50,run_009,run_032,0.13,0.323,0.03,1.0,True,True
real_grok46_50,run_009,run_033,0.129,0.26,0.052,0.0,True,True
real_grok46_50,run_009,run_034,0.067,0.249,0.115,1.0,True,True
real_grok46_50,run_009,run_035,0.016,0.228,0.082,0.0,True,True
real_grok46_50,run_009,run_036,0.081,0.577,0.007,1.0,True,True
real_grok46_50,run_009,run_037,0.093,0.275,0.009,1.0,True,True
real_grok46_50,run_009,run_038,0.178,0.388,0.063,0.0,True,True
real_grok46_50,run_009,run_039,0.175,0.364,0.054,1.0,True,True
real_grok46_50,run_009,run_040,0.161,0.651,0.065,1.0,False,False
real_grok46_50,run_009,run_041,0.079,0.333,0.008,1.0,True,True
real_grok46_50,run_009,run_042,0.065,0.597,0.436,1.0,True,False
real_grok46_50,run_009,run_043,0.027,0.364,0.057,1.0,True,True
real_grok46_50,run_009,run_044,0.057,0.522,0.08,1.0,False,False
real_grok46_50,run_009,run_045,0.08,0.342,0.077,1.0,True,True
real_grok46_50,run_009,run_046,0.255,0.302,0.031,0.0,True,True
real_grok46_50,run_009,run_047,0.23,0.305,0.289,1.0,True,True
real_grok46_50,run_009,run_048,0.199,0.39,0.081,1.0,True,True
real_grok46_50,run_009,run_049,0.072,0.47,0.046,1.0,False,True
real_grok46_50,run_009,run_050,0.108,0.36,0.07,0.0,True,True
real_grok46_50,run_010,run_011,0.139,0.178,0.07,0.0,False,False
real_grok46_50,run_010,run_012,0.107,0.364,0.058,1.0,False,False
real_grok46_50,run_010,run_013,0.25,0.175,0.109,0.0,False,False
real_grok46_50,run_010,run_014,0.112,0.197,0.103,1.0,False,False
real_grok46_50,run_010,run_015,0.071,0.504,0.044,1.0,False,False
real_grok46_50,run_010,run_016,0.095,0.269,0.079,1.0,False,False
real_grok46_50,run_010,run_017,0.137,0.165,0.21,0.0,False,False
real_grok46_50,run_010,run_018,0.115,0.609,0.014,1.0,True,True
real_grok46_50,run_010,run_019,0.021,0.255,0.026,1.0,False,False
real_grok46_50,run_010,run_020,0.112,0.573,0.043,1.0,True,True
real_grok46_50,run_010,run_021,0.115,0.371,0.129,1.0,True,True
real_grok46_50,run_010,run_022,0.085,0.268,0.099,1.0,False,False
real_grok46_50,run_010,run_023,0.127,0.058,0.041,1.0,True,True
real_grok46_50,run_010,run_024,0.05,0.304,0.047,1.0,False,False
real_grok46_50,run_010,run_025,0.052,0.546,0.045,1.0,True,True
real_grok46_50,run_010,run_026,0.099,0.496,0.389,1.0,True,True
real_grok46_50,run_010,run_027,0.051,0.134,0.052,1.0,False,False
real_grok46_50,run_010,run_028,0.083,0.373,0.042,1.0,True,True
real_grok46_50,run_010,run_029,0.151,0.458,0.041,1.0,True,True
real_grok46_50,run_010,run_030,0.086,0.405,0.05,1.0,True,True
real_grok46_50,run_010,run_031,0.088,0.247,0.053,1.0,True,True
real_grok46_50,run_010,run_032,0.061,0.1,0.058,1.0,False,False
real_grok46_50,run_010,run_033,0.083,0.061,0.081,0.0,False,False
real_grok46_50,run_010,run_034,0.066,0.347,0.082,1.0,False,False
real_grok46_50,run_010,run_035,0.017,0.181,0.224,0.0,False,False
real_grok46_50,run_010,run_036,0.064,0.571,0.032,1.0,False,False
real_grok46_50,run_010,run_037,0.115,0.389,0.039,1.0,False,False
real_grok46_50,run_010,run_038,0.072,0.312,0.152,0.0,False,False
real_grok46_50,run_010,run_039,0.108,0.334,0.079,1.0,False,False
real_grok46_50,run_010,run_040,0.073,0.497,0.012,1.0,True,True
real_grok46_50,run_010,run_041,0.088,0.142,0.014,1.0,False,False
real_grok46_50,run_010,run_042,0.085,0.453,0.384,1.0,False,True
real_grok46_50,run_010,run_043,0.067,0.357,0.087,1.0,False,False
real_grok46_50,run_010,run_044,0.085,0.595,0.042,1.0,True,True
real_grok46_50,run_010,run_045,0.093,0.278,0.321,1.0,False,False
real_grok46_50,run_010,run_046,0.134,0.263,0.051,0.0,False,False
real_grok46_50,run_010,run_047,0.072,0.322,0.22,1.0,False,False
real_grok46_50,run_010,run_048,0.138,0.419,0.032,1.0,False,False
real_grok46_50,run_010,run_049,0.06,0.45,0.083,1.0,False,False
real_grok46_50,run_010,run_050,0.071,0.288,0.133,0.0,False,False
real_grok46_50,run_011,run_012,0.095,0.281,0.251,0.0,True,True
real_grok46_50,run_011,run_013,0.094,0.93,0.013,0.5,True,True
real_grok46_50,run_011,run_014,0.092,0.736,0.024,0.0,True,True
real_grok46_50,run_011,run_015,0.054,0.354,0.198,0.0,True,True
real_grok46_50,run_011,run_016,0.08,0.467,0.106,0.0,True,True
real_grok46_50,run_011,run_017,0.136,0.789,0.116,0.5,True,True
real_grok46_50,run_011,run_018,0.065,0.257,0.015,0.0,False,False
real_grok46_50,run_011,run_019,0.059,0.421,0.157,0.0,True,True
real_grok46_50,run_011,run_020,0.236,0.192,0.115,0.0,False,False
real_grok46_50,run_011,run_021,0.08,0.316,0.061,0.0,False,False
real_grok46_50,run_011,run_022,0.106,0.436,0.026,0.0,True,True
real_grok46_50,run_011,run_023,0.103,0.018,0.113,0.0,False,False
real_grok46_50,run_011,run_024,0.02,0.282,0.11,0.0,True,True
real_grok46_50,run_011,run_025,0.053,0.196,0.077,0.0,False,False
real_grok46_50,run_011,run_026,0.087,0.177,0.306,0.0,False,False
real_grok46_50,run_011,run_027,0.049,0.036,0.087,0.0,True,True
real_grok46_50,run_011,run_028,0.109,0.173,0.1,0.0,False,False
real_grok46_50,run_011,run_029,0.109,0.269,0.135,0.0,False,False
real_grok46_50,run_011,run_030,0.066,0.245,0.013,0.0,False,False
real_grok46_50,run_011,run_031,0.104,0.295,0.11,0.0,False,False
real_grok46_50,run_011,run_032,0.125,0.223,0.142,0.0,True,True
real_grok46_50,run_011,run_033,0.109,0.09,0.093,0.5,True,True
real_grok46_50,run_011,run_034,0.063,0.072,0.011,0.0,True,True
real_grok46_50,run_011,run_035,0.224,0.844,0.042,1.0,True,True
real_grok46_50,run_011,run_036,0.051,0.347,0.113,0.0,True,True
real_grok46_50,run_011,run_037,0.166,0.367,0.097,0.0,True,True
real_grok46_50,run_011,run_038,0.078,0.695,0.144,1.0,True,True
real_grok46_50,run_011,run_039,0.108,0.396,0.145,0.0,True,True
real_grok46_50,run_011,run_040,0.077,0.223,0.119,0.0,False,False
real_grok46_50,run_011,run_041,0.103,0.344,0.02,0.0,True,True
real_grok46_50,run_011,run_042,0.191,0.329,0.452,0.0,True,False
real_grok46_50,run_011,run_043,0.138,0.532,0.228,0.0,True,True
real_grok46_50,run_011,run_044,0.045,0.201,0.191,0.0,False,False
real_grok46_50,run_011,run_045,0.113,0.416,0.087,0.0,True,True
real_grok46_50,run_011,run_046,0.18,0.536,0.03,0.5,True,True
real_grok46_50,run_011,run_047,0.119,0.673,0.029,0.0,True,True
real_grok46_50,run_011,run_048,0.151,0.349,0.175,0.0,True,True
real_grok46_50,run_011,run_049,0.031,0.406,0.112,0.0,False,True
real_grok46_50,run_011,run_050,0.114,0.595,0.153,0.5,True,True
real_grok46_50,run_012,run_013,0.087,0.275,0.027,0.0,True,True
real_grok46_50,run_012,run_014,0.108,0.445,0.034,1.0,True,True
real_grok46_50,run_012,run_015,0.111,0.381,0.21,1.0,True,True
real_grok46_50,run_012,run_016,0.061,0.625,0.132,1.0,True,True
real_grok46_50,run_012,run_017,0.032,0.41,0.198,0.0,True,True
real_grok46_50,run_012,run_018,0.119,0.331,0.028,1.0,False,False
real_grok46_50,run_012,run_019,0.107,0.625,0.177,1.0,True,True
real_grok46_50,run_012,run_020,0.22,0.431,0.178,1.0,False,False
real_grok46_50,run_012,run_021,0.115,0.414,0.027,1.0,False,False
real_grok46_50,run_012,run_022,0.137,0.619,0.023,1.0,True,True
real_grok46_50,run_012,run_023,0.144,0.067,0.226,1.0,False,False
real_grok46_50,run_012,run_024,0.034,0.694,0.246,1.0,True,True
real_grok46_50,run_012,run_025,0.063,0.353,0.121,1.0,False,False
real_grok46_50,run_012,run_026,0.052,0.201,0.377,1.0,False,False
real_grok46_50,run_012,run_027,0.059,0.093,0.08,1.0,True,True
real_grok46_50,run_012,run_028,0.109,0.443,0.122,1.0,False,False
real_grok46_50,run_012,run_029,0.077,0.395,0.035,1.0,False,False
real_grok46_50,run_012,run_030,0.116,0.542,0.013,1.0,False,False
real_grok46_50,run_012,run_031,0.141,0.557,0.128,1.0,False,False
real_grok46_50,run_012,run_032,0.066,0.557,0.246,1.0,True,True
real_grok46_50,run_012,run_033,0.093,0.083,0.083,0.0,True,True
real_grok46_50,run_012,run_034,0.073,0.066,0.022,1.0,True,True
real_grok46_50,run_012,run_035,0.015,0.286,0.065,0.0,True,True
real_grok46_50,run_012,run_036,0.063,0.385,0.247,1.0,True,True
real_grok46_50,run_012,run_037,0.086,0.586,0.174,1.0,True,True
real_grok46_50,run_012,run_038,0.083,0.233,0.143,0.0,True,True
real_grok46_50,run_012,run_039,0.151,0.636,0.147,1.0,True,True
real_grok46_50,run_012,run_040,0.1,0.531,0.117,1.0,False,False
real_grok46_50,run_012,run_041,0.064,0.57,0.018,1.0,True,True
real_grok46_50,run_012,run_042,0.075,0.496,0.48,1.0,True,False
real_grok46_50,run_012,run_043,0.025,0.38,0.174,1.0,True,True
real_grok46_50,run_012,run_044,0.051,0.405,0.225,1.0,False,False
real_grok46_50,run_012,run_045,0.079,0.621,0.146,1.0,True,True
real_grok46_50,run_012,run_046,0.198,0.414,0.048,0.0,True,True
real_grok46_50,run_012,run_047,0.113,0.525,0.023,1.0,True,True
real_grok46_50,run_012,run_048,0.17,0.582,0.215,1.0,True,True
real_grok46_50,run_012,run_049,0.057,0.573,0.125,1.0,False,True
real_grok46_50,run_012,run_050,0.082,0.413,0.158,0.0,True,True
real_grok46_50,run_013,run_014,0.165,0.704,0.061,0.0,True,True
real_grok46_50,run_013,run_015,0.109,0.354,0.042,0.0,True,True
real_grok46_50,run_013,run_016,0.148,0.442,0.144,0.0,True,True
real_grok46_50,run_013,run_017,0.13,0.833,0.341,1.0,True,True
real_grok46_50,run_013,run_018,0.12,0.251,0.038,0.0,False,False
real_grok46_50,run_013,run_019,0.062,0.399,0.021,0.0,True,True
real_grok46_50,run_013,run_020,0.098,0.187,0.156,0.0,False,False
real_grok46_50,run_013,run_021,0.147,0.317,0.12,0.0,False,False
real_grok46_50,run_013,run_022,0.092,0.346,0.12,0.0,True,True
real_grok46_50,run_013,run_023,0.142,0.018,0.168,0.0,False,False
real_grok46_50,run_013,run_024,0.082,0.275,0.082,0.0,True,True
real_grok46_50,run_013,run_025,0.042,0.192,0.039,0.0,False,False
real_grok46_50,run_013,run_026,0.022,0.174,0.439,0.0,False,False
real_grok46_50,run_013,run_027,0.093,0.116,0.06,0.0,True,True
real_grok46_50,run_013,run_028,0.093,0.169,0.054,0.0,False,False
real_grok46_50,run_013,run_029,0.072,0.234,0.067,0.0,False,False
real_grok46_50,run_013,run_030,0.094,0.24,0.058,0.0,False,False
real_grok46_50,run_013,run_031,0.16,0.287,0.043,0.0,False,False
real_grok46_50,run_013,run_032,0.076,0.218,0.028,0.0,True,True
real_grok46_50,run_013,run_033,0.141,0.176,0.117,1.0,True,True
real_grok46_50,run_013,run_034,0.043,0.065,0.048,0.0,True,True
real_grok46_50,run_013,run_035,0.04,0.786,0.33,0.5,True,True
real_grok46_50,run_013,run_036,0.067,0.354,0.078,0.0,True,True
real_grok46_50,run_013,run_037,0.148,0.347,0.022,0.0,True,True
real_grok46_50,run_013,run_038,0.112,0.645,0.086,0.5,True,True
real_grok46_50,run_013,run_039,0.101,0.367,0.07,0.0,True,True
real_grok46_50,run_013,run_040,0.124,0.218,0.035,0.0,False,False
real_grok46_50,run_013,run_041,0.12,0.38,0.019,0.0,True,True
real_grok46_50,run_013,run_042,0.174,0.32,0.547,0.0,True,False
real_grok46_50,run_013,run_043,0.125,0.528,0.07,0.0,True,True
real_grok46_50,run_013,run_044,0.068,0.197,0.057,0.0,False,False
real_grok46_50,run_013,run_045,0.135,0.352,0.278,0.0,True,True
real_grok46_50,run_013,run_046,0.167,0.604,0.207,1.0,True,True
real_grok46_50,run_013,run_047,0.113,0.646,0.204,0.0,True,True
real_grok46_50,run_013,run_048,0.312,0.326,0.223,0.0,True,True
real_grok46_50,run_013,run_049,0.057,0.382,0.085,0.0,False,True
real_grok46_50,run_013,run_050,0.141,0.642,0.257,1.0,True,True
real_grok46_50,run_014,run_015,0.134,0.394,0.04,1.0,True,True
real_grok46_50,run_014,run_016,0.154,0.431,0.077,1.0,True,True
real_grok46_50,run_014,run_017,0.141,0.737,0.046,0.0,True,True
real_grok46_50,run_014,run_018,0.07,0.149,0.018,1.0,False,False
real_grok46_50,run_014,run_019,0.163,0.438,0.02,1.0,True,True
real_grok46_50,run_014,run_020,0.148,0.31,0.066,1.0,False,False
real_grok46_50,run_014,run_021,0.069,0.357,0.095,1.0,False,False
real_grok46_50,run_014,run_022,0.157,0.459,0.053,1.0,True,True
real_grok46_50,run_014,run_023,0.227,0.113,0.033,1.0,False,False
real_grok46_50,run_014,run_024,0.06,0.406,0.036,1.0,True,True
real_grok46_50,run_014,run_025,0.018,0.219,0.049,1.0,False,False
real_grok46_50,run_014,run_026,0.045,0.198,0.491,1.0,False,False
real_grok46_50,run_014,run_027,0.15,0.272,0.049,1.0,True,True
real_grok46_50,run_014,run_028,0.053,0.354,0.056,1.0,False,False
real_grok46_50,run_014,run_029,0.069,0.342,0.049,1.0,False,False
real_grok46_50,run_014,run_030,0.047,0.272,0.065,1.0,False,False
real_grok46_50,run_014,run_031,0.175,0.343,0.062,1.0,False,False
real_grok46_50,run_014,run_032,0.168,0.442,0.05,1.0,True,True
real_grok46_50,run_014,run_033,0.175,0.134,0.032,0.0,True,True
real_grok46_50,run_014,run_034,0.012,0.243,0.018,1.0,True,True
real_grok46_50,run_014,run_035,0.057,0.73,0.056,0.0,True,True
real_grok46_50,run_014,run_036,0.137,0.356,0.076,1.0,True,True
real_grok46_50,run_014,run_037,0.079,0.415,0.021,1.0,True,True
real_grok46_50,run_014,run_038,0.124,0.59,0.05,0.0,True,True
real_grok46_50,run_014,run_039,0.187,0.47,0.04,1.0,True,True
real_grok46_50,run_014,run_040,0.163,0.216,0.01,1.0,False,False
real_grok46_50,run_014,run_041,0.105,0.452,0.018,1.0,True,True
real_grok46_50,run_014,run_042,0.039,0.379,0.324,1.0,True,False
real_grok46_50,run_014,run_043,0.05,0.538,0.039,1.0,True,True
real_grok46_50,run_014,run_044,0.142,0.222,0.037,1.0,False,False
real_grok46_50,run_014,run_045,0.064,0.438,0.12,1.0,True,True
real_grok46_50,run_014,run_046,0.09,0.467,0.041,0.0,True,True
real_grok46_50,run_014,run_047,0.17,0.766,0.117,1.0,True,True
real_grok46_50,run_014,run_048,0.153,0.419,0.032,1.0,True,True
real_grok46_50,run_014,run_049,0.202,0.464,0.031,1.0,False,True
real_grok46_50,run_014,run_050,0.139,0.522,0.04,0.0,True,True
real_grok46_50,run_015,run_016,0.17,0.416,0.124,1.0,True,True
real_grok46_50,run_015,run_017,0.134,0.34,0.13,0.0,True,True
real_grok46_50,run_015,run_018,0.065,0.458,0.034,1.0,False,False
real_grok46_50,run_015,run_019,0.195,0.422,0.129,1.0,True,True
real_grok46_50,run_015,run_020,0.294,0.465,0.124,1.0,False,False
real_grok46_50,run_015,run_021,0.108,0.339,0.045,1.0,False,False
real_grok46_50,run_015,run_022,0.09,0.412,0.048,1.0,True,True
real_grok46_50,run_015,run_023,0.156,0.161,0.18,1.0,False,False
real_grok46_50,run_015,run_024,0.061,0.41,0.187,1.0,True,True
real_grok46_50,run_015,run_025,0.025,0.433,0.071,1.0,False,False
real_grok46_50,run_015,run_026,0.069,0.529,0.312,1.0,False,False
real_grok46_50,run_015,run_027,0.191,0.183,0.083,1.0,True,True
real_grok46_50,run_015,run_028,0.04,0.372,0.208,1.0,False,False
real_grok46_50,run_015,run_029,0.149,0.404,0.085,1.0,False,False
real_grok46_50,run_015,run_030,0.043,0.517,0.018,1.0,False,False
real_grok46_50,run_015,run_031,0.247,0.297,0.125,1.0,False,False
real_grok46_50,run_015,run_032,0.156,0.301,0.101,1.0,True,True
real_grok46_50,run_015,run_033,0.159,0.127,0.086,0.0,True,True
real_grok46_50,run_015,run_034,0.02,0.36,0.042,1.0,True,True
real_grok46_50,run_015,run_035,0.054,0.345,0.034,0.0,True,True
real_grok46_50,run_015,run_036,0.158,0.452,0.156,1.0,True,True
real_grok46_50,run_015,run_037,0.088,0.539,0.235,1.0,True,True
real_grok46_50,run_015,run_038,0.11,0.42,0.117,0.0,True,True
real_grok46_50,run_015,run_039,0.067,0.504,0.259,1.0,True,True
real_grok46_50,run_015,run_040,0.342,0.388,0.11,1.0,False,False
real_grok46_50,run_015,run_041,0.183,0.363,0.01,1.0,True,True
real_grok46_50,run_015,run_042,0.086,0.365,0.494,1.0,True,False
real_grok46_50,run_015,run_043,0.062,0.483,0.201,1.0,True,True
real_grok46_50,run_015,run_044,0.132,0.636,0.351,1.0,False,False
real_grok46_50,run_015,run_045,0.076,0.418,0.159,1.0,True,True
real_grok46_50,run_015,run_046,0.151,0.393,0.08,0.0,True,True
real_grok46_50,run_015,run_047,0.263,0.332,0.045,1.0,True,True
real_grok46_50,run_015,run_048,0.094,0.34,0.239,1.0,True,True
real_grok46_50,run_015,run_049,0.153,0.548,0.125,1.0,False,True
real_grok46_50,run_015,run_050,0.142,0.412,0.163,0.0,True,True
real_grok46_50,run_016,run_017,0.082,0.463,0.056,0.0,True,True
real_grok46_50,run_016,run_018,0.053,0.277,0.009,1.0,False,False
real_grok46_50,run_016,run_019,0.135,0.897,0.06,1.0,True,True
real_grok46_50,run_016,run_020,0.164,0.353,0.05,1.0,False,False
real_grok46_50,run_016,run_021,0.135,0.411,0.089,1.0,False,False
real_grok46_50,run_016,run_022,0.115,0.636,0.072,1.0,True,True
real_grok46_50,run_016,run_023,0.121,0.141,0.016,1.0,False,False
real_grok46_50,run_016,run_024,0.062,0.771,0.054,1.0,True,True
real_grok46_50,run_016,run_025,0.03,0.29,0.052,1.0,False,False
real_grok46_50,run_016,run_026,0.102,0.293,0.414,1.0,False,False
real_grok46_50,run_016,run_027,0.126,0.106,0.058,1.0,True,True
real_grok46_50,run_016,run_028,0.082,0.488,0.023,1.0,False,False
real_grok46_50,run_016,run_029,0.099,0.4,0.04,1.0,False,False
real_grok46_50,run_016,run_030,0.082,0.408,0.053,1.0,False,False
real_grok46_50,run_016,run_031,0.461,0.482,0.019,1.0,False,False
real_grok46_50,run_016,run_032,0.191,0.609,0.013,1.0,True,True
real_grok46_50,run_016,run_033,0.155,0.051,0.065,0.0,True,True
real_grok46_50,run_016,run_034,0.012,0.338,0.064,1.0,True,True
real_grok46_50,run_016,run_035,0.069,0.467,0.132,0.0,True,True
real_grok46_50,run_016,run_036,0.241,0.411,0.01,1.0,True,True
real_grok46_50,run_016,run_037,0.067,0.492,0.015,1.0,True,True
real_grok46_50,run_016,run_038,0.081,0.482,0.067,0.0,True,True
real_grok46_50,run_016,run_039,0.082,0.733,0.066,1.0,True,True
real_grok46_50,run_016,run_040,0.173,0.463,0.038,1.0,False,False
real_grok46_50,run_016,run_041,0.123,0.528,0.031,1.0,True,True
real_grok46_50,run_016,run_042,0.062,0.38,0.417,1.0,True,False
real_grok46_50,run_016,run_043,0.162,0.379,0.081,1.0,True,True
real_grok46_50,run_016,run_044,0.212,0.278,0.047,1.0,False,False
real_grok46_50,run_016,run_045,0.127,0.654,0.065,1.0,True,True
real_grok46_50,run_016,run_046,0.085,0.518,0.061,0.0,True,True
real_grok46_50,run_016,run_047,0.157,0.609,0.075,1.0,True,True
real_grok46_50,run_016,run_048,0.14,0.532,0.056,1.0,True,True
real_grok46_50,run_016,run_049,0.231,0.616,0.018,1.0,False,True
real_grok46_50,run_016,run_050,0.132,0.51,0.101,0.0,True,True
real_grok46_50,run_017,run_018,0.066,0.157,0.012,0.0,False,False
real_grok46_50,run_017,run_019,0.043,0.428,0.021,0.0,True,True
real_grok46_50,run_017,run_020,0.114,0.274,0.041,0.0,False,False
real_grok46_50,run_017,run_021,0.121,0.332,0.175,0.0,False,False
real_grok46_50,run_017,run_022,0.072,0.45,0.087,0.0,True,True
real_grok46_50,run_017,run_023,0.082,0.017,0.036,0.0,False,False
real_grok46_50,run_017,run_024,0.061,0.453,0.039,0.0,True,True
real_grok46_50,run_017,run_025,0.011,0.181,0.043,0.0,False,False
real_grok46_50,run_017,run_026,0.099,0.163,0.449,0.0,False,False
real_grok46_50,run_017,run_027,0.075,0.105,0.044,0.0,True,True
real_grok46_50,run_017,run_028,0.035,0.294,0.033,0.0,False,False
real_grok46_50,run_017,run_029,0.068,0.267,0.035,0.0,False,False
real_grok46_50,run_017,run_030,0.084,0.226,0.059,0.0,False,False
real_grok46_50,run_017,run_031,0.109,0.299,0.047,0.0,False,False
real_grok46_50,run_017,run_032,0.049,0.444,0.025,0.0,True,True
real_grok46_50,run_017,run_033,0.111,0.167,0.066,1.0,True,True
real_grok46_50,run_017,run_034,0.026,0.061,0.114,0.0,True,True
real_grok46_50,run_017,run_035,0.249,0.793,0.379,0.5,True,True
real_grok46_50,run_017,run_036,0.072,0.301,0.031,0.0,True,True
real_grok46_50,run_017,run_037,0.073,0.377,0.019,0.0,True,True
real_grok46_50,run_017,run_038,0.109,0.662,0.152,0.5,True,True
real_grok46_50,run_017,run_039,0.067,0.407,0.076,0.0,True,True
real_grok46_50,run_017,run_040,0.065,0.366,0.011,0.0,False,False
real_grok46_50,run_017,run_041,0.047,0.41,0.019,0.0,True,True
real_grok46_50,run_017,run_042,0.094,0.296,0.507,0.0,True,False
real_grok46_50,run_017,run_043,0.092,0.477,0.086,0.0,True,True
real_grok46_50,run_017,run_044,0.056,0.186,0.076,0.0,False,False
real_grok46_50,run_017,run_045,0.093,0.465,0.355,0.0,True,True
real_grok46_50,run_017,run_046,0.073,0.7,0.041,1.0,True,True
real_grok46_50,run_017,run_047,0.061,0.68,0.354,0.0,True,True
real_grok46_50,run_017,run_048,0.152,0.369,0.055,0.0,True,True
real_grok46_50,run_017,run_049,0.044,0.414,0.071,0.0,False,True
real_grok46_50,run_017,run_050,0.134,0.756,0.116,1.0,True,True
real_grok46_50,run_018,run_019,0.094,0.248,0.055,1.0,False,False
real_grok46_50,run_018,run_020,0.035,0.628,0.058,1.0,True,True
real_grok46_50,run_018,run_021,0.46,0.444,0.027,1.0,True,True
real_grok46_50,run_018,run_022,0.111,0.3,0.077,1.0,False,False
real_grok46_50,run_018,run_023,0.141,0.109,0.159,1.0,True,True
real_grok46_50,run_018,run_024,0.037,0.362,0.056,1.0,False,False
real_grok46_50,run_018,run_025,0.084,0.606,0.025,1.0,True,True
real_grok46_50,run_018,run_026,0.108,0.505,0.396,1.0,True,True
real_grok46_50,run_018,run_027,0.063,0.075,0.104,1.0,False,False
real_grok46_50,run_018,run_028,0.138,0.506,0.044,1.0,True,True
real_grok46_50,run_018,run_029,0.044,0.478,0.076,1.0,True,True
real_grok46_50,run_018,run_030,0.18,0.292,0.012,1.0,True,True
real_grok46_50,run_018,run_031,0.157,0.416,0.034,1.0,True,True
real_grok46_50,run_018,run_032,0.072,0.285,0.057,1.0,False,False
real_grok46_50,run_018,run_033,0.108,0.081,0.019,0.0,False,False
real_grok46_50,run_018,run_034,0.086,0.228,0.067,1.0,False,False
real_grok46_50,run_018,run_035,0.025,0.245,0.064,0.0,False,False
real_grok46_50,run_018,run_036,0.096,0.594,0.085,1.0,False,False
real_grok46_50,run_018,run_037,0.112,0.243,0.042,1.0,False,False
real_grok46_50,run_018,run_038,0.051,0.365,0.118,0.0,False,False
real_grok46_50,run_018,run_039,0.142,0.405,0.049,1.0,False,False
real_grok46_50,run_018,run_040,0.1,0.552,0.133,1.0,True,True
real_grok46_50,run_018,run_041,0.088,0.368,0.086,1.0,False,False
real_grok46_50,run_018,run_042,0.107,0.512,0.502,1.0,False,True
real_grok46_50,run_018,run_043,0.049,0.217,0.036,1.0,False,False
real_grok46_50,run_018,run_044,0.085,0.473,0.061,1.0,True,True
real_grok46_50,run_018,run_045,0.223,0.312,0.024,1.0,False,False
real_grok46_50,run_018,run_046,0.172,0.328,0.058,0.0,False,False
real_grok46_50,run_018,run_047,0.066,0.151,0.019,1.0,False,False
real_grok46_50,run_018,run_048,0.164,0.471,0.052,1.0,False,False
real_grok46_50,run_018,run_049,0.055,0.452,0.038,1.0,False,False
real_grok46_50,run_018,run_050,0.055,0.313,0.031,0.0,False,False
real_grok46_50,run_019,run_020,0.132,0.332,0.024,1.0,False,False
real_grok46_50,run_019,run_021,0.093,0.373,0.064,1.0,False,False
real_grok46_50,run_019,run_022,0.134,0.594,0.017,1.0,True,True
real_grok46_50,run_019,run_023,0.112,0.175,0.02,1.0,False,False
real_grok46_50,run_019,run_024,0.098,0.729,0.022,1.0,True,True
real_grok46_50,run_019,run_025,0.023,0.274,0.02,1.0,False,False
real_grok46_50,run_019,run_026,0.04,0.276,0.47,1.0,False,False
real_grok46_50,run_019,run_027,0.103,0.126,0.033,1.0,True,True
real_grok46_50,run_019,run_028,0.078,0.415,0.105,1.0,False,False
real_grok46_50,run_019,run_029,0.146,0.35,0.18,1.0,False,False
real_grok46_50,run_019,run_030,0.042,0.409,0.013,1.0,False,False
real_grok46_50,run_019,run_031,0.207,0.448,0.196,1.0,False,False
real_grok46_50,run_019,run_032,0.31,0.579,0.036,1.0,True,True
real_grok46_50,run_019,run_033,0.17,0.281,0.012,0.0,True,True
real_grok46_50,run_019,run_034,0.015,0.372,0.023,1.0,True,True
real_grok46_50,run_019,run_035,0.055,0.413,0.062,0.0,True,True
real_grok46_50,run_019,run_036,0.11,0.366,0.153,1.0,True,True
real_grok46_50,run_019,run_037,0.069,0.489,0.049,1.0,True,True
real_grok46_50,run_019,run_038,0.158,0.411,0.022,0.0,True,True
real_grok46_50,run_019,run_039,0.093,0.704,0.031,1.0,True,True
real_grok46_50,run_019,run_040,0.344,0.44,0.04,1.0,False,False
real_grok46_50,run_019,run_041,0.16,0.52,0.016,1.0,True,True
real_grok46_50,run_019,run_042,0.034,0.375,0.457,1.0,True,False
real_grok46_50,run_019,run_043,0.063,0.363,0.028,1.0,True,True
real_grok46_50,run_019,run_044,0.179,0.263,0.055,1.0,False,False
real_grok46_50,run_019,run_045,0.058,0.616,0.206,1.0,True,True
real_grok46_50,run_019,run_046,0.25,0.492,0.15,0.0,True,True
real_grok46_50,run_019,run_047,0.29,0.567,0.013,1.0,True,True
real_grok46_50,run_019,run_048,0.124,0.519,0.042,1.0,True,True
real_grok46_50,run_019,run_049,0.134,0.599,0.038,1.0,False,True
real_grok46_50,run_019,run_050,0.181,0.486,0.058,0.0,True,True
real_grok46_50,run_020,run_021,0.112,0.541,0.102,1.0,True,True
real_grok46_50,run_020,run_022,0.109,0.356,0.081,1.0,False,False
real_grok46_50,run_020,run_023,0.187,0.065,0.171,1.0,True,True
real_grok46_50,run_020,run_024,0.127,0.35,0.116,1.0,False,False
real_grok46_50,run_020,run_025,0.027,0.586,0.176,1.0,True,True
real_grok46_50,run_020,run_026,0.044,0.598,0.408,1.0,True,True
real_grok46_50,run_020,run_027,0.266,0.085,0.086,1.0,False,False
real_grok46_50,run_020,run_028,0.06,0.537,0.135,1.0,True,True
real_grok46_50,run_020,run_029,0.177,0.463,0.021,1.0,True,True
real_grok46_50,run_020,run_030,0.087,0.366,0.031,1.0,True,True
real_grok46_50,run_020,run_031,0.277,0.402,0.017,1.0,True,True
real_grok46_50,run_020,run_032,0.194,0.288,0.065,1.0,False,False
real_grok46_50,run_020,run_033,0.197,0.08,0.196,0.0,False,False
real_grok46_50,run_020,run_034,0.017,0.322,0.05,1.0,False,False
real_grok46_50,run_020,run_035,0.095,0.202,0.174,0.0,False,False
real_grok46_50,run_020,run_036,0.184,0.767,0.212,1.0,False,False
real_grok46_50,run_020,run_037,0.082,0.432,0.071,1.0,False,False
real_grok46_50,run_020,run_038,0.106,0.324,0.115,0.0,False,False
real_grok46_50,run_020,run_039,0.178,0.39,0.097,1.0,False,False
real_grok46_50,run_020,run_040,0.192,0.581,0.119,1.0,True,True
real_grok46_50,run_020,run_041,0.226,0.315,0.013,1.0,False,False
real_grok46_50,run_020,run_042,0.153,0.512,0.467,1.0,False,True
real_grok46_50,run_020,run_043,0.135,0.315,0.045,1.0,False,False
real_grok46_50,run_020,run_044,0.123,0.609,0.147,1.0,True,True
real_grok46_50,run_020,run_045,0.102,0.354,0.177,1.0,False,False
real_grok46_50,run_020,run_046,0.138,0.273,0.164,0.0,False,False
real_grok46_50,run_020,run_047,0.287,0.297,0.101,1.0,False,False
real_grok46_50,run_020,run_048,0.217,0.438,0.137,1.0,False,False
real_grok46_50,run_020,run_049,0.176,0.538,0.118,1.0,False,False
real_grok46_50,run_020,run_050,0.137,0.336,0.141,0.0,False,False
real_grok46_50,run_021,run_022,0.122,0.359,0.153,1.0,False,False
real_grok46_50,run_021,run_023,0.154,0.348,0.036,1.0,True,True
real_grok46_50,run_021,run_024,0.034,0.324,0.039,1.0,False,False
real_grok46_50,run_021,run_025,0.063,0.266,0.046,1.0,True,True
real_grok46_50,run_021,run_026,0.066,0.524,0.494,1.0,True,True
real_grok46_50,run_021,run_027,0.065,0.168,0.041,1.0,False,False
real_grok46_50,run_021,run_028,0.143,0.444,0.043,1.0,True,True
real_grok46_50,run_021,run_029,0.053,0.486,0.067,1.0,True,True
real_grok46_50,run_021,run_030,0.182,0.535,0.038,1.0,True,True
real_grok46_50,run_021,run_031,0.083,0.515,0.043,1.0,True,True
real_grok46_50,run_021,run_032,0.023,0.364,0.025,1.0,False,False
real_grok46_50,run_021,run_033,0.13,0.047,0.063,0.0,False,False
real_grok46_50,run_021,run_034,0.091,0.208,0.052,1.0,False,False
real_grok46_50,run_021,run_035,0.016,0.145,0.084,0.0,False,False
real_grok46_50,run_021,run_036,0.073,0.71,0.031,1.0,False,False
real_grok46_50,run_021,run_037,0.113,0.603,0.03,1.0,False,False
real_grok46_50,run_021,run_038,0.038,0.133,0.083,0.0,False,False
real_grok46_50,run_021,run_039,0.127,0.379,0.064,1.0,False,False
real_grok46_50,run_021,run_040,0.079,0.477,0.011,1.0,True,True
real_grok46_50,run_021,run_041,0.07,0.309,0.019,1.0,False,False
real_grok46_50,run_021,run_042,0.098,0.384,0.462,1.0,False,True
real_grok46_50,run_021,run_043,0.047,0.356,0.074,1.0,False,False
real_grok46_50,run_021,run_044,0.088,0.442,0.118,1.0,True,True
real_grok46_50,run_021,run_045,0.181,0.381,0.118,1.0,False,False
real_grok46_50,run_021,run_046,0.139,0.207,0.041,0.0,False,False
real_grok46_50,run_021,run_047,0.21,0.29,0.098,1.0,False,False
real_grok46_50,run_021,run_048,0.174,0.401,0.031,1.0,False,False
real_grok46_50,run_021,run_049,0.075,0.418,0.071,1.0,False,False
real_grok46_50,run_021,run_050,0.038,0.228,0.086,0.0,False,False
real_grok46_50,run_022,run_023,0.206,0.251,0.184,1.0,False,False
real_grok46_50,run_022,run_024,0.044,0.59,0.078,1.0,True,True
real_grok46_50,run_022,run_025,0.032,0.368,0.046,1.0,False,False
real_grok46_50,run_022,run_026,0.03,0.196,0.43,1.0,False,False
real_grok46_50,run_022,run_027,0.083,0.164,0.044,1.0,True,True
real_grok46_50,run_022,run_028,0.049,0.37,0.057,1.0,False,False
real_grok46_50,run_022,run_029,0.067,0.53,0.046,1.0,False,False
real_grok46_50,run_022,run_030,0.076,0.465,0.037,1.0,False,False
real_grok46_50,run_022,run_031,0.092,0.563,0.043,1.0,False,False
real_grok46_50,run_022,run_032,0.108,0.57,0.028,1.0,True,True
real_grok46_50,run_022,run_033,0.179,0.222,0.114,0.0,True,True
real_grok46_50,run_022,run_034,0.027,0.409,0.09,1.0,True,True
real_grok46_50,run_022,run_035,0.016,0.407,0.133,0.0,True,True
real_grok46_50,run_022,run_036,0.098,0.438,0.092,1.0,True,True
real_grok46_50,run_022,run_037,0.097,0.606,0.022,1.0,True,True
real_grok46_50,run_022,run_038,0.199,0.413,0.101,0.0,True,True
real_grok46_50,run_022,run_039,0.143,0.698,0.07,1.0,True,True
real_grok46_50,run_022,run_040,0.113,0.492,0.035,1.0,False,False
real_grok46_50,run_022,run_041,0.057,0.679,0.025,1.0,True,True
real_grok46_50,run_022,run_042,0.032,0.45,0.525,1.0,True,False
real_grok46_50,run_022,run_043,0.054,0.299,0.074,1.0,True,True
real_grok46_50,run_022,run_044,0.11,0.305,0.05,1.0,False,False
real_grok46_50,run_022,run_045,0.064,0.929,0.348,1.0,True,True
real_grok46_50,run_022,run_046,0.102,0.43,0.122,0.0,True,True
real_grok46_50,run_022,run_047,0.138,0.436,0.094,1.0,True,True
real_grok46_50,run_022,run_048,0.242,0.628,0.059,1.0,True,True
real_grok46_50,run_022,run_049,0.191,0.61,0.097,1.0,False,True
real_grok46_50,run_022,run_050,0.149,0.458,0.149,0.0,True,True
real_grok46_50,run_023,run_024,0.035,0.314,0.239,1.0,False,False
real_grok46_50,run_023,run_025,0.035,0.386,0.102,1.0,True,True
real_grok46_50,run_023,run_026,0.044,0.45,0.409,1.0,True,True
real_grok46_50,run_023,run_027,0.139,0.116,0.079,1.0,False,False
real_grok46_50,run_023,run_028,0.058,0.352,0.149,1.0,True,True
real_grok46_50,run_023,run_029,0.118,0.418,0.117,1.0,True,True
real_grok46_50,run_023,run_030,0.079,0.471,0.013,1.0,True,True
real_grok46_50,run_023,run_031,0.198,0.445,0.097,1.0,True,True
real_grok46_50,run_023,run_032,0.145,0.282,0.198,1.0,False,False
real_grok46_50,run_023,run_033,0.137,0.038,0.134,0.0,False,False
real_grok46_50,run_023,run_034,0.052,0.117,0.011,1.0,False,False
real_grok46_50,run_023,run_035,0.015,0.287,0.07,0.0,False,False
real_grok46_50,run_023,run_036,0.247,0.482,0.239,1.0,False,False
real_grok46_50,run_023,run_037,0.07,0.422,0.128,1.0,False,False
real_grok46_50,run_023,run_038,0.169,0.333,0.139,0.0,False,False
real_grok46_50,run_023,run_039,0.226,0.399,0.174,1.0,False,False
real_grok46_50,run_023,run_040,0.141,0.433,0.16,1.0,True,True
real_grok46_50,run_023,run_041,0.123,0.383,0.021,1.0,False,False
real_grok46_50,run_023,run_042,0.035,0.451,0.507,1.0,False,True
real_grok46_50,run_023,run_043,0.062,0.45,0.182,1.0,False,False
real_grok46_50,run_023,run_044,0.07,0.422,0.369,1.0,True,True
real_grok46_50,run_023,run_045,0.054,0.376,0.141,1.0,False,False
real_grok46_50,run_023,run_046,0.172,0.379,0.066,0.0,False,False
real_grok46_50,run_023,run_047,0.158,0.196,0.029,1.0,False,False
real_grok46_50,run_023,run_048,0.172,0.322,0.397,1.0,False,False
real_grok46_50,run_023,run_049,0.074,0.491,0.122,1.0,False,False
real_grok46_50,run_023,run_050,0.109,0.391,0.171,0.0,False,False
real_grok46_50,run_024,run_025,0.028,0.322,0.126,1.0,False,False
real_grok46_50,run_024,run_026,0.02,0.326,0.404,1.0,False,False
real_grok46_50,run_024,run_027,0.054,0.084,0.107,1.0,True,True
real_grok46_50,run_024,run_028,0.052,0.539,0.148,1.0,False,False
real_grok46_50,run_024,run_029,0.054,0.374,0.198,1.0,False,False
real_grok46_50,run_024,run_030,0.04,0.473,0.026,1.0,False,False
real_grok46_50,run_024,run_031,0.043,0.507,0.137,1.0,False,False
real_grok46_50,run_024,run_032,0.046,0.602,0.128,1.0,True,True
real_grok46_50,run_024,run_033,0.103,0.097,0.097,0.0,True,True
real_grok46_50,run_024,run_034,0.014,0.068,0.134,1.0,True,True
real_grok46_50,run_024,run_035,0.109,0.287,0.08,0.0,True,True
real_grok46_50,run_024,run_036,0.057,0.33,0.381,1.0,True,True
real_grok46_50,run_024,run_037,0.046,0.511,0.17,1.0,True,True
real_grok46_50,run_024,run_038,0.019,0.256,0.203,0.0,True,True
real_grok46_50,run_024,run_039,0.111,0.797,0.211,1.0,True,True
real_grok46_50,run_024,run_040,0.07,0.389,0.148,1.0,False,False
real_grok46_50,run_024,run_041,0.045,0.564,0.023,1.0,True,True
real_grok46_50,run_024,run_042,0.019,0.462,0.599,1.0,True,False
real_grok46_50,run_024,run_043,0.015,0.316,0.276,1.0,True,True
real_grok46_50,run_024,run_044,0.063,0.308,0.291,1.0,False,False
real_grok46_50,run_024,run_045,0.062,0.625,0.201,1.0,True,True
real_grok46_50,run_024,run_046,0.108,0.605,0.113,0.0,True,True
real_grok46_50,run_024,run_047,0.044,0.619,0.09,1.0,True,True
real_grok46_50,run_024,run_048,0.065,0.542,0.262,1.0,True,True
real_grok46_50,run_024,run_049,0.05,0.646,0.159,1.0,False,True
real_grok46_50,run_024,run_050,0.075,0.597,0.22,0.0,True,True
real_grok46_50,run_025,run_026,0.168,0.632,0.382,1.0,True,True
real_grok46_50,run_025,run_027,0.013,0.125,0.03,1.0,False,False
real_grok46_50,run_025,run_028,0.161,0.466,0.021,1.0,True,True
real_grok46_50,run_025,run_029,0.024,0.495,0.049,1.0,True,True
real_grok46_50,run_025,run_030,0.076,0.398,0.086,1.0,True,True
real_grok46_50,run_025,run_031,0.01,0.271,0.052,1.0,True,True
real_grok46_50,run_025,run_032,0.013,0.105,0.024,1.0,False,False
real_grok46_50,run_025,run_033,0.014,0.08,0.039,0.0,False,False
real_grok46_50,run_025,run_034,0.202,0.423,0.073,1.0,False,False
real_grok46_50,run_025,run_035,0.024,0.199,0.028,0.0,False,False
real_grok46_50,run_025,run_036,0.027,0.566,0.106,1.0,False,False
real_grok46_50,run_025,run_037,0.089,0.426,0.021,1.0,False,False
real_grok46_50,run_025,run_038,0.058,0.285,0.079,0.0,False,False
real_grok46_50,run_025,run_039,0.062,0.356,0.056,1.0,False,False
real_grok46_50,run_025,run_040,0.021,0.527,0.052,1.0,True,True
real_grok46_50,run_025,run_041,0.019,0.187,0.081,1.0,False,False
real_grok46_50,run_025,run_042,0.233,0.454,0.426,1.0,False,True
real_grok46_50,run_025,run_043,0.04,0.328,0.115,1.0,False,False
real_grok46_50,run_025,run_044,0.019,0.591,0.099,1.0,True,True
real_grok46_50,run_025,run_045,0.083,0.359,0.215,1.0,False,False
real_grok46_50,run_025,run_046,0.065,0.291,0.053,0.0,False,False
real_grok46_50,run_025,run_047,0.025,0.336,0.065,1.0,False,False
real_grok46_50,run_025,run_048,0.093,0.343,0.048,1.0,False,False
real_grok46_50,run_025,run_049,0.013,0.426,0.045,1.0,False,False
real_grok46_50,run_025,run_050,0.019,0.304,0.058,0.0,False,False
real_grok46_50,run_026,run_027,0.05,0.141,0.051,1.0,False,False
real_grok46_50,run_026,run_028,0.081,0.47,0.045,1.0,True,True
real_grok46_50,run_026,run_029,0.024,0.5,0.076,1.0,True,True
real_grok46_50,run_026,run_030,0.048,0.435,0.039,1.0,True,True
real_grok46_50,run_026,run_031,0.053,0.244,0.052,1.0,True,True
real_grok46_50,run_026,run_032,0.03,0.138,0.064,1.0,False,False
real_grok46_50,run_026,run_033,0.033,0.086,0.032,0.0,False,False
real_grok46_50,run_026,run_034,0.152,0.32,0.036,1.0,False,False
real_grok46_50,run_026,run_035,0.045,0.194,0.075,0.0,False,False
real_grok46_50,run_026,run_036,0.024,0.604,0.046,1.0,False,False
real_grok46_50,run_026,run_037,0.063,0.429,0.106,1.0,False,False
real_grok46_50,run_026,run_038,0.025,0.294,0.058,0.0,False,False
real_grok46_50,run_026,run_039,0.045,0.36,0.034,1.0,False,False
real_grok46_50,run_026,run_040,0.038,0.546,0.012,1.0,True,True
real_grok46_50,run_026,run_041,0.038,0.225,0.025,1.0,False,False
real_grok46_50,run_026,run_042,0.38,0.444,0.511,1.0,False,True
real_grok46_50,run_026,run_043,0.178,0.249,0.045,1.0,False,False
real_grok46_50,run_026,run_044,0.036,0.624,0.094,1.0,True,True
real_grok46_50,run_026,run_045,0.133,0.377,0.077,1.0,False,False
real_grok46_50,run_026,run_046,0.055,0.254,0.046,0.0,False,False
real_grok46_50,run_026,run_047,0.1,0.332,0.062,1.0,False,False
real_grok46_50,run_026,run_048,0.066,0.17,0.094,1.0,False,False
real_grok46_50,run_026,run_049,0.018,0.442,0.026,1.0,False,False
real_grok46_50,run_026,run_050,0.082,0.313,0.056,0.0,False,False
real_grok46_50,run_027,run_028,0.135,0.37,0.085,1.0,False,False
real_grok46_50,run_027,run_029,0.235,0.271,0.02,1.0,False,False
real_grok46_50,run_027,run_030,0.106,0.522,0.028,1.0,False,False
real_grok46_50,run_027,run_031,0.174,0.319,0.014,1.0,False,False
real_grok46_50,run_027,run_032,0.167,0.447,0.082,1.0,True,True
real_grok46_50,run_027,run_033,0.135,0.131,0.082,0.0,True,True
real_grok46_50,run_027,run_034,0.015,0.387,0.009,1.0,True,True
real_grok46_50,run_027,run_035,0.043,0.323,0.036,0.0,True,True
real_grok46_50,run_027,run_036,0.184,0.429,0.173,1.0,True,True
real_grok46_50,run_027,run_037,0.085,0.576,0.107,1.0,True,True
real_grok46_50,run_027,run_038,0.101,0.349,0.097,0.0,True,True
real_grok46_50,run_027,run_039,0.055,0.482,0.166,1.0,True,True
real_grok46_50,run_027,run_040,0.152,0.378,0.222,1.0,False,False
real_grok46_50,run_027,run_041,0.204,0.423,0.023,1.0,True,True
real_grok46_50,run_027,run_042,0.029,0.293,0.388,1.0,True,False
real_grok46_50,run_027,run_043,0.033,0.31,0.047,1.0,True,True
real_grok46_50,run_027,run_044,0.114,0.386,0.109,1.0,False,False
real_grok46_50,run_027,run_045,0.051,0.475,0.051,1.0,True,True
real_grok46_50,run_027,run_046,0.109,0.349,0.108,0.0,True,True
real_grok46_50,run_027,run_047,0.227,0.336,0.057,1.0,True,True
real_grok46_50,run_027,run_048,0.086,0.567,0.111,1.0,True,True
real_grok46_50,run_027,run_049,0.15,0.466,0.104,1.0,False,True
real_grok46_50,run_027,run_050,0.129,0.325,0.073,0.0,True,True
real_grok46_50,run_028,run_029,0.101,0.509,0.049,1.0,True,True
real_grok46_50,run_028,run_030,0.107,0.438,0.011,1.0,True,True
real_grok46_50,run_028,run_031,0.065,0.534,0.042,1.0,True,True
real_grok46_50,run_028,run_032,0.053,0.422,0.135,1.0,False,False
real_grok46_50,run_028,run_033,0.02,0.222,0.124,0.0,False,False
real_grok46_50,run_028,run_034,0.127,0.209,0.023,1.0,False,False
real_grok46_50,run_028,run_035,0.027,0.175,0.02,0.0,False,False
real_grok46_50,run_028,run_036,0.058,0.463,0.09,1.0,False,False
real_grok46_50,run_028,run_037,0.13,0.421,0.229,1.0,False,False
real_grok46_50,run_028,run_038,0.055,0.353,0.119,0.0,False,False
real_grok46_50,run_028,run_039,0.129,0.487,0.127,1.0,False,False
real_grok46_50,run_028,run_040,0.031,0.627,0.18,1.0,True,True
real_grok46_50,run_028,run_041,0.019,0.348,0.016,1.0,False,False
real_grok46_50,run_028,run_042,0.087,0.552,0.433,1.0,False,True
real_grok46_50,run_028,run_043,0.055,0.359,0.042,1.0,False,False
real_grok46_50,run_028,run_044,0.04,0.426,0.14,1.0,True,True
real_grok46_50,run_028,run_045,0.113,0.5,0.02,1.0,False,False
real_grok46_50,run_028,run_046,0.105,0.353,0.05,0.0,False,False
real_grok46_50,run_028,run_047,0.064,0.38,0.016,1.0,False,False
real_grok46_50,run_028,run_048,0.154,0.529,0.17,1.0,False,False
real_grok46_50,run_028,run_049,0.053,0.414,0.209,1.0,False,False
real_grok46_50,run_028,run_050,0.035,0.294,0.021,0.0,False,False
real_grok46_50,run_029,run_030,0.043,0.417,0.06,1.0,True,True
real_grok46_50,run_029,run_031,0.168,0.539,0.188,1.0,True,True
real_grok46_50,run_029,run_032,0.132,0.402,0.017,1.0,False,False
real_grok46_50,run_029,run_033,0.151,0.052,0.015,0.0,False,False
real_grok46_50,run_029,run_034,0.017,0.268,0.014,1.0,False,False
real_grok46_50,run_029,run_035,0.057,0.236,0.02,0.0,False,False
real_grok46_50,run_029,run_036,0.132,0.529,0.088,1.0,False,False
real_grok46_50,run_029,run_037,0.08,0.333,0.045,1.0,False,False
real_grok46_50,run_029,run_038,0.107,0.292,0.025,0.0,False,False
real_grok46_50,run_029,run_039,0.083,0.476,0.046,1.0,False,False
real_grok46_50,run_029,run_040,0.197,0.722,0.028,1.0,True,True
real_grok46_50,run_029,run_041,0.15,0.325,0.063,1.0,False,False
real_grok46_50,run_029,run_042,0.053,0.695,0.277,1.0,False,True
real_grok46_50,run_029,run_043,0.064,0.243,0.063,1.0,False,False
real_grok46_50,run_029,run_044,0.103,0.471,0.016,1.0,True,True
real_grok46_50,run_029,run_045,0.082,0.419,0.154,1.0,False,False
real_grok46_50,run_029,run_046,0.142,0.3,0.116,0.0,False,False
real_grok46_50,run_029,run_047,0.16,0.313,0.035,1.0,False,False
real_grok46_50,run_029,run_048,0.17,0.437,0.036,1.0,False,False
real_grok46_50,run_029,run_049,0.116,0.454,0.006,1.0,False,False
real_grok46_50,run_029,run_050,0.077,0.348,0.041,0.0,False,False
real_grok46_50,run_030,run_031,0.123,0.574,0.15,1.0,True,True
real_grok46_50,run_030,run_032,0.1,0.482,0.016,1.0,False,False
real_grok46_50,run_030,run_033,0.028,0.089,0.029,0.0,False,False
real_grok46_50,run_030,run_034,0.148,0.182,0.059,1.0,False,False
real_grok46_50,run_030,run_035,0.033,0.241,0.115,0.0,False,False
real_grok46_50,run_030,run_036,0.127,0.438,0.141,1.0,False,False
real_grok46_50,run_030,run_037,0.108,0.536,0.022,1.0,False,False
real_grok46_50,run_030,run_038,0.026,0.199,0.029,0.0,False,False
real_grok46_50,run_030,run_039,0.103,0.444,0.131,1.0,False,False
real_grok46_50,run_030,run_040,0.038,0.518,0.064,1.0,True,True
real_grok46_50,run_030,run_041,0.043,0.39,0.1,1.0,False,False
real_grok46_50,run_030,run_042,0.1,0.46,0.553,1.0,False,True
real_grok46_50,run_030,run_043,0.092,0.343,0.215,1.0,False,False
real_grok46_50,run_030,run_044,0.057,0.469,0.155,1.0,True,True
real_grok46_50,run_030,run_045,0.183,0.444,0.263,1.0,False,False
real_grok46_50,run_030,run_046,0.141,0.373,0.041,0.0,False,False
real_grok46_50,run_030,run_047,0.062,0.242,0.029,1.0,False,False
real_grok46_50,run_030,run_048,0.112,0.497,0.149,1.0,False,False
real_grok46_50,run_030,run_049,0.177,0.479,0.015,1.0,False,False
real_grok46_50,run_030,run_050,0.034,0.393,0.256,0.0,False,False
real_grok46_50,run_031,run_032,0.19,0.435,0.024,1.0,False,False
real_grok46_50,run_031,run_033,0.187,0.093,0.015,0.0,False,False
real_grok46_50,run_031,run_034,0.022,0.068,0.005,1.0,False,False
real_grok46_50,run_031,run_035,0.069,0.262,0.009,0.0,False,False
real_grok46_50,run_031,run_036,0.175,0.398,0.024,1.0,False,False
real_grok46_50,run_031,run_037,0.078,0.426,0.03,1.0,False,False
real_grok46_50,run_031,run_038,0.111,0.344,0.012,0.0,False,False
real_grok46_50,run_031,run_039,0.115,0.6,0.026,1.0,False,False
real_grok46_50,run_031,run_040,0.239,0.643,0.044,1.0,True,True
real_grok46_50,run_031,run_041,0.176,0.542,0.047,1.0,False,False
real_grok46_50,run_031,run_042,0.057,0.454,0.429,1.0,False,True
real_grok46_50,run_031,run_043,0.144,0.256,0.019,1.0,False,False
real_grok46_50,run_031,run_044,0.121,0.251,0.015,1.0,True,True
real_grok46_50,run_031,run_045,0.078,0.574,0.141,1.0,False,False
real_grok46_50,run_031,run_046,0.17,0.282,0.146,0.0,False,False
real_grok46_50,run_031,run_047,0.314,0.302,0.02,1.0,False,False
real_grok46_50,run_031,run_048,0.168,0.528,0.037,1.0,False,False
real_grok46_50,run_031,run_049,0.169,0.472,0.006,1.0,False,False
real_grok46_50,run_031,run_050,0.198,0.291,0.039,0.0,False,False
real_grok46_50,run_032,run_033,0.219,0.051,0.092,0.0,True,True
real_grok46_50,run_032,run_034,0.015,0.091,0.026,1.0,True,True
real_grok46_50,run_032,run_035,0.051,0.227,0.027,0.0,True,True
real_grok46_50,run_032,run_036,0.22,0.329,0.234,1.0,True,True
real_grok46_50,run_032,run_037,0.054,0.494,0.125,1.0,True,True
real_grok46_50,run_032,run_038,0.138,0.397,0.182,0.0,True,True
real_grok46_50,run_032,run_039,0.085,0.576,0.136,1.0,True,True
real_grok46_50,run_032,run_040,0.255,0.502,0.115,1.0,False,False
real_grok46_50,run_032,run_041,0.202,0.514,0.035,1.0,True,True
real_grok46_50,run_032,run_042,0.042,0.459,0.401,1.0,True,False
real_grok46_50,run_032,run_043,0.038,0.31,0.111,1.0,True,True
real_grok46_50,run_032,run_044,0.211,0.101,0.22,1.0,False,False
real_grok46_50,run_032,run_045,0.087,0.587,0.105,1.0,True,True
real_grok46_50,run_032,run_046,0.189,0.404,0.095,0.0,True,True
real_grok46_50,run_032,run_047,0.23,0.259,0.019,1.0,True,True
real_grok46_50,run_032,run_048,0.105,0.588,0.255,1.0,True,True
real_grok46_50,run_032,run_049,0.233,0.52,0.134,1.0,False,True
real_grok46_50,run_032,run_050,0.142,0.444,0.117,0.0,True,True
real_grok46_50,run_033,run_034,0.008,0.151,0.014,0.0,True,True
real_grok46_50,run_033,run_035,0.109,0.494,0.005,0.5,True,True
real_grok46_50,run_033,run_036,0.099,0.272,0.092,0.0,True,True
real_grok46_50,run_033,run_037,0.151,0.312,0.098,0.0,True,True
real_grok46_50,run_033,run_038,0.2,0.565,0.096,0.5,True,True
real_grok46_50,run_033,run_039,0.144,0.45,0.091,0.0,True,True
real_grok46_50,run_033,run_040,0.14,0.297,0.143,0.0,False,False
real_grok46_50,run_033,run_041,0.119,0.341,0.021,0.0,True,True
real_grok46_50,run_033,run_042,0.078,0.304,0.369,0.0,True,False
real_grok46_50,run_033,run_043,0.075,0.326,0.082,0.0,True,True
real_grok46_50,run_033,run_044,0.107,0.226,0.16,0.0,False,False
real_grok46_50,run_033,run_045,0.121,0.412,0.018,0.0,True,True
real_grok46_50,run_033,run_046,0.106,0.584,0.02,1.0,True,True
real_grok46_50,run_033,run_047,0.145,0.417,0.014,0.0,True,True
real_grok46_50,run_033,run_048,0.204,0.322,0.128,0.0,True,True
real_grok46_50,run_033,run_049,0.138,0.427,0.172,0.0,False,True
real_grok46_50,run_033,run_050,0.216,0.693,0.005,1.0,True,True
real_grok46_50,run_034,run_035,0.021,0.333,0.061,0.0,True,True
real_grok46_50,run_034,run_036,0.022,0.522,0.007,1.0,True,True
real_grok46_50,run_034,run_037,0.082,0.616,0.012,1.0,True,True
real_grok46_50,run_034,run_038,0.021,0.399,0.046,0.0,True,True
real_grok46_50,run_034,run_039,0.068,0.623,0.05,1.0,True,True
real_grok46_50,run_034,run_040,0.035,0.452,0.037,1.0,False,False
real_grok46_50,run_034,run_041,0.016,0.422,0.013,1.0,True,True
real_grok46_50,run_034,run_042,0.086,0.308,0.355,1.0,True,False
real_grok46_50,run_034,run_043,0.043,0.421,0.074,1.0,True,True
real_grok46_50,run_034,run_044,0.02,0.667,0.121,1.0,False,False
real_grok46_50,run_034,run_045,0.082,0.511,0.141,1.0,True,True
real_grok46_50,run_034,run_046,0.069,0.405,0.044,0.0,True,True
real_grok46_50,run_034,run_047,0.103,0.353,0.054,1.0,True,True
real_grok46_50,run_034,run_048,0.096,0.53,0.128,1.0,True,True
real_grok46_50,run_034,run_049,0.015,0.688,0.051,1.0,False,True
real_grok46_50,run_034,run_050,0.02,0.41,0.081,0.0,True,True
real_grok46_50,run_035,run_036,0.057,0.164,0.068,0.0,True,True
real_grok46_50,run_035,run_037,0.043,0.366,0.055,0.0,True,True
real_grok46_50,run_035,run_038,0.024,0.834,0.134,1.0,True,True
real_grok46_50,run_035,run_039,0.012,0.394,0.066,0.0,True,True
real_grok46_50,run_035,run_040,0.086,0.227,0.01,0.0,False,False
real_grok46_50,run_035,run_041,0.089,0.408,0.018,0.0,True,True
real_grok46_50,run_035,run_042,0.127,0.335,0.458,0.0,True,False
real_grok46_50,run_035,run_043,0.097,0.54,0.068,0.0,True,True
real_grok46_50,run_035,run_044,0.06,0.203,0.033,0.0,False,False
real_grok46_50,run_035,run_045,0.062,0.415,0.215,0.0,True,True
real_grok46_50,run_035,run_046,0.073,0.545,0.051,0.5,True,True
real_grok46_50,run_035,run_047,0.048,0.62,0.229,0.0,True,True
real_grok46_50,run_035,run_048,0.089,0.346,0.09,0.0,True,True
real_grok46_50,run_035,run_049,0.036,0.405,0.069,0.0,False,True
real_grok46_50,run_035,run_050,0.116,0.604,0.17,0.5,True,True
real_grok46_50,run_036,run_037,0.066,0.581,0.163,1.0,True,True
real_grok46_50,run_036,run_038,0.113,0.37,0.143,0.0,True,True
real_grok46_50,run_036,run_039,0.095,0.437,0.319,1.0,True,True
real_grok46_50,run_036,run_040,0.145,0.625,0.148,1.0,False,False
real_grok46_50,run_036,run_041,0.189,0.373,0.019,1.0,True,True
real_grok46_50,run_036,run_042,0.014,0.514,0.562,1.0,True,False
real_grok46_50,run_036,run_043,0.014,0.342,0.269,1.0,True,True
real_grok46_50,run_036,run_044,0.25,0.529,0.15,1.0,False,False
real_grok46_50,run_036,run_045,0.106,0.421,0.147,1.0,True,True
real_grok46_50,run_036,run_046,0.113,0.332,0.17,0.0,True,True
real_grok46_50,run_036,run_047,0.263,0.346,0.116,1.0,True,True
real_grok46_50,run_036,run_048,0.109,0.479,0.176,1.0,True,True
real_grok46_50,run_036,run_049,0.307,0.466,0.16,1.0,False,True
real_grok46_50,run_036,run_050,0.084,0.316,0.221,0.0,True,True
real_grok46_50,run_037,run_038,0.079,0.399,0.298,0.0,True,True
real_grok46_50,run_037,run_039,0.107,0.606,0.246,1.0,True,True
real_grok46_50,run_037,run_040,0.083,0.498,0.193,1.0,False,False
real_grok46_50,run_037,run_041,0.082,0.571,0.27,1.0,True,True
real_grok46_50,run_037,run_042,0.129,0.392,0.465,1.0,True,False
real_grok46_50,run_037,run_043,0.114,0.366,0.283,1.0,True,True
real_grok46_50,run_037,run_044,0.048,0.485,0.309,1.0,False,False
real_grok46_50,run_037,run_045,0.206,0.614,0.171,1.0,True,True
real_grok46_50,run_037,run_046,0.1,0.367,0.093,0.0,True,True
real_grok46_50,run_037,run_047,0.062,0.381,0.022,1.0,True,True
real_grok46_50,run_037,run_048,0.163,0.588,0.273,1.0,True,True
real_grok46_50,run_037,run_049,0.088,0.621,0.175,1.0,False,True
real_grok46_50,run_037,run_050,0.101,0.417,0.245,0.0,True,True
real_grok46_50,run_038,run_039,0.141,0.48,0.159,0.0,True,True
real_grok46_50,run_038,run_040,0.115,0.376,0.132,0.0,False,False
real_grok46_50,run_038,run_041,0.1,0.388,0.104,0.0,True,True
real_grok46_50,run_038,run_042,0.033,0.432,0.531,0.0,True,False
real_grok46_50,run_038,run_043,0.032,0.454,0.344,0.0,True,True
real_grok46_50,run_038,run_044,0.142,0.304,0.203,0.0,False,False
real_grok46_50,run_038,run_045,0.068,0.42,0.132,0.0,True,True
real_grok46_50,run_038,run_046,0.123,0.625,0.039,0.5,True,True
real_grok46_50,run_038,run_047,0.146,0.521,0.021,0.0,True,True
real_grok46_50,run_038,run_048,0.152,0.349,0.196,0.0,True,True
real_grok46_50,run_038,run_049,0.177,0.502,0.108,0.0,False,True
real_grok46_50,run_038,run_050,0.178,0.674,0.237,0.5,True,True
real_grok46_50,run_039,run_040,0.071,0.448,0.108,1.0,False,False
real_grok46_50,run_039,run_041,0.044,0.663,0.01,1.0,True,True
real_grok46_50,run_039,run_042,0.099,0.459,0.466,1.0,True,False
real_grok46_50,run_039,run_043,0.035,0.343,0.226,1.0,True,True
real_grok46_50,run_039,run_044,0.063,0.346,0.204,1.0,False,False
real_grok46_50,run_039,run_045,0.096,0.749,0.098,1.0,True,True
real_grok46_50,run_039,run_046,0.186,0.55,0.162,0.0,True,True
real_grok46_50,run_039,run_047,0.118,0.444,0.06,1.0,True,True
real_grok46_50,run_039,run_048,0.256,0.669,0.376,1.0,True,True
real_grok46_50,run_039,run_049,0.172,0.789,0.112,1.0,False,True
real_grok46_50,run_039,run_050,0.122,0.562,0.182,0.0,True,True
real_grok46_50,run_040,run_041,0.199,0.451,0.022,1.0,False,False
real_grok46_50,run_040,run_042,0.038,0.739,0.493,1.0,False,True
real_grok46_50,run_040,run_043,0.051,0.325,0.03,1.0,False,False
real_grok46_50,run_040,run_044,0.132,0.51,0.163,1.0,True,True
real_grok46_50,run_040,run_045,0.064,0.491,0.018,1.0,False,False
real_grok46_50,run_040,run_046,0.227,0.368,0.042,0.0,False,False
real_grok46_50,run_040,run_047,0.25,0.193,0.018,1.0,False,False
real_grok46_50,run_040,run_048,0.112,0.535,0.139,1.0,False,False
real_grok46_50,run_040,run_049,0.146,0.469,0.165,1.0,False,False
real_grok46_50,run_040,run_050,0.121,0.348,0.07,0.0,False,False
real_grok46_50,run_041,run_042,0.072,0.481,0.423,1.0,True,False
real_grok46_50,run_041,run_043,0.046,0.369,0.033,1.0,True,True
real_grok46_50,run_041,run_044,0.087,0.274,0.042,1.0,False,False
real_grok46_50,run_041,run_045,0.045,0.692,0.019,1.0,True,True
real_grok46_50,run_041,run_046,0.151,0.362,0.035,0.0,True,True
real_grok46_50,run_041,run_047,0.2,0.41,0.022,1.0,True,True
real_grok46_50,run_041,run_048,0.076,0.574,0.035,1.0,True,True
real_grok46_50,run_041,run_049,0.106,0.533,0.006,1.0,False,True
real_grok46_50,run_041,run_050,0.089,0.413,0.029,0.0,True,True
real_grok46_50,run_042,run_043,0.125,0.451,0.3,1.0,True,False
real_grok46_50,run_042,run_044,0.017,0.507,0.33,1.0,False,True
real_grok46_50,run_042,run_045,0.19,0.459,0.22,1.0,True,False
real_grok46_50,run_042,run_046,0.087,0.322,0.111,0.0,True,False
real_grok46_50,run_042,run_047,0.025,0.262,0.041,1.0,True,False
real_grok46_50,run_042,run_048,0.24,0.392,0.373,1.0,True,False
real_grok46_50,run_042,run_049,0.014,0.373,0.164,1.0,False,False
real_grok46_50,run_042,run_050,0.045,0.367,0.223,0.0,True,False
real_grok46_50,run_043,run_044,0.02,0.406,0.027,1.0,False,False
real_grok46_50,run_043,run_045,0.053,0.412,0.016,1.0,True,True
real_grok46_50,run_043,run_046,0.041,0.332,0.042,0.0,True,True
real_grok46_50,run_043,run_047,0.123,0.615,0.195,1.0,True,True
real_grok46_50,run_043,run_048,0.078,0.255,0.082,1.0,True,True
real_grok46_50,run_043,run_049,0.012,0.348,0.004,1.0,False,True
real_grok46_50,run_043,run_050,0.039,0.4,0.019,0.0,True,True
real_grok46_50,run_044,run_045,0.109,0.309,0.157,1.0,False,False
real_grok46_50,run_044,run_046,0.061,0.278,0.096,0.0,False,False
real_grok46_50,run_044,run_047,0.121,0.333,0.021,1.0,False,False
real_grok46_50,run_044,run_048,0.108,0.37,0.32,1.0,False,False
real_grok46_50,run_044,run_049,0.256,0.455,0.137,1.0,False,False
real_grok46_50,run_044,run_050,0.102,0.292,0.253,0.0,False,False
real_grok46_50,run_045,run_046,0.101,0.471,0.117,0.0,True,True
real_grok46_50,run_045,run_047,0.033,0.417,0.133,1.0,True,True
real_grok46_50,run_045,run_048,0.171,0.63,0.054,1.0,True,True
real_grok46_50,run_045,run_049,0.06,0.604,0.109,1.0,False,True
real_grok46_50,run_045,run_050,0.119,0.45,0.282,0.0,True,True
real_grok46_50,run_046,run_047,0.18,0.504,0.037,0.0,True,True
real_grok46_50,run_046,run_048,0.159,0.371,0.058,0.0,True,True
real_grok46_50,run_046,run_049,0.066,0.516,0.019,0.0,False,True
real_grok46_50,run_046,run_050,0.109,0.804,0.031,1.0,True,True
real_grok46_50,run_047,run_048,0.139,0.372,0.055,1.0,True,True
real_grok46_50,run_047,run_049,0.162,0.437,0.07,1.0,False,True
real_grok46_50,run_047,run_050,0.121,0.512,0.121,0.0,True,True
real_grok46_50,run_048,run_049,0.108,0.583,0.126,1.0,False,True
real_grok46_50,run_048,run_050,0.144,0.38,0.234,0.0,True,True
real_grok46_50,run_049,run_050,0.1,0.515,0.024,0.0,False,True
real_haiku45_50,run_002,run_003,1.0,1.0,1.0,1.0,False,False
real_haiku45_50,run_002,run_004,1.0,1.0,1.0,1.0,False,False
real_haiku45_50,run_002,run_005,1.0,1.0,1.0,1.0,False,False
real_haiku45_50,run_002,run_006,0.0,0.0,0.0,0.0,False,False
real_haiku45_50,run_002,run_007,0.0,0.0,0.0,0.0,False,False
real_haiku45_50,run_002,run_008,0.0,0.0,0.0,0.0,False,False
real_haiku45_50,run_002,run_009,0.0,0.0,0.0,0.0,False,False
real_haiku45_50,run_002,run_010,1.0,1.0,1.0,1.0,False,False
real_haiku45_50,run_002,run_011,1.0,1.0,1.0,1.0,False,False
real_haiku45_50,run_002,run_012,0.0,0.0,0.0,0.0,False,False
real_haiku45_50,run_002,run_013,0.0,0.0,0.0,0.0,False,False
real_haiku45_50,run_002,run_014,1.0,1.0,1.0,1.0,False,False
real_haiku45_50,run_002,run_015,1.0,1.0,1.0,1.0,False,False
real_haiku45_50,run_002,run_016,0.0,0.0,0.0,0.0,False,False
real_haiku45_50,run_002,run_017,1.0,1.0,1.0,1.0,False,False
real_haiku45_50,run_002,run_018,0.0,0.0,0.0,0.0,False,False
real_haiku45_50,run_002,run_019,0.0,0.0,0.0,0.0,False,False
real_haiku45_50,run_002,run_020,1.0,1.0,1.0,1.0,False,False
real_haiku45_50,run_002,run_021,0.0,0.0,0.0,0.0,False,False
real_haiku45_50,run_002,run_022,1.0,1.0,1.0,1.0,False,False
real_haiku45_50,run_002,run_023,0.0,0.0,0.0,0.0,False,False
real_haiku45_50,run_002,run_024,1.0,1.0,1.0,1.0,False,False
real_haiku45_50,run_002,run_025,0.0,0.0,0.0,0.0,False,False
real_haiku45_50,run_002,run_026,0.0,0.0,0.0,0.0,False,False
real_haiku45_50,run_002,run_027,0.0,0.0,0.0,0.0,False,False
real_haiku45_50,run_002,run_028,1.0,1.0,1.0,1.0,False,False
real_haiku45_50,run_002,run_029,0.0,0.0,0.0,0.0,False,False
real_haiku45_50,run_002,run_030,1.0,1.0,1.0,1.0,False,False
real_haiku45_50,run_002,run_031,0.0,0.0,0.0,0.0,False,False
real_haiku45_50,run_002,run_032,1.0,1.0,1.0,1.0,False,False
real_haiku45_50,run_002,run_033,1.0,1.0,1.0,1.0,False,False
real_haiku45_50,run_002,run_034,0.0,0.0,0.0,0.0,False,False
real_haiku45_50,run_002,run_035,1.0,1.0,1.0,1.0,False,False
real_haiku45_50,run_002,run_036,0.0,0.0,0.0,0.0,False,False
real_haiku45_50,run_002,run_037,1.0,1.0,1.0,1.0,False,False
real_haiku45_50,run_002,run_038,1.0,1.0,1.0,1.0,False,False
real_haiku45_50,run_002,run_039,1.0,1.0,1.0,1.0,False,False
real_haiku45_50,run_002,run_040,1.0,1.0,1.0,1.0,False,False
real_haiku45_50,run_002,run_041,1.0,1.0,1.0,1.0,False,False
real_haiku45_50,run_002,run_042,1.0,1.0,1.0,1.0,False,False
real_haiku45_50,run_002,run_043,1.0,1.0,1.0,1.0,False,False
real_haiku45_50,run_002,run_044,1.0,1.0,1.0,1.0,False,False
real_haiku45_50,run_002,run_045,0.0,0.0,0.0,0.0,False,False
real_haiku45_50,run_002,run_046,1.0,1.0,1.0,1.0,False,False
real_haiku45_50,run_002,run_047,1.0,1.0,1.0,1.0,False,False
real_haiku45_50,run_002,run_048,0.0,0.0,0.0,0.0,False,False
real_haiku45_50,run_002,run_049,1.0,1.0,1.0,1.0,False,False
real_haiku45_50,run_002,run_050,1.0,1.0,1.0,1.0,False,False
real_haiku45_50,run_003,run_004,1.0,1.0,1.0,1.0,False,False
real_haiku45_50,run_003,run_005,1.0,1.0,1.0,1.0,False,False
real_haiku45_50,run_003,run_006,0.0,0.0,0.0,0.0,False,False
real_haiku45_50,run_003,run_007,0.0,0.0,0.0,0.0,False,False
real_haiku45_50,run_003,run_008,0.0,0.0,0.0,0.0,False,False
real_haiku45_50,run_003,run_009,0.0,0.0,0.0,0.0,False,False
real_haiku45_50,run_003,run_010,1.0,1.0,1.0,1.0,False,False
real_haiku45_50,run_003,run_011,1.0,1.0,1.0,1.0,False,False
real_haiku45_50,run_003,run_012,0.0,0.0,0.0,0.0,False,False
real_haiku45_50,run_003,run_013,0.0,0.0,0.0,0.0,False,False
real_haiku45_50,run_003,run_014,1.0,1.0,1.0,1.0,False,False
real_haiku45_50,run_003,run_015,1.0,1.0,1.0,1.0,False,False
real_haiku45_50,run_003,run_016,0.0,0.0,0.0,0.0,False,False
real_haiku45_50,run_003,run_017,1.0,1.0,1.0,1.0,False,False
real_haiku45_50,run_003,run_018,0.0,0.0,0.0,0.0,False,False
real_haiku45_50,run_003,run_019,0.0,0.0,0.0,0.0,False,False
real_haiku45_50,run_003,run_020,1.0,1.0,1.0,1.0,False,False
real_haiku45_50,run_003,run_021,0.0,0.0,0.0,0.0,False,False
real_haiku45_50,run_003,run_022,1.0,1.0,1.0,1.0,False,False
real_haiku45_50,run_003,run_023,0.0,0.0,0.0,0.0,False,False
real_haiku45_50,run_003,run_024,1.0,1.0,1.0,1.0,False,False
real_haiku45_50,run_003,run_025,0.0,0.0,0.0,0.0,False,False
real_haiku45_50,run_003,run_026,0.0,0.0,0.0,0.0,False,False
real_haiku45_50,run_003,run_027,0.0,0.0,0.0,0.0,False,False
real_haiku45_50,run_003,run_028,1.0,1.0,1.0,1.0,False,False
real_haiku45_50,run_003,run_029,0.0,0.0,0.0,0.0,False,False
real_haiku45_50,run_003,run_030,1.0,1.0,1.0,1.0,False,False
real_haiku45_50,run_003,run_031,0.0,0.0,0.0,0.0,False,False
real_haiku45_50,run_003,run_032,1.0,1.0,1.0,1.0,False,False
real_haiku45_50,run_003,run_033,1.0,1.0,1.0,1.0,False,False
real_haiku45_50,run_003,run_034,0.0,0.0,0.0,0.0,False,False
real_haiku45_50,run_003,run_035,1.0,1.0,1.0,1.0,False,False
real_haiku45_50,run_003,run_036,0.0,0.0,0.0,0.0,False,False
real_haiku45_50,run_003,run_037,1.0,1.0,1.0,1.0,False,False
real_haiku45_50,run_003,run_038,1.0,1.0,1.0,1.0,False,False
real_haiku45_50,run_003,run_039,1.0,1.0,1.0,1.0,False,False
real_haiku45_50,run_003,run_040,1.0,1.0,1.0,1.0,False,False
real_haiku45_50,run_003,run_041,1.0,1.0,1.0,1.0,False,False
real_haiku45_50,run_003,run_042,1.0,1.0,1.0,1.0,False,False
real_haiku45_50,run_003,run_043,1.0,1.0,1.0,1.0,False,False
real_haiku45_50,run_003,run_044,1.0,1.0,1.0,1.0,False,False
real_haiku45_50,run_003,run_045,0.0,0.0,0.0,0.0,False,False
real_haiku45_50,run_003,run_046,1.0,1.0,1.0,1.0,False,False
real_haiku45_50,run_003,run_047,1.0,1.0,1.0,1.0,False,False
real_haiku45_50,run_003,run_048,0.0,0.0,0.0,0.0,False,False
real_haiku45_50,run_003,run_049,1.0,1.0,1.0,1.0,False,False
real_haiku45_50,run_003,run_050,1.0,1.0,1.0,1.0,False,False
real_haiku45_50,run_004,run_005,1.0,1.0,1.0,1.0,False,False
real_haiku45_50,run_004,run_006,0.0,0.0,0.0,0.0,False,False
real_haiku45_50,run_004,run_007,0.0,0.0,0.0,0.0,False,False
real_haiku45_50,run_004,run_008,0.0,0.0,0.0,0.0,False,False
real_haiku45_50,run_004,run_009,0.0,0.0,0.0,0.0,False,False
real_haiku45_50,run_004,run_010,1.0,1.0,1.0,1.0,False,False
real_haiku45_50,run_004,run_011,1.0,1.0,1.0,1.0,False,False
real_haiku45_50,run_004,run_012,0.0,0.0,0.0,0.0,False,False
real_haiku45_50,run_004,run_013,0.0,0.0,0.0,0.0,False,False
real_haiku45_50,run_004,run_014,1.0,1.0,1.0,1.0,False,False
real_haiku45_50,run_004,run_015,1.0,1.0,1.0,1.0,False,False
real_haiku45_50,run_004,run_016,0.0,0.0,0.0,0.0,False,False
real_haiku45_50,run_004,run_017,1.0,1.0,1.0,1.0,False,False
real_haiku45_50,run_004,run_018,0.0,0.0,0.0,0.0,False,False
real_haiku45_50,run_004,run_019,0.0,0.0,0.0,0.0,False,False
real_haiku45_50,run_004,run_020,1.0,1.0,1.0,1.0,False,False
real_haiku45_50,run_004,run_021,0.0,0.0,0.0,0.0,False,False
real_haiku45_50,run_004,run_022,1.0,1.0,1.0,1.0,False,False
real_haiku45_50,run_004,run_023,0.0,0.0,0.0,0.0,False,False
real_haiku45_50,run_004,run_024,1.0,1.0,1.0,1.0,False,False
real_haiku45_50,run_004,run_025,0.0,0.0,0.0,0.0,False,False
real_haiku45_50,run_004,run_026,0.0,0.0,0.0,0.0,False,False
real_haiku45_50,run_004,run_027,0.0,0.0,0.0,0.0,False,False
real_haiku45_50,run_004,run_028,1.0,1.0,1.0,1.0,False,False
real_haiku45_50,run_004,run_029,0.0,0.0,0.0,0.0,False,False
real_haiku45_50,run_004,run_030,1.0,1.0,1.0,1.0,False,False
real_haiku45_50,run_004,run_031,0.0,0.0,0.0,0.0,False,False
real_haiku45_50,run_004,run_032,1.0,1.0,1.0,1.0,False,False
real_haiku45_50,run_004,run_033,1.0,1.0,1.0,1.0,False,False
real_haiku45_50,run_004,run_034,0.0,0.0,0.0,0.0,False,False
real_haiku45_50,run_004,run_035,1.0,1.0,1.0,1.0,False,False
real_haiku45_50,run_004,run_036,0.0,0.0,0.0,0.0,False,False
real_haiku45_50,run_004,run_037,1.0,1.0,1.0,1.0,False,False
real_haiku45_50,run_004,run_038,1.0,1.0,1.0,1.0,False,False
real_haiku45_50,run_004,run_039,1.0,1.0,1.0,1.0,False,False
real_haiku45_50,run_004,run_040,1.0,1.0,1.0,1.0,False,False
real_haiku45_50,run_004,run_041,1.0,1.0,1.0,1.0,False,False
real_haiku45_50,run_004,run_042,1.0,1.0,1.0,1.0,False,False
real_haiku45_50,run_004,run_043,1.0,1.0,1.0,1.0,False,False
real_haiku45_50,run_004,run_044,1.0,1.0,1.0,1.0,False,False
real_haiku45_50,run_004,run_045,0.0,0.0,0.0,0.0,False,False
real_haiku45_50,run_004,run_046,1.0,1.0,1.0,1.0,False,False
real_haiku45_50,run_004,run_047,1.0,1.0,1.0,1.0,False,False
real_haiku45_50,run_004,run_048,0.0,0.0,0.0,0.0,False,False
real_haiku45_50,run_004,run_049,1.0,1.0,1.0,1.0,False,False
real_haiku45_50,run_004,run_050,1.0,1.0,1.0,1.0,False,False
real_haiku45_50,run_005,run_006,0.0,0.0,0.0,0.0,False,False
real_haiku45_50,run_005,run_007,0.0,0.0,0.0,0.0,False,False
real_haiku45_50,run_005,run_008,0.0,0.0,0.0,0.0,False,False
real_haiku45_50,run_005,run_009,0.0,0.0,0.0,0.0,False,False
real_haiku45_50,run_005,run_010,1.0,1.0,1.0,1.0,False,False
real_haiku45_50,run_005,run_011,1.0,1.0,1.0,1.0,False,False
real_haiku45_50,run_005,run_012,0.0,0.0,0.0,0.0,False,False
real_haiku45_50,run_005,run_013,0.0,0.0,0.0,0.0,False,False
real_haiku45_50,run_005,run_014,1.0,1.0,1.0,1.0,False,False
real_haiku45_50,run_005,run_015,1.0,1.0,1.0,1.0,False,False
real_haiku45_50,run_005,run_016,0.0,0.0,0.0,0.0,False,False
real_haiku45_50,run_005,run_017,1.0,1.0,1.0,1.0,False,False
real_haiku45_50,run_005,run_018,0.0,0.0,0.0,0.0,False,False
real_haiku45_50,run_005,run_019,0.0,0.0,0.0,0.0,False,False
real_haiku45_50,run_005,run_020,1.0,1.0,1.0,1.0,False,False
real_haiku45_50,run_005,run_021,0.0,0.0,0.0,0.0,False,False
real_haiku45_50,run_005,run_022,1.0,1.0,1.0,1.0,False,False
real_haiku45_50,run_005,run_023,0.0,0.0,0.0,0.0,False,False
real_haiku45_50,run_005,run_024,1.0,1.0,1.0,1.0,False,False
real_haiku45_50,run_005,run_025,0.0,0.0,0.0,0.0,False,False
real_haiku45_50,run_005,run_026,0.0,0.0,0.0,0.0,False,False
real_haiku45_50,run_005,run_027,0.0,0.0,0.0,0.0,False,False
real_haiku45_50,run_005,run_028,1.0,1.0,1.0,1.0,False,False
real_haiku45_50,run_005,run_029,0.0,0.0,0.0,0.0,False,False
real_haiku45_50,run_005,run_030,1.0,1.0,1.0,1.0,False,False
real_haiku45_50,run_005,run_031,0.0,0.0,0.0,0.0,False,False
real_haiku45_50,run_005,run_032,1.0,1.0,1.0,1.0,False,False
real_haiku45_50,run_005,run_033,1.0,1.0,1.0,1.0,False,False
real_haiku45_50,run_005,run_034,0.0,0.0,0.0,0.0,False,False
real_haiku45_50,run_005,run_035,1.0,1.0,1.0,1.0,False,False
real_haiku45_50,run_005,run_036,0.0,0.0,0.0,0.0,False,False
real_haiku45_50,run_005,run_037,1.0,1.0,1.0,1.0,False,False
real_haiku45_50,run_005,run_038,1.0,1.0,1.0,1.0,False,False
real_haiku45_50,run_005,run_039,1.0,1.0,1.0,1.0,False,False
real_haiku45_50,run_005,run_040,1.0,1.0,1.0,1.0,False,False
real_haiku45_50,run_005,run_041,1.0,1.0,1.0,1.0,False,False
real_haiku45_50,run_005,run_042,1.0,1.0,1.0,1.0,False,False
real_haiku45_50,run_005,run_043,1.0,1.0,1.0,1.0,False,False
real_haiku45_50,run_005,run_044,1.0,1.0,1.0,1.0,False,False
real_haiku45_50,run_005,run_045,0.0,0.0,0.0,0.0,False,False
real_haiku45_50,run_005,run_046,1.0,1.0,1.0,1.0,False,False
real_haiku45_50,run_005,run_047,1.0,1.0,1.0,1.0,False,False
real_haiku45_50,run_005,run_048,0.0,0.0,0.0,0.0,False,False
real_haiku45_50,run_005,run_049,1.0,1.0,1.0,1.0,False,False
real_haiku45_50,run_005,run_050,1.0,1.0,1.0,1.0,False,False
real_haiku45_50,run_006,run_007,0.061,0.018,0.019,0.0,True,True
real_haiku45_50,run_006,run_008,0.079,0.066,0.04,0.0,False,True
real_haiku45_50,run_006,run_009,0.055,0.094,0.055,0.5,True,True
real_haiku45_50,run_006,run_010,0.004,0.013,0.005,0.0,False,False
real_haiku45_50,run_006,run_011,0.004,0.013,0.005,0.0,False,False
real_haiku45_50,run_006,run_012,0.106,0.072,0.046,0.0,True,True
real_haiku45_50,run_006,run_013,0.045,0.103,0.022,0.0,True,True
real_haiku45_50,run_006,run_014,0.004,0.013,0.005,0.0,False,False
real_haiku45_50,run_006,run_015,0.004,0.013,0.005,0.0,False,False
real_haiku45_50,run_006,run_016,0.036,0.086,0.036,0.0,True,True
real_haiku45_50,run_006,run_017,0.004,0.013,0.005,0.0,False,False
real_haiku45_50,run_006,run_018,0.048,0.053,0.019,0.0,True,True
real_haiku45_50,run_006,run_019,0.041,0.122,0.033,0.0,True,True
real_haiku45_50,run_006,run_020,0.004,0.013,0.005,0.0,False,False
real_haiku45_50,run_006,run_021,0.063,0.079,0.072,0.0,False,False
real_haiku45_50,run_006,run_022,0.004,0.013,0.005,0.0,False,False
real_haiku45_50,run_006,run_023,0.023,0.034,0.045,0.0,False,True
real_haiku45_50,run_006,run_024,0.004,0.013,0.005,0.0,False,False
real_haiku45_50,run_006,run_025,0.056,0.07,0.034,0.0,False,True
real_haiku45_50,run_006,run_026,0.051,0.121,0.016,0.0,False,True
real_haiku45_50,run_006,run_027,0.043,0.09,0.043,0.0,True,True
real_haiku45_50,run_006,run_028,0.004,0.013,0.005,0.0,False,False
real_haiku45_50,run_006,run_029,0.058,0.066,0.028,0.0,False,False
real_haiku45_50,run_006,run_030,0.004,0.013,0.005,0.0,False,False
real_haiku45_50,run_006,run_031,0.054,0.26,0.03,1.0,True,True
real_haiku45_50,run_006,run_032,0.004,0.013,0.005,0.0,False,False
real_haiku45_50,run_006,run_033,0.004,0.013,0.005,0.0,False,False
real_haiku45_50,run_006,run_034,0.041,0.057,0.062,0.0,True,True
real_haiku45_50,run_006,run_035,0.004,0.013,0.005,0.0,False,False
real_haiku45_50,run_006,run_036,0.032,0.017,0.057,0.0,False,True
real_haiku45_50,run_006,run_037,0.004,0.013,0.005,0.0,False,False
real_haiku45_50,run_006,run_038,0.004,0.013,0.005,0.0,False,False
real_haiku45_50,run_006,run_039,0.004,0.013,0.005,0.0,False,False
real_haiku45_50,run_006,run_040,0.004,0.013,0.005,0.0,False,False
real_haiku45_50,run_006,run_041,0.004,0.013,0.005,0.0,False,False
real_haiku45_50,run_006,run_042,0.004,0.013,0.005,0.0,False,False
real_haiku45_50,run_006,run_043,0.004,0.013,0.005,0.0,False,False
real_haiku45_50,run_006,run_044,0.004,0.013,0.005,0.0,False,False
real_haiku45_50,run_006,run_045,0.037,0.025,0.056,0.0,False,True
real_haiku45_50,run_006,run_046,0.004,0.013,0.005,0.0,False,False
real_haiku45_50,run_006,run_047,0.004,0.013,0.005,0.0,False,False
real_haiku45_50,run_006,run_048,0.044,0.05,0.039,0.0,False,True
real_haiku45_50,run_006,run_049,0.004,0.013,0.005,0.0,False,False
real_haiku45_50,run_006,run_050,0.004,0.013,0.005,0.0,False,False
real_haiku45_50,run_007,run_008,0.118,0.071,0.032,0.25,False,True
real_haiku45_50,run_007,run_009,0.077,0.092,0.033,0.0,True,True
real_haiku45_50,run_007,run_010,0.006,0.01,0.004,0.0,False,False
real_haiku45_50,run_007,run_011,0.006,0.01,0.004,0.0,False,False
real_haiku45_50,run_007,run_012,0.068,0.095,0.069,0.5,True,True
real_haiku45_50,run_007,run_013,0.075,0.154,0.032,1.0,True,True
real_haiku45_50,run_007,run_014,0.006,0.01,0.004,0.0,False,False
real_haiku45_50,run_007,run_015,0.006,0.01,0.004,0.0,False,False
real_haiku45_50,run_007,run_016,0.083,0.102,0.039,0.5,True,True
real_haiku45_50,run_007,run_017,0.006,0.01,0.004,0.0,False,False
real_haiku45_50,run_007,run_018,0.063,0.084,0.022,1.0,True,True
real_haiku45_50,run_007,run_019,0.129,0.124,0.058,0.5,True,True
real_haiku45_50,run_007,run_020,0.006,0.01,0.004,0.0,False,False
real_haiku45_50,run_007,run_021,0.086,0.059,0.041,0.333,False,False
real_haiku45_50,run_007,run_022,0.006,0.01,0.004,0.0,False,False
real_haiku45_50,run_007,run_023,0.064,0.024,0.024,0.0,False,True
real_haiku45_50,run_007,run_024,0.006,0.01,0.004,0.0,False,False
real_haiku45_50,run_007,run_025,0.073,0.043,0.027,0.0,False,True
real_haiku45_50,run_007,run_026,0.096,0.082,0.039,0.5,False,True
real_haiku45_50,run_007,run_027,0.123,0.084,0.023,1.0,True,True
real_haiku45_50,run_007,run_028,0.006,0.01,0.004,0.0,False,False
real_haiku45_50,run_007,run_029,0.091,0.047,0.027,0.0,False,False
real_haiku45_50,run_007,run_030,0.006,0.01,0.004,0.0,False,False
real_haiku45_50,run_007,run_031,0.104,0.056,0.055,0.0,True,True
real_haiku45_50,run_007,run_032,0.006,0.01,0.004,0.0,False,False
real_haiku45_50,run_007,run_033,0.006,0.01,0.004,0.0,False,False
real_haiku45_50,run_007,run_034,0.077,0.032,0.076,0.5,True,True
real_haiku45_50,run_007,run_035,0.006,0.01,0.004,0.0,False,False
real_haiku45_50,run_007,run_036,0.061,0.067,0.063,0.0,False,True
real_haiku45_50,run_007,run_037,0.006,0.01,0.004,0.0,False,False
real_haiku45_50,run_007,run_038,0.006,0.01,0.004,0.0,False,False
real_haiku45_50,run_007,run_039,0.006,0.01,0.004,0.0,False,False
real_haiku45_50,run_007,run_040,0.006,0.01,0.004,0.0,False,False
real_haiku45_50,run_007,run_041,0.006,0.01,0.004,0.0,False,False
real_haiku45_50,run_007,run_042,0.006,0.01,0.004,0.0,False,False
real_haiku45_50,run_007,run_043,0.006,0.01,0.004,0.0,False,False
real_haiku45_50,run_007,run_044,0.006,0.01,0.004,0.0,False,False
real_haiku45_50,run_007,run_045,0.063,0.065,0.069,0.0,False,True
real_haiku45_50,run_007,run_046,0.006,0.01,0.004,0.0,False,False
real_haiku45_50,run_007,run_047,0.006,0.01,0.004,0.0,False,False
real_haiku45_50,run_007,run_048,0.049,0.041,0.044,1.0,False,True
real_haiku45_50,run_007,run_049,0.006,0.01,0.004,0.0,False,False
real_haiku45_50,run_007,run_050,0.006,0.01,0.004,0.0,False,False
real_haiku45_50,run_008,run_009,0.025,0.052,0.046,0.0,False,True
real_haiku45_50,run_008,run_010,0.006,0.008,0.005,0.0,False,False
real_haiku45_50,run_008,run_011,0.006,0.008,0.005,0.0,False,False
real_haiku45_50,run_008,run_012,0.062,0.076,0.065,0.0,False,True
real_haiku45_50,run_008,run_013,0.051,0.106,0.027,0.25,False,True
real_haiku45_50,run_008,run_014,0.006,0.008,0.005,0.0,False,False
real_haiku45_50,run_008,run_015,0.006,0.008,0.005,0.0,False,False
real_haiku45_50,run_008,run_016,0.049,0.079,0.048,0.333,False,True
real_haiku45_50,run_008,run_017,0.006,0.008,0.005,0.0,False,False
real_haiku45_50,run_008,run_018,0.044,0.099,0.038,0.25,False,True
real_haiku45_50,run_008,run_019,0.082,0.124,0.014,0.333,False,True
real_haiku45_50,run_008,run_020,0.006,0.008,0.005,0.0,False,False
real_haiku45_50,run_008,run_021,0.054,0.052,0.054,0.25,False,False
real_haiku45_50,run_008,run_022,0.006,0.008,0.005,0.0,False,False
real_haiku45_50,run_008,run_023,0.047,0.022,0.068,0.0,False,True
real_haiku45_50,run_008,run_024,0.006,0.008,0.005,0.0,False,False
real_haiku45_50,run_008,run_025,0.089,0.03,0.089,0.333,False,True
real_haiku45_50,run_008,run_026,0.039,0.089,0.033,0.333,False,True
real_haiku45_50,run_008,run_027,0.077,0.076,0.04,0.25,False,True
real_haiku45_50,run_008,run_028,0.006,0.008,0.005,0.0,False,False
real_haiku45_50,run_008,run_029,0.109,0.022,0.028,0.0,False,False
real_haiku45_50,run_008,run_030,0.006,0.008,0.005,0.0,False,False
real_haiku45_50,run_008,run_031,0.023,0.043,0.015,0.0,False,True
real_haiku45_50,run_008,run_032,0.006,0.008,0.005,0.0,False,False
real_haiku45_50,run_008,run_033,0.006,0.008,0.005,0.0,False,False
real_haiku45_50,run_008,run_034,0.052,0.073,0.06,0.0,False,True
real_haiku45_50,run_008,run_035,0.006,0.008,0.005,0.0,False,False
real_haiku45_50,run_008,run_036,0.032,0.041,0.096,0.0,False,True
real_haiku45_50,run_008,run_037,0.006,0.008,0.005,0.0,False,False
real_haiku45_50,run_008,run_038,0.006,0.008,0.005,0.0,False,False
real_haiku45_50,run_008,run_039,0.006,0.008,0.005,0.0,False,False
real_haiku45_50,run_008,run_040,0.006,0.008,0.005,0.0,False,False
real_haiku45_50,run_008,run_041,0.006,0.008,0.005,0.0,False,False
real_haiku45_50,run_008,run_042,0.006,0.008,0.005,0.0,False,False
real_haiku45_50,run_008,run_043,0.006,0.008,0.005,0.0,False,False
real_haiku45_50,run_008,run_044,0.006,0.008,0.005,0.0,False,False
real_haiku45_50,run_008,run_045,0.046,0.025,0.048,0.0,False,True
real_haiku45_50,run_008,run_046,0.006,0.008,0.005,0.0,False,False
real_haiku45_50,run_008,run_047,0.006,0.008,0.005,0.0,False,False
real_haiku45_50,run_008,run_048,0.065,0.024,0.062,0.25,False,True
real_haiku45_50,run_008,run_049,0.006,0.008,0.005,0.0,False,False
real_haiku45_50,run_008,run_050,0.006,0.008,0.005,0.0,False,False
real_haiku45_50,run_009,run_010,0.003,0.019,0.006,0.0,False,False
real_haiku45_50,run_009,run_011,0.003,0.019,0.006,0.0,False,False
real_haiku45_50,run_009,run_012,0.047,0.058,0.063,0.0,True,True
real_haiku45_50,run_009,run_013,0.096,0.015,0.032,0.0,True,True
real_haiku45_50,run_009,run_014,0.003,0.019,0.006,0.0,False,False
real_haiku45_50,run_009,run_015,0.003,0.019,0.006,0.0,False,False
real_haiku45_50,run_009,run_016,0.054,0.027,0.037,0.0,True,True
real_haiku45_50,run_009,run_017,0.003,0.019,0.006,0.0,False,False
real_haiku45_50,run_009,run_018,0.074,0.094,0.079,0.0,True,True
real_haiku45_50,run_009,run_019,0.061,0.107,0.023,0.0,True,True
real_haiku45_50,run_009,run_020,0.003,0.019,0.006,0.0,False,False
real_haiku45_50,run_009,run_021,0.036,0.037,0.037,0.0,False,False
real_haiku45_50,run_009,run_022,0.003,0.019,0.006,0.0,False,False
real_haiku45_50,run_009,run_023,0.054,0.028,0.033,0.0,False,True
real_haiku45_50,run_009,run_024,0.003,0.019,0.006,0.0,False,False
real_haiku45_50,run_009,run_025,0.056,0.028,0.029,0.0,False,True
real_haiku45_50,run_009,run_026,0.074,0.038,0.052,0.0,False,True
real_haiku45_50,run_009,run_027,0.086,0.076,0.037,0.0,True,True
real_haiku45_50,run_009,run_028,0.003,0.019,0.006,0.0,False,False
real_haiku45_50,run_009,run_029,0.096,0.074,0.015,0.0,False,False
real_haiku45_50,run_009,run_030,0.003,0.019,0.006,0.0,False,False
real_haiku45_50,run_009,run_031,0.096,0.053,0.035,0.5,True,True
real_haiku45_50,run_009,run_032,0.003,0.019,0.006,0.0,False,False
real_haiku45_50,run_009,run_033,0.003,0.019,0.006,0.0,False,False
real_haiku45_50,run_009,run_034,0.07,0.044,0.053,0.0,True,True
real_haiku45_50,run_009,run_035,0.003,0.019,0.006,0.0,False,False
real_haiku45_50,run_009,run_036,0.088,0.03,0.039,0.0,False,True
real_haiku45_50,run_009,run_037,0.003,0.019,0.006,0.0,False,False
real_haiku45_50,run_009,run_038,0.003,0.019,0.006,0.0,False,False
real_haiku45_50,run_009,run_039,0.003,0.019,0.006,0.0,False,False
real_haiku45_50,run_009,run_040,0.003,0.019,0.006,0.0,False,False
real_haiku45_50,run_009,run_041,0.003,0.019,0.006,0.0,False,False
real_haiku45_50,run_009,run_042,0.003,0.019,0.006,0.0,False,False
real_haiku45_50,run_009,run_043,0.003,0.019,0.006,0.0,False,False
real_haiku45_50,run_009,run_044,0.003,0.019,0.006,0.0,False,False
real_haiku45_50,run_009,run_045,0.073,0.036,0.075,0.0,False,True
real_haiku45_50,run_009,run_046,0.003,0.019,0.006,0.0,False,False
real_haiku45_50,run_009,run_047,0.003,0.019,0.006,0.0,False,False
real_haiku45_50,run_009,run_048,0.037,0.065,0.056,0.0,False,True
real_haiku45_50,run_009,run_049,0.003,0.019,0.006,0.0,False,False
real_haiku45_50,run_009,run_050,0.003,0.019,0.006,0.0,False,False
real_haiku45_50,run_010,run_011,1.0,1.0,1.0,1.0,False,False
real_haiku45_50,run_010,run_012,0.0,0.0,0.0,0.0,False,False
real_haiku45_50,run_010,run_013,0.0,0.0,0.0,0.0,False,False
real_haiku45_50,run_010,run_014,1.0,1.0,1.0,1.0,False,False
real_haiku45_50,run_010,run_015,1.0,1.0,1.0,1.0,False,False
real_haiku45_50,run_010,run_016,0.0,0.0,0.0,0.0,False,False
real_haiku45_50,run_010,run_017,1.0,1.0,1.0,1.0,False,False
real_haiku45_50,run_010,run_018,0.0,0.0,0.0,0.0,False,False
real_haiku45_50,run_010,run_019,0.0,0.0,0.0,0.0,False,False
real_haiku45_50,run_010,run_020,1.0,1.0,1.0,1.0,False,False
real_haiku45_50,run_010,run_021,0.0,0.0,0.0,0.0,False,False
real_haiku45_50,run_010,run_022,1.0,1.0,1.0,1.0,False,False
real_haiku45_50,run_010,run_023,0.0,0.0,0.0,0.0,False,False
real_haiku45_50,run_010,run_024,1.0,1.0,1.0,1.0,False,False
real_haiku45_50,run_010,run_025,0.0,0.0,0.0,0.0,False,False
real_haiku45_50,run_010,run_026,0.0,0.0,0.0,0.0,False,False
real_haiku45_50,run_010,run_027,0.0,0.0,0.0,0.0,False,False
real_haiku45_50,run_010,run_028,1.0,1.0,1.0,1.0,False,False
real_haiku45_50,run_010,run_029,0.0,0.0,0.0,0.0,False,False
real_haiku45_50,run_010,run_030,1.0,1.0,1.0,1.0,False,False
real_haiku45_50,run_010,run_031,0.0,0.0,0.0,0.0,False,False
real_haiku45_50,run_010,run_032,1.0,1.0,1.0,1.0,False,False
real_haiku45_50,run_010,run_033,1.0,1.0,1.0,1.0,False,False
real_haiku45_50,run_010,run_034,0.0,0.0,0.0,0.0,False,False
real_haiku45_50,run_010,run_035,1.0,1.0,1.0,1.0,False,False
real_haiku45_50,run_010,run_036,0.0,0.0,0.0,0.0,False,False
real_haiku45_50,run_010,run_037,1.0,1.0,1.0,1.0,False,False
real_haiku45_50,run_010,run_038,1.0,1.0,1.0,1.0,False,False
real_haiku45_50,run_010,run_039,1.0,1.0,1.0,1.0,False,False
real_haiku45_50,run_010,run_040,1.0,1.0,1.0,1.0,False,False
real_haiku45_50,run_010,run_041,1.0,1.0,1.0,1.0,False,False
real_haiku45_50,run_010,run_042,1.0,1.0,1.0,1.0,False,False
real_haiku45_50,run_010,run_043,1.0,1.0,1.0,1.0,False,False
real_haiku45_50,run_010,run_044,1.0,1.0,1.0,1.0,False,False
real_haiku45_50,run_010,run_045,0.0,0.0,0.0,0.0,False,False
real_haiku45_50,run_010,run_046,1.0,1.0,1.0,1.0,False,False
real_haiku45_50,run_010,run_047,1.0,1.0,1.0,1.0,False,False
real_haiku45_50,run_010,run_048,0.0,0.0,0.0,0.0,False,False
real_haiku45_50,run_010,run_049,1.0,1.0,1.0,1.0,False,False
real_haiku45_50,run_010,run_050,1.0,1.0,1.0,1.0,False,False
real_haiku45_50,run_011,run_012,0.0,0.0,0.0,0.0,False,False
real_haiku45_50,run_011,run_013,0.0,0.0,0.0,0.0,False,False
real_haiku45_50,run_011,run_014,1.0,1.0,1.0,1.0,False,False
real_haiku45_50,run_011,run_015,1.0,1.0,1.0,1.0,False,False
real_haiku45_50,run_011,run_016,0.0,0.0,0.0,0.0,False,False
real_haiku45_50,run_011,run_017,1.0,1.0,1.0,1.0,False,False
real_haiku45_50,run_011,run_018,0.0,0.0,0.0,0.0,False,False
real_haiku45_50,run_011,run_019,0.0,0.0,0.0,0.0,False,False
real_haiku45_50,run_011,run_020,1.0,1.0,1.0,1.0,False,False
real_haiku45_50,run_011,run_021,0.0,0.0,0.0,0.0,False,False
real_haiku45_50,run_011,run_022,1.0,1.0,1.0,1.0,False,False
real_haiku45_50,run_011,run_023,0.0,0.0,0.0,0.0,False,False
real_haiku45_50,run_011,run_024,1.0,1.0,1.0,1.0,False,False
real_haiku45_50,run_011,run_025,0.0,0.0,0.0,0.0,False,False
real_haiku45_50,run_011,run_026,0.0,0.0,0.0,0.0,False,False
real_haiku45_50,run_011,run_027,0.0,0.0,0.0,0.0,False,False
real_haiku45_50,run_011,run_028,1.0,1.0,1.0,1.0,False,False
real_haiku45_50,run_011,run_029,0.0,0.0,0.0,0.0,False,False
real_haiku45_50,run_011,run_030,1.0,1.0,1.0,1.0,False,False
real_haiku45_50,run_011,run_031,0.0,0.0,0.0,0.0,False,False
real_haiku45_50,run_011,run_032,1.0,1.0,1.0,1.0,False,False
real_haiku45_50,run_011,run_033,1.0,1.0,1.0,1.0,False,False
real_haiku45_50,run_011,run_034,0.0,0.0,0.0,0.0,False,False
real_haiku45_50,run_011,run_035,1.0,1.0,1.0,1.0,False,False
real_haiku45_50,run_011,run_036,0.0,0.0,0.0,0.0,False,False
real_haiku45_50,run_011,run_037,1.0,1.0,1.0,1.0,False,False
real_haiku45_50,run_011,run_038,1.0,1.0,1.0,1.0,False,False
real_haiku45_50,run_011,run_039,1.0,1.0,1.0,1.0,False,False
real_haiku45_50,run_011,run_040,1.0,1.0,1.0,1.0,False,False
real_haiku45_50,run_011,run_041,1.0,1.0,1.0,1.0,False,False
real_haiku45_50,run_011,run_042,1.0,1.0,1.0,1.0,False,False
real_haiku45_50,run_011,run_043,1.0,1.0,1.0,1.0,False,False
real_haiku45_50,run_011,run_044,1.0,1.0,1.0,1.0,False,False
real_haiku45_50,run_011,run_045,0.0,0.0,0.0,0.0,False,False
real_haiku45_50,run_011,run_046,1.0,1.0,1.0,1.0,False,False
real_haiku45_50,run_011,run_047,1.0,1.0,1.0,1.0,False,False
real_haiku45_50,run_011,run_048,0.0,0.0,0.0,0.0,False,False
real_haiku45_50,run_011,run_049,1.0,1.0,1.0,1.0,False,False
real_haiku45_50,run_011,run_050,1.0,1.0,1.0,1.0,False,False
real_haiku45_50,run_012,run_013,0.028,0.077,0.038,0.5,True,True
real_haiku45_50,run_012,run_014,0.007,0.013,0.004,0.0,False,False
real_haiku45_50,run_012,run_015,0.007,0.013,0.004,0.0,False,False
real_haiku45_50,run_012,run_016,0.029,0.078,0.051,0.0,True,True
real_haiku45_50,run_012,run_017,0.007,0.013,0.004,0.0,False,False
real_haiku45_50,run_012,run_018,0.067,0.093,0.022,0.5,True,True
real_haiku45_50,run_012,run_019,0.065,0.123,0.031,0.0,True,True
real_haiku45_50,run_012,run_020,0.007,0.013,0.004,0.0,False,False
real_haiku45_50,run_012,run_021,0.087,0.021,0.059,0.0,False,False
real_haiku45_50,run_012,run_022,0.007,0.013,0.004,0.0,False,False
real_haiku45_50,run_012,run_023,0.035,0.032,0.038,0.0,False,True
real_haiku45_50,run_012,run_024,0.007,0.013,0.004,0.0,False,False
real_haiku45_50,run_012,run_025,0.035,0.055,0.022,0.0,False,True
real_haiku45_50,run_012,run_026,0.086,0.108,0.032,0.0,False,True
real_haiku45_50,run_012,run_027,0.047,0.122,0.02,0.5,True,True
real_haiku45_50,run_012,run_028,0.007,0.013,0.004,0.0,False,False
real_haiku45_50,run_012,run_029,0.057,0.02,0.024,0.0,False,False
real_haiku45_50,run_012,run_030,0.007,0.013,0.004,0.0,False,False
real_haiku45_50,run_012,run_031,0.047,0.055,0.046,0.0,True,True
real_haiku45_50,run_012,run_032,0.007,0.013,0.004,0.0,False,False
real_haiku45_50,run_012,run_033,0.007,0.013,0.004,0.0,False,False
real_haiku45_50,run_012,run_034,0.098,0.097,0.028,1.0,True,True
real_haiku45_50,run_012,run_035,0.007,0.013,0.004,0.0,False,False
real_haiku45_50,run_012,run_036,0.041,0.061,0.045,0.0,False,True
real_haiku45_50,run_012,run_037,0.007,0.013,0.004,0.0,False,False
real_haiku45_50,run_012,run_038,0.007,0.013,0.004,0.0,False,False
real_haiku45_50,run_012,run_039,0.007,0.013,0.004,0.0,False,False
real_haiku45_50,run_012,run_040,0.007,0.013,0.004,0.0,False,False
real_haiku45_50,run_012,run_041,0.007,0.013,0.004,0.0,False,False
real_haiku45_50,run_012,run_042,0.007,0.013,0.004,0.0,False,False
real_haiku45_50,run_012,run_043,0.007,0.013,0.004,0.0,False,False
real_haiku45_50,run_012,run_044,0.007,0.013,0.004,0.0,False,False
real_haiku45_50,run_012,run_045,0.025,0.04,0.053,0.0,False,True
real_haiku45_50,run_012,run_046,0.007,0.013,0.004,0.0,False,False
real_haiku45_50,run_012,run_047,0.007,0.013,0.004,0.0,False,False
real_haiku45_50,run_012,run_048,0.107,0.058,0.039,0.5,False,True
real_haiku45_50,run_012,run_049,0.007,0.013,0.004,0.0,False,False
real_haiku45_50,run_012,run_050,0.007,0.013,0.004,0.0,False,False
real_haiku45_50,run_013,run_014,0.002,0.013,0.003,0.0,False,False
real_haiku45_50,run_013,run_015,0.002,0.013,0.003,0.0,False,False
real_haiku45_50,run_013,run_016,0.041,0.113,0.036,0.5,True,True
real_haiku45_50,run_013,run_017,0.002,0.013,0.003,0.0,False,False
real_haiku45_50,run_013,run_018,0.036,0.059,0.032,1.0,True,True
real_haiku45_50,run_013,run_019,0.111,0.199,0.026,0.5,True,True
real_haiku45_50,run_013,run_020,0.002,0.013,0.003,0.0,False,False
real_haiku45_50,run_013,run_021,0.06,0.073,0.038,0.333,False,False
real_haiku45_50,run_013,run_022,0.002,0.013,0.003,0.0,False,False
real_haiku45_50,run_013,run_023,0.051,0.056,0.031,0.0,False,True
real_haiku45_50,run_013,run_024,0.002,0.013,0.003,0.0,False,False
real_haiku45_50,run_013,run_025,0.04,0.045,0.034,0.0,False,True
real_haiku45_50,run_013,run_026,0.083,0.102,0.026,0.5,False,True
real_haiku45_50,run_013,run_027,0.093,0.147,0.031,1.0,True,True
real_haiku45_50,run_013,run_028,0.002,0.013,0.003,0.0,False,False
real_haiku45_50,run_013,run_029,0.068,0.013,0.029,0.0,False,False
real_haiku45_50,run_013,run_030,0.002,0.013,0.003,0.0,False,False
real_haiku45_50,run_013,run_031,0.052,0.102,0.029,0.0,True,True
real_haiku45_50,run_013,run_032,0.002,0.013,0.003,0.0,False,False
real_haiku45_50,run_013,run_033,0.002,0.013,0.003,0.0,False,False
real_haiku45_50,run_013,run_034,0.039,0.076,0.029,0.5,True,True
real_haiku45_50,run_013,run_035,0.002,0.013,0.003,0.0,False,False
real_haiku45_50,run_013,run_036,0.062,0.056,0.027,0.0,False,True
real_haiku45_50,run_013,run_037,0.002,0.013,0.003,0.0,False,False
real_haiku45_50,run_013,run_038,0.002,0.013,0.003,0.0,False,False
real_haiku45_50,run_013,run_039,0.002,0.013,0.003,0.0,False,False
real_haiku45_50,run_013,run_040,0.002,0.013,0.003,0.0,False,False
real_haiku45_50,run_013,run_041,0.002,0.013,0.003,0.0,False,False
real_haiku45_50,run_013,run_042,0.002,0.013,0.003,0.0,False,False
real_haiku45_50,run_013,run_043,0.002,0.013,0.003,0.0,False,False
real_haiku45_50,run_013,run_044,0.002,0.013,0.003,0.0,False,False
real_haiku45_50,run_013,run_045,0.048,0.038,0.066,0.0,False,True
real_haiku45_50,run_013,run_046,0.002,0.013,0.003,0.0,False,False
real_haiku45_50,run_013,run_047,0.002,0.013,0.003,0.0,False,False
real_haiku45_50,run_013,run_048,0.023,0.052,0.038,1.0,False,True
real_haiku45_50,run_013,run_049,0.002,0.013,0.003,0.0,False,False
real_haiku45_50,run_013,run_050,0.002,0.013,0.003,0.0,False,False
real_haiku45_50,run_014,run_015,1.0,1.0,1.0,1.0,False,False
real_haiku45_50,run_014,run_016,0.0,0.0,0.0,0.0,False,False
real_haiku45_50,run_014,run_017,1.0,1.0,1.0,1.0,False,False
real_haiku45_50,run_014,run_018,0.0,0.0,0.0,0.0,False,False
real_haiku45_50,run_014,run_019,0.0,0.0,0.0,0.0,False,False
real_haiku45_50,run_014,run_020,1.0,1.0,1.0,1.0,False,False
real_haiku45_50,run_014,run_021,0.0,0.0,0.0,0.0,False,False
real_haiku45_50,run_014,run_022,1.0,1.0,1.0,1.0,False,False
real_haiku45_50,run_014,run_023,0.0,0.0,0.0,0.0,False,False
real_haiku45_50,run_014,run_024,1.0,1.0,1.0,1.0,False,False
real_haiku45_50,run_014,run_025,0.0,0.0,0.0,0.0,False,False
real_haiku45_50,run_014,run_026,0.0,0.0,0.0,0.0,False,False
real_haiku45_50,run_014,run_027,0.0,0.0,0.0,0.0,False,False
real_haiku45_50,run_014,run_028,1.0,1.0,1.0,1.0,False,False
real_haiku45_50,run_014,run_029,0.0,0.0,0.0,0.0,False,False
real_haiku45_50,run_014,run_030,1.0,1.0,1.0,1.0,False,False
real_haiku45_50,run_014,run_031,0.0,0.0,0.0,0.0,False,False
real_haiku45_50,run_014,run_032,1.0,1.0,1.0,1.0,False,False
real_haiku45_50,run_014,run_033,1.0,1.0,1.0,1.0,False,False
real_haiku45_50,run_014,run_034,0.0,0.0,0.0,0.0,False,False
real_haiku45_50,run_014,run_035,1.0,1.0,1.0,1.0,False,False
real_haiku45_50,run_014,run_036,0.0,0.0,0.0,0.0,False,False
real_haiku45_50,run_014,run_037,1.0,1.0,1.0,1.0,False,False
real_haiku45_50,run_014,run_038,1.0,1.0,1.0,1.0,False,False
real_haiku45_50,run_014,run_039,1.0,1.0,1.0,1.0,False,False
real_haiku45_50,run_014,run_040,1.0,1.0,1.0,1.0,False,False
real_haiku45_50,run_014,run_041,1.0,1.0,1.0,1.0,False,False
real_haiku45_50,run_014,run_042,1.0,1.0,1.0,1.0,False,False
real_haiku45_50,run_014,run_043,1.0,1.0,1.0,1.0,False,False
real_haiku45_50,run_014,run_044,1.0,1.0,1.0,1.0,False,False
real_haiku45_50,run_014,run_045,0.0,0.0,0.0,0.0,False,False
real_haiku45_50,run_014,run_046,1.0,1.0,1.0,1.0,False,False
real_haiku45_50,run_014,run_047,1.0,1.0,1.0,1.0,False,False
real_haiku45_50,run_014,run_048,0.0,0.0,0.0,0.0,False,False
real_haiku45_50,run_014,run_049,1.0,1.0,1.0,1.0,False,False
real_haiku45_50,run_014,run_050,1.0,1.0,1.0,1.0,False,False
real_haiku45_50,run_015,run_016,0.0,0.0,0.0,0.0,False,False
real_haiku45_50,run_015,run_017,1.0,1.0,1.0,1.0,False,False
real_haiku45_50,run_015,run_018,0.0,0.0,0.0,0.0,False,False
real_haiku45_50,run_015,run_019,0.0,0.0,0.0,0.0,False,False
real_haiku45_50,run_015,run_020,1.0,1.0,1.0,1.0,False,False
real_haiku45_50,run_015,run_021,0.0,0.0,0.0,0.0,False,False
real_haiku45_50,run_015,run_022,1.0,1.0,1.0,1.0,False,False
real_haiku45_50,run_015,run_023,0.0,0.0,0.0,0.0,False,False
real_haiku45_50,run_015,run_024,1.0,1.0,1.0,1.0,False,False
real_haiku45_50,run_015,run_025,0.0,0.0,0.0,0.0,False,False
real_haiku45_50,run_015,run_026,0.0,0.0,0.0,0.0,False,False
real_haiku45_50,run_015,run_027,0.0,0.0,0.0,0.0,False,False
real_haiku45_50,run_015,run_028,1.0,1.0,1.0,1.0,False,False
real_haiku45_50,run_015,run_029,0.0,0.0,0.0,0.0,False,False
real_haiku45_50,run_015,run_030,1.0,1.0,1.0,1.0,False,False
real_haiku45_50,run_015,run_031,0.0,0.0,0.0,0.0,False,False
real_haiku45_50,run_015,run_032,1.0,1.0,1.0,1.0,False,False
real_haiku45_50,run_015,run_033,1.0,1.0,1.0,1.0,False,False
real_haiku45_50,run_015,run_034,0.0,0.0,0.0,0.0,False,False
real_haiku45_50,run_015,run_035,1.0,1.0,1.0,1.0,False,False
real_haiku45_50,run_015,run_036,0.0,0.0,0.0,0.0,False,False
real_haiku45_50,run_015,run_037,1.0,1.0,1.0,1.0,False,False
real_haiku45_50,run_015,run_038,1.0,1.0,1.0,1.0,False,False
real_haiku45_50,run_015,run_039,1.0,1.0,1.0,1.0,False,False
real_haiku45_50,run_015,run_040,1.0,1.0,1.0,1.0,False,False
real_haiku45_50,run_015,run_041,1.0,1.0,1.0,1.0,False,False
real_haiku45_50,run_015,run_042,1.0,1.0,1.0,1.0,False,False
real_haiku45_50,run_015,run_043,1.0,1.0,1.0,1.0,False,False
real_haiku45_50,run_015,run_044,1.0,1.0,1.0,1.0,False,False
real_haiku45_50,run_015,run_045,0.0,0.0,0.0,0.0,False,False
real_haiku45_50,run_015,run_046,1.0,1.0,1.0,1.0,False,False
real_haiku45_50,run_015,run_047,1.0,1.0,1.0,1.0,False,False
real_haiku45_50,run_015,run_048,0.0,0.0,0.0,0.0,False,False
real_haiku45_50,run_015,run_049,1.0,1.0,1.0,1.0,False,False
real_haiku45_50,run_015,run_050,1.0,1.0,1.0,1.0,False,False
real_haiku45_50,run_016,run_017,0.003,0.017,0.004,0.0,False,False
real_haiku45_50,run_016,run_018,0.061,0.092,0.026,0.5,True,True
real_haiku45_50,run_016,run_019,0.04,0.172,0.031,1.0,True,True
real_haiku45_50,run_016,run_020,0.003,0.017,0.004,0.0,False,False
real_haiku45_50,run_016,run_021,0.037,0.048,0.034,0.5,False,False
real_haiku45_50,run_016,run_022,0.003,0.017,0.004,0.0,False,False
real_haiku45_50,run_016,run_023,0.061,0.051,0.039,0.0,False,True
real_haiku45_50,run_016,run_024,0.003,0.017,0.004,0.0,False,False
real_haiku45_50,run_016,run_025,0.039,0.067,0.024,0.0,False,True
real_haiku45_50,run_016,run_026,0.057,0.087,0.025,1.0,False,True
real_haiku45_50,run_016,run_027,0.06,0.115,0.04,0.5,True,True
real_haiku45_50,run_016,run_028,0.003,0.017,0.004,0.0,False,False
real_haiku45_50,run_016,run_029,0.076,0.021,0.056,0.0,False,False
real_haiku45_50,run_016,run_030,0.003,0.017,0.004,0.0,False,False
real_haiku45_50,run_016,run_031,0.025,0.134,0.03,0.0,True,True
real_haiku45_50,run_016,run_032,0.003,0.017,0.004,0.0,False,False
real_haiku45_50,run_016,run_033,0.003,0.017,0.004,0.0,False,False
real_haiku45_50,run_016,run_034,0.028,0.13,0.042,0.0,True,True
real_haiku45_50,run_016,run_035,0.003,0.017,0.004,0.0,False,False
real_haiku45_50,run_016,run_036,0.075,0.053,0.055,0.0,False,True
real_haiku45_50,run_016,run_037,0.003,0.017,0.004,0.0,False,False
real_haiku45_50,run_016,run_038,0.003,0.017,0.004,0.0,False,False
real_haiku45_50,run_016,run_039,0.003,0.017,0.004,0.0,False,False
real_haiku45_50,run_016,run_040,0.003,0.017,0.004,0.0,False,False
real_haiku45_50,run_016,run_041,0.003,0.017,0.004,0.0,False,False
real_haiku45_50,run_016,run_042,0.003,0.017,0.004,0.0,False,False
real_haiku45_50,run_016,run_043,0.003,0.017,0.004,0.0,False,False
real_haiku45_50,run_016,run_044,0.003,0.017,0.004,0.0,False,False
real_haiku45_50,run_016,run_045,0.078,0.071,0.049,0.0,False,True
real_haiku45_50,run_016,run_046,0.003,0.017,0.004,0.0,False,False
real_haiku45_50,run_016,run_047,0.003,0.017,0.004,0.0,False,False
real_haiku45_50,run_016,run_048,0.011,0.065,0.063,0.5,False,True
real_haiku45_50,run_016,run_049,0.003,0.017,0.004,0.0,False,False
real_haiku45_50,run_016,run_050,0.003,0.017,0.004,0.0,False,False
real_haiku45_50,run_017,run_018,0.0,0.0,0.0,0.0,False,False
real_haiku45_50,run_017,run_019,0.0,0.0,0.0,0.0,False,False
real_haiku45_50,run_017,run_020,1.0,1.0,1.0,1.0,False,False
real_haiku45_50,run_017,run_021,0.0,0.0,0.0,0.0,False,False
real_haiku45_50,run_017,run_022,1.0,1.0,1.0,1.0,False,False
real_haiku45_50,run_017,run_023,0.0,0.0,0.0,0.0,False,False
real_haiku45_50,run_017,run_024,1.0,1.0,1.0,1.0,False,False
real_haiku45_50,run_017,run_025,0.0,0.0,0.0,0.0,False,False
real_haiku45_50,run_017,run_026,0.0,0.0,0.0,0.0,False,False
real_haiku45_50,run_017,run_027,0.0,0.0,0.0,0.0,False,False
real_haiku45_50,run_017,run_028,1.0,1.0,1.0,1.0,False,False
real_haiku45_50,run_017,run_029,0.0,0.0,0.0,0.0,False,False
real_haiku45_50,run_017,run_030,1.0,1.0,1.0,1.0,False,False
real_haiku45_50,run_017,run_031,0.0,0.0,0.0,0.0,False,False
real_haiku45_50,run_017,run_032,1.0,1.0,1.0,1.0,False,False
real_haiku45_50,run_017,run_033,1.0,1.0,1.0,1.0,False,False
real_haiku45_50,run_017,run_034,0.0,0.0,0.0,0.0,False,False
real_haiku45_50,run_017,run_035,1.0,1.0,1.0,1.0,False,False
real_haiku45_50,run_017,run_036,0.0,0.0,0.0,0.0,False,False
real_haiku45_50,run_017,run_037,1.0,1.0,1.0,1.0,False,False
real_haiku45_50,run_017,run_038,1.0,1.0,1.0,1.0,False,False
real_haiku45_50,run_017,run_039,1.0,1.0,1.0,1.0,False,False
real_haiku45_50,run_017,run_040,1.0,1.0,1.0,1.0,False,False
real_haiku45_50,run_017,run_041,1.0,1.0,1.0,1.0,False,False
real_haiku45_50,run_017,run_042,1.0,1.0,1.0,1.0,False,False
real_haiku45_50,run_017,run_043,1.0,1.0,1.0,1.0,False,False
real_haiku45_50,run_017,run_044,1.0,1.0,1.0,1.0,False,False
real_haiku45_50,run_017,run_045,0.0,0.0,0.0,0.0,False,False
real_haiku45_50,run_017,run_046,1.0,1.0,1.0,1.0,False,False
real_haiku45_50,run_017,run_047,1.0,1.0,1.0,1.0,False,False
real_haiku45_50,run_017,run_048,0.0,0.0,0.0,0.0,False,False
real_haiku45_50,run_017,run_049,1.0,1.0,1.0,1.0,False,False
real_haiku45_50,run_017,run_050,1.0,1.0,1.0,1.0,False,False
real_haiku45_50,run_018,run_019,0.058,0.216,0.029,0.5,True,True
real_haiku45_50,run_018,run_020,0.005,0.015,0.006,0.0,False,False
real_haiku45_50,run_018,run_021,0.065,0.045,0.054,0.333,False,False
real_haiku45_50,run_018,run_022,0.005,0.015,0.006,0.0,False,False
real_haiku45_50,run_018,run_023,0.045,0.044,0.052,0.0,False,True
real_haiku45_50,run_018,run_024,0.005,0.015,0.006,0.0,False,False
real_haiku45_50,run_018,run_025,0.108,0.032,0.048,0.0,False,True
real_haiku45_50,run_018,run_026,0.065,0.053,0.053,0.5,False,True
real_haiku45_50,run_018,run_027,0.043,0.108,0.009,1.0,True,True
real_haiku45_50,run_018,run_028,0.005,0.015,0.006,0.0,False,False
real_haiku45_50,run_018,run_029,0.042,0.084,0.028,0.0,False,False
real_haiku45_50,run_018,run_030,0.005,0.015,0.006,0.0,False,False
real_haiku45_50,run_018,run_031,0.069,0.04,0.024,0.0,True,True
real_haiku45_50,run_018,run_032,0.005,0.015,0.006,0.0,False,False
real_haiku45_50,run_018,run_033,0.005,0.015,0.006,0.0,False,False
real_haiku45_50,run_018,run_034,0.047,0.049,0.032,0.5,True,True
real_haiku45_50,run_018,run_035,0.005,0.015,0.006,0.0,False,False
real_haiku45_50,run_018,run_036,0.043,0.03,0.05,0.0,False,True
real_haiku45_50,run_018,run_037,0.005,0.015,0.006,0.0,False,False
real_haiku45_50,run_018,run_038,0.005,0.015,0.006,0.0,False,False
real_haiku45_50,run_018,run_039,0.005,0.015,0.006,0.0,False,False
real_haiku45_50,run_018,run_040,0.005,0.015,0.006,0.0,False,False
real_haiku45_50,run_018,run_041,0.005,0.015,0.006,0.0,False,False
real_haiku45_50,run_018,run_042,0.005,0.015,0.006,0.0,False,False
real_haiku45_50,run_018,run_043,0.005,0.015,0.006,0.0,False,False
real_haiku45_50,run_018,run_044,0.005,0.015,0.006,0.0,False,False
real_haiku45_50,run_018,run_045,0.081,0.035,0.094,0.0,False,True
real_haiku45_50,run_018,run_046,0.005,0.015,0.006,0.0,False,False
real_haiku45_50,run_018,run_047,0.005,0.015,0.006,0.0,False,False
real_haiku45_50,run_018,run_048,0.049,0.055,0.056,1.0,False,True
real_haiku45_50,run_018,run_049,0.005,0.015,0.006,0.0,False,False
real_haiku45_50,run_018,run_050,0.005,0.015,0.006,0.0,False,False
real_haiku45_50,run_019,run_020,0.006,0.024,0.009,0.0,False,False
real_haiku45_50,run_019,run_021,0.034,0.099,0.04,0.5,False,False
real_haiku45_50,run_019,run_022,0.006,0.024,0.009,0.0,False,False
real_haiku45_50,run_019,run_023,0.035,0.038,0.022,0.0,False,True
real_haiku45_50,run_019,run_024,0.006,0.024,0.009,0.0,False,False
real_haiku45_50,run_019,run_025,0.082,0.037,0.03,0.0,False,True
real_haiku45_50,run_019,run_026,0.049,0.185,0.015,1.0,False,True
real_haiku45_50,run_019,run_027,0.061,0.175,0.048,0.5,True,True
real_haiku45_50,run_019,run_028,0.006,0.024,0.009,0.0,False,False
real_haiku45_50,run_019,run_029,0.077,0.015,0.053,0.0,False,False
real_haiku45_50,run_019,run_030,0.006,0.024,0.009,0.0,False,False
real_haiku45_50,run_019,run_031,0.08,0.076,0.007,0.0,True,True
real_haiku45_50,run_019,run_032,0.006,0.024,0.009,0.0,False,False
real_haiku45_50,run_019,run_033,0.006,0.024,0.009,0.0,False,False
real_haiku45_50,run_019,run_034,0.082,0.11,0.044,0.0,True,True
real_haiku45_50,run_019,run_035,0.006,0.024,0.009,0.0,False,False
real_haiku45_50,run_019,run_036,0.075,0.053,0.041,0.0,False,True
real_haiku45_50,run_019,run_037,0.006,0.024,0.009,0.0,False,False
real_haiku45_50,run_019,run_038,0.006,0.024,0.009,0.0,False,False
real_haiku45_50,run_019,run_039,0.006,0.024,0.009,0.0,False,False
real_haiku45_50,run_019,run_040,0.006,0.024,0.009,0.0,False,False
real_haiku45_50,run_019,run_041,0.006,0.024,0.009,0.0,False,False
real_haiku45_50,run_019,run_042,0.006,0.024,0.009,0.0,False,False
real_haiku45_50,run_019,run_043,0.006,0.024,0.009,0.0,False,False
real_haiku45_50,run_019,run_044,0.006,0.024,0.009,0.0,False,False
real_haiku45_50,run_019,run_045,0.131,0.044,0.026,0.0,False,True
real_haiku45_50,run_019,run_046,0.006,0.024,0.009,0.0,False,False
real_haiku45_50,run_019,run_047,0.006,0.024,0.009,0.0,False,False
real_haiku45_50,run_019,run_048,0.021,0.066,0.032,0.5,False,True
real_haiku45_50,run_019,run_049,0.006,0.024,0.009,0.0,False,False
real_haiku45_50,run_019,run_050,0.006,0.024,0.009,0.0,False,False
real_haiku45_50,run_020,run_021,0.0,0.0,0.0,0.0,False,False
real_haiku45_50,run_020,run_022,1.0,1.0,1.0,1.0,False,False
real_haiku45_50,run_020,run_023,0.0,0.0,0.0,0.0,False,False
real_haiku45_50,run_020,run_024,1.0,1.0,1.0,1.0,False,False
real_haiku45_50,run_020,run_025,0.0,0.0,0.0,0.0,False,False
real_haiku45_50,run_020,run_026,0.0,0.0,0.0,0.0,False,False
real_haiku45_50,run_020,run_027,0.0,0.0,0.0,0.0,False,False
real_haiku45_50,run_020,run_028,1.0,1.0,1.0,1.0,False,False
real_haiku45_50,run_020,run_029,0.0,0.0,0.0,0.0,False,False
real_haiku45_50,run_020,run_030,1.0,1.0,1.0,1.0,False,False
real_haiku45_50,run_020,run_031,0.0,0.0,0.0,0.0,False,False
real_haiku45_50,run_020,run_032,1.0,1.0,1.0,1.0,False,False
real_haiku45_50,run_020,run_033,1.0,1.0,1.0,1.0,False,False
real_haiku45_50,run_020,run_034,0.0,0.0,0.0,0.0,False,False
real_haiku45_50,run_020,run_035,1.0,1.0,1.0,1.0,False,False
real_haiku45_50,run_020,run_036,0.0,0.0,0.0,0.0,False,False
real_haiku45_50,run_020,run_037,1.0,1.0,1.0,1.0,False,False
real_haiku45_50,run_020,run_038,1.0,1.0,1.0,1.0,False,False
real_haiku45_50,run_020,run_039,1.0,1.0,1.0,1.0,False,False
real_haiku45_50,run_020,run_040,1.0,1.0,1.0,1.0,False,False
real_haiku45_50,run_020,run_041,1.0,1.0,1.0,1.0,False,False
real_haiku45_50,run_020,run_042,1.0,1.0,1.0,1.0,False,False
real_haiku45_50,run_020,run_043,1.0,1.0,1.0,1.0,False,False
real_haiku45_50,run_020,run_044,1.0,1.0,1.0,1.0,False,False
real_haiku45_50,run_020,run_045,0.0,0.0,0.0,0.0,False,False
real_haiku45_50,run_020,run_046,1.0,1.0,1.0,1.0,False,False
real_haiku45_50,run_020,run_047,1.0,1.0,1.0,1.0,False,False
real_haiku45_50,run_020,run_048,0.0,0.0,0.0,0.0,False,False
real_haiku45_50,run_020,run_049,1.0,1.0,1.0,1.0,False,False
real_haiku45_50,run_020,run_050,1.0,1.0,1.0,1.0,False,False
real_haiku45_50,run_021,run_022,0.004,0.014,0.004,0.0,False,False
real_haiku45_50,run_021,run_023,0.026,0.025,0.03,0.0,False,False
real_haiku45_50,run_021,run_024,0.004,0.014,0.004,0.0,False,False
real_haiku45_50,run_021,run_025,0.046,0.064,0.039,0.0,False,False
real_haiku45_50,run_021,run_026,0.079,0.084,0.021,0.5,False,False
real_haiku45_50,run_021,run_027,0.072,0.055,0.021,0.333,False,False
real_haiku45_50,run_021,run_028,0.004,0.014,0.004,0.0,False,False
real_haiku45_50,run_021,run_029,0.044,0.099,0.026,0.5,False,True
real_haiku45_50,run_021,run_030,0.004,0.014,0.004,0.0,False,False
real_haiku45_50,run_021,run_031,0.03,0.093,0.044,0.0,False,False
real_haiku45_50,run_021,run_032,0.004,0.014,0.004,0.0,False,False
real_haiku45_50,run_021,run_033,0.004,0.014,0.004,0.0,False,False
real_haiku45_50,run_021,run_034,0.051,0.115,0.048,0.0,False,False
real_haiku45_50,run_021,run_035,0.004,0.014,0.004,0.0,False,False
real_haiku45_50,run_021,run_036,0.077,0.059,0.044,0.0,False,False
real_haiku45_50,run_021,run_037,0.004,0.014,0.004,0.0,False,False
real_haiku45_50,run_021,run_038,0.004,0.014,0.004,0.0,False,False
real_haiku45_50,run_021,run_039,0.004,0.014,0.004,0.0,False,False
real_haiku45_50,run_021,run_040,0.004,0.014,0.004,0.0,False,False
real_haiku45_50,run_021,run_041,0.004,0.014,0.004,0.0,False,False
real_haiku45_50,run_021,run_042,0.004,0.014,0.004,0.0,False,False
real_haiku45_50,run_021,run_043,0.004,0.014,0.004,0.0,False,False
real_haiku45_50,run_021,run_044,0.004,0.014,0.004,0.0,False,False
real_haiku45_50,run_021,run_045,0.038,0.049,0.052,0.0,False,False
real_haiku45_50,run_021,run_046,0.004,0.014,0.004,0.0,False,False
real_haiku45_50,run_021,run_047,0.004,0.014,0.004,0.0,False,False
real_haiku45_50,run_021,run_048,0.046,0.029,0.051,0.333,False,False
real_haiku45_50,run_021,run_049,0.004,0.014,0.004,0.0,False,False
real_haiku45_50,run_021,run_050,0.004,0.014,0.004,0.0,False,False
real_haiku45_50,run_022,run_023,0.0,0.0,0.0,0.0,False,False
real_haiku45_50,run_022,run_024,1.0,1.0,1.0,1.0,False,False
real_haiku45_50,run_022,run_025,0.0,0.0,0.0,0.0,False,False
real_haiku45_50,run_022,run_026,0.0,0.0,0.0,0.0,False,False
real_haiku45_50,run_022,run_027,0.0,0.0,0.0,0.0,False,False
real_haiku45_50,run_022,run_028,1.0,1.0,1.0,1.0,False,False
real_haiku45_50,run_022,run_029,0.0,0.0,0.0,0.0,False,False
real_haiku45_50,run_022,run_030,1.0,1.0,1.0,1.0,False,False
real_haiku45_50,run_022,run_031,0.0,0.0,0.0,0.0,False,False
real_haiku45_50,run_022,run_032,1.0,1.0,1.0,1.0,False,False
real_haiku45_50,run_022,run_033,1.0,1.0,1.0,1.0,False,False
real_haiku45_50,run_022,run_034,0.0,0.0,0.0,0.0,False,False
real_haiku45_50,run_022,run_035,1.0,1.0,1.0,1.0,False,False
real_haiku45_50,run_022,run_036,0.0,0.0,0.0,0.0,False,False
real_haiku45_50,run_022,run_037,1.0,1.0,1.0,1.0,False,False
real_haiku45_50,run_022,run_038,1.0,1.0,1.0,1.0,False,False
real_haiku45_50,run_022,run_039,1.0,1.0,1.0,1.0,False,False
real_haiku45_50,run_022,run_040,1.0,1.0,1.0,1.0,False,False
real_haiku45_50,run_022,run_041,1.0,1.0,1.0,1.0,False,False
real_haiku45_50,run_022,run_042,1.0,1.0,1.0,1.0,False,False
real_haiku45_50,run_022,run_043,1.0,1.0,1.0,1.0,False,False
real_haiku45_50,run_022,run_044,1.0,1.0,1.0,1.0,False,False
real_haiku45_50,run_022,run_045,0.0,0.0,0.0,0.0,False,False
real_haiku45_50,run_022,run_046,1.0,1.0,1.0,1.0,False,False
real_haiku45_50,run_022,run_047,1.0,1.0,1.0,1.0,False,False
real_haiku45_50,run_022,run_048,0.0,0.0,0.0,0.0,False,False
real_haiku45_50,run_022,run_049,1.0,1.0,1.0,1.0,False,False
real_haiku45_50,run_022,run_050,1.0,1.0,1.0,1.0,False,False
real_haiku45_50,run_023,run_024,0.005,0.008,0.007,0.0,False,False
real_haiku45_50,run_023,run_025,0.057,0.109,0.045,0.0,False,True
real_haiku45_50,run_023,run_026,0.043,0.045,0.036,0.0,True,True
real_haiku45_50,run_023,run_027,0.058,0.022,0.027,0.0,False,True
real_haiku45_50,run_023,run_028,0.005,0.008,0.007,0.0,False,False
real_haiku45_50,run_023,run_029,0.033,0.105,0.073,0.0,False,False
real_haiku45_50,run_023,run_030,0.005,0.008,0.007,0.0,False,False
real_haiku45_50,run_023,run_031,0.046,0.052,0.043,0.0,False,True
real_haiku45_50,run_023,run_032,0.005,0.008,0.007,0.0,False,False
real_haiku45_50,run_023,run_033,0.005,0.008,0.007,0.0,False,False
real_haiku45_50,run_023,run_034,0.063,0.02,0.018,0.0,False,True
real_haiku45_50,run_023,run_035,0.005,0.008,0.007,0.0,False,False
real_haiku45_50,run_023,run_036,0.059,0.027,0.022,0.0,False,True
real_haiku45_50,run_023,run_037,0.005,0.008,0.007,0.0,False,False
real_haiku45_50,run_023,run_038,0.005,0.008,0.007,0.0,False,False
real_haiku45_50,run_023,run_039,0.005,0.008,0.007,0.0,False,False
real_haiku45_50,run_023,run_040,0.005,0.008,0.007,0.0,False,False
real_haiku45_50,run_023,run_041,0.005,0.008,0.007,0.0,False,False
real_haiku45_50,run_023,run_042,0.005,0.008,0.007,0.0,False,False
real_haiku45_50,run_023,run_043,0.005,0.008,0.007,0.0,False,False
real_haiku45_50,run_023,run_044,0.005,0.008,0.007,0.0,False,False
real_haiku45_50,run_023,run_045,0.055,0.027,0.028,0.0,True,True
real_haiku45_50,run_023,run_046,0.005,0.008,0.007,0.0,False,False
real_haiku45_50,run_023,run_047,0.005,0.008,0.007,0.0,False,False
real_haiku45_50,run_023,run_048,0.027,0.01,0.033,0.0,False,True
real_haiku45_50,run_023,run_049,0.005,0.008,0.007,0.0,False,False
real_haiku45_50,run_023,run_050,0.005,0.008,0.007,0.0,False,False
real_haiku45_50,run_024,run_025,0.0,0.0,0.0,0.0,False,False
real_haiku45_50,run_024,run_026,0.0,0.0,0.0,0.0,False,False
real_haiku45_50,run_024,run_027,0.0,0.0,0.0,0.0,False,False
real_haiku45_50,run_024,run_028,1.0,1.0,1.0,1.0,False,False
real_haiku45_50,run_024,run_029,0.0,0.0,0.0,0.0,False,False
real_haiku45_50,run_024,run_030,1.0,1.0,1.0,1.0,False,False
real_haiku45_50,run_024,run_031,0.0,0.0,0.0,0.0,False,False
real_haiku45_50,run_024,run_032,1.0,1.0,1.0,1.0,False,False
real_haiku45_50,run_024,run_033,1.0,1.0,1.0,1.0,False,False
real_haiku45_50,run_024,run_034,0.0,0.0,0.0,0.0,False,False
real_haiku45_50,run_024,run_035,1.0,1.0,1.0,1.0,False,False
real_haiku45_50,run_024,run_036,0.0,0.0,0.0,0.0,False,False
real_haiku45_50,run_024,run_037,1.0,1.0,1.0,1.0,False,False
real_haiku45_50,run_024,run_038,1.0,1.0,1.0,1.0,False,False
real_haiku45_50,run_024,run_039,1.0,1.0,1.0,1.0,False,False
real_haiku45_50,run_024,run_040,1.0,1.0,1.0,1.0,False,False
real_haiku45_50,run_024,run_041,1.0,1.0,1.0,1.0,False,False
real_haiku45_50,run_024,run_042,1.0,1.0,1.0,1.0,False,False
real_haiku45_50,run_024,run_043,1.0,1.0,1.0,1.0,False,False
real_haiku45_50,run_024,run_044,1.0,1.0,1.0,1.0,False,False
real_haiku45_50,run_024,run_045,0.0,0.0,0.0,0.0,False,False
real_haiku45_50,run_024,run_046,1.0,1.0,1.0,1.0,False,False
real_haiku45_50,run_024,run_047,1.0,1.0,1.0,1.0,False,False
real_haiku45_50,run_024,run_048,0.0,0.0,0.0,0.0,False,False
real_haiku45_50,run_024,run_049,1.0,1.0,1.0,1.0,False,False
real_haiku45_50,run_024,run_050,1.0,1.0,1.0,1.0,False,False
real_haiku45_50,run_025,run_026,0.049,0.072,0.018,0.0,False,True
real_haiku45_50,run_025,run_027,0.059,0.075,0.013,0.0,False,True
real_haiku45_50,run_025,run_028,0.004,0.024,0.01,0.0,False,False
real_haiku45_50,run_025,run_029,0.064,0.065,0.041,0.0,False,False
real_haiku45_50,run_025,run_030,0.004,0.024,0.01,0.0,False,False
real_haiku45_50,run_025,run_031,0.059,0.039,0.05,0.0,False,True
real_haiku45_50,run_025,run_032,0.004,0.024,0.01,0.0,False,False
real_haiku45_50,run_025,run_033,0.004,0.024,0.01,0.0,False,False
real_haiku45_50,run_025,run_034,0.046,0.033,0.035,0.0,False,True
real_haiku45_50,run_025,run_035,0.004,0.024,0.01,0.0,False,False
real_haiku45_50,run_025,run_036,0.052,0.033,0.066,0.0,False,True
real_haiku45_50,run_025,run_037,0.004,0.024,0.01,0.0,False,False
real_haiku45_50,run_025,run_038,0.004,0.024,0.01,0.0,False,False
real_haiku45_50,run_025,run_039,0.004,0.024,0.01,0.0,False,False
real_haiku45_50,run_025,run_040,0.004,0.024,0.01,0.0,False,False
real_haiku45_50,run_025,run_041,0.004,0.024,0.01,0.0,False,False
real_haiku45_50,run_025,run_042,0.004,0.024,0.01,0.0,False,False
real_haiku45_50,run_025,run_043,0.004,0.024,0.01,0.0,False,False
real_haiku45_50,run_025,run_044,0.004,0.024,0.01,0.0,False,False
real_haiku45_50,run_025,run_045,0.102,0.041,0.037,0.0,False,True
real_haiku45_50,run_025,run_046,0.004,0.024,0.01,0.0,False,False
real_haiku45_50,run_025,run_047,0.004,0.024,0.01,0.0,False,False
real_haiku45_50,run_025,run_048,0.03,0.045,0.056,0.0,False,True
real_haiku45_50,run_025,run_049,0.004,0.024,0.01,0.0,False,False
real_haiku45_50,run_025,run_050,0.004,0.024,0.01,0.0,False,False
real_haiku45_50,run_026,run_027,0.059,0.113,0.051,0.5,False,True
real_haiku45_50,run_026,run_028,0.007,0.016,0.005,0.0,False,False
real_haiku45_50,run_026,run_029,0.08,0.009,0.029,0.0,False,False
real_haiku45_50,run_026,run_030,0.007,0.016,0.005,0.0,False,False
real_haiku45_50,run_026,run_031,0.072,0.099,0.044,0.0,False,True
real_haiku45_50,run_026,run_032,0.007,0.016,0.005,0.0,False,False
real_haiku45_50,run_026,run_033,0.007,0.016,0.005,0.0,False,False
real_haiku45_50,run_026,run_034,0.045,0.05,0.048,0.0,False,True
real_haiku45_50,run_026,run_035,0.007,0.016,0.005,0.0,False,False
real_haiku45_50,run_026,run_036,0.053,0.064,0.069,0.0,False,True
real_haiku45_50,run_026,run_037,0.007,0.016,0.005,0.0,False,False
real_haiku45_50,run_026,run_038,0.007,0.016,0.005,0.0,False,False
real_haiku45_50,run_026,run_039,0.007,0.016,0.005,0.0,False,False
real_haiku45_50,run_026,run_040,0.007,0.016,0.005,0.0,False,False
real_haiku45_50,run_026,run_041,0.007,0.016,0.005,0.0,False,False
real_haiku45_50,run_026,run_042,0.007,0.016,0.005,0.0,False,False
real_haiku45_50,run_026,run_043,0.007,0.016,0.005,0.0,False,False
real_haiku45_50,run_026,run_044,0.007,0.016,0.005,0.0,False,False
real_haiku45_50,run_026,run_045,0.036,0.038,0.047,0.0,True,True
real_haiku45_50,run_026,run_046,0.007,0.016,0.005,0.0,False,False
real_haiku45_50,run_026,run_047,0.007,0.016,0.005,0.0,False,False
real_haiku45_50,run_026,run_048,0.038,0.033,0.043,0.5,False,True
real_haiku45_50,run_026,run_049,0.007,0.016,0.005,0.0,False,False
real_haiku45_50,run_026,run_050,0.007,0.016,0.005,0.0,False,False
real_haiku45_50,run_027,run_028,0.002,0.023,0.003,0.0,False,False
real_haiku45_50,run_027,run_029,0.079,0.014,0.034,0.0,False,False
real_haiku45_50,run_027,run_030,0.002,0.023,0.003,0.0,False,False
real_haiku45_50,run_027,run_031,0.048,0.054,0.017,0.0,True,True
real_haiku45_50,run_027,run_032,0.002,0.023,0.003,0.0,False,False
real_haiku45_50,run_027,run_033,0.002,0.023,0.003,0.0,False,False
real_haiku45_50,run_027,run_034,0.03,0.069,0.018,0.5,True,True
real_haiku45_50,run_027,run_035,0.002,0.023,0.003,0.0,False,False
real_haiku45_50,run_027,run_036,0.072,0.035,0.028,0.0,False,True
real_haiku45_50,run_027,run_037,0.002,0.023,0.003,0.0,False,False
real_haiku45_50,run_027,run_038,0.002,0.023,0.003,0.0,False,False
real_haiku45_50,run_027,run_039,0.002,0.023,0.003,0.0,False,False
real_haiku45_50,run_027,run_040,0.002,0.023,0.003,0.0,False,False
real_haiku45_50,run_027,run_041,0.002,0.023,0.003,0.0,False,False
real_haiku45_50,run_027,run_042,0.002,0.023,0.003,0.0,False,False
real_haiku45_50,run_027,run_043,0.002,0.023,0.003,0.0,False,False
real_haiku45_50,run_027,run_044,0.002,0.023,0.003,0.0,False,False
real_haiku45_50,run_027,run_045,0.058,0.05,0.017,0.0,False,True
real_haiku45_50,run_027,run_046,0.002,0.023,0.003,0.0,False,False
real_haiku45_50,run_027,run_047,0.002,0.023,0.003,0.0,False,False
real_haiku45_50,run_027,run_048,0.057,0.053,0.062,1.0,False,True
real_haiku45_50,run_027,run_049,0.002,0.023,0.003,0.0,False,False
real_haiku45_50,run_027,run_050,0.002,0.023,0.003,0.0,False,False
real_haiku45_50,run_028,run_029,0.0,0.0,0.0,0.0,False,False
real_haiku45_50,run_028,run_030,1.0,1.0,1.0,1.0,False,False
real_haiku45_50,run_028,run_031,0.0,0.0,0.0,0.0,False,False
real_haiku45_50,run_028,run_032,1.0,1.0,1.0,1.0,False,False
real_haiku45_50,run_028,run_033,1.0,1.0,1.0,1.0,False,False
real_haiku45_50,run_028,run_034,0.0,0.0,0.0,0.0,False,False
real_haiku45_50,run_028,run_035,1.0,1.0,1.0,1.0,False,False
real_haiku45_50,run_028,run_036,0.0,0.0,0.0,0.0,False,False
real_haiku45_50,run_028,run_037,1.0,1.0,1.0,1.0,False,False
real_haiku45_50,run_028,run_038,1.0,1.0,1.0,1.0,False,False
real_haiku45_50,run_028,run_039,1.0,1.0,1.0,1.0,False,False
real_haiku45_50,run_028,run_040,1.0,1.0,1.0,1.0,False,False
real_haiku45_50,run_028,run_041,1.0,1.0,1.0,1.0,False,False
real_haiku45_50,run_028,run_042,1.0,1.0,1.0,1.0,False,False
real_haiku45_50,run_028,run_043,1.0,1.0,1.0,1.0,False,False
real_haiku45_50,run_028,run_044,1.0,1.0,1.0,1.0,False,False
real_haiku45_50,run_028,run_045,0.0,0.0,0.0,0.0,False,False
real_haiku45_50,run_028,run_046,1.0,1.0,1.0,1.0,False,False
real_haiku45_50,run_028,run_047,1.0,1.0,1.0,1.0,False,False
real_haiku45_50,run_028,run_048,0.0,0.0,0.0,0.0,False,False
real_haiku45_50,run_028,run_049,1.0,1.0,1.0,1.0,False,False
real_haiku45_50,run_028,run_050,1.0,1.0,1.0,1.0,False,False
real_haiku45_50,run_029,run_030,0.005,0.019,0.007,0.0,False,False
real_haiku45_50,run_029,run_031,0.04,0.048,0.029,0.0,False,False
real_haiku45_50,run_029,run_032,0.005,0.019,0.007,0.0,False,False
real_haiku45_50,run_029,run_033,0.005,0.019,0.007,0.0,False,False
real_haiku45_50,run_029,run_034,0.038,0.027,0.013,0.0,False,False
real_haiku45_50,run_029,run_035,0.005,0.019,0.007,0.0,False,False
real_haiku45_50,run_029,run_036,0.042,0.038,0.085,0.0,True,False
real_haiku45_50,run_029,run_037,0.005,0.019,0.007,0.0,False,False
real_haiku45_50,run_029,run_038,0.005,0.019,0.007,0.0,False,False
real_haiku45_50,run_029,run_039,0.005,0.019,0.007,0.0,False,False
real_haiku45_50,run_029,run_040,0.005,0.019,0.007,0.0,False,False
real_haiku45_50,run_029,run_041,0.005,0.019,0.007,0.0,False,False
real_haiku45_50,run_029,run_042,0.005,0.019,0.007,0.0,False,False
real_haiku45_50,run_029,run_043,0.005,0.019,0.007,0.0,False,False
real_haiku45_50,run_029,run_044,0.005,0.019,0.007,0.0,False,False
real_haiku45_50,run_029,run_045,0.031,0.029,0.048,0.0,False,False
real_haiku45_50,run_029,run_046,0.005,0.019,0.007,0.0,False,False
real_haiku45_50,run_029,run_047,0.005,0.019,0.007,0.0,False,False
real_haiku45_50,run_029,run_048,0.021,0.019,0.048,0.0,True,False
real_haiku45_50,run_029,run_049,0.005,0.019,0.007,0.0,False,False
real_haiku45_50,run_029,run_050,0.005,0.019,0.007,0.0,False,False
real_haiku45_50,run_030,run_031,0.0,0.0,0.0,0.0,False,False
real_haiku45_50,run_030,run_032,1.0,1.0,1.0,1.0,False,False
real_haiku45_50,run_030,run_033,1.0,1.0,1.0,1.0,False,False
real_haiku45_50,run_030,run_034,0.0,0.0,0.0,0.0,False,False
real_haiku45_50,run_030,run_035,1.0,1.0,1.0,1.0,False,False
real_haiku45_50,run_030,run_036,0.0,0.0,0.0,0.0,False,False
real_haiku45_50,run_030,run_037,1.0,1.0,1.0,1.0,False,False
real_haiku45_50,run_030,run_038,1.0,1.0,1.0,1.0,False,False
real_haiku45_50,run_030,run_039,1.0,1.0,1.0,1.0,False,False
real_haiku45_50,run_030,run_040,1.0,1.0,1.0,1.0,False,False
real_haiku45_50,run_030,run_041,1.0,1.0,1.0,1.0,False,False
real_haiku45_50,run_030,run_042,1.0,1.0,1.0,1.0,False,False
real_haiku45_50,run_030,run_043,1.0,1.0,1.0,1.0,False,False
real_haiku45_50,run_030,run_044,1.0,1.0,1.0,1.0,False,False
real_haiku45_50,run_030,run_045,0.0,0.0,0.0,0.0,False,False
real_haiku45_50,run_030,run_046,1.0,1.0,1.0,1.0,False,False
real_haiku45_50,run_030,run_047,1.0,1.0,1.0,1.0,False,False
real_haiku45_50,run_030,run_048,0.0,0.0,0.0,0.0,False,False
real_haiku45_50,run_030,run_049,1.0,1.0,1.0,1.0,False,False
real_haiku45_50,run_030,run_050,1.0,1.0,1.0,1.0,False,False
real_haiku45_50,run_031,run_032,0.004,0.016,0.006,0.0,False,False
real_haiku45_50,run_031,run_033,0.004,0.016,0.006,0.0,False,False
real_haiku45_50,run_031,run_034,0.033,0.079,0.065,0.0,True,True
real_haiku45_50,run_031,run_035,0.004,0.016,0.006,0.0,False,False
real_haiku45_50,run_031,run_036,0.033,0.042,0.062,0.0,False,True
real_haiku45_50,run_031,run_037,0.004,0.016,0.006,0.0,False,False
real_haiku45_50,run_031,run_038,0.004,0.016,0.006,0.0,False,False
real_haiku45_50,run_031,run_039,0.004,0.016,0.006,0.0,False,False
real_haiku45_50,run_031,run_040,0.004,0.016,0.006,0.0,False,False
real_haiku45_50,run_031,run_041,0.004,0.016,0.006,0.0,False,False
real_haiku45_50,run_031,run_042,0.004,0.016,0.006,0.0,False,False
real_haiku45_50,run_031,run_043,0.004,0.016,0.006,0.0,False,False
real_haiku45_50,run_031,run_044,0.004,0.016,0.006,0.0,False,False
real_haiku45_50,run_031,run_045,0.046,0.036,0.062,0.0,False,True
real_haiku45_50,run_031,run_046,0.004,0.016,0.006,0.0,False,False
real_haiku45_50,run_031,run_047,0.004,0.016,0.006,0.0,False,False
real_haiku45_50,run_031,run_048,0.028,0.051,0.05,0.0,False,True
real_haiku45_50,run_031,run_049,0.004,0.016,0.006,0.0,False,False
real_haiku45_50,run_031,run_050,0.004,0.016,0.006,0.0,False,False
real_haiku45_50,run_032,run_033,1.0,1.0,1.0,1.0,False,False
real_haiku45_50,run_032,run_034,0.0,0.0,0.0,0.0,False,False
real_haiku45_50,run_032,run_035,1.0,1.0,1.0,1.0,False,False
real_haiku45_50,run_032,run_036,0.0,0.0,0.0,0.0,False,False
real_haiku45_50,run_032,run_037,1.0,1.0,1.0,1.0,False,False
real_haiku45_50,run_032,run_038,1.0,1.0,1.0,1.0,False,False
real_haiku45_50,run_032,run_039,1.0,1.0,1.0,1.0,False,False
real_haiku45_50,run_032,run_040,1.0,1.0,1.0,1.0,False,False
real_haiku45_50,run_032,run_041,1.0,1.0,1.0,1.0,False,False
real_haiku45_50,run_032,run_042,1.0,1.0,1.0,1.0,False,False
real_haiku45_50,run_032,run_043,1.0,1.0,1.0,1.0,False,False
real_haiku45_50,run_032,run_044,1.0,1.0,1.0,1.0,False,False
real_haiku45_50,run_032,run_045,0.0,0.0,0.0,0.0,False,False
real_haiku45_50,run_032,run_046,1.0,1.0,1.0,1.0,False,False
real_haiku45_50,run_032,run_047,1.0,1.0,1.0,1.0,False,False
real_haiku45_50,run_032,run_048,0.0,0.0,0.0,0.0,False,False
real_haiku45_50,run_032,run_049,1.0,1.0,1.0,1.0,False,False
real_haiku45_50,run_032,run_050,1.0,1.0,1.0,1.0,False,False
real_haiku45_50,run_033,run_034,0.0,0.0,0.0,0.0,False,False
real_haiku45_50,run_033,run_035,1.0,1.0,1.0,1.0,False,False
real_haiku45_50,run_033,run_036,0.0,0.0,0.0,0.0,False,False
real_haiku45_50,run_033,run_037,1.0,1.0,1.0,1.0,False,False
real_haiku45_50,run_033,run_038,1.0,1.0,1.0,1.0,False,False
real_haiku45_50,run_033,run_039,1.0,1.0,1.0,1.0,False,False
real_haiku45_50,run_033,run_040,1.0,1.0,1.0,1.0,False,False
real_haiku45_50,run_033,run_041,1.0,1.0,1.0,1.0,False,False
real_haiku45_50,run_033,run_042,1.0,1.0,1.0,1.0,False,False
real_haiku45_50,run_033,run_043,1.0,1.0,1.0,1.0,False,False
real_haiku45_50,run_033,run_044,1.0,1.0,1.0,1.0,False,False
real_haiku45_50,run_033,run_045,0.0,0.0,0.0,0.0,False,False
real_haiku45_50,run_033,run_046,1.0,1.0,1.0,1.0,False,False
real_haiku45_50,run_033,run_047,1.0,1.0,1.0,1.0,False,False
real_haiku45_50,run_033,run_048,0.0,0.0,0.0,0.0,False,False
real_haiku45_50,run_033,run_049,1.0,1.0,1.0,1.0,False,False
real_haiku45_50,run_033,run_050,1.0,1.0,1.0,1.0,False,False
real_haiku45_50,run_034,run_035,0.004,0.008,0.005,0.0,False,False
real_haiku45_50,run_034,run_036,0.028,0.055,0.031,0.0,False,True
real_haiku45_50,run_034,run_037,0.004,0.008,0.005,0.0,False,False
real_haiku45_50,run_034,run_038,0.004,0.008,0.005,0.0,False,False
real_haiku45_50,run_034,run_039,0.004,0.008,0.005,0.0,False,False
real_haiku45_50,run_034,run_040,0.004,0.008,0.005,0.0,False,False
real_haiku45_50,run_034,run_041,0.004,0.008,0.005,0.0,False,False
real_haiku45_50,run_034,run_042,0.004,0.008,0.005,0.0,False,False
real_haiku45_50,run_034,run_043,0.004,0.008,0.005,0.0,False,False
real_haiku45_50,run_034,run_044,0.004,0.008,0.005,0.0,False,False
real_haiku45_50,run_034,run_045,0.059,0.029,0.043,0.0,False,True
real_haiku45_50,run_034,run_046,0.004,0.008,0.005,0.0,False,False
real_haiku45_50,run_034,run_047,0.004,0.008,0.005,0.0,False,False
real_haiku45_50,run_034,run_048,0.053,0.035,0.031,0.5,False,True
real_haiku45_50,run_034,run_049,0.004,0.008,0.005,0.0,False,False
real_haiku45_50,run_034,run_050,0.004,0.008,0.005,0.0,False,False
real_haiku45_50,run_035,run_036,0.0,0.0,0.0,0.0,False,False
real_haiku45_50,run_035,run_037,1.0,1.0,1.0,1.0,False,False
real_haiku45_50,run_035,run_038,1.0,1.0,1.0,1.0,False,False
real_haiku45_50,run_035,run_039,1.0,1.0,1.0,1.0,False,False
real_haiku45_50,run_035,run_040,1.0,1.0,1.0,1.0,False,False
real_haiku45_50,run_035,run_041,1.0,1.0,1.0,1.0,False,False
real_haiku45_50,run_035,run_042,1.0,1.0,1.0,1.0,False,False
real_haiku45_50,run_035,run_043,1.0,1.0,1.0,1.0,False,False
real_haiku45_50,run_035,run_044,1.0,1.0,1.0,1.0,False,False
real_haiku45_50,run_035,run_045,0.0,0.0,0.0,0.0,False,False
real_haiku45_50,run_035,run_046,1.0,1.0,1.0,1.0,False,False
real_haiku45_50,run_035,run_047,1.0,1.0,1.0,1.0,False,False
real_haiku45_50,run_035,run_048,0.0,0.0,0.0,0.0,False,False
real_haiku45_50,run_035,run_049,1.0,1.0,1.0,1.0,False,False
real_haiku45_50,run_035,run_050,1.0,1.0,1.0,1.0,False,False
real_haiku45_50,run_036,run_037,0.004,0.006,0.005,0.0,False,False
real_haiku45_50,run_036,run_038,0.004,0.006,0.005,0.0,False,False
real_haiku45_50,run_036,run_039,0.004,0.006,0.005,0.0,False,False
real_haiku45_50,run_036,run_040,0.004,0.006,0.005,0.0,False,False
real_haiku45_50,run_036,run_041,0.004,0.006,0.005,0.0,False,False
real_haiku45_50,run_036,run_042,0.004,0.006,0.005,0.0,False,False
real_haiku45_50,run_036,run_043,0.004,0.006,0.005,0.0,False,False
real_haiku45_50,run_036,run_044,0.004,0.006,0.005,0.0,False,False
real_haiku45_50,run_036,run_045,0.076,0.031,0.051,1.0,False,True
real_haiku45_50,run_036,run_046,0.004,0.006,0.005,0.0,False,False
real_haiku45_50,run_036,run_047,0.004,0.006,0.005,0.0,False,False
real_haiku45_50,run_036,run_048,0.014,0.028,0.046,0.0,True,True
real_haiku45_50,run_036,run_049,0.004,0.006,0.005,0.0,False,False
real_haiku45_50,run_036,run_050,0.004,0.006,0.005,0.0,False,False
real_haiku45_50,run_037,run_038,1.0,1.0,1.0,1.0,False,False
real_haiku45_50,run_037,run_039,1.0,1.0,1.0,1.0,False,False
real_haiku45_50,run_037,run_040,1.0,1.0,1.0,1.0,False,False
real_haiku45_50,run_037,run_041,1.0,1.0,1.0,1.0,False,False
real_haiku45_50,run_037,run_042,1.0,1.0,1.0,1.0,False,False
real_haiku45_50,run_037,run_043,1.0,1.0,1.0,1.0,False,False
real_haiku45_50,run_037,run_044,1.0,1.0,1.0,1.0,False,False
real_haiku45_50,run_037,run_045,0.0,0.0,0.0,0.0,False,False
real_haiku45_50,run_037,run_046,1.0,1.0,1.0,1.0,False,False
real_haiku45_50,run_037,run_047,1.0,1.0,1.0,1.0,False,False
real_haiku45_50,run_037,run_048,0.0,0.0,0.0,0.0,False,False
real_haiku45_50,run_037,run_049,1.0,1.0,1.0,1.0,False,False
real_haiku45_50,run_037,run_050,1.0,1.0,1.0,1.0,False,False
real_haiku45_50,run_038,run_039,1.0,1.0,1.0,1.0,False,False
real_haiku45_50,run_038,run_040,1.0,1.0,1.0,1.0,False,False
real_haiku45_50,run_038,run_041,1.0,1.0,1.0,1.0,False,False
real_haiku45_50,run_038,run_042,1.0,1.0,1.0,1.0,False,False
real_haiku45_50,run_038,run_043,1.0,1.0,1.0,1.0,False,False
real_haiku45_50,run_038,run_044,1.0,1.0,1.0,1.0,False,False
real_haiku45_50,run_038,run_045,0.0,0.0,0.0,0.0,False,False
real_haiku45_50,run_038,run_046,1.0,1.0,1.0,1.0,False,False
real_haiku45_50,run_038,run_047,1.0,1.0,1.0,1.0,False,False
real_haiku45_50,run_038,run_048,0.0,0.0,0.0,0.0,False,False
real_haiku45_50,run_038,run_049,1.0,1.0,1.0,1.0,False,False
real_haiku45_50,run_038,run_050,1.0,1.0,1.0,1.0,False,False
real_haiku45_50,run_039,run_040,1.0,1.0,1.0,1.0,False,False
real_haiku45_50,run_039,run_041,1.0,1.0,1.0,1.0,False,False
real_haiku45_50,run_039,run_042,1.0,1.0,1.0,1.0,False,False
real_haiku45_50,run_039,run_043,1.0,1.0,1.0,1.0,False,False
real_haiku45_50,run_039,run_044,1.0,1.0,1.0,1.0,False,False
real_haiku45_50,run_039,run_045,0.0,0.0,0.0,0.0,False,False
real_haiku45_50,run_039,run_046,1.0,1.0,1.0,1.0,False,False
real_haiku45_50,run_039,run_047,1.0,1.0,1.0,1.0,False,False
real_haiku45_50,run_039,run_048,0.0,0.0,0.0,0.0,False,False
real_haiku45_50,run_039,run_049,1.0,1.0,1.0,1.0,False,False
real_haiku45_50,run_039,run_050,1.0,1.0,1.0,1.0,False,False
real_haiku45_50,run_040,run_041,1.0,1.0,1.0,1.0,False,False
real_haiku45_50,run_040,run_042,1.0,1.0,1.0,1.0,False,False
real_haiku45_50,run_040,run_043,1.0,1.0,1.0,1.0,False,False
real_haiku45_50,run_040,run_044,1.0,1.0,1.0,1.0,False,False
real_haiku45_50,run_040,run_045,0.0,0.0,0.0,0.0,False,False
real_haiku45_50,run_040,run_046,1.0,1.0,1.0,1.0,False,False
real_haiku45_50,run_040,run_047,1.0,1.0,1.0,1.0,False,False
real_haiku45_50,run_040,run_048,0.0,0.0,0.0,0.0,False,False
real_haiku45_50,run_040,run_049,1.0,1.0,1.0,1.0,False,False
real_haiku45_50,run_040,run_050,1.0,1.0,1.0,1.0,False,False
real_haiku45_50,run_041,run_042,1.0,1.0,1.0,1.0,False,False
real_haiku45_50,run_041,run_043,1.0,1.0,1.0,1.0,False,False
real_haiku45_50,run_041,run_044,1.0,1.0,1.0,1.0,False,False
real_haiku45_50,run_041,run_045,0.0,0.0,0.0,0.0,False,False
real_haiku45_50,run_041,run_046,1.0,1.0,1.0,1.0,False,False
real_haiku45_50,run_041,run_047,1.0,1.0,1.0,1.0,False,False
real_haiku45_50,run_041,run_048,0.0,0.0,0.0,0.0,False,False
real_haiku45_50,run_041,run_049,1.0,1.0,1.0,1.0,False,False
real_haiku45_50,run_041,run_050,1.0,1.0,1.0,1.0,False,False
real_haiku45_50,run_042,run_043,1.0,1.0,1.0,1.0,False,False
real_haiku45_50,run_042,run_044,1.0,1.0,1.0,1.0,False,False
real_haiku45_50,run_042,run_045,0.0,0.0,0.0,0.0,False,False
real_haiku45_50,run_042,run_046,1.0,1.0,1.0,1.0,False,False
real_haiku45_50,run_042,run_047,1.0,1.0,1.0,1.0,False,False
real_haiku45_50,run_042,run_048,0.0,0.0,0.0,0.0,False,False
real_haiku45_50,run_042,run_049,1.0,1.0,1.0,1.0,False,False
real_haiku45_50,run_042,run_050,1.0,1.0,1.0,1.0,False,False
real_haiku45_50,run_043,run_044,1.0,1.0,1.0,1.0,False,False
real_haiku45_50,run_043,run_045,0.0,0.0,0.0,0.0,False,False
real_haiku45_50,run_043,run_046,1.0,1.0,1.0,1.0,False,False
real_haiku45_50,run_043,run_047,1.0,1.0,1.0,1.0,False,False
real_haiku45_50,run_043,run_048,0.0,0.0,0.0,0.0,False,False
real_haiku45_50,run_043,run_049,1.0,1.0,1.0,1.0,False,False
real_haiku45_50,run_043,run_050,1.0,1.0,1.0,1.0,False,False
real_haiku45_50,run_044,run_045,0.0,0.0,0.0,0.0,False,False
real_haiku45_50,run_044,run_046,1.0,1.0,1.0,1.0,False,False
real_haiku45_50,run_044,run_047,1.0,1.0,1.0,1.0,False,False
real_haiku45_50,run_044,run_048,0.0,0.0,0.0,0.0,False,False
real_haiku45_50,run_044,run_049,1.0,1.0,1.0,1.0,False,False
real_haiku45_50,run_044,run_050,1.0,1.0,1.0,1.0,False,False
real_haiku45_50,run_045,run_046,0.005,0.01,0.004,0.0,False,False
real_haiku45_50,run_045,run_047,0.005,0.01,0.004,0.0,False,False
real_haiku45_50,run_045,run_048,0.022,0.05,0.037,0.0,False,True
real_haiku45_50,run_045,run_049,0.005,0.01,0.004,0.0,False,False
real_haiku45_50,run_045,run_050,0.005,0.01,0.004,0.0,False,False
real_haiku45_50,run_046,run_047,1.0,1.0,1.0,1.0,False,False
real_haiku45_50,run_046,run_048,0.0,0.0,0.0,0.0,False,False
real_haiku45_50,run_046,run_049,1.0,1.0,1.0,1.0,False,False
real_haiku45_50,run_046,run_050,1.0,1.0,1.0,1.0,False,False
real_haiku45_50,run_047,run_048,0.0,0.0,0.0,0.0,False,False
real_haiku45_50,run_047,run_049,1.0,1.0,1.0,1.0,False,False
real_haiku45_50,run_047,run_050,1.0,1.0,1.0,1.0,False,False
real_haiku45_50,run_048,run_049,0.004,0.014,0.004,0.0,False,False
real_haiku45_50,run_048,run_050,0.004,0.014,0.004,0.0,False,False
real_haiku45_50,run_049,run_050,1.0,1.0,1.0,1.0,False,False
real_llama4maverick_50,run_001,run_002,0.439,1.0,0.333,1.0,True,True
real_llama4maverick_50,run_001,run_004,0.11,0.961,0.398,0.5,True,True
real_llama4maverick_50,run_001,run_005,0.388,0.371,0.429,0.5,False,True
real_llama4maverick_50,run_001,run_006,0.026,0.049,0.04,0.0,False,False
real_llama4maverick_50,run_001,run_007,0.352,0.987,0.413,1.0,False,True
real_llama4maverick_50,run_001,run_008,0.068,0.974,0.47,0.5,True,True
real_llama4maverick_50,run_001,run_009,0.118,0.974,0.636,0.5,False,True
real_llama4maverick_50,run_001,run_010,0.026,0.049,0.04,0.0,False,False
real_llama4maverick_50,run_001,run_011,0.371,0.987,0.371,1.0,True,True
real_llama4maverick_50,run_001,run_012,0.026,0.049,0.04,0.0,False,False
real_llama4maverick_50,run_001,run_013,0.408,0.313,0.283,0.5,False,True
real_llama4maverick_50,run_001,run_014,0.399,0.4,0.354,0.5,False,True
real_llama4maverick_50,run_001,run_015,0.432,0.357,0.33,0.5,False,True
real_llama4maverick_50,run_001,run_016,0.389,0.974,0.317,0.5,True,True
real_llama4maverick_50,run_001,run_017,0.385,0.961,0.549,0.5,True,True
real_llama4maverick_50,run_001,run_018,0.391,0.276,0.368,0.5,False,True
real_llama4maverick_50,run_001,run_019,0.082,0.961,0.36,0.5,True,True
real_llama4maverick_50,run_001,run_020,0.387,0.444,0.371,0.0,False,False
real_llama4maverick_50,run_001,run_021,0.057,0.215,0.339,0.5,False,False
real_llama4maverick_50,run_001,run_022,0.129,0.272,0.586,0.5,False,False
real_llama4maverick_50,run_001,run_023,0.172,0.317,0.547,0.5,False,True
real_llama4maverick_50,run_001,run_024,0.407,0.961,0.505,0.5,True,True
real_llama4maverick_50,run_001,run_025,0.026,0.049,0.04,0.0,False,False
real_llama4maverick_50,run_001,run_026,0.097,0.432,0.452,0.5,False,True
real_llama4maverick_50,run_001,run_027,0.026,0.049,0.04,0.0,False,False
real_llama4maverick_50,run_001,run_028,0.094,0.987,0.314,0.5,True,True
real_llama4maverick_50,run_001,run_029,0.276,0.782,0.371,0.5,True,True
real_llama4maverick_50,run_001,run_030,0.201,0.961,0.563,0.5,True,True
real_llama4maverick_50,run_001,run_031,0.265,0.961,0.34,1.0,True,True
real_llama4maverick_50,run_001,run_032,0.26,0.391,0.509,0.0,True,True
real_llama4maverick_50,run_001,run_033,0.468,0.361,0.345,0.5,False,True
real_llama4maverick_50,run_001,run_034,0.196,0.987,0.554,1.0,True,True
real_llama4maverick_50,run_001,run_035,0.328,0.961,0.34,0.5,True,True
real_llama4maverick_50,run_001,run_036,0.475,0.468,0.4,0.5,False,True
real_llama4maverick_50,run_001,run_037,0.405,0.325,0.371,0.5,False,True
real_llama4maverick_50,run_001,run_038,0.332,0.961,0.371,0.5,True,True
real_llama4maverick_50,run_001,run_039,0.273,0.961,0.417,0.333,True,True
real_llama4maverick_50,run_001,run_040,0.312,0.484,0.279,0.333,False,False
real_llama4maverick_50,run_001,run_041,0.401,0.325,0.582,0.5,False,True
real_llama4maverick_50,run_001,run_042,0.322,0.325,0.335,0.5,False,True
real_llama4maverick_50,run_001,run_043,0.446,0.512,0.371,0.333,True,True
real_llama4maverick_50,run_001,run_044,0.356,0.961,0.187,0.5,True,True
real_llama4maverick_50,run_001,run_045,0.129,0.471,0.353,0.5,False,True
real_llama4maverick_50,run_001,run_046,0.05,0.444,0.4,0.333,False,False
real_llama4maverick_50,run_001,run_047,0.374,0.961,0.254,0.5,True,True
real_llama4maverick_50,run_001,run_048,0.139,0.545,0.608,0.25,True,True
real_llama4maverick_50,run_001,run_049,0.383,0.895,0.344,0.333,True,True
real_llama4maverick_50,run_001,run_050,0.082,0.376,0.428,0.5,False,True
real_llama4maverick_50,run_002,run_004,0.027,0.961,0.438,0.5,True,True
real_llama4maverick_50,run_002,run_005,0.458,0.371,0.403,0.5,False,True
real_llama4maverick_50,run_002,run_006,0.038,0.049,0.092,0.0,False,False
real_llama4maverick_50,run_002,run_007,0.365,0.987,0.315,1.0,False,True
real_llama4maverick_50,run_002,run_008,0.164,0.974,0.321,0.5,True,True
real_llama4maverick_50,run_002,run_009,0.122,0.974,0.382,0.5,False,True
real_llama4maverick_50,run_002,run_010,0.038,0.049,0.092,0.0,False,False
real_llama4maverick_50,run_002,run_011,0.442,0.987,0.339,1.0,True,True
real_llama4maverick_50,run_002,run_012,0.038,0.049,0.092,0.0,False,False
real_llama4maverick_50,run_002,run_013,0.414,0.313,0.179,0.5,False,True
real_llama4maverick_50,run_002,run_014,0.571,0.4,0.321,0.5,False,True
real_llama4maverick_50,run_002,run_015,0.379,0.357,0.347,0.5,False,True
real_llama4maverick_50,run_002,run_016,0.276,0.974,0.362,0.5,True,True
real_llama4maverick_50,run_002,run_017,0.477,0.961,0.422,0.5,True,True
real_llama4maverick_50,run_002,run_018,0.271,0.276,0.409,0.5,False,True
real_llama4maverick_50,run_002,run_019,0.086,0.961,0.336,0.5,True,True
real_llama4maverick_50,run_002,run_020,0.284,0.444,0.339,0.0,False,False
real_llama4maverick_50,run_002,run_021,0.051,0.215,0.42,0.5,False,False
real_llama4maverick_50,run_002,run_022,0.191,0.272,0.326,0.5,False,False
real_llama4maverick_50,run_002,run_023,0.278,0.317,0.381,0.5,False,True
real_llama4maverick_50,run_002,run_024,0.344,0.961,0.357,0.5,True,True
real_llama4maverick_50,run_002,run_025,0.038,0.049,0.092,0.0,False,False
real_llama4maverick_50,run_002,run_026,0.056,0.432,0.341,0.5,False,True
real_llama4maverick_50,run_002,run_027,0.038,0.049,0.092,0.0,False,False
real_llama4maverick_50,run_002,run_028,0.043,0.987,0.339,0.5,True,True
real_llama4maverick_50,run_002,run_029,0.556,0.782,0.339,0.5,True,True
real_llama4maverick_50,run_002,run_030,0.266,0.961,0.331,0.5,True,True
real_llama4maverick_50,run_002,run_031,0.115,0.961,0.471,1.0,True,True
real_llama4maverick_50,run_002,run_032,0.357,0.391,0.333,0.0,True,True
real_llama4maverick_50,run_002,run_033,0.406,0.361,0.523,0.5,False,True
real_llama4maverick_50,run_002,run_034,0.08,0.987,0.551,1.0,True,True
real_llama4maverick_50,run_002,run_035,0.416,0.961,0.352,0.5,True,True
real_llama4maverick_50,run_002,run_036,0.497,0.468,0.465,0.5,False,True
real_llama4maverick_50,run_002,run_037,0.476,0.325,0.355,0.5,False,True
real_llama4maverick_50,run_002,run_038,0.433,0.961,0.339,0.5,True,True
real_llama4maverick_50,run_002,run_039,0.593,0.961,0.158,0.333,True,True
real_llama4maverick_50,run_002,run_040,0.389,0.484,0.602,0.333,False,False
real_llama4maverick_50,run_002,run_041,0.535,0.325,0.517,0.5,False,True
real_llama4maverick_50,run_002,run_042,0.341,0.325,0.372,0.5,False,True
real_llama4maverick_50,run_002,run_043,0.297,0.512,0.339,0.333,True,True
real_llama4maverick_50,run_002,run_044,0.393,0.961,0.547,0.5,True,True
real_llama4maverick_50,run_002,run_045,0.058,0.471,0.341,0.5,False,True
real_llama4maverick_50,run_002,run_046,0.05,0.444,0.302,0.333,False,False
real_llama4maverick_50,run_002,run_047,0.352,0.961,0.36,0.5,True,True
real_llama4maverick_50,run_002,run_048,0.457,0.545,0.312,0.25,True,True
real_llama4maverick_50,run_002,run_049,0.442,0.895,0.439,0.333,True,True
real_llama4maverick_50,run_002,run_050,0.14,0.376,0.433,0.5,False,True
real_llama4maverick_50,run_004,run_005,0.466,0.367,0.439,0.0,False,True
real_llama4maverick_50,run_004,run_006,0.027,0.048,0.059,0.0,False,False
real_llama4maverick_50,run_004,run_007,0.337,0.974,0.319,0.5,False,True
real_llama4maverick_50,run_004,run_008,0.071,0.987,0.587,1.0,True,True
real_llama4maverick_50,run_004,run_009,0.16,0.987,0.539,1.0,False,True
real_llama4maverick_50,run_004,run_010,0.027,0.048,0.059,0.0,False,False
real_llama4maverick_50,run_004,run_011,0.427,0.974,0.45,0.5,True,True
real_llama4maverick_50,run_004,run_012,0.027,0.048,0.059,0.0,False,False
real_llama4maverick_50,run_004,run_013,0.37,0.31,0.338,0.0,False,True
real_llama4maverick_50,run_004,run_014,0.306,0.396,0.451,0.0,False,True
real_llama4maverick_50,run_004,run_015,0.261,0.353,0.467,0.0,False,True
real_llama4maverick_50,run_004,run_016,0.319,0.987,0.561,1.0,True,True
real_llama4maverick_50,run_004,run_017,0.433,1.0,0.568,1.0,True,True
real_llama4maverick_50,run_004,run_018,0.368,0.273,0.636,0.0,False,True
real_llama4maverick_50,run_004,run_019,0.037,1.0,0.385,1.0,True,True
real_llama4maverick_50,run_004,run_020,0.391,0.438,0.45,0.0,False,False
real_llama4maverick_50,run_004,run_021,0.095,0.213,0.687,0.0,False,False
real_llama4maverick_50,run_004,run_022,0.191,0.268,0.436,0.0,False,False
real_llama4maverick_50,run_004,run_023,0.2,0.314,0.506,0.0,False,True
real_llama4maverick_50,run_004,run_024,0.351,1.0,0.446,1.0,True,True
real_llama4maverick_50,run_004,run_025,0.027,0.048,0.059,0.0,False,False
real_llama4maverick_50,run_004,run_026,0.12,0.427,0.421,0.0,False,True
real_llama4maverick_50,run_004,run_027,0.027,0.048,0.059,0.0,False,False
real_llama4maverick_50,run_004,run_028,0.385,0.974,0.388,1.0,True,True
real_llama4maverick_50,run_004,run_029,0.439,0.818,0.45,1.0,True,True
real_llama4maverick_50,run_004,run_030,0.279,1.0,0.577,1.0,True,True
real_llama4maverick_50,run_004,run_031,0.247,1.0,0.333,0.5,True,True
real_llama4maverick_50,run_004,run_032,0.256,0.387,0.556,0.0,True,True
real_llama4maverick_50,run_004,run_033,0.305,0.357,0.19,0.0,False,True
real_llama4maverick_50,run_004,run_034,0.128,0.974,0.442,0.5,True,True
real_llama4maverick_50,run_004,run_035,0.175,1.0,0.278,1.0,True,True
real_llama4maverick_50,run_004,run_036,0.383,0.462,0.448,0.0,False,True
real_llama4maverick_50,run_004,run_037,0.461,0.321,0.45,0.0,False,True
real_llama4maverick_50,run_004,run_038,0.612,1.0,0.45,1.0,True,True
real_llama4maverick_50,run_004,run_039,0.405,1.0,0.526,0.5,True,True
real_llama4maverick_50,run_004,run_040,0.522,0.476,0.372,0.0,False,False
real_llama4maverick_50,run_004,run_041,0.439,0.321,0.62,0.0,False,True
real_llama4maverick_50,run_004,run_042,0.418,0.321,0.509,0.0,False,True
real_llama4maverick_50,run_004,run_043,0.45,0.506,0.45,0.5,True,True
real_llama4maverick_50,run_004,run_044,0.635,1.0,0.327,1.0,True,True
real_llama4maverick_50,run_004,run_045,0.086,0.465,0.421,0.0,False,True
real_llama4maverick_50,run_004,run_046,0.064,0.438,0.423,0.0,False,False
real_llama4maverick_50,run_004,run_047,0.566,1.0,0.367,1.0,True,True
real_llama4maverick_50,run_004,run_048,0.43,0.562,0.407,0.333,True,True
real_llama4maverick_50,run_004,run_049,0.438,0.935,0.365,0.0,True,True
real_llama4maverick_50,run_004,run_050,0.097,0.373,0.466,0.0,False,True
real_llama4maverick_50,run_005,run_006,0.031,0.097,0.1,0.0,False,False
real_llama4maverick_50,run_005,run_007,0.392,0.429,0.59,0.5,False,True
real_llama4maverick_50,run_005,run_008,0.312,0.412,0.444,0.0,False,True
real_llama4maverick_50,run_005,run_009,0.594,0.412,0.476,0.0,False,True
real_llama4maverick_50,run_005,run_010,0.031,0.097,0.1,0.0,False,False
real_llama4maverick_50,run_005,run_011,0.655,0.429,0.588,0.5,False,True
real_llama4maverick_50,run_005,run_012,0.031,0.097,0.1,0.0,False,False
real_llama4maverick_50,run_005,run_013,0.599,0.618,0.243,1.0,False,True
real_llama4maverick_50,run_005,run_014,0.432,0.466,0.634,1.0,False,True
real_llama4maverick_50,run_005,run_015,0.408,0.61,0.547,1.0,False,True
real_llama4maverick_50,run_005,run_016,0.514,0.412,0.529,0.0,False,True
real_llama4maverick_50,run_005,run_017,0.935,0.429,0.465,0.0,False,True
real_llama4maverick_50,run_005,run_018,0.365,0.648,0.591,1.0,False,True
real_llama4maverick_50,run_005,run_019,0.22,0.429,0.583,0.0,False,True
real_llama4maverick_50,run_005,run_020,0.567,0.238,0.588,0.0,False,False
real_llama4maverick_50,run_005,run_021,0.111,0.421,0.561,1.0,False,False
real_llama4maverick_50,run_005,run_022,0.196,0.373,0.452,1.0,False,False
real_llama4maverick_50,run_005,run_023,0.534,0.721,0.496,1.0,False,True
real_llama4maverick_50,run_005,run_024,0.407,0.429,0.748,0.0,False,True
real_llama4maverick_50,run_005,run_025,0.031,0.097,0.1,0.0,False,False
real_llama4maverick_50,run_005,run_026,0.198,0.569,0.554,1.0,False,True
real_llama4maverick_50,run_005,run_027,0.031,0.097,0.1,0.0,False,False
real_llama4maverick_50,run_005,run_028,0.241,0.429,0.521,0.0,False,True
real_llama4maverick_50,run_005,run_029,0.738,0.37,0.588,0.0,False,True
real_llama4maverick_50,run_005,run_030,0.224,0.429,0.459,0.0,False,True
real_llama4maverick_50,run_005,run_031,0.166,0.429,0.495,0.5,False,True
real_llama4maverick_50,run_005,run_032,0.136,0.637,0.463,0.0,False,True
real_llama4maverick_50,run_005,run_033,0.255,0.519,0.264,1.0,False,True
real_llama4maverick_50,run_005,run_034,0.277,0.429,0.508,0.5,False,True
real_llama4maverick_50,run_005,run_035,0.189,0.429,0.544,0.0,False,True
real_llama4maverick_50,run_005,run_036,0.365,0.633,0.694,1.0,True,True
real_llama4maverick_50,run_005,run_037,0.485,0.554,0.79,1.0,False,True
real_llama4maverick_50,run_005,run_038,0.46,0.429,0.588,0.0,False,True
real_llama4maverick_50,run_005,run_039,0.667,0.429,0.5,0.0,False,True
real_llama4maverick_50,run_005,run_040,0.488,0.217,0.432,0.5,False,False
real_llama4maverick_50,run_005,run_041,0.842,0.554,0.507,1.0,False,True
real_llama4maverick_50,run_005,run_042,0.499,0.554,0.516,1.0,True,True
real_llama4maverick_50,run_005,run_043,0.478,0.561,0.588,0.0,False,True
real_llama4maverick_50,run_005,run_044,0.589,0.429,0.339,0.0,False,True
real_llama4maverick_50,run_005,run_045,0.269,0.736,0.508,1.0,False,True
real_llama4maverick_50,run_005,run_046,0.136,0.238,0.522,0.5,False,False
real_llama4maverick_50,run_005,run_047,0.554,0.429,0.585,0.0,False,True
real_llama4maverick_50,run_005,run_048,0.83,0.44,0.412,0.0,False,True
real_llama4maverick_50,run_005,run_049,0.624,0.433,0.593,0.5,False,True
real_llama4maverick_50,run_005,run_050,0.107,0.508,0.697,1.0,True,True
real_llama4maverick_50,run_006,run_007,0.035,0.048,0.088,0.0,False,False
real_llama4maverick_50,run_006,run_008,0.0,0.049,0.083,0.0,False,False
real_llama4maverick_50,run_006,run_009,0.0,0.049,0.083,0.0,False,False
real_llama4maverick_50,run_006,run_010,1.0,1.0,1.0,1.0,False,False
real_llama4maverick_50,run_006,run_011,0.025,0.048,0.092,0.0,False,False
real_llama4maverick_50,run_006,run_012,1.0,1.0,1.0,1.0,False,False
real_llama4maverick_50,run_006,run_013,0.03,0.075,0.113,0.0,False,False
real_llama4maverick_50,run_006,run_014,0.032,0.067,0.128,0.0,False,False
real_llama4maverick_50,run_006,run_015,0.031,0.082,0.071,0.0,False,False
real_llama4maverick_50,run_006,run_016,0.036,0.049,0.059,0.0,False,False
real_llama4maverick_50,run_006,run_017,0.02,0.048,0.068,0.0,False,False
real_llama4maverick_50,run_006,run_018,0.036,0.115,0.077,0.0,False,False
real_llama4maverick_50,run_006,run_019,0.0,0.048,0.091,0.0,False,False
real_llama4maverick_50,run_006,run_020,0.037,0.071,0.092,0.0,False,False
real_llama4maverick_50,run_006,run_021,0.0,0.069,0.058,0.0,False,False
real_llama4maverick_50,run_006,run_022,0.0,0.13,0.086,0.0,False,False
real_llama4maverick_50,run_006,run_023,0.0,0.091,0.06,0.0,False,False
real_llama4maverick_50,run_006,run_024,0.044,0.048,0.113,0.0,False,False
real_llama4maverick_50,run_006,run_025,1.0,1.0,1.0,1.0,False,False
real_llama4maverick_50,run_006,run_026,0.0,0.075,0.079,0.0,False,False
real_llama4maverick_50,run_006,run_027,1.0,1.0,1.0,1.0,False,False
real_llama4maverick_50,run_006,run_028,0.0,0.048,0.092,0.0,False,False
real_llama4maverick_50,run_006,run_029,0.023,0.038,0.092,0.0,False,False
real_llama4maverick_50,run_006,run_030,0.0,0.048,0.088,0.0,False,False
real_llama4maverick_50,run_006,run_031,0.0,0.048,0.14,0.0,False,False
real_llama4maverick_50,run_006,run_032,0.0,0.07,0.09,0.0,False,False
real_llama4maverick_50,run_006,run_033,0.033,0.083,0.115,0.0,False,False
real_llama4maverick_50,run_006,run_034,0.0,0.048,0.088,0.0,False,False
real_llama4maverick_50,run_006,run_035,0.047,0.048,0.122,0.0,False,False
real_llama4maverick_50,run_006,run_036,0.03,0.095,0.086,0.0,False,False
real_llama4maverick_50,run_006,run_037,0.022,0.089,0.092,0.0,False,False
real_llama4maverick_50,run_006,run_038,0.04,0.048,0.092,0.0,False,False
real_llama4maverick_50,run_006,run_039,0.034,0.048,0.143,0.0,False,False
real_llama4maverick_50,run_006,run_040,0.028,0.074,0.118,0.0,False,False
real_llama4maverick_50,run_006,run_041,0.022,0.089,0.065,0.0,False,False
real_llama4maverick_50,run_006,run_042,0.033,0.089,0.086,0.0,False,False
real_llama4maverick_50,run_006,run_043,0.03,0.039,0.092,0.0,False,False
real_llama4maverick_50,run_006,run_044,0.033,0.048,0.069,0.0,False,False
real_llama4maverick_50,run_006,run_045,0.0,0.12,0.079,0.0,False,False
real_llama4maverick_50,run_006,run_046,0.0,0.071,0.075,0.0,False,False
real_llama4maverick_50,run_006,run_047,0.03,0.048,0.077,0.0,False,False
real_llama4maverick_50,run_006,run_048,0.032,0.075,0.073,0.0,False,False
real_llama4maverick_50,run_006,run_049,0.032,0.049,0.094,0.0,False,False
real_llama4maverick_50,run_006,run_050,0.0,0.091,0.061,0.0,False,False
real_llama4maverick_50,run_007,run_008,0.039,0.961,0.373,0.5,False,True
real_llama4maverick_50,run_007,run_009,0.084,0.961,0.269,0.5,True,True
real_llama4maverick_50,run_007,run_010,0.023,0.048,0.088,0.0,False,False
real_llama4maverick_50,run_007,run_011,0.401,1.0,0.646,1.0,False,True
real_llama4maverick_50,run_007,run_012,0.023,0.048,0.088,0.0,False,False
real_llama4maverick_50,run_007,run_013,0.57,0.31,0.226,0.5,False,True
real_llama4maverick_50,run_007,run_014,0.623,0.396,0.44,0.5,False,True
real_llama4maverick_50,run_007,run_015,0.561,0.353,0.639,0.5,False,True
real_llama4maverick_50,run_007,run_016,0.631,0.961,0.589,0.5,False,True
real_llama4maverick_50,run_007,run_017,0.362,0.974,0.293,0.5,False,True
real_llama4maverick_50,run_007,run_018,0.503,0.273,0.343,0.5,False,True
real_llama4maverick_50,run_007,run_019,0.072,0.974,0.688,0.5,False,True
real_llama4maverick_50,run_007,run_020,0.557,0.438,0.646,0.0,True,False
real_llama4maverick_50,run_007,run_021,0.059,0.213,0.606,0.5,False,False
real_llama4maverick_50,run_007,run_022,0.141,0.268,0.318,0.5,False,False
real_llama4maverick_50,run_007,run_023,0.089,0.314,0.31,0.5,False,True
real_llama4maverick_50,run_007,run_024,0.583,0.974,0.504,0.5,False,True
real_llama4maverick_50,run_007,run_025,0.023,0.048,0.088,0.0,False,False
real_llama4maverick_50,run_007,run_026,0.097,0.427,0.377,0.5,False,True
real_llama4maverick_50,run_007,run_027,0.023,0.048,0.088,0.0,False,False
real_llama4maverick_50,run_007,run_028,0.088,1.0,0.362,0.5,False,True
real_llama4maverick_50,run_007,run_029,0.428,0.795,0.646,0.5,False,True
real_llama4maverick_50,run_007,run_030,0.108,0.974,0.415,0.5,False,True
real_llama4maverick_50,run_007,run_031,0.18,0.974,0.362,1.0,False,True
real_llama4maverick_50,run_007,run_032,0.154,0.387,0.403,0.0,False,True
real_llama4maverick_50,run_007,run_033,0.34,0.357,0.368,0.5,False,True
real_llama4maverick_50,run_007,run_034,0.328,1.0,0.354,1.0,False,True
real_llama4maverick_50,run_007,run_035,0.216,0.974,0.703,0.5,False,True
real_llama4maverick_50,run_007,run_036,0.545,0.462,0.364,0.5,False,True
real_llama4maverick_50,run_007,run_037,0.493,0.321,0.472,0.5,False,True
real_llama4maverick_50,run_007,run_038,0.404,0.974,0.646,0.5,False,True
real_llama4maverick_50,run_007,run_039,0.442,0.974,0.346,0.333,False,True
real_llama4maverick_50,run_007,run_040,0.284,0.476,0.271,0.333,True,False
real_llama4maverick_50,run_007,run_041,0.364,0.321,0.351,0.5,False,True
real_llama4maverick_50,run_007,run_042,0.245,0.321,0.364,0.5,False,True
real_llama4maverick_50,run_007,run_043,0.594,0.506,0.646,0.333,False,True
real_llama4maverick_50,run_007,run_044,0.316,0.974,0.433,0.5,False,True
real_llama4maverick_50,run_007,run_045,0.127,0.465,0.29,0.5,False,True
real_llama4maverick_50,run_007,run_046,0.267,0.438,0.845,0.333,True,False
real_llama4maverick_50,run_007,run_047,0.33,0.974,0.228,0.5,False,True
real_llama4maverick_50,run_007,run_048,0.13,0.562,0.306,0.25,False,True
real_llama4maverick_50,run_007,run_049,0.551,0.909,0.683,0.333,False,True
real_llama4maverick_50,run_007,run_050,0.087,0.373,0.55,0.5,False,True
real_llama4maverick_50,run_008,run_009,0.036,1.0,0.71,1.0,False,True
real_llama4maverick_50,run_008,run_010,0.017,0.049,0.083,0.0,False,False
real_llama4maverick_50,run_008,run_011,0.409,0.961,0.595,0.5,True,True
real_llama4maverick_50,run_008,run_012,0.017,0.049,0.083,0.0,False,False
real_llama4maverick_50,run_008,run_013,0.454,0.313,0.471,0.0,False,True
real_llama4maverick_50,run_008,run_014,0.424,0.4,0.69,0.0,False,True
real_llama4maverick_50,run_008,run_015,0.37,0.357,0.411,0.0,False,True
real_llama4maverick_50,run_008,run_016,0.293,1.0,0.467,1.0,True,True
real_llama4maverick_50,run_008,run_017,0.463,0.987,0.545,1.0,True,True
real_llama4maverick_50,run_008,run_018,0.324,0.276,0.597,0.0,False,True
real_llama4maverick_50,run_008,run_019,0.044,0.987,0.47,1.0,True,True
real_llama4maverick_50,run_008,run_020,0.294,0.444,0.595,0.0,False,False
real_llama4maverick_50,run_008,run_021,0.123,0.215,0.426,0.0,False,False
real_llama4maverick_50,run_008,run_022,0.093,0.272,0.765,0.0,False,False
real_llama4maverick_50,run_008,run_023,0.064,0.317,0.556,0.0,False,True
real_llama4maverick_50,run_008,run_024,0.385,0.987,0.454,1.0,True,True
real_llama4maverick_50,run_008,run_025,0.017,0.049,0.083,0.0,False,False
real_llama4maverick_50,run_008,run_026,0.059,0.432,0.465,0.0,False,True
real_llama4maverick_50,run_008,run_027,0.017,0.049,0.083,0.0,False,False
real_llama4maverick_50,run_008,run_028,0.049,0.961,0.641,1.0,True,True
real_llama4maverick_50,run_008,run_029,0.392,0.805,0.595,1.0,True,True
real_llama4maverick_50,run_008,run_030,0.059,0.987,0.851,1.0,True,True
real_llama4maverick_50,run_008,run_031,0.188,0.987,0.422,0.5,True,True
real_llama4maverick_50,run_008,run_032,0.153,0.391,0.782,0.0,True,True
real_llama4maverick_50,run_008,run_033,0.522,0.361,0.305,0.0,False,True
real_llama4maverick_50,run_008,run_034,0.035,0.961,0.522,0.5,True,True
real_llama4maverick_50,run_008,run_035,0.264,0.987,0.348,1.0,True,True
real_llama4maverick_50,run_008,run_036,0.332,0.468,0.515,0.0,False,True
real_llama4maverick_50,run_008,run_037,0.552,0.325,0.595,0.0,False,True
real_llama4maverick_50,run_008,run_038,0.443,0.987,0.595,1.0,True,True
real_llama4maverick_50,run_008,run_039,0.448,0.987,0.722,0.5,True,True
real_llama4maverick_50,run_008,run_040,0.371,0.484,0.32,0.0,False,False
real_llama4maverick_50,run_008,run_041,0.426,0.325,0.646,0.0,False,True
real_llama4maverick_50,run_008,run_042,0.498,0.325,0.574,0.0,False,True
real_llama4maverick_50,run_008,run_043,0.433,0.512,0.595,0.5,True,True
real_llama4maverick_50,run_008,run_044,0.467,0.987,0.274,1.0,True,True
real_llama4maverick_50,run_008,run_045,0.043,0.471,0.549,0.0,False,True
real_llama4maverick_50,run_008,run_046,0.07,0.444,0.507,0.0,False,False
real_llama4maverick_50,run_008,run_047,0.45,0.987,0.356,1.0,True,True
real_llama4maverick_50,run_008,run_048,0.48,0.545,0.635,0.333,True,True
real_llama4maverick_50,run_008,run_049,0.317,0.921,0.523,0.0,True,True
real_llama4maverick_50,run_008,run_050,0.031,0.376,0.463,0.0,False,True
real_llama4maverick_50,run_009,run_010,0.028,0.049,0.083,0.0,False,False
real_llama4maverick_50,run_009,run_011,0.505,0.961,0.595,0.5,False,True
real_llama4maverick_50,run_009,run_012,0.028,0.049,0.083,0.0,False,False
real_llama4maverick_50,run_009,run_013,0.594,0.313,0.471,0.0,False,True
real_llama4maverick_50,run_009,run_014,0.51,0.4,0.513,0.0,False,True
real_llama4maverick_50,run_009,run_015,0.341,0.357,0.437,0.0,False,True
real_llama4maverick_50,run_009,run_016,0.533,1.0,0.467,1.0,False,True
real_llama4maverick_50,run_009,run_017,0.634,0.987,0.688,1.0,False,True
real_llama4maverick_50,run_009,run_018,0.332,0.276,0.458,0.0,False,True
real_llama4maverick_50,run_009,run_019,0.291,0.987,0.333,1.0,False,True
real_llama4maverick_50,run_009,run_020,0.568,0.444,0.595,0.0,True,False
real_llama4maverick_50,run_009,run_021,0.053,0.215,0.26,0.0,False,False
real_llama4maverick_50,run_009,run_022,0.146,0.272,0.721,0.0,False,False
real_llama4maverick_50,run_009,run_023,0.315,0.317,0.872,0.0,False,True
real_llama4maverick_50,run_009,run_024,0.34,0.987,0.538,1.0,False,True
real_llama4maverick_50,run_009,run_025,0.028,0.049,0.083,0.0,False,False
real_llama4maverick_50,run_009,run_026,0.112,0.432,0.451,0.0,False,True
real_llama4maverick_50,run_009,run_027,0.028,0.049,0.083,0.0,False,False
real_llama4maverick_50,run_009,run_028,0.274,0.961,0.504,1.0,False,True
real_llama4maverick_50,run_009,run_029,0.658,0.805,0.595,1.0,False,True
real_llama4maverick_50,run_009,run_030,0.166,0.987,0.836,1.0,False,True
real_llama4maverick_50,run_009,run_031,0.114,0.987,0.459,0.5,False,True
real_llama4maverick_50,run_009,run_032,0.082,0.391,0.767,0.0,False,True
real_llama4maverick_50,run_009,run_033,0.316,0.361,0.237,0.0,False,True
real_llama4maverick_50,run_009,run_034,0.196,0.961,0.746,0.5,False,True
real_llama4maverick_50,run_009,run_035,0.328,0.987,0.261,1.0,False,True
real_llama4maverick_50,run_009,run_036,0.34,0.468,0.574,0.0,False,True
real_llama4maverick_50,run_009,run_037,0.612,0.325,0.595,0.0,False,True
real_llama4maverick_50,run_009,run_038,0.483,0.987,0.595,1.0,False,True
real_llama4maverick_50,run_009,run_039,0.642,0.987,0.722,0.5,False,True
real_llama4maverick_50,run_009,run_040,0.516,0.484,0.34,0.0,True,False
real_llama4maverick_50,run_009,run_041,0.556,0.325,0.797,0.0,False,True
real_llama4maverick_50,run_009,run_042,0.544,0.325,0.441,0.0,False,True
real_llama4maverick_50,run_009,run_043,0.448,0.512,0.595,0.5,False,True
real_llama4maverick_50,run_009,run_044,0.481,0.987,0.242,1.0,False,True
real_llama4maverick_50,run_009,run_045,0.189,0.471,0.549,0.0,False,True
real_llama4maverick_50,run_009,run_046,0.27,0.444,0.384,0.0,True,False
real_llama4maverick_50,run_009,run_047,0.591,0.987,0.237,1.0,False,True
real_llama4maverick_50,run_009,run_048,0.667,0.545,0.716,0.333,False,True
real_llama4maverick_50,run_009,run_049,0.567,0.921,0.508,0.0,False,True
real_llama4maverick_50,run_009,run_050,0.117,0.376,0.415,0.0,False,True
real_llama4maverick_50,run_010,run_011,0.025,0.048,0.092,0.0,False,False
real_llama4maverick_50,run_010,run_012,1.0,1.0,1.0,1.0,False,False
real_llama4maverick_50,run_010,run_013,0.03,0.075,0.113,0.0,False,False
real_llama4maverick_50,run_010,run_014,0.032,0.067,0.128,0.0,False,False
real_llama4maverick_50,run_010,run_015,0.031,0.082,0.071,0.0,False,False
real_llama4maverick_50,run_010,run_016,0.036,0.049,0.059,0.0,False,False
real_llama4maverick_50,run_010,run_017,0.02,0.048,0.068,0.0,False,False
real_llama4maverick_50,run_010,run_018,0.036,0.115,0.077,0.0,False,False
real_llama4maverick_50,run_010,run_019,0.0,0.048,0.091,0.0,False,False
real_llama4maverick_50,run_010,run_020,0.037,0.071,0.092,0.0,False,False
real_llama4maverick_50,run_010,run_021,0.0,0.069,0.058,0.0,False,False
real_llama4maverick_50,run_010,run_022,0.0,0.13,0.086,0.0,False,False
real_llama4maverick_50,run_010,run_023,0.0,0.091,0.06,0.0,False,False
real_llama4maverick_50,run_010,run_024,0.044,0.048,0.113,0.0,False,False
real_llama4maverick_50,run_010,run_025,1.0,1.0,1.0,1.0,False,False
real_llama4maverick_50,run_010,run_026,0.0,0.075,0.079,0.0,False,False
real_llama4maverick_50,run_010,run_027,1.0,1.0,1.0,1.0,False,False
real_llama4maverick_50,run_010,run_028,0.0,0.048,0.092,0.0,False,False
real_llama4maverick_50,run_010,run_029,0.023,0.038,0.092,0.0,False,False
real_llama4maverick_50,run_010,run_030,0.0,0.048,0.088,0.0,False,False
real_llama4maverick_50,run_010,run_031,0.0,0.048,0.14,0.0,False,False
real_llama4maverick_50,run_010,run_032,0.0,0.07,0.09,0.0,False,False
real_llama4maverick_50,run_010,run_033,0.033,0.083,0.115,0.0,False,False
real_llama4maverick_50,run_010,run_034,0.0,0.048,0.088,0.0,False,False
real_llama4maverick_50,run_010,run_035,0.047,0.048,0.122,0.0,False,False
real_llama4maverick_50,run_010,run_036,0.03,0.095,0.086,0.0,False,False
real_llama4maverick_50,run_010,run_037,0.022,0.089,0.092,0.0,False,False
real_llama4maverick_50,run_010,run_038,0.04,0.048,0.092,0.0,False,False
real_llama4maverick_50,run_010,run_039,0.034,0.048,0.143,0.0,False,False
real_llama4maverick_50,run_010,run_040,0.028,0.074,0.118,0.0,False,False
real_llama4maverick_50,run_010,run_041,0.022,0.089,0.065,0.0,False,False
real_llama4maverick_50,run_010,run_042,0.033,0.089,0.086,0.0,False,False
real_llama4maverick_50,run_010,run_043,0.03,0.039,0.092,0.0,False,False
real_llama4maverick_50,run_010,run_044,0.033,0.048,0.069,0.0,False,False
real_llama4maverick_50,run_010,run_045,0.0,0.12,0.079,0.0,False,False
real_llama4maverick_50,run_010,run_046,0.0,0.071,0.075,0.0,False,False
real_llama4maverick_50,run_010,run_047,0.03,0.048,0.077,0.0,False,False
real_llama4maverick_50,run_010,run_048,0.032,0.075,0.073,0.0,False,False
real_llama4maverick_50,run_010,run_049,0.032,0.049,0.094,0.0,False,False
real_llama4maverick_50,run_010,run_050,0.0,0.091,0.061,0.0,False,False
real_llama4maverick_50,run_011,run_012,0.025,0.048,0.092,0.0,False,False
real_llama4maverick_50,run_011,run_013,0.435,0.31,0.5,0.5,False,True
real_llama4maverick_50,run_011,run_014,0.398,0.396,0.453,0.5,False,True
real_llama4maverick_50,run_011,run_015,0.384,0.353,0.653,0.5,False,True
real_llama4maverick_50,run_011,run_016,0.382,0.961,0.775,0.5,True,True
real_llama4maverick_50,run_011,run_017,0.701,0.974,0.449,0.5,True,True
real_llama4maverick_50,run_011,run_018,0.378,0.273,0.409,0.5,False,True
real_llama4maverick_50,run_011,run_019,0.059,0.974,0.736,0.5,True,True
real_llama4maverick_50,run_011,run_020,0.418,0.438,1.0,0.0,False,False
real_llama4maverick_50,run_011,run_021,0.122,0.213,0.63,0.5,False,False
real_llama4maverick_50,run_011,run_022,0.251,0.268,0.605,0.5,False,False
real_llama4maverick_50,run_011,run_023,0.223,0.314,0.476,0.5,False,True
real_llama4maverick_50,run_011,run_024,0.344,0.974,0.571,0.5,True,True
real_llama4maverick_50,run_011,run_025,0.025,0.048,0.092,0.0,False,False
real_llama4maverick_50,run_011,run_026,0.067,0.427,0.37,0.5,False,True
real_llama4maverick_50,run_011,run_027,0.025,0.048,0.092,0.0,False,False
real_llama4maverick_50,run_011,run_028,0.241,1.0,0.516,0.5,True,True
real_llama4maverick_50,run_011,run_029,0.673,0.795,1.0,0.5,True,True
real_llama4maverick_50,run_011,run_030,0.513,0.974,0.614,0.5,True,True
real_llama4maverick_50,run_011,run_031,0.185,0.974,0.412,1.0,True,True
real_llama4maverick_50,run_011,run_032,0.175,0.387,0.619,0.0,True,True
real_llama4maverick_50,run_011,run_033,0.28,0.357,0.414,0.5,False,True
real_llama4maverick_50,run_011,run_034,0.248,1.0,0.488,1.0,True,True
real_llama4maverick_50,run_011,run_035,0.351,0.974,0.648,0.5,True,True
real_llama4maverick_50,run_011,run_036,0.399,0.462,0.403,0.5,False,True
real_llama4maverick_50,run_011,run_037,0.526,0.321,0.806,0.5,False,True
real_llama4maverick_50,run_011,run_038,0.516,0.974,1.0,0.5,True,True
real_llama4maverick_50,run_011,run_039,0.667,0.974,0.772,0.333,True,True
real_llama4maverick_50,run_011,run_040,0.595,0.476,0.151,0.333,False,False
real_llama4maverick_50,run_011,run_041,0.704,0.321,0.517,0.5,False,True
real_llama4maverick_50,run_011,run_042,0.447,0.321,0.434,0.5,False,True
real_llama4maverick_50,run_011,run_043,0.393,0.506,1.0,0.333,True,True
real_llama4maverick_50,run_011,run_044,0.516,0.974,0.479,0.5,True,True
real_llama4maverick_50,run_011,run_045,0.047,0.465,0.578,0.5,False,True
real_llama4maverick_50,run_011,run_046,0.049,0.438,0.619,0.333,False,False
real_llama4maverick_50,run_011,run_047,0.448,0.974,0.378,0.5,True,True
real_llama4maverick_50,run_011,run_048,0.606,0.562,0.553,0.25,True,True
real_llama4maverick_50,run_011,run_049,0.493,0.909,0.748,0.333,True,True
real_llama4maverick_50,run_011,run_050,0.122,0.373,0.433,0.5,False,True
real_llama4maverick_50,run_012,run_013,0.03,0.075,0.113,0.0,False,False
real_llama4maverick_50,run_012,run_014,0.032,0.067,0.128,0.0,False,False
real_llama4maverick_50,run_012,run_015,0.031,0.082,0.071,0.0,False,False
real_llama4maverick_50,run_012,run_016,0.036,0.049,0.059,0.0,False,False
real_llama4maverick_50,run_012,run_017,0.02,0.048,0.068,0.0,False,False
real_llama4maverick_50,run_012,run_018,0.036,0.115,0.077,0.0,False,False
real_llama4maverick_50,run_012,run_019,0.0,0.048,0.091,0.0,False,False
real_llama4maverick_50,run_012,run_020,0.037,0.071,0.092,0.0,False,False
real_llama4maverick_50,run_012,run_021,0.0,0.069,0.058,0.0,False,False
real_llama4maverick_50,run_012,run_022,0.0,0.13,0.086,0.0,False,False
real_llama4maverick_50,run_012,run_023,0.0,0.091,0.06,0.0,False,False
real_llama4maverick_50,run_012,run_024,0.044,0.048,0.113,0.0,False,False
real_llama4maverick_50,run_012,run_025,1.0,1.0,1.0,1.0,False,False
real_llama4maverick_50,run_012,run_026,0.0,0.075,0.079,0.0,False,False
real_llama4maverick_50,run_012,run_027,1.0,1.0,1.0,1.0,False,False
real_llama4maverick_50,run_012,run_028,0.0,0.048,0.092,0.0,False,False
real_llama4maverick_50,run_012,run_029,0.023,0.038,0.092,0.0,False,False
real_llama4maverick_50,run_012,run_030,0.0,0.048,0.088,0.0,False,False
real_llama4maverick_50,run_012,run_031,0.0,0.048,0.14,0.0,False,False
real_llama4maverick_50,run_012,run_032,0.0,0.07,0.09,0.0,False,False
real_llama4maverick_50,run_012,run_033,0.033,0.083,0.115,0.0,False,False
real_llama4maverick_50,run_012,run_034,0.0,0.048,0.088,0.0,False,False
real_llama4maverick_50,run_012,run_035,0.047,0.048,0.122,0.0,False,False
real_llama4maverick_50,run_012,run_036,0.03,0.095,0.086,0.0,False,False
real_llama4maverick_50,run_012,run_037,0.022,0.089,0.092,0.0,False,False
real_llama4maverick_50,run_012,run_038,0.04,0.048,0.092,0.0,False,False
real_llama4maverick_50,run_012,run_039,0.034,0.048,0.143,0.0,False,False
real_llama4maverick_50,run_012,run_040,0.028,0.074,0.118,0.0,False,False
real_llama4maverick_50,run_012,run_041,0.022,0.089,0.065,0.0,False,False
real_llama4maverick_50,run_012,run_042,0.033,0.089,0.086,0.0,False,False
real_llama4maverick_50,run_012,run_043,0.03,0.039,0.092,0.0,False,False
real_llama4maverick_50,run_012,run_044,0.033,0.048,0.069,0.0,False,False
real_llama4maverick_50,run_012,run_045,0.0,0.12,0.079,0.0,False,False
real_llama4maverick_50,run_012,run_046,0.0,0.071,0.075,0.0,False,False
real_llama4maverick_50,run_012,run_047,0.03,0.048,0.077,0.0,False,False
real_llama4maverick_50,run_012,run_048,0.032,0.075,0.073,0.0,False,False
real_llama4maverick_50,run_012,run_049,0.032,0.049,0.094,0.0,False,False
real_llama4maverick_50,run_012,run_050,0.0,0.091,0.061,0.0,False,False
real_llama4maverick_50,run_013,run_014,0.677,0.493,0.468,1.0,False,True
real_llama4maverick_50,run_013,run_015,0.478,0.488,0.197,1.0,False,True
real_llama4maverick_50,run_013,run_016,0.626,0.296,0.541,0.0,False,True
real_llama4maverick_50,run_013,run_017,0.636,0.31,0.4,0.0,False,True
real_llama4maverick_50,run_013,run_018,0.485,0.651,0.432,1.0,False,True
real_llama4maverick_50,run_013,run_019,0.558,0.31,0.212,0.0,False,True
real_llama4maverick_50,run_013,run_020,0.631,0.196,0.464,0.0,False,False
real_llama4maverick_50,run_013,run_021,0.05,0.364,0.293,1.0,False,False
real_llama4maverick_50,run_013,run_022,0.142,0.5,0.393,1.0,False,False
real_llama4maverick_50,run_013,run_023,0.13,0.614,0.316,1.0,False,True
real_llama4maverick_50,run_013,run_024,0.52,0.31,0.28,0.0,False,True
real_llama4maverick_50,run_013,run_025,0.02,0.05,0.113,0.0,False,False
real_llama4maverick_50,run_013,run_026,0.374,0.457,0.309,1.0,False,True
real_llama4maverick_50,run_013,run_027,0.02,0.05,0.113,0.0,False,False
real_llama4maverick_50,run_013,run_028,0.044,0.31,0.5,0.0,False,True
real_llama4maverick_50,run_013,run_029,0.492,0.27,0.464,0.0,False,True
real_llama4maverick_50,run_013,run_030,0.157,0.31,0.4,0.0,False,True
real_llama4maverick_50,run_013,run_031,0.099,0.31,0.222,0.5,False,True
real_llama4maverick_50,run_013,run_032,0.115,0.58,0.404,0.0,False,True
real_llama4maverick_50,run_013,run_033,0.296,0.623,0.444,1.0,False,True
real_llama4maverick_50,run_013,run_034,0.323,0.31,0.33,0.5,False,True
real_llama4maverick_50,run_013,run_035,0.255,0.31,0.188,0.0,False,True
real_llama4maverick_50,run_013,run_036,0.459,0.534,0.256,1.0,False,True
real_llama4maverick_50,run_013,run_037,0.471,0.622,0.518,1.0,False,True
real_llama4maverick_50,run_013,run_038,0.327,0.31,0.464,0.0,False,True
real_llama4maverick_50,run_013,run_039,0.444,0.31,0.517,0.0,False,True
real_llama4maverick_50,run_013,run_040,0.269,0.178,0.321,0.5,False,False
real_llama4maverick_50,run_013,run_041,0.566,0.622,0.331,1.0,False,True
real_llama4maverick_50,run_013,run_042,0.33,0.622,0.342,1.0,False,True
real_llama4maverick_50,run_013,run_043,0.582,0.4,0.464,0.0,False,True
real_llama4maverick_50,run_013,run_044,0.322,0.31,0.324,0.0,False,True
real_llama4maverick_50,run_013,run_045,0.581,0.5,0.504,1.0,False,True
real_llama4maverick_50,run_013,run_046,0.373,0.196,0.299,0.5,False,False
real_llama4maverick_50,run_013,run_047,0.437,0.31,0.404,0.0,False,True
real_llama4maverick_50,run_013,run_048,0.57,0.331,0.357,0.0,False,True
real_llama4maverick_50,run_013,run_049,0.572,0.313,0.324,0.5,False,True
real_llama4maverick_50,run_013,run_050,0.034,0.643,0.331,1.0,False,True
real_llama4maverick_50,run_014,run_015,0.601,0.621,0.46,1.0,False,True
real_llama4maverick_50,run_014,run_016,0.55,0.379,0.521,0.0,False,True
real_llama4maverick_50,run_014,run_017,0.481,0.396,0.481,0.0,False,True
real_llama4maverick_50,run_014,run_018,0.542,0.434,0.739,1.0,False,True
real_llama4maverick_50,run_014,run_019,0.33,0.396,0.486,0.0,False,True
real_llama4maverick_50,run_014,run_020,0.518,0.293,0.453,0.0,False,False
real_llama4maverick_50,run_014,run_021,0.057,0.393,0.486,1.0,False,False
real_llama4maverick_50,run_014,run_022,0.137,0.72,0.631,1.0,True,False
real_llama4maverick_50,run_014,run_023,0.062,0.483,0.5,1.0,False,True
real_llama4maverick_50,run_014,run_024,0.559,0.396,0.468,0.0,False,True
real_llama4maverick_50,run_014,run_025,0.022,0.067,0.128,0.0,False,False
real_llama4maverick_50,run_014,run_026,0.307,0.598,0.462,1.0,False,True
real_llama4maverick_50,run_014,run_027,0.022,0.067,0.128,0.0,False,False
real_llama4maverick_50,run_014,run_028,0.045,0.396,0.604,0.0,False,True
real_llama4maverick_50,run_014,run_029,0.525,0.377,0.453,0.0,False,True
real_llama4maverick_50,run_014,run_030,0.204,0.396,0.734,0.0,False,True
real_llama4maverick_50,run_014,run_031,0.116,0.396,0.595,0.5,False,True
real_llama4maverick_50,run_014,run_032,0.098,0.721,0.63,0.0,False,True
real_llama4maverick_50,run_014,run_033,0.361,0.549,0.301,1.0,True,True
real_llama4maverick_50,run_014,run_034,0.313,0.396,0.495,0.5,False,True
real_llama4maverick_50,run_014,run_035,0.239,0.396,0.4,0.0,False,True
real_llama4maverick_50,run_014,run_036,0.516,0.583,0.541,1.0,False,True
real_llama4maverick_50,run_014,run_037,0.481,0.505,0.566,1.0,False,True
real_llama4maverick_50,run_014,run_038,0.412,0.396,0.453,0.0,False,True
real_llama4maverick_50,run_014,run_039,0.594,0.396,0.578,0.0,False,True
real_llama4maverick_50,run_014,run_040,0.285,0.272,0.347,0.5,False,False
real_llama4maverick_50,run_014,run_041,0.501,0.505,0.466,1.0,False,True
real_llama4maverick_50,run_014,run_042,0.39,0.505,0.649,1.0,False,True
real_llama4maverick_50,run_014,run_043,0.6,0.4,0.453,0.0,False,True
real_llama4maverick_50,run_014,run_044,0.338,0.396,0.283,0.0,False,True
real_llama4maverick_50,run_014,run_045,0.368,0.538,0.41,1.0,False,True
real_llama4maverick_50,run_014,run_046,0.24,0.293,0.562,0.5,False,False
real_llama4maverick_50,run_014,run_047,0.382,0.396,0.301,0.0,False,True
real_llama4maverick_50,run_014,run_048,0.153,0.393,0.472,0.0,False,True
real_llama4maverick_50,run_014,run_049,0.482,0.4,0.61,0.5,False,True
real_llama4maverick_50,run_014,run_050,0.04,0.667,0.504,1.0,False,True
real_llama4maverick_50,run_015,run_016,0.584,0.357,0.622,0.0,False,True
real_llama4maverick_50,run_015,run_017,0.395,0.376,0.455,0.0,False,True
real_llama4maverick_50,run_015,run_018,0.537,0.358,0.344,1.0,False,True
real_llama4maverick_50,run_015,run_019,0.172,0.376,0.759,0.0,False,True
real_llama4maverick_50,run_015,run_020,0.524,0.282,0.653,0.0,False,False
real_llama4maverick_50,run_015,run_021,0.046,0.317,0.659,1.0,True,False
real_llama4maverick_50,run_015,run_022,0.135,0.539,0.416,1.0,False,False
real_llama4maverick_50,run_015,run_023,0.038,0.771,0.384,1.0,True,True
real_llama4maverick_50,run_015,run_024,0.646,0.376,0.5,0.0,False,True
real_llama4maverick_50,run_015,run_025,0.021,0.082,0.071,0.0,False,False
real_llama4maverick_50,run_015,run_026,0.302,0.542,0.477,1.0,True,True
real_llama4maverick_50,run_015,run_027,0.021,0.082,0.071,0.0,False,False
real_llama4maverick_50,run_015,run_028,0.04,0.376,0.375,0.0,False,True
real_llama4maverick_50,run_015,run_029,0.332,0.379,0.653,0.0,False,True
real_llama4maverick_50,run_015,run_030,0.19,0.376,0.422,0.0,False,True
real_llama4maverick_50,run_015,run_031,0.114,0.376,0.557,0.5,False,True
real_llama4maverick_50,run_015,run_032,0.116,0.6,0.356,0.0,False,True
real_llama4maverick_50,run_015,run_033,0.387,0.637,0.26,1.0,False,True
real_llama4maverick_50,run_015,run_034,0.302,0.376,0.422,0.5,False,True
real_llama4maverick_50,run_015,run_035,0.297,0.376,0.625,0.0,False,True
real_llama4maverick_50,run_015,run_036,0.537,0.659,0.537,1.0,False,True
real_llama4maverick_50,run_015,run_037,0.306,0.568,0.486,1.0,True,True
real_llama4maverick_50,run_015,run_038,0.35,0.376,0.653,0.0,False,True
real_llama4maverick_50,run_015,run_039,0.33,0.376,0.397,0.0,False,True
real_llama4maverick_50,run_015,run_040,0.364,0.257,0.23,0.5,False,False
real_llama4maverick_50,run_015,run_041,0.415,0.568,0.398,1.0,False,True
real_llama4maverick_50,run_015,run_042,0.318,0.568,0.577,1.0,False,True
real_llama4maverick_50,run_015,run_043,0.568,0.34,0.653,0.0,False,True
real_llama4maverick_50,run_015,run_044,0.413,0.376,0.409,0.0,False,True
real_llama4maverick_50,run_015,run_045,0.405,0.602,0.465,1.0,True,True
real_llama4maverick_50,run_015,run_046,0.341,0.282,0.642,0.5,False,False
real_llama4maverick_50,run_015,run_047,0.359,0.376,0.382,0.0,False,True
real_llama4maverick_50,run_015,run_048,0.433,0.438,0.435,0.0,False,True
real_llama4maverick_50,run_015,run_049,0.505,0.381,0.755,0.5,False,True
real_llama4maverick_50,run_015,run_050,0.044,0.752,0.542,1.0,False,True
real_llama4maverick_50,run_016,run_017,0.56,0.987,0.361,1.0,True,True
real_llama4maverick_50,run_016,run_018,0.461,0.276,0.624,0.0,False,True
real_llama4maverick_50,run_016,run_019,0.219,0.987,0.634,1.0,True,True
real_llama4maverick_50,run_016,run_020,0.885,0.444,0.775,0.0,False,False
real_llama4maverick_50,run_016,run_021,0.049,0.215,0.798,0.0,False,False
real_llama4maverick_50,run_016,run_022,0.104,0.272,0.473,0.0,False,False
real_llama4maverick_50,run_016,run_023,0.04,0.317,0.284,0.0,False,True
real_llama4maverick_50,run_016,run_024,0.55,0.987,0.432,1.0,True,True
real_llama4maverick_50,run_016,run_025,0.036,0.049,0.059,0.0,False,False
real_llama4maverick_50,run_016,run_026,0.354,0.432,0.292,0.0,False,True
real_llama4maverick_50,run_016,run_027,0.036,0.049,0.059,0.0,False,False
real_llama4maverick_50,run_016,run_028,0.037,0.961,0.55,1.0,True,True
real_llama4maverick_50,run_016,run_029,0.475,0.805,0.775,1.0,True,True
real_llama4maverick_50,run_016,run_030,0.191,0.987,0.479,1.0,True,True
real_llama4maverick_50,run_016,run_031,0.146,0.987,0.377,0.5,True,True
real_llama4maverick_50,run_016,run_032,0.177,0.391,0.481,0.0,True,True
real_llama4maverick_50,run_016,run_033,0.332,0.361,0.299,0.0,False,True
real_llama4maverick_50,run_016,run_034,0.285,0.961,0.417,0.5,True,True
real_llama4maverick_50,run_016,run_035,0.301,0.987,0.514,1.0,True,True
real_llama4maverick_50,run_016,run_036,0.441,0.468,0.424,0.0,False,True
real_llama4maverick_50,run_016,run_037,0.401,0.325,0.625,0.0,False,True
real_llama4maverick_50,run_016,run_038,0.422,0.987,0.775,1.0,True,True
real_llama4maverick_50,run_016,run_039,0.447,0.987,0.569,0.5,True,True
real_llama4maverick_50,run_016,run_040,0.484,0.484,0.326,0.0,False,False
real_llama4maverick_50,run_016,run_041,0.55,0.325,0.417,0.0,False,True
real_llama4maverick_50,run_016,run_042,0.254,0.325,0.473,0.0,False,True
real_llama4maverick_50,run_016,run_043,0.667,0.512,0.775,0.5,True,True
real_llama4maverick_50,run_016,run_044,0.395,0.987,0.392,1.0,True,True
real_llama4maverick_50,run_016,run_045,0.302,0.471,0.667,0.0,False,True
real_llama4maverick_50,run_016,run_046,0.702,0.444,0.697,0.0,False,False
real_llama4maverick_50,run_016,run_047,0.45,0.987,0.272,1.0,True,True
real_llama4maverick_50,run_016,run_048,0.491,0.545,0.441,0.333,True,True
real_llama4maverick_50,run_016,run_049,0.75,0.921,0.692,0.0,True,True
real_llama4maverick_50,run_016,run_050,0.047,0.376,0.487,0.0,False,True
real_llama4maverick_50,run_017,run_018,0.373,0.273,0.412,0.0,False,True
real_llama4maverick_50,run_017,run_019,0.5,1.0,0.392,1.0,True,True
real_llama4maverick_50,run_017,run_020,0.608,0.438,0.435,0.0,False,False
real_llama4maverick_50,run_017,run_021,0.111,0.213,0.422,0.0,False,False
real_llama4maverick_50,run_017,run_022,0.426,0.268,0.618,0.0,False,False
real_llama4maverick_50,run_017,run_023,0.195,0.314,0.658,0.0,False,True
real_llama4maverick_50,run_017,run_024,0.312,1.0,0.504,1.0,True,True
real_llama4maverick_50,run_017,run_025,0.02,0.048,0.068,0.0,False,False
real_llama4maverick_50,run_017,run_026,0.283,0.427,0.506,0.0,False,True
real_llama4maverick_50,run_017,run_027,0.02,0.048,0.068,0.0,False,False
real_llama4maverick_50,run_017,run_028,0.22,0.974,0.435,1.0,True,True
real_llama4maverick_50,run_017,run_029,0.727,0.818,0.435,1.0,True,True
real_llama4maverick_50,run_017,run_030,0.471,1.0,0.653,1.0,True,True
real_llama4maverick_50,run_017,run_031,0.085,1.0,0.496,0.5,True,True
real_llama4maverick_50,run_017,run_032,0.055,0.387,0.55,0.0,True,True
real_llama4maverick_50,run_017,run_033,0.263,0.357,0.164,0.0,False,True
real_llama4maverick_50,run_017,run_034,0.154,0.974,0.627,0.5,True,True
real_llama4maverick_50,run_017,run_035,0.212,1.0,0.397,1.0,True,True
real_llama4maverick_50,run_017,run_036,0.388,0.462,0.539,0.0,False,True
real_llama4maverick_50,run_017,run_037,0.481,0.321,0.408,0.0,False,True
real_llama4maverick_50,run_017,run_038,0.427,1.0,0.435,1.0,True,True
real_llama4maverick_50,run_017,run_039,0.656,1.0,0.484,0.5,True,True
real_llama4maverick_50,run_017,run_040,0.496,0.476,0.241,0.0,False,False
real_llama4maverick_50,run_017,run_041,0.895,0.321,0.632,0.0,False,True
real_llama4maverick_50,run_017,run_042,0.106,0.321,0.461,0.0,False,True
real_llama4maverick_50,run_017,run_043,0.52,0.506,0.435,0.5,True,True
real_llama4maverick_50,run_017,run_044,0.525,1.0,0.214,1.0,True,True
real_llama4maverick_50,run_017,run_045,0.329,0.465,0.38,0.0,False,True
real_llama4maverick_50,run_017,run_046,0.328,0.438,0.481,0.0,False,False
real_llama4maverick_50,run_017,run_047,0.509,1.0,0.209,1.0,True,True
real_llama4maverick_50,run_017,run_048,0.77,0.562,0.671,0.333,True,True
real_llama4maverick_50,run_017,run_049,0.661,0.935,0.493,0.0,True,True
real_llama4maverick_50,run_017,run_050,0.048,0.373,0.411,0.0,False,True
real_llama4maverick_50,run_018,run_019,0.189,0.364,0.377,0.0,False,True
real_llama4maverick_50,run_018,run_020,0.399,0.297,0.409,0.0,False,False
real_llama4maverick_50,run_018,run_021,0.054,0.596,0.754,1.0,False,False
real_llama4maverick_50,run_018,run_022,0.186,0.587,0.507,1.0,False,False
real_llama4maverick_50,run_018,run_023,0.04,0.679,0.46,1.0,False,True
real_llama4maverick_50,run_018,run_024,0.547,0.364,0.464,0.0,False,True
real_llama4maverick_50,run_018,run_025,0.024,0.115,0.077,0.0,False,False
real_llama4maverick_50,run_018,run_026,0.477,0.747,0.486,1.0,False,True
real_llama4maverick_50,run_018,run_027,0.024,0.115,0.077,0.0,False,False
real_llama4maverick_50,run_018,run_028,0.042,0.364,0.555,0.0,False,True
real_llama4maverick_50,run_018,run_029,0.304,0.327,0.409,0.0,False,True
real_llama4maverick_50,run_018,run_030,0.192,0.364,0.571,0.0,False,True
real_llama4maverick_50,run_018,run_031,0.315,0.364,0.435,0.5,False,True
real_llama4maverick_50,run_018,run_032,0.119,0.621,0.489,0.0,False,True
real_llama4maverick_50,run_018,run_033,0.346,0.468,0.339,1.0,False,True
real_llama4maverick_50,run_018,run_034,0.312,0.364,0.471,0.5,False,True
real_llama4maverick_50,run_018,run_035,0.221,0.364,0.331,0.0,False,True
real_llama4maverick_50,run_018,run_036,0.471,0.523,0.535,1.0,False,True
real_llama4maverick_50,run_018,run_037,0.34,0.659,0.511,1.0,False,True
real_llama4maverick_50,run_018,run_038,0.27,0.364,0.409,0.0,False,True
real_llama4maverick_50,run_018,run_039,0.325,0.364,0.491,0.0,False,True
real_llama4maverick_50,run_018,run_040,0.276,0.274,0.434,0.5,False,False
real_llama4maverick_50,run_018,run_041,0.388,0.659,0.5,1.0,False,True
real_llama4maverick_50,run_018,run_042,0.394,0.659,0.521,1.0,False,True
real_llama4maverick_50,run_018,run_043,0.51,0.515,0.409,0.0,False,True
real_llama4maverick_50,run_018,run_044,0.345,0.364,0.385,0.0,False,True
real_llama4maverick_50,run_018,run_045,0.324,0.479,0.581,1.0,False,True
real_llama4maverick_50,run_018,run_046,0.256,0.297,0.461,0.5,False,False
real_llama4maverick_50,run_018,run_047,0.33,0.364,0.435,0.0,False,True
real_llama4maverick_50,run_018,run_048,0.161,0.404,0.364,0.0,False,True
real_llama4maverick_50,run_018,run_049,0.389,0.368,0.485,0.5,False,True
real_llama4maverick_50,run_018,run_050,0.047,0.411,0.412,1.0,False,True
real_llama4maverick_50,run_019,run_020,0.647,0.438,0.736,0.0,False,False
real_llama4maverick_50,run_019,run_021,0.105,0.213,0.65,0.0,False,False
real_llama4maverick_50,run_019,run_022,0.381,0.268,0.492,0.0,False,False
real_llama4maverick_50,run_019,run_023,0.142,0.314,0.362,0.0,False,True
real_llama4maverick_50,run_019,run_024,0.35,1.0,0.566,1.0,True,True
real_llama4maverick_50,run_019,run_025,0.027,0.048,0.091,0.0,False,False
real_llama4maverick_50,run_019,run_026,0.249,0.427,0.368,0.0,False,True
real_llama4maverick_50,run_019,run_027,0.027,0.048,0.091,0.0,False,False
real_llama4maverick_50,run_019,run_028,0.037,0.974,0.448,1.0,True,True
real_llama4maverick_50,run_019,run_029,0.686,0.818,0.736,1.0,True,True
real_llama4maverick_50,run_019,run_030,0.47,1.0,0.5,1.0,True,True
real_llama4maverick_50,run_019,run_031,0.143,1.0,0.485,0.5,True,True
real_llama4maverick_50,run_019,run_032,0.151,0.387,0.457,0.0,True,True
real_llama4maverick_50,run_019,run_033,0.239,0.357,0.411,0.0,False,True
real_llama4maverick_50,run_019,run_034,0.188,0.974,0.438,0.5,True,True
real_llama4maverick_50,run_019,run_035,0.262,1.0,0.661,1.0,True,True
real_llama4maverick_50,run_019,run_036,0.415,0.462,0.492,0.0,False,True
real_llama4maverick_50,run_019,run_037,0.515,0.321,0.576,0.0,False,True
real_llama4maverick_50,run_019,run_038,0.401,1.0,0.736,1.0,True,True
real_llama4maverick_50,run_019,run_039,0.634,1.0,0.451,0.5,True,True
real_llama4maverick_50,run_019,run_040,0.482,0.476,0.362,0.0,False,False
real_llama4maverick_50,run_019,run_041,0.758,0.321,0.408,0.0,False,True
real_llama4maverick_50,run_019,run_042,0.236,0.321,0.462,0.0,False,True
real_llama4maverick_50,run_019,run_043,0.507,0.506,0.736,0.5,True,True
real_llama4maverick_50,run_019,run_044,0.451,1.0,0.441,1.0,True,True
real_llama4maverick_50,run_019,run_045,0.299,0.465,0.353,0.0,False,True
real_llama4maverick_50,run_019,run_046,0.313,0.438,0.643,0.0,False,False
real_llama4maverick_50,run_019,run_047,0.491,1.0,0.411,1.0,True,True
real_llama4maverick_50,run_019,run_048,0.658,0.562,0.394,0.333,True,True
real_llama4maverick_50,run_019,run_049,0.65,0.935,0.806,0.0,True,True
real_llama4maverick_50,run_019,run_050,0.046,0.373,0.468,0.0,False,True
real_llama4maverick_50,run_020,run_021,0.044,0.425,0.63,0.0,False,True
real_llama4maverick_50,run_020,run_022,0.107,0.206,0.605,0.0,False,False
real_llama4maverick_50,run_020,run_023,0.046,0.205,0.476,0.0,False,False
real_llama4maverick_50,run_020,run_024,0.505,0.5,0.571,0.0,False,False
real_llama4maverick_50,run_020,run_025,0.037,0.071,0.092,0.0,False,False
real_llama4maverick_50,run_020,run_026,0.318,0.32,0.37,0.0,False,False
real_llama4maverick_50,run_020,run_027,0.037,0.071,0.092,0.0,False,False
real_llama4maverick_50,run_020,run_028,0.032,0.5,0.516,0.0,False,False
real_llama4maverick_50,run_020,run_029,0.476,0.459,1.0,0.0,False,False
real_llama4maverick_50,run_020,run_030,0.202,0.5,0.614,0.0,False,False
real_llama4maverick_50,run_020,run_031,0.15,0.5,0.412,0.0,False,False
real_llama4maverick_50,run_020,run_032,0.182,0.228,0.619,0.0,False,False
real_llama4maverick_50,run_020,run_033,0.329,0.229,0.414,0.0,False,False
real_llama4maverick_50,run_020,run_034,0.207,0.5,0.488,0.0,False,False
real_llama4maverick_50,run_020,run_035,0.311,0.5,0.648,0.0,False,False
real_llama4maverick_50,run_020,run_036,0.418,0.344,0.403,0.0,False,False
real_llama4maverick_50,run_020,run_037,0.382,0.328,0.806,0.0,False,False
real_llama4maverick_50,run_020,run_038,0.428,0.5,1.0,0.0,False,False
real_llama4maverick_50,run_020,run_039,0.447,0.5,0.772,0.0,False,False
real_llama4maverick_50,run_020,run_040,0.444,0.98,0.151,0.5,True,True
real_llama4maverick_50,run_020,run_041,0.553,0.328,0.517,0.0,False,False
real_llama4maverick_50,run_020,run_042,0.249,0.328,0.434,0.0,False,False
real_llama4maverick_50,run_020,run_043,0.588,0.466,1.0,0.5,False,False
real_llama4maverick_50,run_020,run_044,0.43,0.5,0.479,0.0,False,False
real_llama4maverick_50,run_020,run_045,0.309,0.278,0.578,0.0,False,False
real_llama4maverick_50,run_020,run_046,0.6,1.0,0.619,0.5,True,True
real_llama4maverick_50,run_020,run_047,0.467,0.5,0.378,0.0,False,False
real_llama4maverick_50,run_020,run_048,0.557,0.4,0.553,0.0,False,False
real_llama4maverick_50,run_020,run_049,0.816,0.508,0.748,0.0,False,False
real_llama4maverick_50,run_020,run_050,0.048,0.273,0.433,0.0,False,False
real_llama4maverick_50,run_021,run_022,0.118,0.408,0.335,1.0,False,False
real_llama4maverick_50,run_021,run_023,0.183,0.492,0.28,1.0,True,False
real_llama4maverick_50,run_021,run_024,0.358,0.234,0.44,0.0,False,False
real_llama4maverick_50,run_021,run_025,0.019,0.069,0.058,0.0,False,False
real_llama4maverick_50,run_021,run_026,0.208,0.571,0.301,1.0,True,False
real_llama4maverick_50,run_021,run_027,0.019,0.069,0.058,0.0,False,False
real_llama4maverick_50,run_021,run_028,0.053,0.234,0.457,0.0,False,False
real_llama4maverick_50,run_021,run_029,0.481,0.288,0.63,0.0,False,False
real_llama4maverick_50,run_021,run_030,0.139,0.234,0.436,0.0,False,False
real_llama4maverick_50,run_021,run_031,0.356,0.234,0.371,0.5,False,False
real_llama4maverick_50,run_021,run_032,0.357,0.514,0.427,0.0,False,False
real_llama4maverick_50,run_021,run_033,0.374,0.24,0.309,1.0,False,False
real_llama4maverick_50,run_021,run_034,0.033,0.234,0.412,0.5,False,False
real_llama4maverick_50,run_021,run_035,0.468,0.234,0.548,0.0,False,False
real_llama4maverick_50,run_021,run_036,0.52,0.468,0.479,1.0,False,False
real_llama4maverick_50,run_021,run_037,0.508,0.433,0.481,1.0,True,False
real_llama4maverick_50,run_021,run_038,0.32,0.234,0.63,0.0,False,False
real_llama4maverick_50,run_021,run_039,0.467,0.234,0.403,0.0,False,False
real_llama4maverick_50,run_021,run_040,0.344,0.405,0.366,0.5,False,True
real_llama4maverick_50,run_021,run_041,0.596,0.433,0.476,1.0,False,False
real_llama4maverick_50,run_021,run_042,0.302,0.433,0.431,1.0,False,False
real_llama4maverick_50,run_021,run_043,0.485,0.427,0.63,0.0,False,False
real_llama4maverick_50,run_021,run_044,0.325,0.234,0.323,0.0,False,False
real_llama4maverick_50,run_021,run_045,0.458,0.431,0.532,1.0,True,False
real_llama4maverick_50,run_021,run_046,0.177,0.425,0.667,0.5,False,True
real_llama4maverick_50,run_021,run_047,0.363,0.234,0.362,0.0,False,False
real_llama4maverick_50,run_021,run_048,0.605,0.362,0.313,0.0,False,False
real_llama4maverick_50,run_021,run_049,0.524,0.194,0.646,0.5,False,False
real_llama4maverick_50,run_021,run_050,0.085,0.288,0.451,1.0,False,False
real_llama4maverick_50,run_022,run_023,0.179,0.358,0.611,1.0,False,False
real_llama4maverick_50,run_022,run_024,0.258,0.22,0.462,0.0,False,False
real_llama4maverick_50,run_022,run_025,0.015,0.13,0.086,0.0,False,False
real_llama4maverick_50,run_022,run_026,0.118,0.43,0.471,1.0,False,False
real_llama4maverick_50,run_022,run_027,0.015,0.13,0.086,0.0,False,False
real_llama4maverick_50,run_022,run_028,0.191,0.22,0.512,0.0,False,False
real_llama4maverick_50,run_022,run_029,0.515,0.174,0.605,0.0,False,False
real_llama4maverick_50,run_022,run_030,0.675,0.22,0.909,0.0,False,False
real_llama4maverick_50,run_022,run_031,0.078,0.22,0.523,0.5,False,False
real_llama4maverick_50,run_022,run_032,0.048,0.66,0.763,0.0,False,False
real_llama4maverick_50,run_022,run_033,0.379,0.432,0.397,1.0,True,False
real_llama4maverick_50,run_022,run_034,0.143,0.22,0.712,0.5,False,False
real_llama4maverick_50,run_022,run_035,0.178,0.22,0.265,0.0,False,False
real_llama4maverick_50,run_022,run_036,0.34,0.39,0.388,1.0,False,False
real_llama4maverick_50,run_022,run_037,0.469,0.541,0.605,1.0,False,False
real_llama4maverick_50,run_022,run_038,0.367,0.22,0.605,0.0,False,False
real_llama4maverick_50,run_022,run_039,0.456,0.22,0.736,0.0,False,False
real_llama4maverick_50,run_022,run_040,0.379,0.209,0.388,0.5,False,False
real_llama4maverick_50,run_022,run_041,0.454,0.541,0.718,1.0,False,False
real_llama4maverick_50,run_022,run_042,0.371,0.541,0.493,1.0,False,False
real_llama4maverick_50,run_022,run_043,0.212,0.198,0.605,0.0,False,False
real_llama4maverick_50,run_022,run_044,0.512,0.22,0.279,0.0,False,False
real_llama4maverick_50,run_022,run_045,0.1,0.444,0.557,1.0,False,False
real_llama4maverick_50,run_022,run_046,0.036,0.235,0.431,0.5,False,False
real_llama4maverick_50,run_022,run_047,0.458,0.22,0.172,0.0,False,False
real_llama4maverick_50,run_022,run_048,0.405,0.194,0.795,0.0,False,False
real_llama4maverick_50,run_022,run_049,0.434,0.222,0.531,0.5,False,False
real_llama4maverick_50,run_022,run_050,0.042,0.547,0.395,1.0,False,False
real_llama4maverick_50,run_023,run_024,0.36,0.314,0.561,0.0,False,True
real_llama4maverick_50,run_023,run_025,0.025,0.061,0.06,0.0,False,False
real_llama4maverick_50,run_023,run_026,0.06,0.566,0.467,1.0,True,True
real_llama4maverick_50,run_023,run_027,0.025,0.061,0.06,0.0,False,False
real_llama4maverick_50,run_023,run_028,0.12,0.314,0.571,0.0,False,True
real_llama4maverick_50,run_023,run_029,0.635,0.321,0.476,0.0,False,True
real_llama4maverick_50,run_023,run_030,0.202,0.314,0.698,0.0,False,True
real_llama4maverick_50,run_023,run_031,0.163,0.314,0.481,0.5,False,True
real_llama4maverick_50,run_023,run_032,0.127,0.615,0.609,0.0,False,True
real_llama4maverick_50,run_023,run_033,0.301,0.556,0.248,1.0,False,True
real_llama4maverick_50,run_023,run_034,0.251,0.314,0.868,0.5,False,True
real_llama4maverick_50,run_023,run_035,0.177,0.314,0.327,0.0,False,True
real_llama4maverick_50,run_023,run_036,0.347,0.627,0.565,1.0,False,True
real_llama4maverick_50,run_023,run_037,0.474,0.552,0.508,1.0,True,True
real_llama4maverick_50,run_023,run_038,0.44,0.314,0.476,0.0,False,True
real_llama4maverick_50,run_023,run_039,0.621,0.314,0.583,0.0,False,True
real_llama4maverick_50,run_023,run_040,0.512,0.23,0.295,0.5,False,False
real_llama4maverick_50,run_023,run_041,0.642,0.552,0.68,1.0,False,True
real_llama4maverick_50,run_023,run_042,0.452,0.552,0.397,1.0,False,True
real_llama4maverick_50,run_023,run_043,0.491,0.523,0.476,0.0,False,True
real_llama4maverick_50,run_023,run_044,0.523,0.314,0.252,0.0,False,True
real_llama4maverick_50,run_023,run_045,0.035,0.582,0.453,1.0,True,True
real_llama4maverick_50,run_023,run_046,0.037,0.25,0.383,0.5,False,False
real_llama4maverick_50,run_023,run_047,0.55,0.314,0.407,0.0,False,True
real_llama4maverick_50,run_023,run_048,0.587,0.425,0.587,0.0,False,True
real_llama4maverick_50,run_023,run_049,0.523,0.317,0.528,0.5,False,True
real_llama4maverick_50,run_023,run_050,0.097,0.571,0.428,1.0,False,True
real_llama4maverick_50,run_024,run_025,0.03,0.048,0.113,0.0,False,False
real_llama4maverick_50,run_024,run_026,0.312,0.427,0.699,0.0,False,True
real_llama4maverick_50,run_024,run_027,0.03,0.048,0.113,0.0,False,False
real_llama4maverick_50,run_024,run_028,0.092,0.974,0.339,1.0,True,True
real_llama4maverick_50,run_024,run_029,0.271,0.818,0.607,1.0,True,True
real_llama4maverick_50,run_024,run_030,0.12,1.0,0.452,1.0,True,True
real_llama4maverick_50,run_024,run_031,0.199,1.0,0.6,0.5,True,True
real_llama4maverick_50,run_024,run_032,0.166,0.387,0.491,0.0,True,True
real_llama4maverick_50,run_024,run_033,0.33,0.357,0.283,0.0,False,True
real_llama4maverick_50,run_024,run_034,0.733,0.974,0.47,0.5,True,True
real_llama4maverick_50,run_024,run_035,0.279,1.0,0.542,1.0,True,True
real_llama4maverick_50,run_024,run_036,0.486,0.462,0.547,0.0,False,True
real_llama4maverick_50,run_024,run_037,0.311,0.321,0.732,0.0,False,True
real_llama4maverick_50,run_024,run_038,0.33,1.0,0.607,1.0,True,True
real_llama4maverick_50,run_024,run_039,0.268,1.0,0.607,0.5,True,True
real_llama4maverick_50,run_024,run_040,0.5,0.476,0.173,0.0,False,False
real_llama4maverick_50,run_024,run_041,0.338,0.321,0.475,0.0,False,True
real_llama4maverick_50,run_024,run_042,0.396,0.321,0.53,0.0,False,True
real_llama4maverick_50,run_024,run_043,0.45,0.506,0.607,0.5,True,True
real_llama4maverick_50,run_024,run_044,0.394,1.0,0.343,1.0,True,True
real_llama4maverick_50,run_024,run_045,0.325,0.465,0.585,0.0,False,True
real_llama4maverick_50,run_024,run_046,0.267,0.438,0.52,0.0,False,False
real_llama4maverick_50,run_024,run_047,0.466,1.0,0.343,1.0,True,True
real_llama4maverick_50,run_024,run_048,0.418,0.562,0.481,0.333,True,True
real_llama4maverick_50,run_024,run_049,0.447,0.935,0.595,0.0,True,True
real_llama4maverick_50,run_024,run_050,0.097,0.373,0.676,0.0,False,True
real_llama4maverick_50,run_025,run_026,0.0,0.075,0.079,0.0,False,False
real_llama4maverick_50,run_025,run_027,1.0,1.0,1.0,1.0,False,False
real_llama4maverick_50,run_025,run_028,0.0,0.048,0.092,0.0,False,False
real_llama4maverick_50,run_025,run_029,0.023,0.038,0.092,0.0,False,False
real_llama4maverick_50,run_025,run_030,0.0,0.048,0.088,0.0,False,False
real_llama4maverick_50,run_025,run_031,0.0,0.048,0.14,0.0,False,False
real_llama4maverick_50,run_025,run_032,0.0,0.07,0.09,0.0,False,False
real_llama4maverick_50,run_025,run_033,0.033,0.083,0.115,0.0,False,False
real_llama4maverick_50,run_025,run_034,0.0,0.048,0.088,0.0,False,False
real_llama4maverick_50,run_025,run_035,0.047,0.048,0.122,0.0,False,False
real_llama4maverick_50,run_025,run_036,0.03,0.095,0.086,0.0,False,False
real_llama4maverick_50,run_025,run_037,0.022,0.089,0.092,0.0,False,False
real_llama4maverick_50,run_025,run_038,0.04,0.048,0.092,0.0,False,False
real_llama4maverick_50,run_025,run_039,0.034,0.048,0.143,0.0,False,False
real_llama4maverick_50,run_025,run_040,0.028,0.074,0.118,0.0,False,False
real_llama4maverick_50,run_025,run_041,0.022,0.089,0.065,0.0,False,False
real_llama4maverick_50,run_025,run_042,0.033,0.089,0.086,0.0,False,False
real_llama4maverick_50,run_025,run_043,0.03,0.039,0.092,0.0,False,False
real_llama4maverick_50,run_025,run_044,0.033,0.048,0.069,0.0,False,False
real_llama4maverick_50,run_025,run_045,0.0,0.12,0.079,0.0,False,False
real_llama4maverick_50,run_025,run_046,0.0,0.071,0.075,0.0,False,False
real_llama4maverick_50,run_025,run_047,0.03,0.048,0.077,0.0,False,False
real_llama4maverick_50,run_025,run_048,0.032,0.075,0.073,0.0,False,False
real_llama4maverick_50,run_025,run_049,0.032,0.049,0.094,0.0,False,False
real_llama4maverick_50,run_025,run_050,0.0,0.091,0.061,0.0,False,False
real_llama4maverick_50,run_026,run_027,0.02,0.075,0.079,0.0,False,False
real_llama4maverick_50,run_026,run_028,0.043,0.427,0.489,0.0,False,True
real_llama4maverick_50,run_026,run_029,0.392,0.384,0.4,0.0,False,True
real_llama4maverick_50,run_026,run_030,0.175,0.427,0.493,0.0,False,True
real_llama4maverick_50,run_026,run_031,0.125,0.427,0.708,0.5,False,True
real_llama4maverick_50,run_026,run_032,0.108,0.635,0.453,0.0,False,True
real_llama4maverick_50,run_026,run_033,0.296,0.505,0.23,1.0,False,True
real_llama4maverick_50,run_026,run_034,0.285,0.427,0.449,0.5,False,True
real_llama4maverick_50,run_026,run_035,0.196,0.427,0.319,0.0,False,True
real_llama4maverick_50,run_026,run_036,0.437,0.607,0.514,1.0,False,True
real_llama4maverick_50,run_026,run_037,0.464,0.522,0.548,1.0,True,True
real_llama4maverick_50,run_026,run_038,0.305,0.427,0.4,0.0,False,True
real_llama4maverick_50,run_026,run_039,0.437,0.427,0.5,0.0,False,True
real_llama4maverick_50,run_026,run_040,0.258,0.324,0.173,0.5,False,False
real_llama4maverick_50,run_026,run_041,0.531,0.522,0.321,1.0,False,True
real_llama4maverick_50,run_026,run_042,0.335,0.522,0.729,1.0,False,True
real_llama4maverick_50,run_026,run_043,0.578,0.571,0.4,0.0,False,True
real_llama4maverick_50,run_026,run_044,0.1,0.427,0.281,0.0,False,True
real_llama4maverick_50,run_026,run_045,0.423,0.557,0.507,1.0,True,True
real_llama4maverick_50,run_026,run_046,0.279,0.32,0.373,0.5,False,False
real_llama4maverick_50,run_026,run_047,0.304,0.427,0.295,0.0,False,True
real_llama4maverick_50,run_026,run_048,0.145,0.46,0.434,0.0,False,True
real_llama4maverick_50,run_026,run_049,0.491,0.432,0.478,0.5,False,True
real_llama4maverick_50,run_026,run_050,0.043,0.442,0.571,1.0,False,True
real_llama4maverick_50,run_027,run_028,0.0,0.048,0.092,0.0,False,False
real_llama4maverick_50,run_027,run_029,0.023,0.038,0.092,0.0,False,False
real_llama4maverick_50,run_027,run_030,0.0,0.048,0.088,0.0,False,False
real_llama4maverick_50,run_027,run_031,0.0,0.048,0.14,0.0,False,False
real_llama4maverick_50,run_027,run_032,0.0,0.07,0.09,0.0,False,False
real_llama4maverick_50,run_027,run_033,0.033,0.083,0.115,0.0,False,False
real_llama4maverick_50,run_027,run_034,0.0,0.048,0.088,0.0,False,False
real_llama4maverick_50,run_027,run_035,0.047,0.048,0.122,0.0,False,False
real_llama4maverick_50,run_027,run_036,0.03,0.095,0.086,0.0,False,False
real_llama4maverick_50,run_027,run_037,0.022,0.089,0.092,0.0,False,False
real_llama4maverick_50,run_027,run_038,0.04,0.048,0.092,0.0,False,False
real_llama4maverick_50,run_027,run_039,0.034,0.048,0.143,0.0,False,False
real_llama4maverick_50,run_027,run_040,0.028,0.074,0.118,0.0,False,False
real_llama4maverick_50,run_027,run_041,0.022,0.089,0.065,0.0,False,False
real_llama4maverick_50,run_027,run_042,0.033,0.089,0.086,0.0,False,False
real_llama4maverick_50,run_027,run_043,0.03,0.039,0.092,0.0,False,False
real_llama4maverick_50,run_027,run_044,0.033,0.048,0.069,0.0,False,False
real_llama4maverick_50,run_027,run_045,0.0,0.12,0.079,0.0,False,False
real_llama4maverick_50,run_027,run_046,0.0,0.071,0.075,0.0,False,False
real_llama4maverick_50,run_027,run_047,0.03,0.048,0.077,0.0,False,False
real_llama4maverick_50,run_027,run_048,0.032,0.075,0.073,0.0,False,False
real_llama4maverick_50,run_027,run_049,0.032,0.049,0.094,0.0,False,False
real_llama4maverick_50,run_027,run_050,0.0,0.091,0.061,0.0,False,False
real_llama4maverick_50,run_028,run_029,0.415,0.795,0.516,1.0,True,True
real_llama4maverick_50,run_028,run_030,0.251,0.974,0.583,1.0,True,True
real_llama4maverick_50,run_028,run_031,0.391,0.974,0.451,0.5,True,True
real_llama4maverick_50,run_028,run_032,0.185,0.387,0.524,0.0,True,True
real_llama4maverick_50,run_028,run_033,0.219,0.357,0.252,0.0,False,True
real_llama4maverick_50,run_028,run_034,0.133,1.0,0.441,0.5,True,True
real_llama4maverick_50,run_028,run_035,0.176,0.974,0.37,1.0,True,True
real_llama4maverick_50,run_028,run_036,0.33,0.462,0.481,0.0,False,True
real_llama4maverick_50,run_028,run_037,0.497,0.321,0.516,0.0,False,True
real_llama4maverick_50,run_028,run_038,0.641,0.974,0.516,1.0,True,True
real_llama4maverick_50,run_028,run_039,0.396,0.974,0.634,0.5,True,True
real_llama4maverick_50,run_028,run_040,0.563,0.476,0.323,0.0,False,False
real_llama4maverick_50,run_028,run_041,0.419,0.321,0.477,0.0,False,True
real_llama4maverick_50,run_028,run_042,0.101,0.321,0.512,0.0,False,True
real_llama4maverick_50,run_028,run_043,0.243,0.506,0.516,0.5,True,True
real_llama4maverick_50,run_028,run_044,0.606,0.974,0.308,1.0,True,True
real_llama4maverick_50,run_028,run_045,0.068,0.465,0.533,0.0,False,True
real_llama4maverick_50,run_028,run_046,0.034,0.438,0.432,0.0,False,False
real_llama4maverick_50,run_028,run_047,0.553,0.974,0.306,1.0,True,True
real_llama4maverick_50,run_028,run_048,0.366,0.562,0.482,0.333,True,True
real_llama4maverick_50,run_028,run_049,0.424,0.909,0.472,0.0,True,True
real_llama4maverick_50,run_028,run_050,0.101,0.373,0.471,0.0,False,True
real_llama4maverick_50,run_029,run_030,0.377,0.818,0.614,1.0,True,True
real_llama4maverick_50,run_029,run_031,0.17,0.818,0.412,0.5,True,True
real_llama4maverick_50,run_029,run_032,0.164,0.33,0.619,0.0,True,True
real_llama4maverick_50,run_029,run_033,0.276,0.383,0.414,0.0,False,True
real_llama4maverick_50,run_029,run_034,0.164,0.795,0.488,0.5,True,True
real_llama4maverick_50,run_029,run_035,0.202,0.818,0.648,1.0,True,True
real_llama4maverick_50,run_029,run_036,0.386,0.386,0.403,0.0,False,True
real_llama4maverick_50,run_029,run_037,0.492,0.308,0.806,0.0,False,True
real_llama4maverick_50,run_029,run_038,0.497,0.818,1.0,1.0,True,True
real_llama4maverick_50,run_029,run_039,0.881,0.818,0.772,0.5,True,True
real_llama4maverick_50,run_029,run_040,0.617,0.438,0.151,0.0,False,False
real_llama4maverick_50,run_029,run_041,0.726,0.308,0.517,0.0,False,True
real_llama4maverick_50,run_029,run_042,0.443,0.308,0.434,0.0,False,True
real_llama4maverick_50,run_029,run_043,0.484,0.454,1.0,0.5,True,True
real_llama4maverick_50,run_029,run_044,0.436,0.818,0.479,1.0,True,True
real_llama4maverick_50,run_029,run_045,0.04,0.396,0.578,0.0,False,True
real_llama4maverick_50,run_029,run_046,0.043,0.405,0.619,0.0,False,False
real_llama4maverick_50,run_029,run_047,0.614,0.818,0.378,1.0,True,True
real_llama4maverick_50,run_029,run_048,0.62,0.505,0.553,0.333,True,True
real_llama4maverick_50,run_029,run_049,0.583,0.736,0.748,0.0,True,True
real_llama4maverick_50,run_029,run_050,0.108,0.321,0.433,0.0,False,True
real_llama4maverick_50,run_030,run_031,0.186,1.0,0.514,0.5,True,True
real_llama4maverick_50,run_030,run_032,0.202,0.387,0.853,0.0,True,True
real_llama4maverick_50,run_030,run_033,0.44,0.357,0.333,0.0,False,True
real_llama4maverick_50,run_030,run_034,0.143,0.974,0.646,0.5,True,True
real_llama4maverick_50,run_030,run_035,0.227,1.0,0.324,1.0,True,True
real_llama4maverick_50,run_030,run_036,0.408,0.462,0.53,0.0,False,True
real_llama4maverick_50,run_030,run_037,0.533,0.321,0.614,0.0,False,True
real_llama4maverick_50,run_030,run_038,0.409,1.0,0.614,1.0,True,True
real_llama4maverick_50,run_030,run_039,0.492,1.0,0.75,0.5,True,True
real_llama4maverick_50,run_030,run_040,0.494,0.476,0.333,0.0,False,False
real_llama4maverick_50,run_030,run_041,0.511,0.321,0.753,0.0,False,True
real_llama4maverick_50,run_030,run_042,0.493,0.321,0.545,0.0,False,True
real_llama4maverick_50,run_030,run_043,0.277,0.506,0.614,0.5,True,True
real_llama4maverick_50,run_030,run_044,0.556,1.0,0.3,1.0,True,True
real_llama4maverick_50,run_030,run_045,0.169,0.465,0.565,0.0,False,True
real_llama4maverick_50,run_030,run_046,0.04,0.438,0.493,0.0,False,False
real_llama4maverick_50,run_030,run_047,0.508,1.0,0.246,1.0,True,True
real_llama4maverick_50,run_030,run_048,0.458,0.562,0.736,0.333,True,True
real_llama4maverick_50,run_030,run_049,0.435,0.935,0.587,0.0,True,True
real_llama4maverick_50,run_030,run_050,0.048,0.373,0.5,0.0,False,True
real_llama4maverick_50,run_031,run_032,0.408,0.387,0.462,0.0,True,True
real_llama4maverick_50,run_031,run_033,0.413,0.357,0.315,0.5,False,True
real_llama4maverick_50,run_031,run_034,0.098,0.974,0.59,1.0,True,True
real_llama4maverick_50,run_031,run_035,0.388,1.0,0.395,0.5,True,True
real_llama4maverick_50,run_031,run_036,0.487,0.462,0.579,0.5,False,True
real_llama4maverick_50,run_031,run_037,0.392,0.321,0.529,0.5,False,True
real_llama4maverick_50,run_031,run_038,0.361,1.0,0.471,0.5,True,True
real_llama4maverick_50,run_031,run_039,0.257,1.0,0.608,0.333,True,True
real_llama4maverick_50,run_031,run_040,0.254,0.476,0.254,0.333,False,False
real_llama4maverick_50,run_031,run_041,0.227,0.321,0.388,0.5,False,True
real_llama4maverick_50,run_031,run_042,0.438,0.321,0.748,0.5,False,True
real_llama4maverick_50,run_031,run_043,0.253,0.506,0.471,0.333,True,True
real_llama4maverick_50,run_031,run_044,0.368,1.0,0.337,0.5,True,True
real_llama4maverick_50,run_031,run_045,0.084,0.465,0.566,0.5,False,True
real_llama4maverick_50,run_031,run_046,0.079,0.438,0.376,0.333,False,False
real_llama4maverick_50,run_031,run_047,0.349,1.0,0.337,0.5,True,True
real_llama4maverick_50,run_031,run_048,0.343,0.562,0.487,0.25,True,True
real_llama4maverick_50,run_031,run_049,0.255,0.935,0.535,0.333,True,True
real_llama4maverick_50,run_031,run_050,0.116,0.373,0.444,0.5,False,True
real_llama4maverick_50,run_032,run_033,0.454,0.545,0.248,0.0,False,True
real_llama4maverick_50,run_032,run_034,0.122,0.387,0.45,0.0,True,True
real_llama4maverick_50,run_032,run_035,0.416,0.387,0.327,0.0,True,True
real_llama4maverick_50,run_032,run_036,0.531,0.624,0.534,0.0,False,True
real_llama4maverick_50,run_032,run_037,0.401,0.542,0.619,0.0,False,True
real_llama4maverick_50,run_032,run_038,0.482,0.387,0.619,0.0,True,True
real_llama4maverick_50,run_032,run_039,0.295,0.387,0.757,0.0,True,True
real_llama4maverick_50,run_032,run_040,0.497,0.205,0.358,0.0,False,False
real_llama4maverick_50,run_032,run_041,0.241,0.542,0.693,0.0,False,True
real_llama4maverick_50,run_032,run_042,0.403,0.542,0.504,0.0,False,True
real_llama4maverick_50,run_032,run_043,0.298,0.549,0.619,0.0,True,True
real_llama4maverick_50,run_032,run_044,0.505,0.387,0.303,0.0,True,True
real_llama4maverick_50,run_032,run_045,0.084,0.574,0.569,0.0,False,True
real_llama4maverick_50,run_032,run_046,0.154,0.228,0.411,0.0,False,False
real_llama4maverick_50,run_032,run_047,0.515,0.387,0.248,0.0,True,True
real_llama4maverick_50,run_032,run_048,0.385,0.442,0.699,0.0,True,True
real_llama4maverick_50,run_032,run_049,0.408,0.391,0.432,0.0,True,True
real_llama4maverick_50,run_032,run_050,0.122,0.632,0.478,0.0,False,True
real_llama4maverick_50,run_033,run_034,0.126,0.429,0.193,0.5,False,True
real_llama4maverick_50,run_033,run_035,0.601,0.429,0.379,0.0,False,True
real_llama4maverick_50,run_033,run_036,0.572,0.643,0.19,1.0,False,True
real_llama4maverick_50,run_033,run_037,0.361,0.552,0.198,1.0,False,True
real_llama4maverick_50,run_033,run_038,0.346,0.429,0.324,0.0,False,True
real_llama4maverick_50,run_033,run_039,0.302,0.429,0.25,0.0,False,True
real_llama4maverick_50,run_033,run_040,0.309,0.203,0.525,0.5,False,False
real_llama4maverick_50,run_033,run_041,0.272,0.552,0.159,1.0,False,True
real_llama4maverick_50,run_033,run_042,0.598,0.552,0.31,1.0,False,True
real_llama4maverick_50,run_033,run_043,0.321,0.344,0.324,0.0,False,True
real_llama4maverick_50,run_033,run_044,0.327,0.429,0.442,0.0,False,True
real_llama4maverick_50,run_033,run_045,0.204,0.587,0.18,1.0,False,True
real_llama4maverick_50,run_033,run_046,0.276,0.229,0.302,0.5,False,False
real_llama4maverick_50,run_033,run_047,0.323,0.429,0.408,0.0,False,True
real_llama4maverick_50,run_033,run_048,0.288,0.421,0.172,0.0,False,True
real_llama4maverick_50,run_033,run_049,0.391,0.434,0.309,0.5,False,True
real_llama4maverick_50,run_033,run_050,0.051,0.741,0.153,1.0,False,True
real_llama4maverick_50,run_034,run_035,0.243,0.974,0.324,0.5,True,True
real_llama4maverick_50,run_034,run_036,0.412,0.462,0.455,0.5,False,True
real_llama4maverick_50,run_034,run_037,0.511,0.321,0.488,0.5,False,True
real_llama4maverick_50,run_034,run_038,0.338,0.974,0.488,0.5,True,True
real_llama4maverick_50,run_034,run_039,0.406,0.974,0.596,0.333,True,True
real_llama4maverick_50,run_034,run_040,0.4,0.476,0.354,0.333,False,False
real_llama4maverick_50,run_034,run_041,0.434,0.321,0.584,0.5,False,True
real_llama4maverick_50,run_034,run_042,0.319,0.321,0.379,0.5,False,True
real_llama4maverick_50,run_034,run_043,0.47,0.506,0.488,0.333,True,True
real_llama4maverick_50,run_034,run_044,0.407,0.974,0.267,0.5,True,True
real_llama4maverick_50,run_034,run_045,0.288,0.465,0.478,0.5,False,True
real_llama4maverick_50,run_034,run_046,0.226,0.438,0.366,0.333,False,False
real_llama4maverick_50,run_034,run_047,0.362,0.974,0.246,0.5,True,True
real_llama4maverick_50,run_034,run_048,0.139,0.562,0.667,0.25,True,True
real_llama4maverick_50,run_034,run_049,0.429,0.909,0.476,0.333,True,True
real_llama4maverick_50,run_034,run_050,0.036,0.373,0.5,0.5,False,True
real_llama4maverick_50,run_035,run_036,0.452,0.462,0.354,0.0,False,True
real_llama4maverick_50,run_035,run_037,0.337,0.321,0.481,0.0,False,True
real_llama4maverick_50,run_035,run_038,0.337,1.0,0.685,1.0,True,True
real_llama4maverick_50,run_035,run_039,0.353,1.0,0.4,0.5,True,True
real_llama4maverick_50,run_035,run_040,0.226,0.476,0.312,0.0,False,False
real_llama4maverick_50,run_035,run_041,0.417,0.321,0.296,0.0,False,True
real_llama4maverick_50,run_035,run_042,0.378,0.321,0.319,0.0,False,True
real_llama4maverick_50,run_035,run_043,0.26,0.506,0.685,0.5,True,True
real_llama4maverick_50,run_035,run_044,0.197,1.0,0.475,1.0,True,True
real_llama4maverick_50,run_035,run_045,0.063,0.465,0.286,0.0,False,True
real_llama4maverick_50,run_035,run_046,0.293,0.438,0.65,0.0,False,False
real_llama4maverick_50,run_035,run_047,0.188,1.0,0.316,1.0,True,True
real_llama4maverick_50,run_035,run_048,0.426,0.562,0.32,0.333,True,True
real_llama4maverick_50,run_035,run_049,0.276,0.935,0.673,0.0,True,True
real_llama4maverick_50,run_035,run_050,0.058,0.373,0.454,0.0,False,True
real_llama4maverick_50,run_036,run_037,0.305,0.889,0.543,1.0,False,True
real_llama4maverick_50,run_036,run_038,0.401,0.462,0.403,0.0,False,True
real_llama4maverick_50,run_036,run_039,0.377,0.462,0.491,0.0,False,True
real_llama4maverick_50,run_036,run_040,0.344,0.254,0.469,0.5,False,False
real_llama4maverick_50,run_036,run_041,0.37,0.889,0.615,1.0,False,True
real_llama4maverick_50,run_036,run_042,0.55,0.889,0.507,1.0,True,True
real_llama4maverick_50,run_036,run_043,0.396,0.529,0.403,0.0,False,True
real_llama4maverick_50,run_036,run_044,0.421,0.462,0.361,0.0,False,True
real_llama4maverick_50,run_036,run_045,0.261,0.907,0.529,1.0,False,True
real_llama4maverick_50,run_036,run_046,0.089,0.281,0.361,0.5,False,False
real_llama4maverick_50,run_036,run_047,0.312,0.462,0.345,0.0,False,True
real_llama4maverick_50,run_036,run_048,0.241,0.427,0.493,0.0,False,True
real_llama4maverick_50,run_036,run_049,0.491,0.468,0.469,0.5,False,True
real_llama4maverick_50,run_036,run_050,0.034,0.569,0.543,1.0,True,True
real_llama4maverick_50,run_037,run_038,0.545,0.321,0.806,0.0,False,True
real_llama4maverick_50,run_037,run_039,0.437,0.321,0.772,0.0,False,True
real_llama4maverick_50,run_037,run_040,0.483,0.242,0.151,0.5,False,False
real_llama4maverick_50,run_037,run_041,0.496,1.0,0.517,1.0,False,True
real_llama4maverick_50,run_037,run_042,0.412,1.0,0.465,1.0,False,True
real_llama4maverick_50,run_037,run_043,0.411,0.444,0.806,0.0,False,True
real_llama4maverick_50,run_037,run_044,0.504,0.321,0.325,0.0,False,True
real_llama4maverick_50,run_037,run_045,0.044,0.809,0.711,1.0,True,True
real_llama4maverick_50,run_037,run_046,0.042,0.269,0.489,0.5,False,False
real_llama4maverick_50,run_037,run_047,0.531,0.321,0.396,0.0,False,True
real_llama4maverick_50,run_037,run_048,0.501,0.37,0.553,0.0,False,True
real_llama4maverick_50,run_037,run_049,0.336,0.325,0.553,0.5,False,True
real_llama4maverick_50,run_037,run_050,0.104,0.495,0.624,1.0,False,True
real_llama4maverick_50,run_038,run_039,0.517,1.0,0.772,0.5,True,True
real_llama4maverick_50,run_038,run_040,0.655,0.476,0.151,0.0,False,False
real_llama4maverick_50,run_038,run_041,0.44,0.321,0.517,0.0,False,True
real_llama4maverick_50,run_038,run_042,0.439,0.321,0.434,0.0,False,True
real_llama4maverick_50,run_038,run_043,0.378,0.506,1.0,0.5,True,True
real_llama4maverick_50,run_038,run_044,0.652,1.0,0.479,1.0,True,True
real_llama4maverick_50,run_038,run_045,0.102,0.465,0.578,0.0,False,True
real_llama4maverick_50,run_038,run_046,0.071,0.438,0.619,0.0,False,False
real_llama4maverick_50,run_038,run_047,0.487,1.0,0.378,1.0,True,True
real_llama4maverick_50,run_038,run_048,0.477,0.562,0.553,0.333,True,True
real_llama4maverick_50,run_038,run_049,0.547,0.935,0.748,0.0,True,True
real_llama4maverick_50,run_038,run_050,0.115,0.373,0.433,0.0,False,True
real_llama4maverick_50,run_039,run_040,0.669,0.476,0.2,0.0,False,False
real_llama4maverick_50,run_039,run_041,0.674,0.321,0.609,0.0,False,True
real_llama4maverick_50,run_039,run_042,0.434,0.321,0.528,0.0,False,True
real_llama4maverick_50,run_039,run_043,0.496,0.506,0.772,0.333,True,True
real_llama4maverick_50,run_039,run_044,0.517,1.0,0.362,0.5,True,True
real_llama4maverick_50,run_039,run_045,0.04,0.465,0.696,0.0,False,True
real_llama4maverick_50,run_039,run_046,0.042,0.438,0.379,0.0,False,False
real_llama4maverick_50,run_039,run_047,0.62,1.0,0.227,0.5,True,True
real_llama4maverick_50,run_039,run_048,0.57,0.562,0.661,0.667,True,True
real_llama4maverick_50,run_039,run_049,0.528,0.935,0.46,0.0,True,True
real_llama4maverick_50,run_039,run_050,0.107,0.373,0.343,0.0,False,True
real_llama4maverick_50,run_040,run_041,0.494,0.303,0.433,0.5,False,False
real_llama4maverick_50,run_040,run_042,0.53,0.303,0.265,0.5,False,False
real_llama4maverick_50,run_040,run_043,0.362,0.444,0.194,0.333,False,False
real_llama4maverick_50,run_040,run_044,0.698,0.476,0.419,0.0,False,False
real_llama4maverick_50,run_040,run_045,0.104,0.254,0.288,0.5,False,False
real_llama4maverick_50,run_040,run_046,0.128,0.98,0.241,1.0,True,True
real_llama4maverick_50,run_040,run_047,0.766,0.476,0.475,0.0,False,False
real_llama4maverick_50,run_040,run_048,0.475,0.378,0.345,0.0,False,False
real_llama4maverick_50,run_040,run_049,0.515,0.484,0.261,0.333,False,False
real_llama4maverick_50,run_040,run_050,0.128,0.253,0.333,0.5,False,False
real_llama4maverick_50,run_041,run_042,0.112,1.0,0.423,1.0,False,True
real_llama4maverick_50,run_041,run_043,0.509,0.444,0.517,0.0,False,True
real_llama4maverick_50,run_041,run_044,0.531,0.321,0.389,0.0,False,True
real_llama4maverick_50,run_041,run_045,0.12,0.809,0.481,1.0,False,True
real_llama4maverick_50,run_041,run_046,0.042,0.269,0.337,0.5,False,False
real_llama4maverick_50,run_041,run_047,0.53,0.321,0.304,0.0,False,True
real_llama4maverick_50,run_041,run_048,0.756,0.37,0.798,0.0,False,True
real_llama4maverick_50,run_041,run_049,0.63,0.325,0.427,0.5,False,True
real_llama4maverick_50,run_041,run_050,0.051,0.495,0.5,1.0,False,True
real_llama4maverick_50,run_042,run_043,0.249,0.444,0.419,0.0,False,True
real_llama4maverick_50,run_042,run_044,0.507,0.321,0.279,0.0,False,True
real_llama4maverick_50,run_042,run_045,0.163,0.809,0.543,1.0,False,True
real_llama4maverick_50,run_042,run_046,0.042,0.269,0.5,0.5,False,False
real_llama4maverick_50,run_042,run_047,0.597,0.321,0.172,0.0,False,True
real_llama4maverick_50,run_042,run_048,0.581,0.37,0.452,0.0,False,True
real_llama4maverick_50,run_042,run_049,0.234,0.325,0.578,0.5,False,True
real_llama4maverick_50,run_042,run_050,0.13,0.495,0.494,1.0,True,True
real_llama4maverick_50,run_043,run_044,0.293,0.552,0.479,0.5,True,True
real_llama4maverick_50,run_043,run_045,0.455,0.526,0.578,0.0,False,True
real_llama4maverick_50,run_043,run_046,0.336,0.466,0.619,0.333,False,False
real_llama4maverick_50,run_043,run_047,0.409,0.552,0.378,0.5,True,True
real_llama4maverick_50,run_043,run_048,0.467,0.653,0.553,0.25,True,True
real_llama4maverick_50,run_043,run_049,0.569,0.558,0.748,0.0,True,True
real_llama4maverick_50,run_043,run_050,0.043,0.432,0.433,0.0,False,True
real_llama4maverick_50,run_044,run_045,0.094,0.465,0.312,0.0,False,True
real_llama4maverick_50,run_044,run_046,0.117,0.438,0.379,0.0,False,False
real_llama4maverick_50,run_044,run_047,0.785,1.0,0.365,1.0,True,True
real_llama4maverick_50,run_044,run_048,0.608,0.562,0.299,0.333,True,True
real_llama4maverick_50,run_044,run_049,0.555,0.935,0.431,0.0,True,True
real_llama4maverick_50,run_044,run_050,0.111,0.373,0.387,0.0,False,True
real_llama4maverick_50,run_045,run_046,0.307,0.306,0.333,0.5,False,False
real_llama4maverick_50,run_045,run_047,0.358,0.465,0.262,0.0,False,True
real_llama4maverick_50,run_045,run_048,0.587,0.433,0.513,0.0,False,True
real_llama4maverick_50,run_045,run_049,0.53,0.471,0.418,0.5,False,True
real_llama4maverick_50,run_045,run_050,0.032,0.527,0.405,1.0,False,True
real_llama4maverick_50,run_046,run_047,0.405,0.5,0.254,0.0,False,False
real_llama4maverick_50,run_046,run_048,0.479,0.4,0.244,0.0,False,False
real_llama4maverick_50,run_046,run_049,0.651,0.508,0.725,0.333,False,False
real_llama4maverick_50,run_046,run_050,0.038,0.273,0.523,0.5,False,False
real_llama4maverick_50,run_047,run_048,0.545,0.562,0.234,0.333,True,True
real_llama4maverick_50,run_047,run_049,0.553,0.935,0.182,0.0,True,True
real_llama4maverick_50,run_047,run_050,0.107,0.373,0.403,0.0,False,True
real_llama4maverick_50,run_048,run_049,0.595,0.568,0.4,0.0,True,True
real_llama4maverick_50,run_048,run_050,0.104,0.354,0.391,0.0,False,True
real_llama4maverick_50,run_049,run_050,0.059,0.376,0.564,0.5,False,True
real_opus5,run_001,run_002,0.0,0.0,0.0,0.0,False,False
real_opus5,run_001,run_003,0.0,0.0,0.0,0.0,False,False
real_opus5,run_001,run_004,1.0,1.0,1.0,1.0,False,False
real_opus5,run_001,run_005,0.0,0.0,0.0,0.0,False,False
real_opus5,run_001,run_006,1.0,1.0,1.0,1.0,False,False
real_opus5,run_001,run_007,1.0,1.0,1.0,1.0,False,False
real_opus5,run_001,run_008,1.0,1.0,1.0,1.0,False,False
real_opus5,run_001,run_009,0.0,0.0,0.0,0.0,False,False
real_opus5,run_001,run_010,1.0,1.0,1.0,1.0,False,False
real_opus5,run_001,run_011,1.0,1.0,1.0,1.0,False,False
real_opus5,run_001,run_012,0.0,0.0,0.0,0.0,False,False
real_opus5,run_001,run_014,1.0,1.0,1.0,1.0,False,False
real_opus5,run_001,run_015,0.0,0.0,0.0,0.0,False,False
real_opus5,run_001,run_016,0.0,0.0,0.0,0.0,False,False
real_opus5,run_001,run_017,0.0,0.0,0.0,0.0,False,False
real_opus5,run_001,run_018,0.0,0.0,0.0,0.0,False,False
real_opus5,run_001,run_019,0.0,0.0,0.0,0.0,False,False
real_opus5,run_001,run_020,0.0,0.0,0.0,0.0,False,False
real_opus5,run_002,run_003,0.183,0.16,0.045,0.0,True,False
real_opus5,run_002,run_004,0.004,0.016,0.004,0.0,False,False
real_opus5,run_002,run_005,0.222,0.211,0.035,1.0,False,True
real_opus5,run_002,run_006,0.004,0.016,0.004,0.0,False,False
real_opus5,run_002,run_007,0.004,0.016,0.004,0.0,False,False
real_opus5,run_002,run_008,0.004,0.016,0.004,0.0,False,False
real_opus5,run_002,run_009,0.167,0.304,0.014,0.333,True,False
real_opus5,run_002,run_010,0.004,0.016,0.004,0.0,False,False
real_opus5,run_002,run_011,0.004,0.016,0.004,0.0,False,False
real_opus5,run_002,run_012,0.091,0.128,0.01,1.0,False,False
real_opus5,run_002,run_014,0.004,0.016,0.004,0.0,False,False
real_opus5,run_002,run_015,0.148,0.089,0.017,0.5,True,False
real_opus5,run_002,run_016,0.132,0.1,0.02,1.0,True,False
real_opus5,run_002,run_017,0.161,0.25,0.009,1.0,True,False
real_opus5,run_002,run_018,0.227,0.075,0.023,0.5,True,False
real_opus5,run_002,run_019,0.105,0.11,0.015,0.5,False,False
real_opus5,run_002,run_020,0.163,0.335,0.021,1.0,True,False
real_opus5,run_003,run_004,0.004,0.024,0.004,0.0,False,False
real_opus5,run_003,run_005,0.149,0.164,0.026,0.0,False,False
real_opus5,run_003,run_006,0.004,0.024,0.004,0.0,False,False
real_opus5,run_003,run_007,0.004,0.024,0.004,0.0,False,False
real_opus5,run_003,run_008,0.004,0.024,0.004,0.0,False,False
real_opus5,run_003,run_009,0.181,0.18,0.024,0.333,True,True
real_opus5,run_003,run_010,0.004,0.024,0.004,0.0,False,False
real_opus5,run_003,run_011,0.004,0.024,0.004,0.0,False,False
real_opus5,run_003,run_012,0.187,0.147,0.011,0.0,False,True
real_opus5,run_003,run_014,0.004,0.024,0.004,0.0,False,False
real_opus5,run_003,run_015,0.162,0.328,0.024,0.5,True,True
real_opus5,run_003,run_016,0.201,0.275,0.017,0.0,True,True
real_opus5,run_003,run_017,0.139,0.121,0.026,0.0,True,True
real_opus5,run_003,run_018,0.294,0.095,0.02,0.5,True,True
real_opus5,run_003,run_019,0.243,0.198,0.022,0.0,False,False
real_opus5,run_003,run_020,0.161,0.041,0.021,0.0,True,True
real_opus5,run_004,run_005,0.0,0.0,0.0,0.0,False,False
real_opus5,run_004,run_006,1.0,1.0,1.0,1.0,False,False
real_opus5,run_004,run_007,1.0,1.0,1.0,1.0,False,False
real_opus5,run_004,run_008,1.0,1.0,1.0,1.0,False,False
real_opus5,run_004,run_009,0.0,0.0,0.0,0.0,False,False
real_opus5,run_004,run_010,1.0,1.0,1.0,1.0,False,False
real_opus5,run_004,run_011,1.0,1.0,1.0,1.0,False,False
real_opus5,run_004,run_012,0.0,0.0,0.0,0.0,False,False
real_opus5,run_004,run_014,1.0,1.0,1.0,1.0,False,False
real_opus5,run_004,run_015,0.0,0.0,0.0,0.0,False,False
real_opus5,run_004,run_016,0.0,0.0,0.0,0.0,False,False
real_opus5,run_004,run_017,0.0,0.0,0.0,0.0,False,False
real_opus5,run_004,run_018,0.0,0.0,0.0,0.0,False,False
real_opus5,run_004,run_019,0.0,0.0,0.0,0.0,False,False
real_opus5,run_004,run_020,0.0,0.0,0.0,0.0,False,False
real_opus5,run_005,run_006,0.005,0.021,0.005,0.0,False,False
real_opus5,run_005,run_007,0.005,0.021,0.005,0.0,False,False
real_opus5,run_005,run_008,0.005,0.021,0.005,0.0,False,False
real_opus5,run_005,run_009,0.242,0.279,0.047,0.333,False,False
real_opus5,run_005,run_010,0.005,0.021,0.005,0.0,False,False
real_opus5,run_005,run_011,0.005,0.021,0.005,0.0,False,False
real_opus5,run_005,run_012,0.18,0.171,0.042,1.0,False,False
real_opus5,run_005,run_014,0.005,0.021,0.005,0.0,False,False
real_opus5,run_005,run_015,0.184,0.253,0.038,0.5,False,False
real_opus5,run_005,run_016,0.201,0.111,0.082,1.0,False,False
real_opus5,run_005,run_017,0.276,0.231,0.048,1.0,False,False
real_opus5,run_005,run_018,0.284,0.099,0.031,0.5,False,False
real_opus5,run_005,run_019,0.175,0.165,0.044,0.5,False,False
real_opus5,run_005,run_020,0.174,0.113,0.007,1.0,False,False
real_opus5,run_006,run_007,1.0,1.0,1.0,1.0,False,False
real_opus5,run_006,run_008,1.0,1.0,1.0,1.0,False,False
real_opus5,run_006,run_009,0.0,0.0,0.0,0.0,False,False
real_opus5,run_006,run_010,1.0,1.0,1.0,1.0,False,False
real_opus5,run_006,run_011,1.0,1.0,1.0,1.0,False,False
real_opus5,run_006,run_012,0.0,0.0,0.0,0.0,False,False
real_opus5,run_006,run_014,1.0,1.0,1.0,1.0,False,False
real_opus5,run_006,run_015,0.0,0.0,0.0,0.0,False,False
real_opus5,run_006,run_016,0.0,0.0,0.0,0.0,False,False
real_opus5,run_006,run_017,0.0,0.0,0.0,0.0,False,False
real_opus5,run_006,run_018,0.0,0.0,0.0,0.0,False,False
real_opus5,run_006,run_019,0.0,0.0,0.0,0.0,False,False
real_opus5,run_006,run_020,0.0,0.0,0.0,0.0,False,False
real_opus5,run_007,run_008,1.0,1.0,1.0,1.0,False,False
real_opus5,run_007,run_009,0.0,0.0,0.0,0.0,False,False
real_opus5,run_007,run_010,1.0,1.0,1.0,1.0,False,False
real_opus5,run_007,run_011,1.0,1.0,1.0,1.0,False,False
real_opus5,run_007,run_012,0.0,0.0,0.0,0.0,False,False
real_opus5,run_007,run_014,1.0,1.0,1.0,1.0,False,False
real_opus5,run_007,run_015,0.0,0.0,0.0,0.0,False,False
real_opus5,run_007,run_016,0.0,0.0,0.0,0.0,False,False
real_opus5,run_007,run_017,0.0,0.0,0.0,0.0,False,False
real_opus5,run_007,run_018,0.0,0.0,0.0,0.0,False,False
real_opus5,run_007,run_019,0.0,0.0,0.0,0.0,False,False
real_opus5,run_007,run_020,0.0,0.0,0.0,0.0,False,False
real_opus5,run_008,run_009,0.0,0.0,0.0,0.0,False,False
real_opus5,run_008,run_010,1.0,1.0,1.0,1.0,False,False
real_opus5,run_008,run_011,1.0,1.0,1.0,1.0,False,False
real_opus5,run_008,run_012,0.0,0.0,0.0,0.0,False,False
real_opus5,run_008,run_014,1.0,1.0,1.0,1.0,False,False
real_opus5,run_008,run_015,0.0,0.0,0.0,0.0,False,False
real_opus5,run_008,run_016,0.0,0.0,0.0,0.0,False,False
real_opus5,run_008,run_017,0.0,0.0,0.0,0.0,False,False
real_opus5,run_008,run_018,0.0,0.0,0.0,0.0,False,False
real_opus5,run_008,run_019,0.0,0.0,0.0,0.0,False,False
real_opus5,run_008,run_020,0.0,0.0,0.0,0.0,False,False
real_opus5,run_009,run_010,0.004,0.019,0.005,0.0,False,False
real_opus5,run_009,run_011,0.004,0.019,0.005,0.0,False,False
real_opus5,run_009,run_012,0.167,0.165,0.014,0.333,False,True
real_opus5,run_009,run_014,0.004,0.019,0.005,0.0,False,False
real_opus5,run_009,run_015,0.174,0.11,0.028,0.667,True,True
real_opus5,run_009,run_016,0.197,0.079,0.024,0.333,True,True
real_opus5,run_009,run_017,0.249,0.259,0.013,0.333,True,True
real_opus5,run_009,run_018,0.281,0.042,0.046,0.667,True,True
real_opus5,run_009,run_019,0.192,0.058,0.023,0.667,False,False
real_opus5,run_009,run_020,0.139,0.055,0.035,0.333,True,True
real_opus5,run_010,run_011,1.0,1.0,1.0,1.0,False,False
real_opus5,run_010,run_012,0.0,0.0,0.0,0.0,False,False
real_opus5,run_010,run_014,1.0,1.0,1.0,1.0,False,False
real_opus5,run_010,run_015,0.0,0.0,0.0,0.0,False,False
real_opus5,run_010,run_016,0.0,0.0,0.0,0.0,False,False
real_opus5,run_010,run_017,0.0,0.0,0.0,0.0,False,False
real_opus5,run_010,run_018,0.0,0.0,0.0,0.0,False,False
real_opus5,run_010,run_019,0.0,0.0,0.0,0.0,False,False
real_opus5,run_010,run_020,0.0,0.0,0.0,0.0,False,False
real_opus5,run_011,run_012,0.0,0.0,0.0,0.0,False,False
real_opus5,run_011,run_014,1.0,1.0,1.0,1.0,False,False
real_opus5,run_011,run_015,0.0,0.0,0.0,0.0,False,False
real_opus5,run_011,run_016,0.0,0.0,0.0,0.0,False,False
real_opus5,run_011,run_017,0.0,0.0,0.0,0.0,False,False
real_opus5,run_011,run_018,0.0,0.0,0.0,0.0,False,False
real_opus5,run_011,run_019,0.0,0.0,0.0,0.0,False,False
real_opus5,run_011,run_020,0.0,0.0,0.0,0.0,False,False
real_opus5,run_012,run_014,0.005,0.027,0.005,0.0,False,False
real_opus5,run_012,run_015,0.225,0.137,0.045,0.5,False,True
real_opus5,run_012,run_016,0.199,0.099,0.013,1.0,False,True
real_opus5,run_012,run_017,0.105,0.132,0.013,1.0,False,True
real_opus5,run_012,run_018,0.221,0.056,0.012,0.5,False,True
real_opus5,run_012,run_019,0.257,0.09,0.02,0.5,False,False
real_opus5,run_012,run_020,0.179,0.05,0.019,1.0,False,True
real_opus5,run_014,run_015,0.0,0.0,0.0,0.0,False,False
real_opus5,run_014,run_016,0.0,0.0,0.0,0.0,False,False
real_opus5,run_014,run_017,0.0,0.0,0.0,0.0,False,False
real_opus5,run_014,run_018,0.0,0.0,0.0,0.0,False,False
real_opus5,run_014,run_019,0.0,0.0,0.0,0.0,False,False
real_opus5,run_014,run_020,0.0,0.0,0.0,0.0,False,False
real_opus5,run_015,run_016,0.155,0.255,0.031,0.5,True,True
real_opus5,run_015,run_017,0.157,0.343,0.056,0.5,True,True
real_opus5,run_015,run_018,0.159,0.252,0.03,1.0,True,True
real_opus5,run_015,run_019,0.216,0.203,0.058,0.333,False,False
real_opus5,run_015,run_020,0.166,0.046,0.037,0.5,True,True
real_opus5,run_016,run_017,0.204,0.123,0.039,1.0,True,True
real_opus5,run_016,run_018,0.176,0.207,0.061,0.5,True,True
real_opus5,run_016,run_019,0.134,0.089,0.057,0.5,False,False
real_opus5,run_016,run_020,0.166,0.242,0.041,1.0,True,True
real_opus5,run_017,run_018,0.19,0.058,0.026,0.5,True,True
real_opus5,run_017,run_019,0.148,0.132,0.026,0.5,False,False
real_opus5,run_017,run_020,0.196,0.048,0.014,1.0,True,True
real_opus5,run_018,run_019,0.331,0.14,0.056,0.333,False,False
real_opus5,run_018,run_020,0.138,0.146,0.03,0.5,True,True
real_opus5,run_019,run_020,0.109,0.043,0.019,0.5,False,False
real_sonnet5_20,run_001,run_002,0.154,0.092,0.035,1.0,False,False
real_sonnet5_20,run_001,run_003,0.012,0.034,0.136,1.0,False,False
real_sonnet5_20,run_001,run_004,0.04,0.218,0.162,1.0,False,False
real_sonnet5_20,run_001,run_005,0.022,0.159,0.14,1.0,False,False
real_sonnet5_20,run_001,run_006,0.005,0.037,0.011,0.0,False,False
real_sonnet5_20,run_001,run_007,0.069,0.455,0.097,1.0,False,False
real_sonnet5_20,run_001,run_008,0.102,0.171,0.119,1.0,False,False
real_sonnet5_20,run_001,run_009,0.063,0.196,0.091,1.0,False,True
real_sonnet5_20,run_001,run_010,0.062,0.121,0.049,1.0,False,False
real_sonnet5_20,run_001,run_011,0.094,0.139,0.061,1.0,False,False
real_sonnet5_20,run_001,run_012,0.037,0.303,0.017,1.0,False,False
real_sonnet5_20,run_001,run_013,0.052,0.29,0.028,0.0,False,False
real_sonnet5_20,run_001,run_014,0.137,0.22,0.039,1.0,False,False
real_sonnet5_20,run_001,run_015,0.075,0.546,0.046,1.0,False,False
real_sonnet5_20,run_001,run_016,0.051,0.252,0.032,1.0,False,True
real_sonnet5_20,run_001,run_017,0.092,0.461,0.129,1.0,False,False
real_sonnet5_20,run_001,run_018,0.086,0.349,0.058,1.0,False,False
real_sonnet5_20,run_001,run_019,0.079,0.208,0.079,1.0,False,False
real_sonnet5_20,run_001,run_020,0.035,0.186,0.019,1.0,False,False
real_sonnet5_20,run_002,run_003,0.015,0.087,0.017,1.0,False,False
real_sonnet5_20,run_002,run_004,0.039,0.071,0.038,1.0,False,False
real_sonnet5_20,run_002,run_005,0.037,0.056,0.011,1.0,False,False
real_sonnet5_20,run_002,run_006,0.006,0.026,0.011,0.0,False,False
real_sonnet5_20,run_002,run_007,0.079,0.373,0.042,1.0,False,False
real_sonnet5_20,run_002,run_008,0.096,0.083,0.01,1.0,False,False
real_sonnet5_20,run_002,run_009,0.143,0.023,0.025,1.0,False,False
real_sonnet5_20,run_002,run_010,0.045,0.038,0.022,1.0,False,False
real_sonnet5_20,run_002,run_011,0.075,0.037,0.013,1.0,False,False
real_sonnet5_20,run_002,run_012,0.099,0.093,0.018,1.0,False,False
real_sonnet5_20,run_002,run_013,0.076,0.307,0.041,0.0,False,False
real_sonnet5_20,run_002,run_014,0.089,0.112,0.132,1.0,False,False
real_sonnet5_20,run_002,run_015,0.06,0.405,0.024,1.0,False,False
real_sonnet5_20,run_002,run_016,0.053,0.028,0.029,1.0,False,False
real_sonnet5_20,run_002,run_017,0.098,0.376,0.136,1.0,False,False
real_sonnet5_20,run_002,run_018,0.098,0.336,0.007,1.0,False,False
real_sonnet5_20,run_002,run_019,0.129,0.092,0.014,1.0,False,False
real_sonnet5_20,run_002,run_020,0.039,0.083,0.019,1.0,False,False
real_sonnet5_20,run_003,run_004,0.032,0.179,0.169,1.0,False,True
real_sonnet5_20,run_003,run_005,0.01,0.144,0.219,1.0,False,True
real_sonnet5_20,run_003,run_006,0.007,0.024,0.014,0.0,False,False
real_sonnet5_20,run_003,run_007,0.036,0.474,0.073,1.0,False,True
real_sonnet5_20,run_003,run_008,0.009,0.259,0.16,1.0,False,True
real_sonnet5_20,run_003,run_009,0.101,0.045,0.119,1.0,False,False
real_sonnet5_20,run_003,run_010,0.023,0.037,0.02,1.0,False,False
real_sonnet5_20,run_003,run_011,0.056,0.055,0.033,1.0,False,False
real_sonnet5_20,run_003,run_012,0.013,0.172,0.02,1.0,False,True
real_sonnet5_20,run_003,run_013,0.037,0.329,0.08,0.0,False,True
real_sonnet5_20,run_003,run_014,0.105,0.227,0.049,1.0,True,True
real_sonnet5_20,run_003,run_015,0.025,0.349,0.038,1.0,True,True
real_sonnet5_20,run_003,run_016,0.141,0.035,0.033,1.0,False,False
real_sonnet5_20,run_003,run_017,0.017,0.551,0.152,1.0,False,True
real_sonnet5_20,run_003,run_018,0.015,0.445,0.066,1.0,True,True
real_sonnet5_20,run_003,run_019,0.04,0.377,0.095,1.0,True,True
real_sonnet5_20,run_003,run_020,0.039,0.287,0.069,1.0,True,True
real_sonnet5_20,run_004,run_005,0.038,0.178,0.138,1.0,False,True
real_sonnet5_20,run_004,run_006,0.004,0.022,0.008,0.0,False,False
real_sonnet5_20,run_004,run_007,0.043,0.431,0.053,1.0,False,True
real_sonnet5_20,run_004,run_008,0.077,0.187,0.116,1.0,False,True
real_sonnet5_20,run_004,run_009,0.065,0.168,0.07,1.0,False,False
real_sonnet5_20,run_004,run_010,0.029,0.094,0.018,1.0,False,False
real_sonnet5_20,run_004,run_011,0.035,0.173,0.021,1.0,False,False
real_sonnet5_20,run_004,run_012,0.033,0.201,0.005,1.0,False,True
real_sonnet5_20,run_004,run_013,0.12,0.137,0.01,0.0,False,True
real_sonnet5_20,run_004,run_014,0.045,0.222,0.029,1.0,False,True
real_sonnet5_20,run_004,run_015,0.029,0.355,0.026,1.0,False,True
real_sonnet5_20,run_004,run_016,0.105,0.232,0.024,1.0,False,False
real_sonnet5_20,run_004,run_017,0.053,0.349,0.1,1.0,False,True
real_sonnet5_20,run_004,run_018,0.041,0.345,0.041,1.0,False,True
real_sonnet5_20,run_004,run_019,0.055,0.22,0.056,1.0,False,True
real_sonnet5_20,run_004,run_020,0.085,0.213,0.012,1.0,False,True
real_sonnet5_20,run_005,run_006,0.007,0.017,0.014,0.0,False,False
real_sonnet5_20,run_005,run_007,0.016,0.414,0.109,1.0,False,True
real_sonnet5_20,run_005,run_008,0.05,0.159,0.041,1.0,False,True
real_sonnet5_20,run_005,run_009,0.036,0.036,0.155,1.0,False,False
real_sonnet5_20,run_005,run_010,0.008,0.041,0.017,1.0,False,False
real_sonnet5_20,run_005,run_011,0.012,0.073,0.056,1.0,False,False
real_sonnet5_20,run_005,run_012,0.038,0.179,0.051,1.0,False,True
real_sonnet5_20,run_005,run_013,0.052,0.233,0.062,0.0,True,True
real_sonnet5_20,run_005,run_014,0.034,0.172,0.193,1.0,False,True
real_sonnet5_20,run_005,run_015,0.043,0.372,0.061,1.0,False,True
real_sonnet5_20,run_005,run_016,0.044,0.03,0.035,1.0,False,False
real_sonnet5_20,run_005,run_017,0.061,0.257,0.155,1.0,False,True
real_sonnet5_20,run_005,run_018,0.042,0.325,0.041,1.0,False,True
real_sonnet5_20,run_005,run_019,0.026,0.249,0.167,1.0,False,True
real_sonnet5_20,run_005,run_020,0.016,0.169,0.103,1.0,False,True
real_sonnet5_20,run_006,run_007,0.0,0.039,0.004,0.0,False,False
real_sonnet5_20,run_006,run_008,0.0,0.0,0.004,0.0,False,False
real_sonnet5_20,run_006,run_009,0.0,0.0,0.004,0.0,False,False
real_sonnet5_20,run_006,run_010,0.0,0.0,0.0,0.0,False,False
real_sonnet5_20,run_006,run_011,0.0,0.0,0.0,0.0,False,False
real_sonnet5_20,run_006,run_012,0.0,0.0,0.0,0.0,False,False
real_sonnet5_20,run_006,run_013,0.0,0.022,0.0,0.0,False,False
real_sonnet5_20,run_006,run_014,0.0,0.0,0.0,0.0,False,False
real_sonnet5_20,run_006,run_015,0.0,0.033,0.003,0.0,False,False
real_sonnet5_20,run_006,run_016,0.0,0.0,0.0,0.0,False,False
real_sonnet5_20,run_006,run_017,0.0,0.036,0.0,0.0,False,False
real_sonnet5_20,run_006,run_018,0.0,0.033,0.004,0.0,False,False
real_sonnet5_20,run_006,run_019,0.0,0.0,0.006,0.0,False,False
real_sonnet5_20,run_006,run_020,0.0,0.0,0.0,0.0,False,False
real_sonnet5_20,run_007,run_008,0.077,0.393,0.049,1.0,False,True
real_sonnet5_20,run_007,run_009,0.064,0.154,0.034,1.0,True,False
real_sonnet5_20,run_007,run_010,0.045,0.077,0.026,1.0,False,False
real_sonnet5_20,run_007,run_011,0.065,0.177,0.028,1.0,False,False
real_sonnet5_20,run_007,run_012,0.03,0.269,0.029,1.0,True,True
real_sonnet5_20,run_007,run_013,0.036,0.207,0.038,0.0,False,True
real_sonnet5_20,run_007,run_014,0.09,0.364,0.046,1.0,False,True
real_sonnet5_20,run_007,run_015,0.05,0.459,0.07,1.0,False,True
real_sonnet5_20,run_007,run_016,0.045,0.18,0.029,1.0,False,False
real_sonnet5_20,run_007,run_017,0.039,0.405,0.115,1.0,False,True
real_sonnet5_20,run_007,run_018,0.069,0.622,0.083,1.0,False,True
real_sonnet5_20,run_007,run_019,0.055,0.619,0.052,1.0,False,True
real_sonnet5_20,run_007,run_020,0.047,0.414,0.062,1.0,False,True
real_sonnet5_20,run_008,run_009,0.058,0.099,0.103,1.0,False,False
real_sonnet5_20,run_008,run_010,0.062,0.035,0.034,1.0,False,False
real_sonnet5_20,run_008,run_011,0.064,0.136,0.043,1.0,False,False
real_sonnet5_20,run_008,run_012,0.087,0.194,0.016,1.0,False,True
real_sonnet5_20,run_008,run_013,0.041,0.15,0.021,0.0,False,True
real_sonnet5_20,run_008,run_014,0.101,0.283,0.041,1.0,False,True
real_sonnet5_20,run_008,run_015,0.04,0.43,0.035,1.0,False,True
real_sonnet5_20,run_008,run_016,0.063,0.146,0.032,1.0,False,False
real_sonnet5_20,run_008,run_017,0.07,0.418,0.164,1.0,False,True
real_sonnet5_20,run_008,run_018,0.111,0.438,0.066,1.0,False,True
real_sonnet5_20,run_008,run_019,0.077,0.377,0.081,1.0,False,True
real_sonnet5_20,run_008,run_020,0.065,0.279,0.039,1.0,False,True
real_sonnet5_20,run_009,run_010,0.048,0.089,0.026,1.0,False,False
real_sonnet5_20,run_009,run_011,0.112,0.149,0.016,1.0,False,False
real_sonnet5_20,run_009,run_012,0.129,0.067,0.018,1.0,True,False
real_sonnet5_20,run_009,run_013,0.113,0.167,0.058,0.0,False,False
real_sonnet5_20,run_009,run_014,0.103,0.092,0.062,1.0,False,False
real_sonnet5_20,run_009,run_015,0.052,0.281,0.068,1.0,False,False
real_sonnet5_20,run_009,run_016,0.093,0.265,0.077,1.0,False,True
real_sonnet5_20,run_009,run_017,0.053,0.319,0.035,1.0,False,False
real_sonnet5_20,run_009,run_018,0.107,0.324,0.072,1.0,False,False
real_sonnet5_20,run_009,run_019,0.149,0.134,0.127,1.0,False,False
real_sonnet5_20,run_009,run_020,0.09,0.072,0.037,1.0,False,False
real_sonnet5_20,run_010,run_011,0.112,0.209,0.017,1.0,True,True
real_sonnet5_20,run_010,run_012,0.044,0.218,0.014,1.0,False,False
real_sonnet5_20,run_010,run_013,0.032,0.239,0.014,0.0,False,False
real_sonnet5_20,run_010,run_014,0.081,0.137,0.037,1.0,False,False
real_sonnet5_20,run_010,run_015,0.05,0.436,0.026,1.0,False,False
real_sonnet5_20,run_010,run_016,0.056,0.14,0.034,1.0,False,False
real_sonnet5_20,run_010,run_017,0.048,0.264,0.103,1.0,False,False
real_sonnet5_20,run_010,run_018,0.046,0.287,0.025,1.0,False,False
real_sonnet5_20,run_010,run_019,0.046,0.163,0.012,1.0,False,False
real_sonnet5_20,run_010,run_020,0.026,0.067,0.03,1.0,False,False
real_sonnet5_20,run_011,run_012,0.143,0.115,0.084,1.0,False,False
real_sonnet5_20,run_011,run_013,0.078,0.256,0.026,0.0,False,False
real_sonnet5_20,run_011,run_014,0.12,0.114,0.052,1.0,False,False
real_sonnet5_20,run_011,run_015,0.06,0.372,0.026,1.0,False,False
real_sonnet5_20,run_011,run_016,0.058,0.165,0.034,1.0,False,False
real_sonnet5_20,run_011,run_017,0.036,0.319,0.098,1.0,False,False
real_sonnet5_20,run_011,run_018,0.043,0.22,0.045,1.0,False,False
real_sonnet5_20,run_011,run_019,0.101,0.145,0.016,1.0,False,False
real_sonnet5_20,run_011,run_020,0.113,0.049,0.046,1.0,False,False
real_sonnet5_20,run_012,run_013,0.046,0.147,0.057,0.0,False,True
real_sonnet5_20,run_012,run_014,0.05,0.29,0.072,1.0,False,True
real_sonnet5_20,run_012,run_015,0.037,0.382,0.021,1.0,False,True
real_sonnet5_20,run_012,run_016,0.054,0.081,0.051,1.0,False,False
real_sonnet5_20,run_012,run_017,0.058,0.297,0.043,1.0,False,True
real_sonnet5_20,run_012,run_018,0.041,0.338,0.079,1.0,False,True
real_sonnet5_20,run_012,run_019,0.102,0.318,0.118,1.0,False,True
real_sonnet5_20,run_012,run_020,0.026,0.217,0.042,1.0,False,True
real_sonnet5_20,run_013,run_014,0.059,0.056,0.014,0.0,False,True
real_sonnet5_20,run_013,run_015,0.036,0.342,0.073,0.0,False,True
real_sonnet5_20,run_013,run_016,0.104,0.032,0.019,0.0,False,False
real_sonnet5_20,run_013,run_017,0.038,0.293,0.118,0.0,False,True
real_sonnet5_20,run_013,run_018,0.107,0.296,0.02,0.0,False,True
real_sonnet5_20,run_013,run_019,0.057,0.059,0.012,0.0,False,True
real_sonnet5_20,run_013,run_020,0.124,0.062,0.032,0.0,False,True
real_sonnet5_20,run_014,run_015,0.096,0.52,0.025,1.0,True,True
real_sonnet5_20,run_014,run_016,0.063,0.21,0.058,1.0,False,False
real_sonnet5_20,run_014,run_017,0.044,0.42,0.201,1.0,False,True
real_sonnet5_20,run_014,run_018,0.103,0.402,0.026,1.0,True,True
real_sonnet5_20,run_014,run_019,0.112,0.277,0.056,1.0,True,True
real_sonnet5_20,run_014,run_020,0.091,0.276,0.071,1.0,True,True
real_sonnet5_20,run_015,run_016,0.034,0.086,0.032,1.0,False,False
real_sonnet5_20,run_015,run_017,0.035,0.453,0.031,1.0,False,True
real_sonnet5_20,run_015,run_018,0.1,0.482,0.041,1.0,True,True
real_sonnet5_20,run_015,run_019,0.063,0.252,0.111,1.0,True,True
real_sonnet5_20,run_015,run_020,0.075,0.258,0.029,1.0,True,True
real_sonnet5_20,run_016,run_017,0.036,0.335,0.068,1.0,False,False
real_sonnet5_20,run_016,run_018,0.045,0.317,0.16,1.0,False,False
real_sonnet5_20,run_016,run_019,0.078,0.295,0.074,1.0,False,False
real_sonnet5_20,run_016,run_020,0.075,0.075,0.039,1.0,False,False
real_sonnet5_20,run_017,run_018,0.09,0.428,0.042,1.0,False,True
real_sonnet5_20,run_017,run_019,0.045,0.088,0.013,1.0,False,True
real_sonnet5_20,run_017,run_020,0.068,0.097,0.09,1.0,False,True
real_sonnet5_20,run_018,run_019,0.101,0.158,0.088,1.0,True,True
real_sonnet5_20,run_018,run_020,0.161,0.169,0.012,1.0,True,True
real_sonnet5_20,run_019,run_020,0.116,0.374,0.087,1.0,True,True
