experiment,run_id,parameter_key,category,in_inventory,current_value,decision,suggested_value,rationale
real_gemini35flashlite_50,run_001,profile.basal.00_00,profile,True,0.6 U/h,keep,0.6 U/h,Current basal rate supports stable early night control; dips below 70 mg/dL between 00:00 and 02:00 may stem from evening correction/meal overlap rather than baseline basal excess. Evidence: hourly glucose data. Uncertainty: exact insulin action decay from evening doses. Dependencies: none.
real_gemini35flashlite_50,run_001,profile.basal.05_00,profile,True,0.7 U/h,keep,0.7 U/h,Early morning glucose averages remain stable around 99 mg/dL. Evidence: hourly glucose data. Uncertainty: dawn phenomenon interaction. Dependencies: none.
real_gemini35flashlite_50,run_001,profile.basal.06_00,profile,True,0.8 U/h,keep,0.8 U/h,Appropriate morning basal coverage supporting stable fasting glucose before morning rises. Evidence: hourly glucose data. Uncertainty: morning resistance patterns. Dependencies: none.
real_gemini35flashlite_50,run_001,profile.basal.10_00,profile,True,0.7 U/h,keep,0.7 U/h,Maintains steady mid-day glucose prior to afternoon meal periods. Evidence: hourly glucose data. Uncertainty: activity levels. Dependencies: none.
real_gemini35flashlite_50,run_001,profile.basal.16_00,profile,True,0.5 U/h,keep,0.5 U/h,Afternoon peaks are primarily driven by unannounced meals and GLP-1 delayed absorption rather than basal deficiency. Evidence: treatment logs showing 0 carbs. Uncertainty: exact meal absorption timing. Dependencies: meal strategy.
real_gemini35flashlite_50,run_001,profile.basal.18_00,profile,True,0.6 U/h,keep,0.6 U/h,Provides stable transition into evening hours. Evidence: hourly glucose data. Uncertainty: dinner timing. Dependencies: none.
real_gemini35flashlite_50,run_001,profile.basal.19_00,profile,True,0.7 U/h,keep,0.7 U/h,Adequate evening basal rate supporting post-dinner stability. Evidence: hourly glucose data. Uncertainty: evening activity. Dependencies: none.
real_gemini35flashlite_50,run_001,profile.cr.00_00,profile,True,13 g/U,keep,13 g/U,No carbohydrate entry data is available to validate carb ratios. Evidence: treatment summary. Uncertainty: true CR efficacy without declared meals. Dependencies: meal logging.
real_gemini35flashlite_50,run_001,profile.cr.04_00,profile,True,11.1 g/U,keep,11.1 g/U,Maintained pending meal carbohydrate entry data. Evidence: profile configuration. Uncertainty: lack of declared carb data. Dependencies: meal logging.
real_gemini35flashlite_50,run_001,profile.cr.08_00,profile,True,13.2 g/U,keep,13.2 g/U,Maintained pending meal carbohydrate entry data. Evidence: profile configuration. Uncertainty: lack of declared carb data. Dependencies: meal logging.
real_gemini35flashlite_50,run_001,profile.cr.16_00,profile,True,10.5 g/U,keep,10.5 g/U,Maintained pending meal carbohydrate entry data. Evidence: profile configuration. Uncertainty: lack of declared carb data. Dependencies: meal logging.
real_gemini35flashlite_50,run_001,profile.cr.20_00,profile,True,12.6 g/U,keep,12.6 g/U,Maintained pending meal carbohydrate entry data. Evidence: profile configuration. Uncertainty: lack of declared carb data. Dependencies: meal logging.
real_gemini35flashlite_50,run_001,profile.isf.00_00,profile,True,56 mg/dL/U,keep,56 mg/dL/U,Flat profile ISF is successfully adjusted in real-time by AAPS Dynamic Sensitivity (70%). Changing baseline ISF without observing unannounced meal data could cause over-delivery. Evidence: loop telemetry. Uncertainty: dynamic sensitivity scaling interaction. Dependencies: automation settings.
real_gemini35flashlite_50,run_001,profile.target.00_00,profile,True,90 mg/dL,keep,90 mg/dL,Appropriate nocturnal target supporting tight control. Evidence: profile configuration. Uncertainty: nocturnal dip risk. Dependencies: basal delivery.
real_gemini35flashlite_50,run_001,profile.target.08_00,profile,True,100 mg/dL,keep,100 mg/dL,Safe daytime target. Evidence: profile configuration. Uncertainty: postprandial excursions. Dependencies: automation.
real_gemini35flashlite_50,run_001,profile.target.23_00,profile,True,90 mg/dL,keep,90 mg/dL,Maintains evening target consistency. Evidence: profile configuration. Uncertainty: dinner absorption. Dependencies: none.
real_gemini35flashlite_50,run_001,profile.dia,profile,True,10 h,keep,10 h,Long DIA (10 hours) provides conservative insulin stacking protection in closed loop. Evidence: profile configuration. Uncertainty: insulin kinetics under GLP-1. Dependencies: automation IOB tracking.
real_gemini35flashlite_50,run_001,aaps.core.smb_uam,aaps,True,smb_enabled=true; uam_enabled=true,keep,smb_enabled=true; uam_enabled=true,Essential for managing unannounced meals given the lack of declared carbohydrate entries. Evidence: aaps_profile.smb_settings. Uncertainty: reliance on UAM for meal detection. Dependencies: none.
real_gemini35flashlite_50,run_001,aaps.core.smb_activation,aaps,True,smb_always_enabled=true; smb_with_cob_enabled=false; smb_after_carbs_enabled=false; smb_with_temp_target_enabled=true; smb_with_high_temp_target_enabled=false,keep,smb_always_enabled=true; smb_with_cob_enabled=false; smb_after_carbs_enabled=false; smb_with_temp_target_enabled=true; smb_with_high_temp_target_enabled=false,Appropriate configuration for unannounced-carb workflow. Evidence: aaps settings. Uncertainty: potential contribution to nocturnal dips when temporary targets are used. Dependencies: none.
real_gemini35flashlite_50,run_001,aaps.core.smb_delivery,aaps,True,smb_interval_minutes=3 min; max_smb_basal_minutes=15 min; max_uam_smb_basal_minutes=20 min,keep,smb_interval_minutes=3 min; max_smb_basal_minutes=15 min; max_uam_smb_basal_minutes=20 min,Provides responsive microbolusing without excessive delivery. Evidence: aaps settings. Uncertainty: insulin stacking risk during delayed absorption. Dependencies: automation.
real_gemini35flashlite_50,run_001,aaps.core.safety_limits,aaps,True,max_basal_u_per_hour=12 U/h; max_iob_units=25 U,keep,max_basal_u_per_hour=12 U/h; max_iob_units=25 U,Safety ceilings are appropriately configured. Evidence: aaps settings. Uncertainty: none. Dependencies: none.
real_gemini35flashlite_50,run_001,aaps.core.sensitivity,aaps,True,autosens_enabled=false; dynamic_sensitivity_enabled=true; autosens_raises_target=false; autosens_lowers_target=false; dynamic_isf_adjustment_factor_percent=70 %,keep,autosens_enabled=false; dynamic_sensitivity_enabled=true; autosens_raises_target=false; autosens_raises_target=false; dynamic_isf_adjustment_factor_percent=70 %,Dynamic ISF successfully compensates for the flat profile ISF. Evidence: loop telemetry. Uncertainty: interaction with GLP-1 kinetics. Dependencies: profile ISF.
real_gemini35flashlite_50,run_001,aaps.core.carb_absorption,aaps,True,min_5m_carbimpact=8 mg/dL/5 min; meal_max_absorption_hours=7 h,keep,min_5m_carbimpact=8 mg/dL/5 min; meal_max_absorption_hours=7 h,Appropriate absorption window supporting slow or delayed digestion patterns. Evidence: aaps settings. Uncertainty: none. Dependencies: none.
real_gemini35flashlite_50,run_002,profile.basal.00_00,profile,True,0.6 U/h,change,0.5 U/h,Evidence shows 18.5% time below range at 01:00 local time. Reducing this segment mitigates overnight dipping. Uncertainty is low regarding the downward trend. Depends on verifying no concurrent changes in evening activity or eating habits.
real_gemini35flashlite_50,run_002,profile.basal.05_00,profile,True,0.7 U/h,keep,0.7 U/h,Glucose levels during early morning hours remain relatively stable. Current setting is appropriate pending the outcome of overnight basal adjustments.
real_gemini35flashlite_50,run_002,profile.basal.06_00,profile,True,0.8 U/h,keep,0.8 U/h,Morning fasting glucose values are within acceptable ranges. No evidence of persistent fasting drift requiring change at this time.
real_gemini35flashlite_50,run_002,profile.basal.10_00,profile,True,0.7 U/h,keep,0.7 U/h,Midday glucose levels are stable. Changes should be sequenced after verifying overnight basal modifications.
real_gemini35flashlite_50,run_002,profile.basal.16_00,profile,True,0.5 U/h,keep,0.5 U/h,Afternoon hyperglycemia is primarily driven by unannounced meals and GLP-1 timing rather than structural basal deficit alone. Address meal strategy before altering daytime basal rates.
real_gemini35flashlite_50,run_002,profile.basal.18_00,profile,True,0.6 U/h,keep,0.6 U/h,Current rate maintains acceptable transition into evening hours. Keep stable until meal logging practices are established.
real_gemini35flashlite_50,run_002,profile.basal.19_00,profile,True,0.7 U/h,keep,0.7 U/h,Evening basal segment supports normal post-dinner stability. No evidence supporting a change.
real_gemini35flashlite_50,run_002,profile.cr.00_00,profile,True,13 g/U,keep,13 g/U,"Carbohydrate entries are absent, making direct CR tuning unreliable. Keep current value while encouraging basic meal logging."
real_gemini35flashlite_50,run_002,profile.cr.04_00,profile,True,11.1 g/U,keep,11.1 g/U,No data contradicting current early-morning carb ratio. Retain pending meal logging implementation.
real_gemini35flashlite_50,run_002,profile.cr.08_00,profile,True,13.2 g/U,keep,13.2 g/U,Morning carbohydrate response appears adequately managed by automated UAM and current CR. Keep until meal data is available.
real_gemini35flashlite_50,run_002,profile.cr.16_00,profile,True,10.5 g/U,keep,10.5 g/U,Afternoon peaks are linked to unannounced meals rather than specific CR error. Address meal announcements first.
real_gemini35flashlite_50,run_002,profile.cr.20_00,profile,True,12.6 g/U,keep,12.6 g/U,Evening meal management is functioning within acceptable bounds via automation. Keep current value.
real_gemini35flashlite_50,run_002,profile.isf.00_00,profile,True,56 mg/dL/U,keep,56 mg/dL/U,"Dynamic ISF is active at 70% adjustment, compensating for the flat base ISF. Changing base ISF prematurely could destabilize closed-loop behavior."
real_gemini35flashlite_50,run_002,profile.target.00_00,profile,True,90 mg/dL,keep,90 mg/dL,Target of 90 mg/dL is appropriate for closed-loop operation. Keep current value.
real_gemini35flashlite_50,run_002,profile.target.08_00,profile,True,100 mg/dL,keep,100 mg/dL,Daytime target of 100 mg/dL provides a safe buffer against daytime lows. Keep current value.
real_gemini35flashlite_50,run_002,profile.target.23_00,profile,True,90 mg/dL,keep,90 mg/dL,Evening target of 90 mg/dL aligns with overnight target settings. Keep current value.
real_gemini35flashlite_50,run_002,profile.dia,profile,True,10 h,keep,10 h,A 10-hour DIA provides conservative insulin stacking protection under oref1 automation. Keep current value.
real_gemini35flashlite_50,run_002,aaps.core.smb_uam,aaps,True,smb_enabled=true; uam_enabled=true,keep,smb_enabled=true; uam_enabled=true,Both SMB and UAM are essential for managing unannounced meals given the current lack of manual carb logging. Keep enabled.
real_gemini35flashlite_50,run_002,aaps.core.smb_activation,aaps,True,smb_always_enabled=true; smb_with_cob_enabled=false; smb_after_carbs_enabled=false; smb_with_temp_target_enabled=true; smb_with_high_temp_target_enabled=false,keep,smb_always_enabled=true; smb_with_cob_enabled=false; smb_after_carbs_enabled=false; smb_with_temp_target_enabled=true; smb_with_high_temp_target_enabled=false,Current SMB activation rules properly support UAM-driven dosing in the absence of carb entries. Keep settings.
real_gemini35flashlite_50,run_002,aaps.core.smb_delivery,aaps,True,smb_interval_minutes=3 min; max_smb_basal_minutes=15 min; max_uam_smb_basal_minutes=20 min,keep,smb_interval_minutes=3 min; max_smb_basal_minutes=15 min; max_uam_smb_basal_minutes=20 min,Delivery timing and maximum basal minutes are appropriately configured for oref1 loop responsiveness.
real_gemini35flashlite_50,run_002,aaps.core.safety_limits,aaps,True,max_basal_u_per_hour=12 U/h; max_iob_units=25 U,change,max_basal_u_per_hour=12 U/h; max_iob_units=10 U,Max IOB of 25 U is excessively high for daily insulin needs and risks over-delivery during automated corrections. Lowering to 10 U enhances safety without hindering normal loop function.
real_gemini35flashlite_50,run_002,aaps.core.sensitivity,aaps,True,autosens_enabled=false; dynamic_sensitivity_enabled=true; autosens_raises_target=false; autosens_lowers_target=false; dynamic_isf_adjustment_factor_percent=70 %,keep,autosens_enabled=false; dynamic_sensitivity_enabled=true; autosens_raises_target=false; autosens_lowers_target=false; dynamic_isf_adjustment_factor_percent=70 %,Dynamic ISF at 70% effectively adapts sensitivity to recent glucose variations. Keep current configuration.
real_gemini35flashlite_50,run_002,aaps.core.carb_absorption,aaps,True,min_5m_carbimpact=8 mg/dL/5 min; meal_max_absorption_hours=7 h,keep,min_5m_carbimpact=8 mg/dL/5 min; meal_max_absorption_hours=7 h,Carb impact threshold and absorption window properly support UAM detection. Keep current values.
real_gemini35flashlite_50,run_003,profile.basal.00_00,profile,True,0.6 U/h,keep,0.6 U/h,"Overnight basal rates maintain reasonable fasting control, though occasional dips occur. Evidence does not yet justify changing basal independently of meal and ISF verification."
real_gemini35flashlite_50,run_003,profile.basal.05_00,profile,True,0.7 U/h,keep,0.7 U/h,Current early morning basal rate is stable; changing it before verifying morning rise patterns introduces confounding variables.
real_gemini35flashlite_50,run_003,profile.basal.06_00,profile,True,0.8 U/h,keep,0.8 U/h,Maintains daytime basal support; keep stable during initial meal-logging verification.
real_gemini35flashlite_50,run_003,profile.basal.10_00,profile,True,0.7 U/h,keep,0.7 U/h,Midday basal segment is stable; defer changes until meal data is available.
real_gemini35flashlite_50,run_003,profile.basal.16_00,profile,True,0.5 U/h,keep,0.5 U/h,Afternoon basal rate aligns with loop automation behavior during resistance windows.
real_gemini35flashlite_50,run_003,profile.basal.18_00,profile,True,0.6 U/h,keep,0.6 U/h,Evening basal segment provides adequate transition into night.
real_gemini35flashlite_50,run_003,profile.basal.19_00,profile,True,0.7 U/h,keep,0.7 U/h,Nighttime transition basal rate is stable.
real_gemini35flashlite_50,run_003,profile.cr.00_00,profile,True,13 g/U,keep,13 g/U,Carb ratios cannot be reliably optimized while carb entries are entirely unrecorded.
real_gemini35flashlite_50,run_003,profile.cr.04_00,profile,True,11.1 g/U,keep,11.1 g/U,Keep current CR segment stable until meal logging is established.
real_gemini35flashlite_50,run_003,profile.cr.08_00,profile,True,13.2 g/U,keep,13.2 g/U,Keep current CR segment stable during verification phase.
real_gemini35flashlite_50,run_003,profile.cr.16_00,profile,True,10.5 g/U,keep,10.5 g/U,Keep current CR segment stable; changes depend on recorded postprandial responses.
real_gemini35flashlite_50,run_003,profile.cr.20_00,profile,True,12.6 g/U,keep,12.6 g/U,Keep evening CR segment stable.
real_gemini35flashlite_50,run_003,profile.isf.00_00,profile,True,56 mg/dL/U,keep,56 mg/dL/U,Flat ISF of 56 mg/dL/U is compensated by Dynamic ISF (70%). Keep unchanged until meal logging and sensitivity data are gathered.
real_gemini35flashlite_50,run_003,profile.target.00_00,profile,True,90 mg/dL,keep,90 mg/dL,Overnight target of 90 mg/dL is appropriate for closed-loop operation.
real_gemini35flashlite_50,run_003,profile.target.08_00,profile,True,100 mg/dL,keep,100 mg/dL,Daytime target of 100 mg/dL is well-suited for loop operation.
real_gemini35flashlite_50,run_003,profile.target.23_00,profile,True,90 mg/dL,keep,90 mg/dL,Late evening target of 90 mg/dL aligns with overnight target.
real_gemini35flashlite_50,run_003,profile.dia,profile,True,10 h,keep,10 h,10-hour DIA provides conservative insulin-on-board tracking supporting safety against stacking.
real_gemini35flashlite_50,run_003,aaps.core.smb_uam,aaps,True,smb_enabled=true; uam_enabled=true,keep,smb_enabled=true; uam_enabled=true,Both SMB and UAM are correctly enabled to manage unannounced glucose rises given the lack of manual carb entries.
real_gemini35flashlite_50,run_003,aaps.core.smb_activation,aaps,True,smb_always_enabled=true; smb_with_cob_enabled=false; smb_after_carbs_enabled=false; smb_with_temp_target_enabled=true; smb_with_high_temp_target_enabled=false,keep,smb_always_enabled=true; smb_with_cob_enabled=false; smb_after_carbs_enabled=false; smb_with_temp_target_enabled=true; smb_with_high_temp_target_enabled=false,Activation conditions appropriately support automated micro-bolusing in the absence of declared carbs.
real_gemini35flashlite_50,run_003,aaps.core.smb_delivery,aaps,True,smb_interval_minutes=3 min; max_smb_basal_minutes=15 min; max_uam_smb_basal_minutes=20 min,keep,smb_interval_minutes=3 min; max_smb_basal_minutes=15 min; max_uam_smb_basal_minutes=20 min,Delivery intervals and caps are configured within safe operating ranges.
real_gemini35flashlite_50,run_003,aaps.core.safety_limits,aaps,True,max_basal_u_per_hour=12 U/h; max_iob_units=25 U,keep,max_basal_u_per_hour=12 U/h; max_iob_units=25 U,Safety limits are well within device boundaries; max IOB of 25 U is wide but managed safely by runtime loop behavior.
real_gemini35flashlite_50,run_003,aaps.core.sensitivity,aaps,True,autosens_enabled=false; dynamic_sensitivity_enabled=true; autosens_raises_target=false; autosens_lowers_target=false; dynamic_isf_adjustment_factor_percent=70 %,keep,autosens_enabled=false; dynamic_sensitivity_enabled=true; autosens_raises_target=false; autosens_raises_target=false; dynamic_isf_adjustment_factor_percent=70 %,Dynamic ISF at 70% effectively compensates for static ISF limitations without requiring Autosens.
real_gemini35flashlite_50,run_003,aaps.core.carb_absorption,aaps,True,min_5m_carbimpact=8 mg/dL/5 min; meal_max_absorption_hours=7 h,keep,min_5m_carbimpact=8 mg/dL/5 min; meal_max_absorption_hours=7 h,Carbohydrate absorption parameters align with standard oref1 configuration.
real_gemini35flashlite_50,run_004,profile.basal.00_00,profile,True,0.6 U/h,keep,0.6 U/h,"Overnight basal maintains stable control. Evidence shows occasional early morning dips, but unannounced meals and active automation confound direct attribution to basal rate without meal logging."
real_gemini35flashlite_50,run_004,profile.basal.05_00,profile,True,0.7 U/h,keep,0.7 U/h,Current rate supports morning stability. Withhold change until meal logging provides a clear baseline.
real_gemini35flashlite_50,run_004,profile.basal.06_00,profile,True,0.8 U/h,keep,0.8 U/h,Morning basal segment is well-tolerated; no evidence of persistent fasting drift requiring adjustment.
real_gemini35flashlite_50,run_004,profile.basal.10_00,profile,True,0.7 U/h,keep,0.7 U/h,Midday basal rate is appropriate. Afternoon elevations are primarily driven by unannounced food intake rather than basal deficit.
real_gemini35flashlite_50,run_004,profile.basal.16_00,profile,True,0.5 U/h,keep,0.5 U/h,Late afternoon basal rate maintains expected delivery; changes should be deferred until meal entry habits are established.
real_gemini35flashlite_50,run_004,profile.basal.18_00,profile,True,0.6 U/h,keep,0.6 U/h,Evening basal segment operates safely within closed-loop parameters.
real_gemini35flashlite_50,run_004,profile.basal.19_00,profile,True,0.7 U/h,keep,0.7 U/h,Nighttime transition basal is supported by stable overnight averages.
real_gemini35flashlite_50,run_004,profile.cr.00_00,profile,True,13 g/U,keep,13 g/U,Carb ratios cannot be reliably evaluated while meal entries are absent from the dataset.
real_gemini35flashlite_50,run_004,profile.cr.04_00,profile,True,11.1 g/U,keep,11.1 g/U,Retain current setting until meal-linked therapy response windows are available.
real_gemini35flashlite_50,run_004,profile.cr.08_00,profile,True,13.2 g/U,keep,13.2 g/U,No changes warranted without consistent carb declaration data.
real_gemini35flashlite_50,run_004,profile.cr.16_00,profile,True,10.5 g/U,keep,10.5 g/U,Afternoon CR appears adequate when combined with UAM automation; preserve current configuration pending meal logs.
real_gemini35flashlite_50,run_004,profile.cr.20_00,profile,True,12.6 g/U,keep,12.6 g/U,Evening carb ratio is functioning satisfactorily within closed-loop bounds.
real_gemini35flashlite_50,run_004,profile.isf.00_00,profile,True,56 mg/dL/U,keep,56 mg/dL/U,Flat ISF of 56 mg/dL/U combined with Dynamic ISF (70%) provides appropriate sensitivity scaling during active loops.
real_gemini35flashlite_50,run_004,profile.target.00_00,profile,True,90 mg/dL,keep,90 mg/dL,Overnight target of 90 mg/dL is appropriate for closed-loop control.
real_gemini35flashlite_50,run_004,profile.target.08_00,profile,True,100 mg/dL,keep,100 mg/dL,Daytime target of 100 mg/dL provides a safe buffer against daytime hypoglycemia.
real_gemini35flashlite_50,run_004,profile.target.23_00,profile,True,90 mg/dL,keep,90 mg/dL,Late evening target supports smooth overnight transition.
real_gemini35flashlite_50,run_004,profile.dia,profile,True,10 h,keep,10 h,DIA of 10 hours matches insulin pharmacokinetics and supports safe IOB calculation under oref1.
real_gemini35flashlite_50,run_004,aaps.core.smb_uam,aaps,True,smb_enabled=true; uam_enabled=true,keep,smb_enabled=true; uam_enabled=true,Both SMB and UAM are essential for managing unannounced meals in the absence of declared carb entries.
real_gemini35flashlite_50,run_004,aaps.core.smb_activation,aaps,True,smb_always_enabled=true; smb_with_cob_enabled=false; smb_after_carbs_enabled=false; smb_with_temp_target_enabled=true; smb_with_high_temp_target_enabled=false,keep,smb_always_enabled=true; smb_with_cob_enabled=false; smb_after_carbs_enabled=false; smb_with_temp_target_enabled=true; smb_with_high_temp_target_enabled=false,Current SMB activation rules appropriately support automated delivery without requiring immediate configuration changes.
real_gemini35flashlite_50,run_004,aaps.core.smb_delivery,aaps,True,smb_interval_minutes=3 min; max_smb_basal_minutes=15 min; max_uam_smb_basal_minutes=20 min,keep,smb_interval_minutes=3 min; max_smb_basal_minutes=15 min; max_uam_smb_basal_minutes=20 min,Delivery intervals and limits are correctly configured for oref1 closed-loop operation.
real_gemini35flashlite_50,run_004,aaps.core.safety_limits,aaps,True,max_basal_u_per_hour=12 U/h; max_iob_units=25 U,keep,max_basal_u_per_hour=12 U/h; max_iob_units=25 U,Safety ceilings are appropriately set to prevent runaway insulin delivery while accommodating automation needs.
real_gemini35flashlite_50,run_004,aaps.core.sensitivity,aaps,True,autosens_enabled=false; dynamic_sensitivity_enabled=true; autosens_raises_target=false; autosens_lowers_target=false; dynamic_isf_adjustment_factor_percent=70 %,keep,autosens_enabled=false; dynamic_sensitivity_enabled=true; autosens_raises_target=false; autosens_lowers_target=false; dynamic_isf_adjustment_factor_percent=70 %,Dynamic ISF at 70% effectively scales sensitivity during postprandial rises and high insulin demand.
real_gemini35flashlite_50,run_004,aaps.core.carb_absorption,aaps,True,min_5m_carbimpact=8 mg/dL/5 min; meal_max_absorption_hours=7 h,keep,min_5m_carbimpact=8 mg/dL/5 min; meal_max_absorption_hours=7 h,Carb impact and absorption limits align with closed-loop requirements and support GLP-1 digestion timelines.
real_gemini35flashlite_50,run_005,profile.basal.00_00,profile,True,0.6 U/h,keep,0.6 U/h,"Although overnight time below range is elevated (up to 18.5%), unannounced meals and lack of carb entries prevent isolating basal deficit. Keep current value pending structured carb logging."
real_gemini35flashlite_50,run_005,profile.basal.05_00,profile,True,0.7 U/h,keep,0.7 U/h,Fasting-like morning window shows stable glucose control (TIR > 97%). No change warranted.
real_gemini35flashlite_50,run_005,profile.basal.06_00,profile,True,0.8 U/h,keep,0.8 U/h,Morning fasting glucose remains well-controlled. Keep current setting.
real_gemini35flashlite_50,run_005,profile.basal.10_00,profile,True,0.7 U/h,keep,0.7 U/h,Midday basal segment supports stable fasting levels. Keep current setting.
real_gemini35flashlite_50,run_005,profile.basal.16_00,profile,True,0.5 U/h,keep,0.5 U/h,Afternoon basal rate aligns with observed glucose patterns when unannounced intake is accounted for. Keep current setting.
real_gemini35flashlite_50,run_005,profile.basal.18_00,profile,True,0.6 U/h,keep,0.6 U/h,Evening basal segment maintains acceptable stability. Keep current setting.
real_gemini35flashlite_50,run_005,profile.basal.19_00,profile,True,0.7 U/h,keep,0.7 U/h,Late evening basal rate supports evening transitions. Keep current setting.
real_gemini35flashlite_50,run_005,profile.cr.00_00,profile,True,13 g/U,keep,13 g/U,"Without logged carbohydrate data, carbohydrate ratio adjustments cannot be empirically validated. Keep current setting."
real_gemini35flashlite_50,run_005,profile.cr.04_00,profile,True,11.1 g/U,keep,11.1 g/U,Requires structured carbohydrate logging before adjustment.
real_gemini35flashlite_50,run_005,profile.cr.08_00,profile,True,13.2 g/U,keep,13.2 g/U,Requires structured carbohydrate logging before adjustment.
real_gemini35flashlite_50,run_005,profile.cr.16_00,profile,True,10.5 g/U,keep,10.5 g/U,Requires structured carbohydrate logging before adjustment.
real_gemini35flashlite_50,run_005,profile.cr.20_00,profile,True,12.6 g/U,keep,12.6 g/U,Requires structured carbohydrate logging before adjustment.
real_gemini35flashlite_50,run_005,profile.isf.00_00,profile,True,56 mg/dL/U,keep,56 mg/dL/U,"While ISF interacts with dynamic sensitivity, changing it without carb-verified meal response data carries risk of under-correction. Keep current setting."
real_gemini35flashlite_50,run_005,profile.target.00_00,profile,True,90 mg/dL,keep,90 mg/dL,Target range is appropriate for closed-loop operation. Keep current setting.
real_gemini35flashlite_50,run_005,profile.target.08_00,profile,True,100 mg/dL,keep,100 mg/dL,Daytime target is well-tolerated. Keep current setting.
real_gemini35flashlite_50,run_005,profile.target.23_00,profile,True,90 mg/dL,keep,90 mg/dL,Nighttime target aligns with closed-loop goals. Keep current setting.
real_gemini35flashlite_50,run_005,profile.dia,profile,True,10 h,keep,10 h,10-hour DIA provides conservative insulin-on-board tracking suitable for closed-loop safety. Keep current setting.
real_gemini35flashlite_50,run_005,aaps.core.smb_uam,aaps,True,smb_enabled=true; uam_enabled=true,keep,smb_enabled=true; uam_enabled=true,Essential automation features are correctly enabled. Keep current setting.
real_gemini35flashlite_50,run_005,aaps.core.smb_activation,aaps,True,smb_always_enabled=true; smb_with_cob_enabled=false; smb_after_carbs_enabled=false; smb_with_temp_target_enabled=true; smb_with_high_temp_target_enabled=false,keep,smb_always_enabled=true; smb_with_cob_enabled=false; smb_after_carbs_enabled=false; smb_with_temp_target_enabled=true; smb_with_high_temp_target_enabled=false,SMB activation conditions are appropriately configured for unannounced meal management. Keep current setting.
real_gemini35flashlite_50,run_005,aaps.core.smb_delivery,aaps,True,smb_interval_minutes=3 min; max_smb_basal_minutes=15 min; max_uam_smb_basal_minutes=20 min,keep,smb_interval_minutes=3 min; max_smb_basal_minutes=15 min; max_uam_smb_basal_minutes=20 min,Delivery limits and intervals are well-balanced. Keep current setting.
real_gemini35flashlite_50,run_005,aaps.core.safety_limits,aaps,True,max_basal_u_per_hour=12 U/h; max_iob_units=25 U,keep,max_basal_u_per_hour=12 U/h; max_iob_units=25 U,Safety limits provide appropriate boundaries against insulin stacking. Keep current setting.
real_gemini35flashlite_50,run_005,aaps.core.sensitivity,aaps,True,autosens_enabled=false; dynamic_sensitivity_enabled=true; autosens_raises_target=false; autosens_lowers_target=false; dynamic_isf_adjustment_factor_percent=70 %,keep,autosens_enabled=false; dynamic_sensitivity_enabled=true; autosens_raises_target=false; autosens_lowers_target=false; dynamic_isf_adjustment_factor_percent=70 %,Dynamic sensitivity scaling at 70% is active and functioning. Keep current setting.
real_gemini35flashlite_50,run_005,aaps.core.carb_absorption,aaps,True,min_5m_carbimpact=8 mg/dL/5 min; meal_max_absorption_hours=7 h,keep,min_5m_carbimpact=8 mg/dL/5 min; meal_max_absorption_hours=7 h,Absorption parameters are appropriately configured. Keep current setting.
real_gemini35flashlite_50,run_006,profile.basal.00_00,profile,True,0.6 U/h,keep,0.6 U/h,Current rate maintains overnight stability; keep unchanged pending structured overnight observation to address nocturnal hypoglycemia.
real_gemini35flashlite_50,run_006,profile.basal.05_00,profile,True,0.7 U/h,keep,0.7 U/h,Current rate supports early morning baseline; keep unchanged while monitoring early morning glucose trends.
real_gemini35flashlite_50,run_006,profile.basal.06_00,profile,True,0.8 U/h,keep,0.8 U/h,Morning rise coverage is adequate; keep unchanged.
real_gemini35flashlite_50,run_006,profile.basal.10_00,profile,True,0.7 U/h,keep,0.7 U/h,Midday basal rate is stable; keep unchanged.
real_gemini35flashlite_50,run_006,profile.basal.16_00,profile,True,0.5 U/h,keep,0.5 U/h,Afternoon basal rate is supported by loop automation; keep unchanged.
real_gemini35flashlite_50,run_006,profile.basal.18_00,profile,True,0.6 U/h,keep,0.6 U/h,Evening basal transition is appropriate; keep unchanged.
real_gemini35flashlite_50,run_006,profile.basal.19_00,profile,True,0.7 U/h,keep,0.7 U/h,Late evening basal rate is stable; keep unchanged.
real_gemini35flashlite_50,run_006,profile.cr.00_00,profile,True,13 g/U,keep,13 g/U,Carb ratio operates without explicit carb entries; keep unchanged until meal-logging data is available.
real_gemini35flashlite_50,run_006,profile.cr.04_00,profile,True,11.1 g/U,keep,11.1 g/U,Early morning CR is appropriate for baseline; keep unchanged.
real_gemini35flashlite_50,run_006,profile.cr.08_00,profile,True,13.2 g/U,keep,13.2 g/U,Daytime CR functions within automated UAM limits; keep unchanged.
real_gemini35flashlite_50,run_006,profile.cr.16_00,profile,True,10.5 g/U,keep,10.5 g/U,Afternoon CR supports postprandial handling; keep unchanged.
real_gemini35flashlite_50,run_006,profile.cr.20_00,profile,True,12.6 g/U,keep,12.6 g/U,Evening CR is stable; keep unchanged.
real_gemini35flashlite_50,run_006,profile.isf.00_00,profile,True,56 mg/dL/U,verify,56 mg/dL/U,Flat ISF combined with 10-hour DIA contributes to nocturnal hypoglycemia risk; verify response before altering.
real_gemini35flashlite_50,run_006,profile.target.00_00,profile,True,90 mg/dL,keep,90 mg/dL,Tight target supports overnight control; keep unchanged while monitoring hypoglycemia.
real_gemini35flashlite_50,run_006,profile.target.08_00,profile,True,100 mg/dL,keep,100 mg/dL,Daytime target is appropriate; keep unchanged.
real_gemini35flashlite_50,run_006,profile.target.23_00,profile,True,90 mg/dL,keep,90 mg/dL,Night target aligns with resting goals; keep unchanged.
real_gemini35flashlite_50,run_006,profile.dia,profile,True,10 h,keep,10 h,10-hour DIA provides conservative insulin on board tracking; keep unchanged pending structured review.
real_gemini35flashlite_50,run_006,aaps.core.smb_uam,aaps,True,smb_enabled=true; uam_enabled=true,keep,smb_enabled=true; uam_enabled=true,SMB and UAM are correctly configured for closed-loop operation without explicit carb entries.
real_gemini35flashlite_50,run_006,aaps.core.smb_activation,aaps,True,smb_always_enabled=true; smb_with_cob_enabled=false; smb_after_carbs_enabled=false; smb_with_temp_target_enabled=true; smb_with_high_temp_target_enabled=false,keep,smb_always_enabled=true; smb_with_cob_enabled=false; smb_after_carbs_enabled=false; smb_with_temp_target_enabled=true; smb_with_high_temp_target_enabled=false,Activation conditions appropriately support unannounced meal handling.
real_gemini35flashlite_50,run_006,aaps.core.smb_delivery,aaps,True,smb_interval_minutes=3 min; max_smb_basal_minutes=15 min; max_uam_smb_basal_minutes=20 min,keep,smb_interval_minutes=3 min; max_smb_basal_minutes=15 min; max_uam_smb_basal_minutes=20 min,Delivery limits are conservative and safe.
real_gemini35flashlite_50,run_006,aaps.core.safety_limits,aaps,True,max_basal_u_per_hour=12 U/h; max_iob_units=25 U,keep,max_basal_u_per_hour=12 U/h; max_iob_units=25 U,Safety ceilings are properly configured.
real_gemini35flashlite_50,run_006,aaps.core.sensitivity,aaps,True,autosens_enabled=false; dynamic_sensitivity_enabled=true; autosens_raises_target=false; autosens_lowers_target=false; dynamic_isf_adjustment_factor_percent=70 %,keep,autosens_enabled=false; dynamic_sensitivity_enabled=true; autosens_raises_target=false; autosens_lowers_target=false; dynamic_isf_adjustment_factor_percent=70 %,Dynamic ISF scaling functions effectively for automated adjustment.
real_gemini35flashlite_50,run_006,aaps.core.carb_absorption,aaps,True,min_5m_carbimpact=8 mg/dL/5 min; meal_max_absorption_hours=7 h,keep,min_5m_carbimpact=8 mg/dL/5 min; meal_max_absorption_hours=7 h,Absorption parameters match system defaults and require no immediate adjustment.
real_gemini35flashlite_50,run_007,profile.basal.00_00,profile,True,0.6 U/h,keep,0.6 U/h,"Overnight readings show mild dips, but closed-loop automation is actively managing delivery; verify stability before changing."
real_gemini35flashlite_50,run_007,profile.basal.05_00,profile,True,0.7 U/h,keep,0.7 U/h,Current morning basal rate supports stable early-morning baseline trends.
real_gemini35flashlite_50,run_007,profile.basal.06_00,profile,True,0.8 U/h,keep,0.8 U/h,Rate supports morning transition without excessive stacking.
real_gemini35flashlite_50,run_007,profile.basal.10_00,profile,True,0.7 U/h,keep,0.7 U/h,Midday basal segment maintains stable glucose prior to afternoon rises.
real_gemini35flashlite_50,run_007,profile.basal.16_00,profile,True,0.5 U/h,keep,0.5 U/h,Afternoon rise correlates with unlogged meals rather than definitive basal deficit.
real_gemini35flashlite_50,run_007,profile.basal.18_00,profile,True,0.6 U/h,keep,0.6 U/h,Rate provides appropriate transition into evening hours.
real_gemini35flashlite_50,run_007,profile.basal.19_00,profile,True,0.7 U/h,keep,0.7 U/h,Maintains stable evening baseline before night routines.
real_gemini35flashlite_50,run_007,profile.cr.00_00,profile,True,13 g/U,keep,13 g/U,No carb data available to evaluate ratio performance; keep current setting.
real_gemini35flashlite_50,run_007,profile.cr.04_00,profile,True,11.1 g/U,keep,11.1 g/U,Maintains stable early morning ratio without direct evidence of postprandial failure.
real_gemini35flashlite_50,run_007,profile.cr.08_00,profile,True,13.2 g/U,keep,13.2 g/U,Daytime carb ratio operates alongside UAM; verify with manual logging first.
real_gemini35flashlite_50,run_007,profile.cr.16_00,profile,True,10.5 g/U,keep,10.5 g/U,Afternoon ratio should be evaluated after recording actual carbohydrate intake.
real_gemini35flashlite_50,run_007,profile.cr.20_00,profile,True,12.6 g/U,keep,12.6 g/U,Evening carb ratio maintains stable night-time entry.
real_gemini35flashlite_50,run_007,profile.isf.00_00,profile,True,56 mg/dL/U,keep,56 mg/dL/U,Dynamic ISF is currently scaling insulin sensitivity dynamically; flat ISF should not be altered without baseline testing.
real_gemini35flashlite_50,run_007,profile.target.00_00,profile,True,90 mg/dL,keep,90 mg/dL,90 mg/dL target aligns with tight closed-loop control.
real_gemini35flashlite_50,run_007,profile.target.08_00,profile,True,100 mg/dL,keep,100 mg/dL,100 mg/dL daytime target provides appropriate buffer against hypoglycemia.
real_gemini35flashlite_50,run_007,profile.target.23_00,profile,True,90 mg/dL,keep,90 mg/dL,90 mg/dL evening target supports stable overnight transition.
real_gemini35flashlite_50,run_007,profile.dia,profile,True,10 h,keep,10 h,10-hour duration of insulin activity matches slow Oref1 insulin action modeling.
real_gemini35flashlite_50,run_007,aaps.core.smb_uam,aaps,True,smb_enabled=true; uam_enabled=true,keep,smb_enabled=true; uam_enabled=true,Both SMB and UAM are appropriately enabled for closed-loop automation.
real_gemini35flashlite_50,run_007,aaps.core.smb_activation,aaps,True,smb_always_enabled=true; smb_with_cob_enabled=false; smb_after_carbs_enabled=false; smb_with_temp_target_enabled=true; smb_with_high_temp_target_enabled=false,keep,smb_always_enabled=true; smb_with_cob_enabled=false; smb_after_carbs_enabled=false; smb_with_temp_target_enabled=true; smb_with_high_temp_target_enabled=false,Activation settings support aggressive automated correction without requiring manual carb entry.
real_gemini35flashlite_50,run_007,aaps.core.smb_delivery,aaps,True,smb_interval_minutes=3 min; max_smb_basal_minutes=15 min; max_uam_smb_basal_minutes=20 min,keep,smb_interval_minutes=3 min; max_smb_basal_minutes=15 min; max_uam_smb_basal_minutes=20 min,3-minute interval and max basal minute caps provide responsive microbolusing.
real_gemini35flashlite_50,run_007,aaps.core.safety_limits,aaps,True,max_basal_u_per_hour=12 U/h; max_iob_units=25 U,keep,max_basal_u_per_hour=12 U/h; max_iob_units=25 U,Safety limits provide adequate headroom while capping maximum insulin delivery.
real_gemini35flashlite_50,run_007,aaps.core.sensitivity,aaps,True,autosens_enabled=false; dynamic_sensitivity_enabled=true; autosens_raises_target=false; autosens_lowers_target=false; dynamic_isf_adjustment_factor_percent=70 %,keep,autosens_enabled=false; dynamic_sensitivity_enabled=true; autosens_raises_target=false; autosens_lowers_target=false; dynamic_isf_adjustment_factor_percent=70 %,Dynamic ISF at 70% effectively scales sensitivity without requiring autosens target changes.
real_gemini35flashlite_50,run_007,aaps.core.carb_absorption,aaps,True,min_5m_carbimpact=8 mg/dL/5 min; meal_max_absorption_hours=7 h,keep,min_5m_carbimpact=8 mg/dL/5 min; meal_max_absorption_hours=7 h,Absorption settings support UAM detection effectively.
real_gemini35flashlite_50,run_008,profile.basal.00_00,profile,True,0.6 U/h,keep,0.6 U/h,Overnight basal is stable; change is withheld pending meal logging evaluation. Evidence: overnight TIR. Uncertainty: unannounced evening intake. Dependencies: none.
real_gemini35flashlite_50,run_008,profile.basal.05_00,profile,True,0.7 U/h,keep,0.7 U/h,Morning basal maintains stable fasting glucose. Evidence: hourly glucose. Uncertainty: morning activity. Dependencies: none.
real_gemini35flashlite_50,run_008,profile.basal.06_00,profile,True,0.8 U/h,keep,0.8 U/h,Adequate morning coverage. Evidence: hourly glucose. Uncertainty: dawn phenomenon vs basal. Dependencies: none.
real_gemini35flashlite_50,run_008,profile.basal.10_00,profile,True,0.7 U/h,keep,0.7 U/h,Midday basal is performing adequately under closed loop. Evidence: telemetry. Uncertainty: unannounced meals. Dependencies: none.
real_gemini35flashlite_50,run_008,profile.basal.16_00,profile,True,0.5 U/h,keep,0.5 U/h,Afternoon basal rate should not be altered until unannounced meal patterns are isolated. Evidence: afternoon hyperglycemia peaks. Uncertainty: CR/ISF vs basal. Dependencies: meal logging.
real_gemini35flashlite_50,run_008,profile.basal.18_00,profile,True,0.6 U/h,keep,0.6 U/h,Evening transition is stable. Evidence: telemetry. Uncertainty: dinner intake. Dependencies: none.
real_gemini35flashlite_50,run_008,profile.basal.19_00,profile,True,0.7 U/h,keep,0.7 U/h,Evening basal supports nighttime descent. Evidence: hourly glucose. Uncertainty: late snacking. Dependencies: none.
real_gemini35flashlite_50,run_008,profile.cr.00_00,profile,True,13 g/U,keep,13 g/U,Carb ratio cannot be validated without declared carb entries. Evidence: zero carb entries. Uncertainty: true CR adequacy. Dependencies: meal logging.
real_gemini35flashlite_50,run_008,profile.cr.04_00,profile,True,11.1 g/U,keep,11.1 g/U,No carb entries to evaluate CR. Evidence: zero carb entries. Uncertainty: true CR adequacy. Dependencies: meal logging.
real_gemini35flashlite_50,run_008,profile.cr.08_00,profile,True,13.2 g/U,keep,13.2 g/U,No carb entries to evaluate CR. Evidence: zero carb entries. Uncertainty: true CR adequacy. Dependencies: meal logging.
real_gemini35flashlite_50,run_008,profile.cr.16_00,profile,True,10.5 g/U,keep,10.5 g/U,No carb entries to evaluate CR. Evidence: zero carb entries. Uncertainty: true CR adequacy. Dependencies: meal logging.
real_gemini35flashlite_50,run_008,profile.cr.20_00,profile,True,12.6 g/U,keep,12.6 g/U,No carb entries to evaluate CR. Evidence: zero carb entries. Uncertainty: true CR adequacy. Dependencies: meal logging.
real_gemini35flashlite_50,run_008,profile.isf.00_00,profile,True,56 mg/dL/U,keep,56 mg/dL/U,Dynamic sensitivity actively modulates ISF; static ISF change is unwarranted without baseline testing. Evidence: loop telemetry. Uncertainty: dynamic ISF interaction. Dependencies: automation settings.
real_gemini35flashlite_50,run_008,profile.target.00_00,profile,True,90 mg/dL,keep,90 mg/dL,Target is appropriate for overnight control. Evidence: overnight TIR. Uncertainty: nighttime lows. Dependencies: none.
real_gemini35flashlite_50,run_008,profile.target.08_00,profile,True,100 mg/dL,keep,100 mg/dL,Target supports safe daytime operation. Evidence: telemetry. Uncertainty: none. Dependencies: none.
real_gemini35flashlite_50,run_008,profile.target.23_00,profile,True,90 mg/dL,keep,90 mg/dL,Target supports safe evening transition. Evidence: telemetry. Uncertainty: none. Dependencies: none.
real_gemini35flashlite_50,run_008,profile.dia,profile,True,10 h,keep,10 h,10-hour DIA provides conservative insulin stacking protection in closed loop. Evidence: safety settings. Uncertainty: insulin kinetics. Dependencies: none.
real_gemini35flashlite_50,run_008,aaps.core.smb_uam,aaps,True,smb_enabled=true; uam_enabled=true,keep,smb_enabled=true; uam_enabled=true, SMB and UAM are functioning as the core mechanism for unannounced meal handling. Evidence: loop logs. Uncertainty: none. Dependencies: none.
real_gemini35flashlite_50,run_008,aaps.core.smb_activation,aaps,True,smb_always_enabled=true; smb_with_cob_enabled=false; smb_after_carbs_enabled=false; smb_with_temp_target_enabled=true; smb_with_high_temp_target_enabled=false,keep,smb_always_enabled=true; smb_with_cob_enabled=false; smb_after_carbs_enabled=false; smb_with_temp_target_enabled=true; smb_with_high_temp_target_enabled=false,Activation settings align with unannounced meal operation. Evidence: profile config. Uncertainty: none. Dependencies: none.
real_gemini35flashlite_50,run_008,aaps.core.smb_delivery,aaps,True,smb_interval_minutes=3 min; max_smb_basal_minutes=15 min; max_uam_smb_basal_minutes=20 min,keep,smb_interval_minutes=3 min; max_smb_basal_minutes=15 min; max_uam_smb_basal_minutes=20 min,Delivery timing is standard for Oref1 microbolusing. Evidence: profile config. Uncertainty: none. Dependencies: none.
real_gemini35flashlite_50,run_008,aaps.core.safety_limits,aaps,True,max_basal_u_per_hour=12 U/h; max_iob_units=25 U,keep,max_basal_u_per_hour=12 U/h; max_iob_units=25 U,"High limits provide headroom, though max IOB should be reviewed against total daily dose. Evidence: safety config. Uncertainty: risk exposure. Dependencies: none."
real_gemini35flashlite_50,run_008,aaps.core.sensitivity,aaps,True,autosens_enabled=false; dynamic_sensitivity_enabled=true; autosens_raises_target=false; autosens_lowers_target=false; dynamic_isf_adjustment_factor_percent=70 %,keep,autosens_enabled=false; dynamic_sensitivity_enabled=true; autosens_raises_target=false; autosens_lowers_target=false; dynamic_isf_adjustment_factor_percent=70 %,Dynamic ISF at 70% effectively flexes insulin sensitivity during glucose ascent. Evidence: loop logs. Uncertainty: none. Dependencies: none.
real_gemini35flashlite_50,run_008,aaps.core.carb_absorption,aaps,True,min_5m_carbimpact=8 mg/dL/5 min; meal_max_absorption_hours=7 h,keep,min_5m_carbimpact=8 mg/dL/5 min; meal_max_absorption_hours=7 h,Absorption parameters support UAM detection. Evidence: profile config. Uncertainty: none. Dependencies: none.
real_gemini35flashlite_50,run_009,profile.basal.00_00,profile,True,0.6 U/h,keep,0.6 U/h,Maintains overall overnight stability; keep current while monitoring early-night dips.
real_gemini35flashlite_50,run_009,profile.basal.05_00,profile,True,0.7 U/h,keep,0.7 U/h,Appropriate morning stepping; supported by stable morning fasting glucose.
real_gemini35flashlite_50,run_009,profile.basal.06_00,profile,True,0.8 U/h,keep,0.8 U/h,Adequately covers early morning dawn phenomenon rise.
real_gemini35flashlite_50,run_009,profile.basal.10_00,profile,True,0.7 U/h,keep,0.7 U/h,Maintains stable mid-day basal delivery.
real_gemini35flashlite_50,run_009,profile.basal.16_00,profile,True,0.5 U/h,keep,0.5 U/h,Matches afternoon baseline requirements before evening transitions.
real_gemini35flashlite_50,run_009,profile.basal.18_00,profile,True,0.6 U/h,keep,0.6 U/h,Provides stable pre-evening basal coverage.
real_gemini35flashlite_50,run_009,profile.basal.19_00,profile,True,0.7 U/h,keep,0.7 U/h,Covers evening baseline needs effectively.
real_gemini35flashlite_50,run_009,profile.cr.00_00,profile,True,13 g/U,keep,13 g/U,No manual carb entries to evaluate CR performance; keep current pending meal logging verification.
real_gemini35flashlite_50,run_009,profile.cr.04_00,profile,True,11.1 g/U,keep,11.1 g/U,Maintains consistent early morning carb ratio.
real_gemini35flashlite_50,run_009,profile.cr.08_00,profile,True,13.2 g/U,keep,13.2 g/U,Appropriate daytime carb ratio for unannounced meal loop handling.
real_gemini35flashlite_50,run_009,profile.cr.16_00,profile,True,10.5 g/U,keep,10.5 g/U,Maintains appropriate evening sensitivity ratio.
real_gemini35flashlite_50,run_009,profile.cr.20_00,profile,True,12.6 g/U,keep,12.6 g/U,Maintains late-night carb ratio stability.
real_gemini35flashlite_50,run_009,profile.isf.00_00,profile,True,56 mg/dL/U,keep,56 mg/dL/U,Dynamic ISF is actively compensating for flat profile ISF; keep current until segmented ISF testing is clinically justified.
real_gemini35flashlite_50,run_009,profile.target.00_00,profile,True,90 mg/dL,keep,90 mg/dL,Appropriate overnight target supporting safe loop operation.
real_gemini35flashlite_50,run_009,profile.target.08_00,profile,True,100 mg/dL,keep,100 mg/dL,Maintains safe daytime target supporting automated microbolusing.
real_gemini35flashlite_50,run_009,profile.target.23_00,profile,True,90 mg/dL,keep,90 mg/dL,Maintains appropriate late evening target.
real_gemini35flashlite_50,run_009,profile.dia,profile,True,10 h,keep,10 h,10-hour duration of insulin activity is appropriate for adult closed-loop safety with rapid-acting insulin.
real_gemini35flashlite_50,run_009,aaps.core.smb_uam,aaps,True,smb_enabled=true; uam_enabled=true,keep,smb_enabled=true; uam_enabled=true,Essential for managing unannounced meals given the complete absence of manual carb entries.
real_gemini35flashlite_50,run_009,aaps.core.smb_activation,aaps,True,smb_always_enabled=true; smb_with_cob_enabled=false; smb_after_carbs_enabled=false; smb_with_temp_target_enabled=true; smb_with_high_temp_target_enabled=false,keep,smb_always_enabled=true; smb_with_cob_enabled=false; smb_after_carbs_enabled=false; smb_with_temp_target_enabled=true; smb_with_high_temp_target_enabled=false,Configurations align properly with unannounced meal operating strategy.
real_gemini35flashlite_50,run_009,aaps.core.smb_delivery,aaps,True,smb_interval_minutes=3 min; max_smb_basal_minutes=15 min; max_uam_smb_basal_minutes=20 min,keep,smb_interval_minutes=3 min; max_smb_basal_minutes=15 min; max_uam_smb_basal_minutes=20 min,Delivery parameters support responsive microbolusing without excessive aggressiveness.
real_gemini35flashlite_50,run_009,aaps.core.safety_limits,aaps,True,max_basal_u_per_hour=12 U/h; max_iob_units=25 U,keep,max_basal_u_per_hour=12 U/h; max_iob_units=25 U,Safety boundaries are set correctly as upper limits.
real_gemini35flashlite_50,run_009,aaps.core.sensitivity,aaps,True,autosens_enabled=false; dynamic_sensitivity_enabled=true; autosens_raises_target=false; autosens_lowers_target=false; dynamic_isf_adjustment_factor_percent=70 %,keep,autosens_enabled=false; dynamic_sensitivity_enabled=true; autosens_raises_target=false; autosens_lowers_target=false; dynamic_isf_adjustment_factor_percent=70 %,Dynamic ISF at 70% effectively bridges profile ISF rigidity during dynamic glucose excursions.
real_gemini35flashlite_50,run_009,aaps.core.carb_absorption,aaps,True,min_5m_carbimpact=8 mg/dL/5 min; meal_max_absorption_hours=7 h,keep,min_5m_carbimpact=8 mg/dL/5 min; meal_max_absorption_hours=7 h,Carb impact and absorption limits appropriately support UAM detection.
real_gemini35flashlite_50,run_010,profile.basal.00_00,profile,True,0.6 U/h,keep,0.6 U/h,"Nighttime lows occur around midnight, but keeping basal active while carb logging is initiated avoids altering multiple variables simultaneously."
real_gemini35flashlite_50,run_010,profile.basal.05_00,profile,True,0.7 U/h,keep,0.7 U/h,Early morning stability is adequate; no evidence supports changing this segment without carb logging.
real_gemini35flashlite_50,run_010,profile.basal.06_00,profile,True,0.8 U/h,keep,0.8 U/h,Morning basal maintains stable fasting levels prior to morning rise.
real_gemini35flashlite_50,run_010,profile.basal.10_00,profile,True,0.7 U/h,keep,0.7 U/h,Mid-day basal rate is stable; afternoon peaks correlate with GLP-1 delayed absorption rather than basal deficit alone.
real_gemini35flashlite_50,run_010,profile.basal.16_00,profile,True,0.5 U/h,keep,0.5 U/h,Afternoon basal is set appropriately low; afternoon highs require observation of meal absorption kinetics.
real_gemini35flashlite_50,run_010,profile.basal.18_00,profile,True,0.6 U/h,keep,0.6 U/h,Evening basal transition supports evening glucose trends.
real_gemini35flashlite_50,run_010,profile.basal.19_00,profile,True,0.7 U/h,keep,0.7 U/h,Maintains stability into the night.
real_gemini35flashlite_50,run_010,profile.cr.00_00,profile,True,13 g/U,keep,13 g/U,Cannot evaluate carb ratio effectively without logged carbohydrate entries.
real_gemini35flashlite_50,run_010,profile.cr.04_00,profile,True,11.1 g/U,keep,11.1 g/U,Requires carb entry data for validation.
real_gemini35flashlite_50,run_010,profile.cr.08_00,profile,True,13.2 g/U,keep,13.2 g/U,Requires carb entry data for validation.
real_gemini35flashlite_50,run_010,profile.cr.16_00,profile,True,10.5 g/U,keep,10.5 g/U,Requires carb entry data for validation.
real_gemini35flashlite_50,run_010,profile.cr.20_00,profile,True,12.6 g/U,keep,12.6 g/U,Requires carb entry data for validation.
real_gemini35flashlite_50,run_010,profile.isf.00_00,profile,True,56 mg/dL/U,keep,56 mg/dL/U,Flat ISF operates in conjunction with dynamic sensitivity (70%); changing ISF without carb logs is premature.
real_gemini35flashlite_50,run_010,profile.target.00_00,profile,True,90 mg/dL,keep,90 mg/dL,Target is appropriately conservative for closed-loop operation.
real_gemini35flashlite_50,run_010,profile.target.08_00,profile,True,100 mg/dL,keep,100 mg/dL,Daytime target provides safe buffer against lows.
real_gemini35flashlite_50,run_010,profile.target.23_00,profile,True,90 mg/dL,keep,90 mg/dL,Nighttime target aligns with 00:00 target segment.
real_gemini35flashlite_50,run_010,profile.dia,profile,True,10 h,keep,10 h,"10-hour DIA supports safe insulin stacking prevention alongside closed-loop automation, pending carb entry data."
real_gemini35flashlite_50,run_010,aaps.core.smb_uam,aaps,True,smb_enabled=true; uam_enabled=true,keep,smb_enabled=true; uam_enabled=true,Automation features are functioning correctly to manage unannounced excursions.
real_gemini35flashlite_50,run_010,aaps.core.smb_activation,aaps,True,smb_always_enabled=true; smb_with_cob_enabled=false; smb_after_carbs_enabled=false; smb_with_temp_target_enabled=true; smb_with_high_temp_target_enabled=false,keep,smb_always_enabled=true; smb_with_cob_enabled=false; smb_after_carbs_enabled=false; smb_with_temp_target_enabled=true; smb_with_high_temp_target_enabled=false,Current activation settings support UAM-driven micro-bolusing in the absence of carb entries.
real_gemini35flashlite_50,run_010,aaps.core.smb_delivery,aaps,True,smb_interval_minutes=3 min; max_smb_basal_minutes=15 min; max_uam_smb_basal_minutes=20 min,keep,smb_interval_minutes=3 min; max_smb_basal_minutes=15 min; max_uam_smb_basal_minutes=20 min,Delivery intervals and limits are appropriately configured.
real_gemini35flashlite_50,run_010,aaps.core.safety_limits,aaps,True,max_basal_u_per_hour=12 U/h; max_iob_units=25 U,keep,max_basal_u_per_hour=12 U/h; max_iob_units=25 U,Safety ceilings are wide and protect against restriction while maintaining safety bounds.
real_gemini35flashlite_50,run_010,aaps.core.sensitivity,aaps,True,autosens_enabled=false; dynamic_sensitivity_enabled=true; autosens_raises_target=false; autosens_lowers_target=false; dynamic_isf_adjustment_factor_percent=70 %,keep,autosens_enabled=false; dynamic_sensitivity_enabled=true; autosens_raises_target=false; autosens_lowers_target=false; dynamic_isf_adjustment_factor_percent=70 %,Dynamic ISF at 70% provides necessary responsiveness for variable absorption.
real_gemini35flashlite_50,run_010,aaps.core.carb_absorption,aaps,True,min_5m_carbimpact=8 mg/dL/5 min; meal_max_absorption_hours=7 h,keep,min_5m_carbimpact=8 mg/dL/5 min; meal_max_absorption_hours=7 h,7-hour max absorption correctly accommodates delayed gastric emptying from GLP-1 therapy.
real_gemini35flashlite_50,run_011,profile.basal.00_00,profile,True,0.6 U/h,keep,0.6 U/h,Overnight basal is effective at holding flat lines; evening dips are related to insulin stacking from unannounced afternoon events rather than overnight basal excess. Evidence: overnight average glucose 90-106 mg/dL. Uncertainty: unannounced evening activity. Dependencies: none.
real_gemini35flashlite_50,run_011,profile.basal.05_00,profile,True,0.7 U/h,keep,0.7 U/h,Early morning basal segment maintains stable glucose prior to morning rise. Evidence: stable morning hourly glucose. Uncertainty: none. Dependencies: none.
real_gemini35flashlite_50,run_011,profile.basal.06_00,profile,True,0.8 U/h,keep,0.8 U/h,Appropriately supports morning insulin demand. Evidence: stable glucose profiles around morning hours. Uncertainty: none. Dependencies: none.
real_gemini35flashlite_50,run_011,profile.basal.10_00,profile,True,0.7 U/h,keep,0.7 U/h,Midday basal maintains stable baseline. Evidence: hourly glucose averages. Uncertainty: unannounced midday meals. Dependencies: none.
real_gemini35flashlite_50,run_011,profile.basal.16_00,profile,True,0.5 U/h,keep,0.5 U/h,"Afternoon basal rate is set appropriately low, though UAM microboluses frequently override it during unannounced excursions. Evidence: hourly glucose trends. Uncertainty: exact meal timing. Dependencies: none."
real_gemini35flashlite_50,run_011,profile.basal.18_00,profile,True,0.6 U/h,keep,0.6 U/h,Maintains appropriate evening baseline. Evidence: hourly glucose averages. Uncertainty: none. Dependencies: none.
real_gemini35flashlite_50,run_011,profile.basal.19_00,profile,True,0.7 U/h,keep,0.7 U/h,Holds evening glucose steady ahead of night hours. Evidence: hourly averages. Uncertainty: none. Dependencies: none.
real_gemini35flashlite_50,run_011,profile.cr.00_00,profile,True,13 g/U,keep,13 g/U,Carb ratio cannot be validly assessed without logged meal data. Evidence: zero carb entries. Uncertainty: high due to unannounced meals. Dependencies: none.
real_gemini35flashlite_50,run_011,profile.cr.04_00,profile,True,11.1 g/U,keep,11.1 g/U,Requires recorded meal data for evaluation. Evidence: zero carb entries. Uncertainty: high. Dependencies: none.
real_gemini35flashlite_50,run_011,profile.cr.08_00,profile,True,13.2 g/U,keep,13.2 g/U,Requires recorded meal data for evaluation. Evidence: zero carb entries. Uncertainty: high. Dependencies: none.
real_gemini35flashlite_50,run_011,profile.cr.16_00,profile,True,10.5 g/U,keep,10.5 g/U,Requires recorded meal data for evaluation. Evidence: zero carb entries. Uncertainty: high. Dependencies: none.
real_gemini35flashlite_50,run_011,profile.cr.20_00,profile,True,12.6 g/U,keep,12.6 g/U,Requires recorded meal data for evaluation. Evidence: zero carb entries. Uncertainty: high. Dependencies: none.
real_gemini35flashlite_50,run_011,profile.isf.00_00,profile,True,56 mg/dL/U,keep,56 mg/dL/U,Flat ISF works in conjunction with dynamic ISF; changing it without resolving meal logging would introduce confounding variables. Evidence: therapy response windows show mixed correction efficacy. Uncertainty: unannounced meal impacts. Dependencies: none.
real_gemini35flashlite_50,run_011,profile.target.00_00,profile,True,90 mg/dL,keep,90 mg/dL,Overnight target of 90 mg/dL is appropriate for closed-loop operation. Evidence: stable overnight TIR. Uncertainty: none. Dependencies: none.
real_gemini35flashlite_50,run_011,profile.target.08_00,profile,True,100 mg/dL,keep,100 mg/dL,Daytime target of 100 mg/dL provides a safe buffer against postprandial variability. Evidence: stable overall TIR. Uncertainty: none. Dependencies: none.
real_gemini35flashlite_50,run_011,profile.target.23_00,profile,True,90 mg/dL,keep,90 mg/dL,Late night target maintains safe transition to overnight control. Evidence: stable night glucose. Uncertainty: none. Dependencies: none.
real_gemini35flashlite_50,run_011,profile.dia,profile,True,10 h,keep,10 h,A 10-hour DIA is long but appropriate for oref1 safety when frequent automated corrections occur. Evidence: package settings. Uncertainty: insulin tail duration. Dependencies: none.
real_gemini35flashlite_50,run_011,aaps.core.smb_uam,aaps,True,smb_enabled=true; uam_enabled=true,keep,smb_enabled=true; uam_enabled=true,Essential for managing unannounced glucose excursions given the lack of meal logging. Evidence: active automation settings. Uncertainty: none. Dependencies: none.
real_gemini35flashlite_50,run_011,aaps.core.smb_activation,aaps,True,smb_always_enabled=true; smb_with_cob_enabled=false; smb_after_carbs_enabled=false; smb_with_temp_target_enabled=true; smb_with_high_temp_target_enabled=false,keep,smb_always_enabled=true; smb_with_cob_enabled=false; smb_after_carbs_enabled=false; smb_with_temp_target_enabled=true; smb_with_high_temp_target_enabled=false,Appropriate for an unannounced meal workflow. Evidence: active settings. Uncertainty: none. Dependencies: none.
real_gemini35flashlite_50,run_011,aaps.core.smb_delivery,aaps,True,smb_interval_minutes=3 min; max_smb_basal_minutes=15 min; max_uam_smb_basal_minutes=20 min,keep,smb_interval_minutes=3 min; max_smb_basal_minutes=15 min; max_uam_smb_basal_minutes=20 min,Provides necessary responsiveness for automated microboluses. Evidence: active settings. Uncertainty: none. Dependencies: none.
real_gemini35flashlite_50,run_011,aaps.core.safety_limits,aaps,True,max_basal_u_per_hour=12 U/h; max_iob_units=25 U,keep,max_basal_u_per_hour=12 U/h; max_iob_units=25 U,Safety ceilings are wide and appropriate to prevent restriction of automated corrections during spikes. Evidence: active settings. Uncertainty: none. Dependencies: none.
real_gemini35flashlite_50,run_011,aaps.core.sensitivity,aaps,True,autosens_enabled=false; dynamic_sensitivity_enabled=true; autosens_raises_target=false; autosens_lowers_target=false; dynamic_isf_adjustment_factor_percent=70 %,keep,autosens_enabled=false; dynamic_sensitivity_enabled=true; autosens_raises_target=false; autosens_lowers_target=false; dynamic_isf_adjustment_factor_percent=70 %,"Dynamic ISF actively responds to glucose velocity, but should be re-evaluated only after meal logging is established. Evidence: active settings. Uncertainty: stacking risk. Dependencies: none."
real_gemini35flashlite_50,run_011,aaps.core.carb_absorption,aaps,True,min_5m_carbimpact=8 mg/dL/5 min; meal_max_absorption_hours=7 h,keep,min_5m_carbimpact=8 mg/dL/5 min; meal_max_absorption_hours=7 h,Appropriate for modeling unannounced absorption under UAM. Evidence: active settings. Uncertainty: none. Dependencies: none.
real_gemini35flashlite_50,run_012,profile.basal.00_00,profile,True,0.6 U/h,keep,0.6 U/h,Overnight glucose stability is strong with averages near 90-93 mg/dL. Evidence supports keeping current basal rate.
real_gemini35flashlite_50,run_012,profile.basal.05_00,profile,True,0.7 U/h,keep,0.7 U/h,Early morning fasting glucose remains well-controlled. No evidence of nocturnal drift requiring adjustment.
real_gemini35flashlite_50,run_012,profile.basal.06_00,profile,True,0.8 U/h,keep,0.8 U/h,Morning basal segment maintains stable glucose prior to morning rise. Change is unsupported.
real_gemini35flashlite_50,run_012,profile.basal.10_00,profile,True,0.7 U/h,keep,0.7 U/h,Midday basal levels are supported by closed-loop micro-bolusing and dynamic sensitivity.
real_gemini35flashlite_50,run_012,profile.basal.16_00,profile,True,0.5 U/h,keep,0.5 U/h,Afternoon hyperglycemia is driven by unannounced meals rather than basal under-delivery. Basal change is unjustified.
real_gemini35flashlite_50,run_012,profile.basal.18_00,profile,True,0.6 U/h,keep,0.6 U/h,Current basal rate is adequate during evening transition. Change is withheld pending meal logging evaluation.
real_gemini35flashlite_50,run_012,profile.basal.19_00,profile,True,0.7 U/h,keep,0.7 U/h,Evening basal segment maintains acceptable control. No conflicting evidence requires alteration.
real_gemini35flashlite_50,run_012,profile.cr.00_00,profile,True,13 g/U,keep,13 g/U,Absence of logged carb entries prevents audit of carb ratios. Current value must be kept.
real_gemini35flashlite_50,run_012,profile.cr.04_00,profile,True,11.1 g/U,keep,11.1 g/U,Carb ratio cannot be evaluated without manual meal data. Keeping current value avoids premature changes.
real_gemini35flashlite_50,run_012,profile.cr.08_00,profile,True,13.2 g/U,keep,13.2 g/U,No meal records exist to test daytime carb ratios. Current setting is retained.
real_gemini35flashlite_50,run_012,profile.cr.16_00,profile,True,10.5 g/U,keep,10.5 g/U,Afternoon spikes relate to unannounced meal absorption rather than validated CR error. Keep current value.
real_gemini35flashlite_50,run_012,profile.cr.20_00,profile,True,12.6 g/U,keep,12.6 g/U,Evening carb ratio lacks direct verification data. Keep current value.
real_gemini35flashlite_50,run_012,profile.isf.00_00,profile,True,56 mg/dL/U,keep,56 mg/dL/U,"Although flat, Dynamic ISF (70%) actively adjusts sensitivity in real time. Changing base ISF without isolating meal effects is unjustified."
real_gemini35flashlite_50,run_012,profile.target.00_00,profile,True,90 mg/dL,keep,90 mg/dL,Overnight target of 90 mg/dL supports stable fasting control. Keep current setting.
real_gemini35flashlite_50,run_012,profile.target.08_00,profile,True,100 mg/dL,keep,100 mg/dL,Daytime target of 100 mg/dL provides a safe buffer during active hours. Keep current setting.
real_gemini35flashlite_50,run_012,profile.target.23_00,profile,True,90 mg/dL,keep,90 mg/dL,Night target transition maintains stable late-evening glucose. Keep current setting.
real_gemini35flashlite_50,run_012,profile.dia,profile,True,10 h,keep,10 h,10-hour DIA provides conservative insulin stacking protection alongside GLP-1 use. Keep current setting.
real_gemini35flashlite_50,run_012,aaps.core.smb_uam,aaps,True,smb_enabled=true; uam_enabled=true,keep,smb_enabled=true; uam_enabled=true,Both SMB and UAM are appropriately enabled to support unannounced meal handling.
real_gemini35flashlite_50,run_012,aaps.core.smb_activation,aaps,True,smb_always_enabled=true; smb_with_cob_enabled=false; smb_after_carbs_enabled=false; smb_with_temp_target_enabled=true; smb_with_high_temp_target_enabled=false,keep,smb_always_enabled=true; smb_with_cob_enabled=false; smb_after_carbs_enabled=false; smb_with_temp_target_enabled=true; smb_with_high_temp_target_enabled=false,Activation conditions match the unannounced meal strategy. Keep current configuration.
real_gemini35flashlite_50,run_012,aaps.core.smb_delivery,aaps,True,smb_interval_minutes=3 min; max_smb_basal_minutes=15 min; max_uam_smb_basal_minutes=20 min,keep,smb_interval_minutes=3 min; max_smb_basal_minutes=15 min; max_uam_smb_basal_minutes=20 min,Delivery intervals and caps provide balanced automated responsiveness without excessive insulin stacking.
real_gemini35flashlite_50,run_012,aaps.core.safety_limits,aaps,True,max_basal_u_per_hour=12 U/h; max_iob_units=25 U,keep,max_basal_u_per_hour=12 U/h; max_iob_units=25 U,Safety ceilings are appropriately configured. Keep current limits.
real_gemini35flashlite_50,run_012,aaps.core.sensitivity,aaps,True,autosens_enabled=false; dynamic_sensitivity_enabled=true; autosens_raises_target=false; autosens_lowers_target=false; dynamic_isf_adjustment_factor_percent=70 %,keep,autosens_enabled=false; dynamic_sensitivity_enabled=true; autosens_raises_target=false; autosens_lowers_target=false; dynamic_isf_adjustment_factor_percent=70 %,Dynamic ISF at 70% effectively compensates for flat profile ISF during glucose fluctuations.
real_gemini35flashlite_50,run_012,aaps.core.carb_absorption,aaps,True,min_5m_carbimpact=8 mg/dL/5 min; meal_max_absorption_hours=7 h,keep,min_5m_carbimpact=8 mg/dL/5 min; meal_max_absorption_hours=7 h,Absorption settings align with slow digestion patterns and concurrent GLP-1 therapy.
real_gemini35flashlite_50,run_013,profile.basal.00_00,profile,True,0.6 U/h,keep,0.6 U/h,"Maintains overnight stability. Evidence shows good fasting control, and changing basal without resolving meal logging and GLP-1 variables carries hypoglycemia risk."
real_gemini35flashlite_50,run_013,profile.basal.05_00,profile,True,0.7 U/h,keep,0.7 U/h,Adequate early morning control. Evidence supports keeping current rate until meal-announced data is evaluated.
real_gemini35flashlite_50,run_013,profile.basal.06_00,profile,True,0.8 U/h,keep,0.8 U/h,Supports morning rise prevention. Uncertainty around morning dawn phenomenon vs. unannounced intake advises holding current settings.
real_gemini35flashlite_50,run_013,profile.basal.10_00,profile,True,0.7 U/h,keep,0.7 U/h,Maintains daytime mid-morning stability. Afternoon drifts are primarily postprandial/UAM related rather than pure basal deficit.
real_gemini35flashlite_50,run_013,profile.basal.16_00,profile,True,0.5 U/h,keep,0.5 U/h,Afternoon basal rate is supported by active dynamic ISF and SMB automation handling postprandial absorption.
real_gemini35flashlite_50,run_013,profile.basal.18_00,profile,True,0.6 U/h,keep,0.6 U/h,Evening basal transition maintains safe control prior to late-night drop windows.
real_gemini35flashlite_50,run_013,profile.basal.19_00,profile,True,0.7 U/h,keep,0.7 U/h,Maintains evening stability while guarding against late-night stacking hypoglycemia.
real_gemini35flashlite_50,run_013,profile.cr.00_00,profile,True,13 g/U,keep,13 g/U,Zero explicit carb entries prevent calculating operational CR; current value must be retained until meal logging is established.
real_gemini35flashlite_50,run_013,profile.cr.04_00,profile,True,11.1 g/U,keep,11.1 g/U,Retain current segment pending explicit meal data verification.
real_gemini35flashlite_50,run_013,profile.cr.08_00,profile,True,13.2 g/U,keep,13.2 g/U,Retain current segment pending explicit meal data verification.
real_gemini35flashlite_50,run_013,profile.cr.16_00,profile,True,10.5 g/U,keep,10.5 g/U,Retain current segment pending explicit meal data verification.
real_gemini35flashlite_50,run_013,profile.cr.20_00,profile,True,12.6 g/U,keep,12.6 g/U,Retain current segment pending explicit meal data verification.
real_gemini35flashlite_50,run_013,profile.isf.00_00,profile,True,56 mg/dL/U,keep,56 mg/dL/U,"Flat ISF of 56 mg/dL/U interacts with 10-hour DIA; however, since dynamic ISF (70%) and UAM/SMB automation actively compensate, changing ISF without meal-entry baseline data carries high risk of hypoglycemia."
real_gemini35flashlite_50,run_013,profile.target.00_00,profile,True,90 mg/dL,keep,90 mg/dL,Nighttime target of 90 mg/dL is appropriate for closed-loop operation when balanced against hypoglycemia risk.
real_gemini35flashlite_50,run_013,profile.target.08_00,profile,True,100 mg/dL,keep,100 mg/dL,Daytime target of 100 mg/dL provides a safe buffer against postprandial variability.
real_gemini35flashlite_50,run_013,profile.target.23_00,profile,True,90 mg/dL,keep,90 mg/dL,Late evening target matches nighttime safety goals.
real_gemini35flashlite_50,run_013,profile.dia,profile,True,10 h,keep,10 h,"A 10-hour DIA provides conservative insulin overlap protection during automated micro-bolusing, helping mitigate severe hypoglycemia risk."
real_gemini35flashlite_50,run_013,aaps.core.smb_uam,aaps,True,smb_enabled=true; uam_enabled=true,keep,smb_enabled=true; uam_enabled=true,Essential for managing unannounced meals given the absence of explicit carb entries.
real_gemini35flashlite_50,run_013,aaps.core.smb_activation,aaps,True,smb_always_enabled=true; smb_with_cob_enabled=false; smb_after_carbs_enabled=false; smb_with_temp_target_enabled=true; smb_with_high_temp_target_enabled=false,keep,smb_always_enabled=true; smb_with_cob_enabled=false; smb_after_carbs_enabled=false; smb_with_temp_target_enabled=true; smb_with_high_temp_target_enabled=false,Current activation rules align with a workflow driven by UAM and SMB rather than explicit COB tracking.
real_gemini35flashlite_50,run_013,aaps.core.smb_delivery,aaps,True,smb_interval_minutes=3 min; max_smb_basal_minutes=15 min; max_uam_smb_basal_minutes=20 min,keep,smb_interval_minutes=3 min; max_smb_basal_minutes=15 min; max_uam_smb_basal_minutes=20 min,Conservative interval and basal minute caps prevent runaway insulin delivery during automated dosing.
real_gemini35flashlite_50,run_013,aaps.core.safety_limits,aaps,True,max_basal_u_per_hour=12 U/h; max_iob_units=25 U,keep,max_basal_u_per_hour=12 U/h; max_iob_units=25 U,Wide safety limits do not restrict normal closed-loop operation while providing adequate system headroom.
real_gemini35flashlite_50,run_013,aaps.core.sensitivity,aaps,True,autosens_enabled=false; dynamic_sensitivity_enabled=true; autosens_raises_target=false; autosens_lowers_target=false; dynamic_isf_adjustment_factor_percent=70 %,keep,autosens_enabled=false; dynamic_sensitivity_enabled=true; autosens_raises_target=false; autosens_lowers_target=false; dynamic_isf_adjustment_factor_percent=70 %,Dynamic ISF at 70% provides necessary real-time tightening during glucose rises without requiring autosens scaling.
real_gemini35flashlite_50,run_013,aaps.core.carb_absorption,aaps,True,min_5m_carbimpact=8 mg/dL/5 min; meal_max_absorption_hours=7 h,keep,min_5m_carbimpact=8 mg/dL/5 min; meal_max_absorption_hours=7 h,"Standard absorption parameters accommodate slow absorption kinetics, particularly relevant during GLP-1 therapy days."
real_gemini35flashlite_50,run_014,profile.basal.00_00,profile,True,0.6 U/h,keep,0.6 U/h,Overnight baseline is stable with good fasting control; no evidence of overnight drift requiring adjustment.
real_gemini35flashlite_50,run_014,profile.basal.05_00,profile,True,0.7 U/h,keep,0.7 U/h,Early morning basal segment maintains stable glucose levels prior to waking.
real_gemini35flashlite_50,run_014,profile.basal.06_00,profile,True,0.8 U/h,keep,0.8 U/h,Morning basal rate adequately supports dawn phenomenon without inducing hypoglycemia.
real_gemini35flashlite_50,run_014,profile.basal.10_00,profile,True,0.7 U/h,keep,0.7 U/h,Midday basal rate provides stable background insulin; afternoon elevations are driven by unannounced meal absorption rather than basal deficit.
real_gemini35flashlite_50,run_014,profile.basal.16_00,profile,True,0.5 U/h,keep,0.5 U/h,Late afternoon basal rate is appropriate; changing settings during unrecorded meal patterns risks increasing variability.
real_gemini35flashlite_50,run_014,profile.basal.18_00,profile,True,0.6 U/h,keep,0.6 U/h,Evening basal segment maintains stable transition into nighttime.
real_gemini35flashlite_50,run_014,profile.basal.19_00,profile,True,0.7 U/h,keep,0.7 U/h,Nighttime basal rate provides adequate coverage into the evening hours.
real_gemini35flashlite_50,run_014,profile.cr.00_00,profile,True,13 g/U,keep,13 g/U,Carbohydrate ratio cannot be directly evaluated without logged meal treatment data.
real_gemini35flashlite_50,run_014,profile.cr.04_00,profile,True,11.1 g/U,keep,11.1 g/U,No meal entries available to validate early morning carb ratio segment.
real_gemini35flashlite_50,run_014,profile.cr.08_00,profile,True,13.2 g/U,keep,13.2 g/U,Maintaining current CR pending meal logging consistency.
real_gemini35flashlite_50,run_014,profile.cr.16_00,profile,True,10.5 g/U,keep,10.5 g/U,Afternoon CR segment should remain unchanged until carb entry data is established.
real_gemini35flashlite_50,run_014,profile.cr.20_00,profile,True,12.6 g/U,keep,12.6 g/U,Evening CR segment is consistent with overall loop performance.
real_gemini35flashlite_50,run_014,profile.isf.00_00,profile,True,56 mg/dL/U,keep,56 mg/dL/U,Flat ISF of 56 mg/dL/U paired with dynamic ISF (70%) effectively manages glycemic variability without requiring static profile changes.
real_gemini35flashlite_50,run_014,profile.target.00_00,profile,True,90 mg/dL,keep,90 mg/dL,Target of 90 mg/dL supports safe glycemic control.
real_gemini35flashlite_50,run_014,profile.target.08_00,profile,True,100 mg/dL,keep,100 mg/dL,Daytime target of 100 mg/dL is appropriate and safe.
real_gemini35flashlite_50,run_014,profile.target.23_00,profile,True,90 mg/dL,keep,90 mg/dL,Late evening target maintains appropriate closure for overnight control.
real_gemini35flashlite_50,run_014,profile.dia,profile,True,10 h,keep,10 h,10-hour DIA provides conservative insulin stacking protection appropriate for closed-loop operation.
real_gemini35flashlite_50,run_014,aaps.core.smb_uam,aaps,True,smb_enabled=true; uam_enabled=true,keep,smb_enabled=true; uam_enabled=true,Both SMB and UAM are correctly enabled to manage unannounced glucose rises.
real_gemini35flashlite_50,run_014,aaps.core.smb_activation,aaps,True,smb_always_enabled=true; smb_with_cob_enabled=false; smb_after_carbs_enabled=false; smb_with_temp_target_enabled=true; smb_with_high_temp_target_enabled=false,keep,smb_always_enabled=true; smb_with_cob_enabled=false; smb_after_carbs_enabled=false; smb_with_temp_target_enabled=true; smb_with_high_temp_target_enabled=false,Activation conditions align with a workflow relying on UAM and microboluses without manual carb announcements.
real_gemini35flashlite_50,run_014,aaps.core.smb_delivery,aaps,True,smb_interval_minutes=3 min; max_smb_basal_minutes=15 min; max_uam_smb_basal_minutes=20 min,keep,smb_interval_minutes=3 min; max_smb_basal_minutes=15 min; max_uam_smb_basal_minutes=20 min,Delivery timing and caps provide responsive microbolus action without excessive stacking.
real_gemini35flashlite_50,run_014,aaps.core.safety_limits,aaps,True,max_basal_u_per_hour=12 U/h; max_iob_units=25 U,keep,max_basal_u_per_hour=12 U/h; max_iob_units=25 U,Safety ceilings are appropriately configured to prevent runaway insulin delivery.
real_gemini35flashlite_50,run_014,aaps.core.sensitivity,aaps,True,autosens_enabled=false; dynamic_sensitivity_enabled=true; autosens_raises_target=false; autosens_lowers_target=false; dynamic_isf_adjustment_factor_percent=70 %,keep,autosens_enabled=false; dynamic_sensitivity_enabled=true; autosens_raises_target=false; autosens_lowers_target=false; dynamic_isf_adjustment_factor_percent=70 %,Dynamic ISF successfully scales sensitivity based on glucose momentum to handle variability.
real_gemini35flashlite_50,run_014,aaps.core.carb_absorption,aaps,True,min_5m_carbimpact=8 mg/dL/5 min; meal_max_absorption_hours=7 h,keep,min_5m_carbimpact=8 mg/dL/5 min; meal_max_absorption_hours=7 h,Carb absorption parameters are stable for UAM tracking in the absence of explicit meal logs.
real_gemini35flashlite_50,run_015,profile.target.00_00,profile,True,90 mg/dL,change,95 mg/dL,Evidence shows 11%-18% time below range during early night hours under the 90 mg/dL target. Raising it to 95 mg/dL reduces nocturnal hypoglycemia risk. Uncertainty: individual basal sensitivity. Dependencies: safety overview.
real_gemini35flashlite_50,run_015,profile.basal.00_00,profile,True,0.6 U/h,keep,0.6 U/h,Basal rates are currently well-balanced with closed loop modulation; target adjustment should be evaluated first before changing basal. Evidence: stable fasting windows. Uncertainty: interaction with target change. Dependencies: target adjustment.
real_gemini35flashlite_50,run_015,profile.basal.05_00,profile,True,0.7 U/h,keep,0.7 U/h,Stable early morning glucose in-range percentages (89%-98%). Evidence: hourly glucose table. Uncertainty: none. Dependencies: none.
real_gemini35flashlite_50,run_015,profile.basal.06_00,profile,True,0.8 U/h,keep,0.8 U/h,Maintains good fasting stability in morning hours. Evidence: hourly glucose table. Uncertainty: none. Dependencies: none.
real_gemini35flashlite_50,run_015,profile.basal.10_00,profile,True,0.7 U/h,keep,0.7 U/h,Afternoon peaks are driven by unannounced meals rather than basal inadequacy. Evidence: therapy response windows. Uncertainty: meal timing. Dependencies: meal logging.
real_gemini35flashlite_50,run_015,profile.basal.16_00,profile,True,0.5 U/h,keep,0.5 U/h,Appropriate basal delivery during afternoon transition. Evidence: hourly telemetry. Uncertainty: none. Dependencies: none.
real_gemini35flashlite_50,run_015,profile.basal.18_00,profile,True,0.6 U/h,keep,0.6 U/h,Evening basal matches normal demand. Evidence: hourly telemetry. Uncertainty: none. Dependencies: none.
real_gemini35flashlite_50,run_015,profile.basal.19_00,profile,True,0.7 U/h,keep,0.7 U/h,Maintains stability into the night. Evidence: hourly telemetry. Uncertainty: none. Dependencies: none.
real_gemini35flashlite_50,run_015,profile.cr.00_00,profile,True,13 g/U,keep,13 g/U,Cannot audit CR without logged carb entries. Evidence: carb entries = 0. Uncertainty: high due to unannounced meals. Dependencies: user meal logging.
real_gemini35flashlite_50,run_015,profile.cr.04_00,profile,True,11.1 g/U,keep,11.1 g/U,No carb data available to evaluate adjustment. Evidence: carb entries = 0. Uncertainty: high. Dependencies: user meal logging.
real_gemini35flashlite_50,run_015,profile.cr.08_00,profile,True,13.2 g/U,keep,13.2 g/U,No carb data available. Evidence: carb entries = 0. Uncertainty: high. Dependencies: user meal logging.
real_gemini35flashlite_50,run_015,profile.cr.16_00,profile,True,10.5 g/U,keep,10.5 g/U,No carb data available. Evidence: carb entries = 0. Uncertainty: high. Dependencies: user meal logging.
real_gemini35flashlite_50,run_015,profile.cr.20_00,profile,True,12.6 g/U,keep,12.6 g/U,No carb data available. Evidence: carb entries = 0. Uncertainty: high. Dependencies: user meal logging.
real_gemini35flashlite_50,run_015,profile.isf.00_00,profile,True,56 mg/dL/U,keep,56 mg/dL/U,"Dynamic ISF (70% factor) actively adapts the static ISF during loop execution, compensating for the flat profile setting. Evidence: loop logs. Uncertainty: dynamic scaling behavior. Dependencies: automation settings."
real_gemini35flashlite_50,run_015,profile.target.08_00,profile,True,100 mg/dL,keep,100 mg/dL,Daytime target of 100 mg/dL is appropriate and safe. Evidence: daytime TIR. Uncertainty: none. Dependencies: none.
real_gemini35flashlite_50,run_015,profile.target.23_00,profile,True,90 mg/dL,keep,90 mg/dL,Maintaining current target until overnight target change is verified. Evidence: nocturnal telemetry. Uncertainty: none. Dependencies: target 00:00 change.
real_gemini35flashlite_50,run_015,profile.dia,profile,True,10 h,keep,10 h,10-hour DIA provides conservative insulin stacking protection for closed loop operation. Evidence: profile config. Uncertainty: none. Dependencies: safety limits.
real_gemini35flashlite_50,run_015,aaps.core.smb_uam,aaps,True,smb_enabled=true; uam_enabled=true,keep,smb_enabled=true; uam_enabled=true,Essential for handling unannounced meals given zero manual carb entries. Evidence: loop status logs. Uncertainty: none. Dependencies: none.
real_gemini35flashlite_50,run_015,aaps.core.smb_activation,aaps,True,smb_always_enabled=true; smb_with_cob_enabled=false; smb_after_carbs_enabled=false; smb_with_temp_target_enabled=true; smb_with_high_temp_target_enabled=false,keep,smb_always_enabled=true; smb_with_cob_enabled=false; smb_after_carbs_enabled=false; smb_with_temp_target_enabled=true; smb_with_high_temp_target_enabled=false,smb_always_enabled=true is required when carb entries are absent. Evidence: AAPS config. Uncertainty: none. Dependencies: SMB/UAM settings.
real_gemini35flashlite_50,run_015,aaps.core.smb_delivery,aaps,True,smb_interval_minutes=3 min; max_smb_basal_minutes=15 min; max_uam_smb_basal_minutes=20 min,keep,smb_interval_minutes=3 min; max_smb_basal_minutes=15 min; max_uam_smb_basal_minutes=20 min,Current delivery timing and limits provide responsive automated dosing. Evidence: loop logs. Uncertainty: none. Dependencies: safety limits.
real_gemini35flashlite_50,run_015,aaps.core.safety_limits,aaps,True,max_basal_u_per_hour=12 U/h; max_iob_units=25 U,keep,max_basal_u_per_hour=12 U/h; max_iob_units=25 U,Safe ceilings accommodating automated UAM responses. Evidence: safety settings. Uncertainty: none. Dependencies: none.
real_gemini35flashlite_50,run_015,aaps.core.sensitivity,aaps,True,autosens_enabled=false; dynamic_sensitivity_enabled=true; autosens_raises_target=false; autosens_lowers_target=false; dynamic_isf_adjustment_factor_percent=70 %,keep,autosens_enabled=false; dynamic_sensitivity_enabled=true; autosens_raises_target=false; autosens_lowers_target=false; dynamic_isf_adjustment_factor_percent=70 %,Dynamic ISF successfully adjusts sensitivity in real time. Evidence: loop telemetry. Uncertainty: none. Dependencies: profile ISF.
real_gemini35flashlite_50,run_015,aaps.core.carb_absorption,aaps,True,min_5m_carbimpact=8 mg/dL/5 min; meal_max_absorption_hours=7 h,keep,,Standard absorption settings appropriately support UAM detection. Evidence: profile config. Uncertainty: none. Dependencies: UAM settings.
real_gemini35flashlite_50,run_016,profile.basal.00_00,profile,True,0.6 U/h,keep,0.6 U/h,"Corresponds with overnight glucose stability, though minor nocturnal lows occur; keep stable until carb logging is established."
real_gemini35flashlite_50,run_016,profile.basal.05_00,profile,True,0.7 U/h,keep,0.7 U/h,Morning basal segment is consistent with early morning fasting stability.
real_gemini35flashlite_50,run_016,profile.basal.06_00,profile,True,0.8 U/h,keep,0.8 U/h,Adequately supports morning wake-up rise without excessive hypoglycemia.
real_gemini35flashlite_50,run_016,profile.basal.10_00,profile,True,0.7 U/h,keep,0.7 U/h,Maintains stable midday glucose levels.
real_gemini35flashlite_50,run_016,profile.basal.16_00,profile,True,0.5 U/h,keep,0.5 U/h,Appropriate for afternoon insulin sensitivity.
real_gemini35flashlite_50,run_016,profile.basal.18_00,profile,True,0.6 U/h,keep,0.6 U/h,Provides necessary evening basal support.
real_gemini35flashlite_50,run_016,profile.basal.19_00,profile,True,0.7 U/h,keep,0.7 U/h,Matches evening insulin requirements prior to night transition.
real_gemini35flashlite_50,run_016,profile.cr.00_00,profile,True,13 g/U,keep,13 g/U,No carb entries available to evaluate CR performance; retain until user logs carbohydrates.
real_gemini35flashlite_50,run_016,profile.cr.04_00,profile,True,11.1 g/U,keep,11.1 g/U,Retain current setting pending logged meal data.
real_gemini35flashlite_50,run_016,profile.cr.08_00,profile,True,13.2 g/U,keep,13.2 g/U,Retain current setting pending logged meal data.
real_gemini35flashlite_50,run_016,profile.cr.16_00,profile,True,10.5 g/U,keep,10.5 g/U,Retain current setting pending logged meal data.
real_gemini35flashlite_50,run_016,profile.cr.20_00,profile,True,12.6 g/U,keep,12.6 g/U,Retain current setting pending logged meal data.
real_gemini35flashlite_50,run_016,profile.isf.00_00,profile,True,56 mg/dL/U,keep,56 mg/dL/U,Flat ISF should be evaluated after 7 days of structured carb logging to see if circadian variation adjustments are necessary.
real_gemini35flashlite_50,run_016,profile.target.00_00,profile,True,90 mg/dL,keep,90 mg/dL,Tight overnight target contributes to nocturnal lows when combined with flat ISF; keep until carb logging is established.
real_gemini35flashlite_50,run_016,profile.target.08_00,profile,True,100 mg/dL,keep,100 mg/dL,Appropriate daytime target segment.
real_gemini35flashlite_50,run_016,profile.target.23_00,profile,True,90 mg/dL,keep,90 mg/dL,Matches evening target requirements.
real_gemini35flashlite_50,run_016,profile.dia,profile,True,10 h,keep,10 h,10-hour DIA provides conservative insulin stacking protection for closed-loop delivery.
real_gemini35flashlite_50,run_016,aaps.core.smb_uam,aaps,True,smb_enabled=true; uam_enabled=true,keep,smb_enabled=true; uam_enabled=true,Automation effectively manages unannounced excursions in the absence of logged carbs.
real_gemini35flashlite_50,run_016,aaps.core.smb_activation,aaps,True,smb_always_enabled=true; smb_with_cob_enabled=false; smb_after_carbs_enabled=false; smb_with_temp_target_enabled=true; smb_with_high_temp_target_enabled=false,keep,smb_always_enabled=true; smb_with_cob_enabled=false; smb_after_carbs_enabled=false; smb_with_temp_target_enabled=true; smb_with_high_temp_target_enabled=false,Current activation settings support closed-loop reactivity.
real_gemini35flashlite_50,run_016,aaps.core.smb_delivery,aaps,True,smb_interval_minutes=3 min; max_smb_basal_minutes=15 min; max_uam_smb_basal_minutes=20 min,keep,smb_interval_minutes=3 min; max_smb_basal_minutes=15 min; max_uam_smb_basal_minutes=20 min,Standard delivery intervals provide balanced microbolus dosing.
real_gemini35flashlite_50,run_016,aaps.core.safety_limits,aaps,True,max_basal_u_per_hour=12 U/h; max_iob_units=25 U,keep,max_basal_u_per_hour=12 U/h; max_iob_units=25 U,Safety limits provide adequate headroom for closed-loop execution.
real_gemini35flashlite_50,run_016,aaps.core.sensitivity,aaps,True,autosens_enabled=false; dynamic_sensitivity_enabled=true; autosens_raises_target=false; autosens_lowers_target=false; dynamic_isf_adjustment_factor_percent=70 %,keep,autosens_enabled=false; dynamic_sensitivity_enabled=true; autosens_raises_target=false; autosens_lowers_target=false; dynamic_isf_adjustment_factor_percent=70 %,Dynamic ISF with 70% adjustment factor is appropriately active.
real_gemini35flashlite_50,run_016,aaps.core.carb_absorption,aaps,True,min_5m_carbimpact=8 mg/dL/5 min; meal_max_absorption_hours=7 h,keep,min_5m_carbimpact=8 mg/dL/5 min; meal_max_absorption_hours=7 h,Standard carb absorption parameters are functioning correctly.
real_gemini35flashlite_50,run_017,profile.basal.00_00,profile,True,0.6 U/h,keep,0.6 U/h,Maintains baseline overnight delivery; changes are withheld pending explicit meal logging and observation of isolated basal performance.
real_gemini35flashlite_50,run_017,profile.basal.05_00,profile,True,0.7 U/h,keep,0.7 U/h,Provides stable pre-morning coverage; insufficient evidence of standalone basal failure.
real_gemini35flashlite_50,run_017,profile.basal.06_00,profile,True,0.8 U/h,keep,0.8 U/h,Matches morning rise requirements; keep stable until meal logging provides clear postprandial baseline.
real_gemini35flashlite_50,run_017,profile.basal.10_00,profile,True,0.7 U/h,keep,0.7 U/h,Maintains mid-day stability; no evidence supporting adjustment at this stage.
real_gemini35flashlite_50,run_017,profile.basal.16_00,profile,True,0.5 U/h,keep,0.5 U/h,Afternoon excursions correlate with unlogged intake rather than definitive basal insufficiency.
real_gemini35flashlite_50,run_017,profile.basal.18_00,profile,True,0.6 U/h,keep,0.6 U/h,Maintains evening transition; withhold changes pending meal logging.
real_gemini35flashlite_50,run_017,profile.basal.19_00,profile,True,0.7 U/h,keep,0.7 U/h,Provides evening coverage; keep stable for safe evaluation.
real_gemini35flashlite_50,run_017,profile.cr.00_00,profile,True,13 g/U,keep,13 g/U,Requires explicit carb entries to assess efficacy; unsupported by current unlogged data.
real_gemini35flashlite_50,run_017,profile.cr.04_00,profile,True,11.1 g/U,keep,11.1 g/U,Maintains existing CR structure pending verified carb data.
real_gemini35flashlite_50,run_017,profile.cr.08_00,profile,True,13.2 g/U,keep,13.2 g/U,No direct evidence to alter morning carb ratio without meal logs.
real_gemini35flashlite_50,run_017,profile.cr.16_00,profile,True,10.5 g/U,keep,10.5 g/U,Afternoon hyperglycemia is primarily driven by unannounced intake rather than verified CR error.
real_gemini35flashlite_50,run_017,profile.cr.20_00,profile,True,12.6 g/U,keep,12.6 g/U,Maintains evening ratio pending further observation.
real_gemini35flashlite_50,run_017,profile.isf.00_00,profile,True,56 mg/dL/U,keep,56 mg/dL/U,Dynamic ISF (70%) actively adjusts effective sensitivity; changing base ISF prematurely risks compounding nocturnal dipping.
real_gemini35flashlite_50,run_017,profile.target.00_00,profile,True,90 mg/dL,keep,90 mg/dL,Maintains safe overnight target.
real_gemini35flashlite_50,run_017,profile.target.08_00,profile,True,100 mg/dL,keep,100 mg/dL,Appropriate daytime target supporting closed-loop operation.
real_gemini35flashlite_50,run_017,profile.target.23_00,profile,True,90 mg/dL,keep,90 mg/dL,Maintains safe evening target.
real_gemini35flashlite_50,run_017,profile.dia,profile,True,10 h,keep,10 h,10-hour DIA provides conservative insulin-on-board tracking suitable for closed-loop safety.
real_gemini35flashlite_50,run_017,aaps.core.smb_uam,aaps,True,smb_enabled=true; uam_enabled=true,keep,smb_enabled=true; uam_enabled=true,Appropriately configured to handle unannounced intake given unlogged meals.
real_gemini35flashlite_50,run_017,aaps.core.smb_activation,aaps,True,smb_always_enabled=true; smb_with_cob_enabled=false; smb_after_carbs_enabled=false; smb_with_temp_target_enabled=true; smb_with_high_temp_target_enabled=false,keep,smb_always_enabled=true; smb_with_cob_enabled=false; smb_after_carbs_enabled=false; smb_with_temp_target_enabled=true; smb_with_high_temp_target_enabled=false,Activation conditions correctly match the unannounced/hybrid loop operation style.
real_gemini35flashlite_50,run_017,aaps.core.smb_delivery,aaps,True,smb_interval_minutes=3 min; max_smb_basal_minutes=15 min; max_uam_smb_basal_minutes=20 min,keep,smb_interval_minutes=3 min; max_smb_basal_minutes=15 min; max_uam_smb_basal_minutes=20 min,Delivery limits are safe and responsive.
real_gemini35flashlite_50,run_017,aaps.core.safety_limits,aaps,True,max_basal_u_per_hour=12 U/h; max_iob_units=25 U,keep,max_basal_u_per_hour=12 U/h; max_iob_units=25 U,Safety limits provide adequate headroom while bounding maximum risk.
real_gemini35flashlite_50,run_017,aaps.core.sensitivity,aaps,True,autosens_enabled=false; dynamic_sensitivity_enabled=true; autosens_raises_target=false; autosens_lowers_target=false; dynamic_isf_adjustment_factor_percent=70 %,keep,autosens_enabled=false; dynamic_sensitivity_enabled=true; autosens_raises_target=false; autosens_lowers_target=false; dynamic_isf_adjustment_factor_percent=70 %,Dynamic ISF (70%) provides responsive sensitivity adaptation.
real_gemini35flashlite_50,run_017,aaps.core.carb_absorption,aaps,True,min_5m_carbimpact=8 mg/dL/5 min; meal_max_absorption_hours=7 h,keep,min_5m_carbimpact=8 mg/dL/5 min; meal_max_absorption_hours=7 h,Absorption settings accommodate digestion times and GLP-1 therapy support.
real_gemini35flashlite_50,run_018,profile.basal.00_00,profile,True,0.6 U/h,keep,0.6 U/h,"Contributes to nocturnal hypoglycemia dips, but keep until manual meal logging and baseline trends are verified."
real_gemini35flashlite_50,run_018,profile.basal.05_00,profile,True,0.7 U/h,keep,0.7 U/h,Early morning basal rate supporting stable fasting levels; keep pending further data.
real_gemini35flashlite_50,run_018,profile.basal.06_00,profile,True,0.8 U/h,keep,0.8 U/h,Matches early morning dawn phenomenon rise; keep pending verification.
real_gemini35flashlite_50,run_018,profile.basal.10_00,profile,True,0.7 U/h,keep,0.7 U/h,Maintains daytime background insulin; keep as current baseline.
real_gemini35flashlite_50,run_018,profile.basal.16_00,profile,True,0.5 U/h,keep,0.5 U/h,Lower afternoon basal rate; keep while evaluating afternoon postprandial peaks.
real_gemini35flashlite_50,run_018,profile.basal.18_00,profile,True,0.6 U/h,keep,0.6 U/h,Supports evening transition; keep as configured.
real_gemini35flashlite_50,run_018,profile.basal.19_00,profile,True,0.7 U/h,keep,0.7 U/h,Supports evening baseline; keep as configured.
real_gemini35flashlite_50,run_018,profile.cr.00_00,profile,True,13 g/U,keep,13 g/U,Zero carb entries prevent direct evaluation; keep current value.
real_gemini35flashlite_50,run_018,profile.cr.04_00,profile,True,11.1 g/U,keep,11.1 g/U,Zero carb entries prevent direct evaluation; keep current value.
real_gemini35flashlite_50,run_018,profile.cr.08_00,profile,True,13.2 g/U,keep,13.2 g/U,Zero carb entries prevent direct evaluation; keep current value.
real_gemini35flashlite_50,run_018,profile.cr.16_00,profile,True,10.5 g/U,keep,10.5 g/U,Zero carb entries prevent direct evaluation; keep current value.
real_gemini35flashlite_50,run_018,profile.cr.20_00,profile,True,12.6 g/U,keep,12.6 g/U,Zero carb entries prevent direct evaluation; keep current value.
real_gemini35flashlite_50,run_018,profile.isf.00_00,profile,True,56 mg/dL/U,keep,56 mg/dL/U,Flat ISF is currently compensated by dynamic sensitivity; keep pending baseline review.
real_gemini35flashlite_50,run_018,profile.target.00_00,profile,True,90 mg/dL,keep,90 mg/dL,Appropriate nocturnal target; keep as configured.
real_gemini35flashlite_50,run_018,profile.target.08_00,profile,True,100 mg/dL,keep,100 mg/dL,Appropriate daytime target; keep as configured.
real_gemini35flashlite_50,run_018,profile.target.23_00,profile,True,90 mg/dL,keep,90 mg/dL,Appropriate evening target; keep as configured.
real_gemini35flashlite_50,run_018,profile.dia,profile,True,10 h,keep,10 h,Standard DIA supporting closed loop IOB calculation; keep as configured.
real_gemini35flashlite_50,run_018,aaps.core.smb_uam,aaps,True,smb_enabled=true; uam_enabled=true,keep,smb_enabled=true; uam_enabled=true,Crucial automation for unannounced meals given zero manual carb entries; keep enabled.
real_gemini35flashlite_50,run_018,aaps.core.smb_activation,aaps,True,smb_always_enabled=true; smb_with_cob_enabled=false; smb_after_carbs_enabled=false; smb_with_temp_target_enabled=true; smb_with_high_temp_target_enabled=false,keep,smb_always_enabled=true; smb_with_cob_enabled=false; smb_after_carbs_enabled=false; smb_with_temp_target_enabled=true; smb_with_high_temp_target_enabled=false,Properly aligned with zero-carb logging workflow; keep as configured.
real_gemini35flashlite_50,run_018,aaps.core.smb_delivery,aaps,True,smb_interval_minutes=3 min; max_smb_basal_minutes=15 min; max_uam_smb_basal_minutes=20 min,keep,smb_interval_minutes=3 min; max_smb_basal_minutes=15 min; max_uam_smb_basal_minutes=20 min,Appropriate delivery pacing preventing stacking; keep as configured.
real_gemini35flashlite_50,run_018,aaps.core.safety_limits,aaps,True,max_basal_u_per_hour=12 U/h; max_iob_units=25 U,keep,max_basal_u_per_hour=12 U/h; max_iob_units=25 U,Safe upper safety boundaries; keep as configured.
real_gemini35flashlite_50,run_018,aaps.core.sensitivity,aaps,True,autosens_enabled=false; dynamic_sensitivity_enabled=true; autosens_raises_target=false; autosens_lowers_target=false; dynamic_isf_adjustment_factor_percent=70 %,keep,autosens_enabled=false; dynamic_sensitivity_enabled=true; autosens_raises_target=false; autosens_lowers_target=false; dynamic_isf_adjustment_factor_percent=70 %,Dynamic ISF successfully manages sensitivity variations; keep as configured.
real_gemini35flashlite_50,run_018,aaps.core.carb_absorption,aaps,True,min_5m_carbimpact=8 mg/dL/5 min; meal_max_absorption_hours=7 h,keep,min_5m_carbimpact=8 mg/dL/5 min; meal_max_absorption_hours=7 h,7-hour absorption window accommodates GLP-1 slowed gastric emptying; keep as configured.
real_gemini35flashlite_50,run_019,profile.basal.00_00,profile,True,0.6 U/h,keep,0.6 U/h,"Overnight glucose is generally stable, and any minor dips are managed by loop automation. Evidence does not justify altering basal without meal-logging context."
real_gemini35flashlite_50,run_019,profile.basal.05_00,profile,True,0.7 U/h,keep,0.7 U/h,Current rate maintains stable early morning trends. Dependency on GLP-1 timing suggests withholding changes.
real_gemini35flashlite_50,run_019,profile.basal.06_00,profile,True,0.8 U/h,keep,0.8 U/h,Morning basal supports waking glucose rise. Keep current pending meal-logging data.
real_gemini35flashlite_50,run_019,profile.basal.10_00,profile,True,0.7 U/h,keep,0.7 U/h,Midday basal segment operates stably with dynamic ISF adjustments.
real_gemini35flashlite_50,run_019,profile.basal.16_00,profile,True,0.5 U/h,keep,0.5 U/h,Afternoon peaks are driven by unannounced meal absorption rather than basal insufficiency.
real_gemini35flashlite_50,run_019,profile.basal.18_00,profile,True,0.6 U/h,keep,0.6 U/h,Evening basal segment maintains appropriate evening stability.
real_gemini35flashlite_50,run_019,profile.basal.19_00,profile,True,0.7 U/h,keep,0.7 U/h,Nighttime transition basal is well-supported by current loop behavior.
real_gemini35flashlite_50,run_019,profile.cr.00_00,profile,True,13 g/U,keep,13 g/U,"Without explicit carbohydrate entries, CR efficacy cannot be empirically recalculated."
real_gemini35flashlite_50,run_019,profile.cr.04_00,profile,True,11.1 g/U,keep,11.1 g/U,Keep current until meal logging provides data to evaluate ratio performance.
real_gemini35flashlite_50,run_019,profile.cr.08_00,profile,True,13.2 g/U,keep,13.2 g/U,Morning CR segment performs adequately under UAM automation.
real_gemini35flashlite_50,run_019,profile.cr.16_00,profile,True,10.5 g/U,keep,10.5 g/U,Afternoon CR matches observed postprandial containment by UAM.
real_gemini35flashlite_50,run_019,profile.cr.20_00,profile,True,12.6 g/U,keep,12.6 g/U,Evening CR segment maintains stable overnight transitions.
real_gemini35flashlite_50,run_019,profile.isf.00_00,profile,True,56 mg/dL/U,keep,56 mg/dL/U,"Flat ISF of 56 mg/dL/U paired with Dynamic ISF (70%) provides safe, conservative insulin sensitivity scaling."
real_gemini35flashlite_50,run_019,profile.target.00_00,profile,True,90 mg/dL,keep,90 mg/dL,Target of 90 mg/dL supports tight control without excessive hypoglycemia.
real_gemini35flashlite_50,run_019,profile.target.08_00,profile,True,100 mg/dL,keep,100 mg/dL,Daytime target of 100 mg/dL is appropriate and safe.
real_gemini35flashlite_50,run_019,profile.target.23_00,profile,True,90 mg/dL,keep,90 mg/dL,Late evening target maintains smooth overnight entry.
real_gemini35flashlite_50,run_019,profile.dia,profile,True,10 h,keep,10 h,Conservative 10-hour DIA prevents insulin stacking and aligns with closed-loop safety.
real_gemini35flashlite_50,run_019,aaps.core.smb_uam,aaps,True,smb_enabled=true; uam_enabled=true,keep,smb_enabled=true; uam_enabled=true,Essential for managing unannounced meals and maintaining 86% TIR.
real_gemini35flashlite_50,run_019,aaps.core.smb_activation,aaps,True,smb_always_enabled=true; smb_with_cob_enabled=false; smb_after_carbs_enabled=false; smb_with_temp_target_enabled=true; smb_with_high_temp_target_enabled=false,keep,smb_always_enabled=true; smb_with_cob_enabled=false; smb_after_carbs_enabled=false; smb_with_temp_target_enabled=true; smb_with_high_temp_target_enabled=false,Appropriately configured to support UAM micro-bolusing given zero declared carb entries.
real_gemini35flashlite_50,run_019,aaps.core.smb_delivery,aaps,True,smb_interval_minutes=3 min; max_smb_basal_minutes=15 min; max_uam_smb_basal_minutes=20 min,keep,smb_interval_minutes=3 min; max_smb_basal_minutes=15 min; max_uam_smb_basal_minutes=20 min,Deliveries are functioning smoothly without evidence of aggressive insulin stacking.
real_gemini35flashlite_50,run_019,aaps.core.safety_limits,aaps,True,max_basal_u_per_hour=12 U/h; max_iob_units=25 U,keep,max_basal_u_per_hour=12 U/h; max_iob_units=25 U,Max basal is safe. Max IOB of 25 U is high relative to TDD (~20 U/day) but requires careful verification before alteration.
real_gemini35flashlite_50,run_019,aaps.core.sensitivity,aaps,True,autosens_enabled=false; dynamic_sensitivity_enabled=true; autosens_raises_target=false; autosens_lowers_target=false; dynamic_isf_adjustment_factor_percent=70 %,keep,autosens_enabled=false; dynamic_sensitivity_enabled=true; autosens_raises_target=false; autosens_lowers_target=false; dynamic_isf_adjustment_factor_percent=70 %,Dynamic ISF at 70% successfully scales sensitivity and compensates for conservative profile ISF.
real_gemini35flashlite_50,run_019,aaps.core.carb_absorption,aaps,True,min_5m_carbimpact=8 mg/dL/5 min; meal_max_absorption_hours=7 h,keep,min_5m_carbimpact=8 mg/dL/5 min; meal_max_absorption_hours=7 h,7-hour max absorption correctly accommodates slow digestion and GLP-1 receptor agonist therapy.
real_gemini35flashlite_50,run_020,profile.basal.00_00,profile,True,0.6 U/h,keep,0.6 U/h,Overnight glucose is stable near target; evidence supports maintaining current basal delivery.
real_gemini35flashlite_50,run_020,profile.basal.05_00,profile,True,0.7 U/h,keep,0.7 U/h,Early morning stability is acceptable; no evidence of drift requiring adjustment.
real_gemini35flashlite_50,run_020,profile.basal.06_00,profile,True,0.8 U/h,keep,0.8 U/h,Morning fasting levels remain stable; retain current rate.
real_gemini35flashlite_50,run_020,profile.basal.10_00,profile,True,0.7 U/h,keep,0.7 U/h,Midday basal rate supports stable glucose prior to afternoon excursions.
real_gemini35flashlite_50,run_020,profile.basal.16_00,profile,True,0.5 U/h,keep,0.5 U/h,Afternoon elevations are likely related to unannounced meals or GLP-1 digestion timing rather than basal deficit alone.
real_gemini35flashlite_50,run_020,profile.basal.18_00,profile,True,0.6 U/h,keep,0.6 U/h,Current evening basal rate provides adequate coverage into the night.
real_gemini35flashlite_50,run_020,profile.basal.19_00,profile,True,0.7 U/h,keep,0.7 U/h,Maintains stable glucose transition into evening hours.
real_gemini35flashlite_50,run_020,profile.cr.00_00,profile,True,13 g/U,keep,13 g/U,Carbohydrate entries are absent; changing CR without meal data is unsupported.
real_gemini35flashlite_50,run_020,profile.cr.04_00,profile,True,11.1 g/U,keep,11.1 g/U,No structured carb data available to evaluate early morning CR performance.
real_gemini35flashlite_50,run_020,profile.cr.08_00,profile,True,13.2 g/U,keep,13.2 g/U,Retain pending structured meal logging and postprandial response analysis.
real_gemini35flashlite_50,run_020,profile.cr.16_00,profile,True,10.5 g/U,keep,10.5 g/U,Afternoon excursions require carb logging confirmation before modifying CR.
real_gemini35flashlite_50,run_020,profile.cr.20_00,profile,True,12.6 g/U,keep,12.6 g/U,Evening carb ratio is performing within acceptable glycemic variance.
real_gemini35flashlite_50,run_020,profile.isf.00_00,profile,True,56 mg/dL/U,keep,56 mg/dL/U,Dynamic ISF and Oref1 actively modulate dosing; changing static ISF without isolated correction data is premature.
real_gemini35flashlite_50,run_020,profile.target.00_00,profile,True,90 mg/dL,keep,90 mg/dL,Overnight target of 90 mg/dL supports stable fasting control.
real_gemini35flashlite_50,run_020,profile.target.08_00,profile,True,100 mg/dL,keep,100 mg/dL,Daytime target of 100 mg/dL is appropriate for general glycemic management.
real_gemini35flashlite_50,run_020,profile.target.23_00,profile,True,90 mg/dL,keep,90 mg/dL,Night target supports smooth transition into overnight fasting.
real_gemini35flashlite_50,run_020,profile.dia,profile,True,10 h,keep,10 h,10-hour DIA provides conservative insulin stacking protection; changing requires dedicated insulin action profiling.
real_gemini35flashlite_50,run_020,aaps.core.smb_uam,aaps,True,smb_enabled=true; uam_enabled=true,keep,smb_enabled=true; uam_enabled=true,Essential for managing glycemic excursions given the absence of manual carbohydrate entries.
real_gemini35flashlite_50,run_020,aaps.core.smb_activation,aaps,True,smb_always_enabled=true; smb_with_cob_enabled=false; smb_after_carbs_enabled=false; smb_with_temp_target_enabled=true; smb_with_high_temp_target_enabled=false,keep,smb_always_enabled=true; smb_with_cob_enabled=false; smb_after_carbs_enabled=false; smb_with_temp_target_enabled=true; smb_with_high_temp_target_enabled=false,Current activation settings support automated loop adjustments appropriately.
real_gemini35flashlite_50,run_020,aaps.core.smb_delivery,aaps,True,smb_interval_minutes=3 min; max_smb_basal_minutes=15 min; max_uam_smb_basal_minutes=20 min,keep,smb_interval_minutes=3 min; max_smb_basal_minutes=15 min; max_uam_smb_basal_minutes=20 min,Delivery timing parameters operate safely within closed-loop constraints.
real_gemini35flashlite_50,run_020,aaps.core.safety_limits,aaps,True,max_basal_u_per_hour=12 U/h; max_iob_units=25 U,keep,max_basal_u_per_hour=12 U/h; max_iob_units=25 U,Max IOB and max basal ceilings prevent restriction during large corrections while operating safely above observed peak IOB.
real_gemini35flashlite_50,run_020,aaps.core.sensitivity,aaps,True,autosens_enabled=false; dynamic_sensitivity_enabled=true; autosens_raises_target=false; autosens_lowers_target=false; dynamic_isf_adjustment_factor_percent=70 %,keep,autosens_enabled=false; dynamic_sensitivity_enabled=true; autosens_raises_target=false; autosens_lowers_target=false; dynamic_isf_adjustment_factor_percent=70 %,Dynamic ISF adjustment at 70% appropriately scales sensitivity based on real-time glucose velocity.
real_gemini35flashlite_50,run_020,aaps.core.carb_absorption,aaps,True,min_5m_carbimpact=8 mg/dL/5 min; meal_max_absorption_hours=7 h,keep,min_5m_carbimpact=8 mg/dL/5 min; meal_max_absorption_hours=7 h,Absorption window accommodates delayed gastric emptying effects.
real_gemini35flashlite_50,run_021,profile.basal.00_00,profile,True,0.6 U/h,keep,0.6 U/h,"Current rate of 0.6 U/h is appropriate; late-night dipping is managed via closed loop, and changes should await structured verification."
real_gemini35flashlite_50,run_021,profile.basal.05_00,profile,True,0.7 U/h,keep,0.7 U/h,Morning fasting glucose is stable around 99-110 mg/dL. No evidence of defect.
real_gemini35flashlite_50,run_021,profile.basal.06_00,profile,True,0.8 U/h,keep,0.8 U/h,Supports early morning rise effectively without excessive excursions.
real_gemini35flashlite_50,run_021,profile.basal.10_00,profile,True,0.7 U/h,keep,0.7 U/h,Mid-day basal segment maintains stable glucose prior to afternoon peaks.
real_gemini35flashlite_50,run_021,profile.basal.16_00,profile,True,0.5 U/h,keep,0.5 U/h,Afternoon basal step accounts for GLP-1 and daily activity patterns.
real_gemini35flashlite_50,run_021,profile.basal.18_00,profile,True,0.6 U/h,keep,0.6 U/h,Maintains stability into the evening hours.
real_gemini35flashlite_50,run_021,profile.basal.19_00,profile,True,0.7 U/h,keep,0.7 U/h,Supports late evening requirements adequately.
real_gemini35flashlite_50,run_021,profile.cr.00_00,profile,True,13 g/U,keep,13 g/U,"Without explicit carb entries, changing CR is unsupported."
real_gemini35flashlite_50,run_021,profile.cr.04_00,profile,True,11.1 g/U,keep,11.1 g/U,Current setting operates satisfactorily under closed-loop UAM.
real_gemini35flashlite_50,run_021,profile.cr.08_00,profile,True,13.2 g/U,keep,13.2 g/U,No direct evidence of postprandial failure attributable specifically to CR.
real_gemini35flashlite_50,run_021,profile.cr.16_00,profile,True,10.5 g/U,keep,10.5 g/U,Maintains adequate sensitivity during afternoon hours.
real_gemini35flashlite_50,run_021,profile.cr.20_00,profile,True,12.6 g/U,keep,12.6 g/U,Evening carb ratio performs stably with loop compensation.
real_gemini35flashlite_50,run_021,profile.isf.00_00,profile,True,56 mg/dL/U,keep,56 mg/dL/U,Dynamic ISF successfully scales sensitivity in real-time; static ISF change is unnecessary.
real_gemini35flashlite_50,run_021,profile.target.00_00,profile,True,90 mg/dL,keep,90 mg/dL,Overnight target of 90 mg/dL is appropriate for closed-loop control.
real_gemini35flashlite_50,run_021,profile.target.08_00,profile,True,100 mg/dL,keep,100 mg/dL,Daytime target of 100 mg/dL provides a safe buffer against postprandial lows.
real_gemini35flashlite_50,run_021,profile.target.23_00,profile,True,90 mg/dL,keep,90 mg/dL,Maintains appropriate nighttime closed-loop target.
real_gemini35flashlite_50,run_021,profile.dia,profile,True,10 h,keep,10 h,"Although long, a 10-hour DIA works safely with GLP-1 delayed action and closed loop without evidence of active stacking harm."
real_gemini35flashlite_50,run_021,aaps.core.smb_uam,aaps,True,smb_enabled=true; uam_enabled=true,keep,smb_enabled=true; uam_enabled=true,Essential for managing unannounced meals given the lack of manual carb entries.
real_gemini35flashlite_50,run_021,aaps.core.smb_activation,aaps,True,smb_always_enabled=true; smb_with_cob_enabled=false; smb_after_carbs_enabled=false; smb_with_temp_target_enabled=true; smb_with_high_temp_target_enabled=false,keep,smb_always_enabled=true; smb_with_cob_enabled=false; smb_after_carbs_enabled=false; smb_with_temp_target_enabled=true; smb_with_high_temp_target_enabled=false,Current settings correctly support unannounced intake and automated correction.
real_gemini35flashlite_50,run_021,aaps.core.smb_delivery,aaps,True,smb_interval_minutes=3 min; max_smb_basal_minutes=15 min; max_uam_smb_basal_minutes=20 min,keep,smb_interval_minutes=3 min; max_smb_basal_minutes=15 min; max_uam_smb_basal_minutes=20 min,Appropriate delivery intervals and safety ceilings for closed-loop operation.
real_gemini35flashlite_50,run_021,aaps.core.safety_limits,aaps,True,max_basal_u_per_hour=12 U/h; max_iob_units=25 U,keep,max_basal_u_per_hour=12 U/h; max_iob_units=25 U,Provide safe operational headroom without restricting loop response.
real_gemini35flashlite_50,run_021,aaps.core.sensitivity,aaps,True,autosens_enabled=false; dynamic_sensitivity_enabled=true; autosens_raises_target=false; autosens_lowers_target=false; dynamic_isf_adjustment_factor_percent=70 %,keep,autosens_enabled=false; dynamic_sensitivity_enabled=true; autosens_raises_target=false; autosens_lowers_target=false; dynamic_isf_adjustment_factor_percent=70 %,Dynamic ISF adjustment factor of 70% appropriately scales sensitivity for real-time glycemic changes.
real_gemini35flashlite_50,run_021,aaps.core.carb_absorption,aaps,True,min_5m_carbimpact=8 mg/dL/5 min; meal_max_absorption_hours=7 h,keep,min_5m_carbimpact=8 mg/dL/5 min; meal_max_absorption_hours=7 h,7-hour max absorption window appropriately accommodates GLP-1 slowed gastric emptying.
real_gemini35flashlite_50,run_022,profile.basal.00_00,profile,True,0.6 U/h,keep,0.6 U/h,Overnight basal maintains stable glucose but shows some dipping into the 50s mg/dL at 01:00. Evidence does not yet require a parameter change pending observation.
real_gemini35flashlite_50,run_022,profile.basal.05_00,profile,True,0.7 U/h,keep,0.7 U/h,Early morning basal matches stable fasting patterns; no change indicated.
real_gemini35flashlite_50,run_022,profile.basal.06_00,profile,True,0.8 U/h,keep,0.8 U/h,Morning basal supports wake-up glycemic requirements adequately.
real_gemini35flashlite_50,run_022,profile.basal.10_00,profile,True,0.7 U/h,keep,0.7 U/h,Midday basal levels are stable; afternoon drift is primarily linked to unannounced meal absorption.
real_gemini35flashlite_50,run_022,profile.basal.16_00,profile,True,0.5 U/h,keep,0.5 U/h,Current basal rate is appropriate for late afternoon.
real_gemini35flashlite_50,run_022,profile.basal.18_00,profile,True,0.6 U/h,keep,0.6 U/h,Evening basal level maintains acceptable evening stability.
real_gemini35flashlite_50,run_022,profile.basal.19_00,profile,True,0.7 U/h,keep,0.7 U/h,Nighttime transition basal is functioning well within closed-loop parameters.
real_gemini35flashlite_50,run_022,profile.cr.00_00,profile,True,13 g/U,keep,13 g/U,No direct carb entries to evaluate CR performance; keep current setting.
real_gemini35flashlite_50,run_022,profile.cr.04_00,profile,True,11.1 g/U,keep,11.1 g/U,Maintained with current automated management.
real_gemini35flashlite_50,run_022,profile.cr.08_00,profile,True,13.2 g/U,keep,13.2 g/U,No evidence warrants changing morning CR.
real_gemini35flashlite_50,run_022,profile.cr.16_00,profile,True,10.5 g/U,keep,10.5 g/U,Afternoon CR supports meal handling under UAM and dynamic sensitivity.
real_gemini35flashlite_50,run_022,profile.cr.20_00,profile,True,12.6 g/U,keep,12.6 g/U,Evening CR is stable.
real_gemini35flashlite_50,run_022,profile.isf.00_00,profile,True,56 mg/dL/U,keep,56 mg/dL/U,Dynamic ISF actively adjusts sensitivity; flat profile ISF does not require changes.
real_gemini35flashlite_50,run_022,profile.target.00_00,profile,True,90 mg/dL,keep,90 mg/dL,Overnight target of 90 mg/dL is appropriate.
real_gemini35flashlite_50,run_022,profile.target.08_00,profile,True,100 mg/dL,keep,100 mg/dL,Daytime target of 100 mg/dL is appropriate.
real_gemini35flashlite_50,run_022,profile.target.23_00,profile,True,90 mg/dL,keep,90 mg/dL,Night target is consistent.
real_gemini35flashlite_50,run_022,profile.dia,profile,True,10 h,keep,10 h,10-hour DIA provides conservative insulin stacking prevention under closed-loop control.
real_gemini35flashlite_50,run_022,aaps.core.smb_uam,aaps,True,smb_enabled=true; uam_enabled=true,keep,smb_enabled=true; uam_enabled=true,Both SMB and UAM are essential for managing unannounced meals without manual carb entries.
real_gemini35flashlite_50,run_022,aaps.core.smb_activation,aaps,True,smb_always_enabled=true; smb_with_cob_enabled=false; smb_after_carbs_enabled=false; smb_with_temp_target_enabled=true; smb_with_high_temp_target_enabled=false,keep,smb_always_enabled=true; smb_with_cob_enabled=false; smb_after_carbs_enabled=false; smb_with_temp_target_enabled=true; smb_with_high_temp_target_enabled=false,Configuration correctly supports unannounced meal management.
real_gemini35flashlite_50,run_022,aaps.core.smb_delivery,aaps,True,smb_interval_minutes=3 min; max_smb_basal_minutes=15 min; max_uam_smb_basal_minutes=20 min,keep,smb_interval_minutes=3 min; max_smb_basal_minutes=15 min; max_uam_smb_basal_minutes=20 min,Delivery limits provide responsive microbolusing without excessive stacking.
real_gemini35flashlite_50,run_022,aaps.core.safety_limits,aaps,True,max_basal_u_per_hour=12 U/h; max_iob_units=25 U,keep,max_basal_u_per_hour=12 U/h; max_iob_units=25 U,Safety ceilings are appropriately configured for closed-loop operation.
real_gemini35flashlite_50,run_022,aaps.core.sensitivity,aaps,True,autosens_enabled=false; dynamic_sensitivity_enabled=true; autosens_raises_target=false; autosens_lowers_target=false; dynamic_isf_adjustment_factor_percent=70 %,keep,autosens_enabled=false; dynamic_sensitivity_enabled=true; autosens_raises_target=false; autosens_lowers_target=false; dynamic_isf_adjustment_factor_percent=70 %,Dynamic ISF is active and successfully adapting sensitivity in real time.
real_gemini35flashlite_50,run_022,aaps.core.carb_absorption,aaps,True,min_5m_carbimpact=8 mg/dL/5 min; meal_max_absorption_hours=7 h,keep,min_5m_carbimpact=8 mg/dL/5 min; meal_max_absorption_hours=7 h,Absorption model parameters properly account for GLP-1 delayed gastric emptying.
real_gemini35flashlite_50,run_023,profile.basal.00_00,profile,True,0.6 U/h,keep,0.6 U/h,"Overnight dipping occurs at 00:00-01:00, but basal changes should be deferred until max IOB safety limits are adjusted and evaluated."
real_gemini35flashlite_50,run_023,profile.basal.05_00,profile,True,0.7 U/h,keep,0.7 U/h,Stable morning transition; no evidence of direct basal failure requiring simultaneous modification.
real_gemini35flashlite_50,run_023,profile.basal.06_00,profile,True,0.8 U/h,keep,0.8 U/h,Morning basal rate maintains steady fasting levels prior to midday.
real_gemini35flashlite_50,run_023,profile.basal.10_00,profile,True,0.7 U/h,keep,0.7 U/h,Midday basal segment shows stable performance.
real_gemini35flashlite_50,run_023,profile.basal.16_00,profile,True,0.5 U/h,keep,0.5 U/h,Afternoon elevations are primarily driven by unannounced meal absorption rather than basal insufficiency.
real_gemini35flashlite_50,run_023,profile.basal.18_00,profile,True,0.6 U/h,keep,0.6 U/h,Evening basal segment operates within expected parameters.
real_gemini35flashlite_50,run_023,profile.basal.19_00,profile,True,0.7 U/h,keep,0.7 U/h,Late evening transition is stable.
real_gemini35flashlite_50,run_023,profile.cr.00_00,profile,True,13 g/U,keep,13 g/U,"Carb entries are absent from logs, preventing empirical CR adjustment."
real_gemini35flashlite_50,run_023,profile.cr.04_00,profile,True,11.1 g/U,keep,11.1 g/U,Lack of recorded carb data precludes modifying carbohydrate ratios.
real_gemini35flashlite_50,run_023,profile.cr.08_00,profile,True,13.2 g/U,keep,13.2 g/U,No meal carb data available to evaluate morning CR performance.
real_gemini35flashlite_50,run_023,profile.cr.16_00,profile,True,10.5 g/U,keep,10.5 g/U,Afternoon spikes are managed via UAM; CR changes require explicit meal logs.
real_gemini35flashlite_50,run_023,profile.cr.20_00,profile,True,12.6 g/U,keep,12.6 g/U,Evening CR setting is maintained pending meal tracking data.
real_gemini35flashlite_50,run_023,profile.isf.00_00,profile,True,56 mg/dL/U,keep,56 mg/dL/U,Dynamic ISF is actively moderating sensitivity; flat ISF should be evaluated after safety limit adjustments.
real_gemini35flashlite_50,run_023,profile.target.00_00,profile,True,90 mg/dL,keep,90 mg/dL,Overnight target of 90 mg/dL is appropriate when hypoglycemia risk is mitigated via safety limits.
real_gemini35flashlite_50,run_023,profile.target.08_00,profile,True,100 mg/dL,keep,100 mg/dL,Daytime target is appropriate.
real_gemini35flashlite_50,run_023,profile.target.23_00,profile,True,90 mg/dL,keep,90 mg/dL,Late evening target is appropriate.
real_gemini35flashlite_50,run_023,profile.dia,profile,True,10 h,keep,10 h,Current DIA aligns with oref1 closed-loop operation; changing it simultaneously with safety limits is not advised.
real_gemini35flashlite_50,run_023,aaps.core.smb_uam,aaps,True,smb_enabled=true; uam_enabled=true,keep,smb_enabled=true; uam_enabled=true,Essential for managing unannounced meals given the lack of manual carb entries.
real_gemini35flashlite_50,run_023,aaps.core.smb_activation,aaps,True,smb_always_enabled=true; smb_with_cob_enabled=false; smb_after_carbs_enabled=false; smb_with_temp_target_enabled=true; smb_with_high_temp_target_enabled=false,keep,smb_always_enabled=true; smb_with_cob_enabled=false; smb_after_carbs_enabled=false; smb_with_temp_target_enabled=true; smb_with_high_temp_target_enabled=false,Appropriate configuration for an unannounced-meal operating style.
real_gemini35flashlite_50,run_023,aaps.core.smb_delivery,aaps,True,smb_interval_minutes=3 min; max_smb_basal_minutes=15 min; max_uam_smb_basal_minutes=20 min,keep,smb_interval_minutes=3 min; max_smb_basal_minutes=15 min; max_uam_smb_basal_minutes=20 min,Delivery timing parameters function correctly within oref1.
real_gemini35flashlite_50,run_023,aaps.core.safety_limits,aaps,True,max_basal_u_per_hour=12 U/h; max_iob_units=25 U,change,max_basal_u_per_hour=12 U/h; max_iob_units=6 U,"Max IOB of 25 U is excessively high for a ~20 U daily dose, permitting dangerous insulin stacking that contributes to nocturnal hypoglycemia."
real_gemini35flashlite_50,run_023,aaps.core.sensitivity,aaps,True,autosens_enabled=false; dynamic_sensitivity_enabled=true; autosens_raises_target=false; autosens_lowers_target=false; dynamic_isf_adjustment_factor_percent=70 %,keep,autosens_enabled=false; dynamic_sensitivity_enabled=true; autosens_raises_target=false; autosens_lowers_target=false; dynamic_isf_adjustment_factor_percent=70 %,Dynamic ISF is functioning as expected to adapt sensitivity in real time.
real_gemini35flashlite_50,run_023,aaps.core.carb_absorption,aaps,True,min_5m_carbimpact=8 mg/dL/5 min; meal_max_absorption_hours=7 h,keep,min_5m_carbimpact=8 mg/dL/5 min; meal_max_absorption_hours=7 h,Standard absorption settings are adequate for UAM-driven operation.
real_gemini35flashlite_50,run_024,profile.basal.00_00,profile,True,0.6 U/h,keep,0.6 U/h,Overnight fasting glucose is stable around 90-93 mg/dL. Evidence supports current rate; changing without carb logging data is unwarranted.
real_gemini35flashlite_50,run_024,profile.basal.05_00,profile,True,0.7 U/h,keep,0.7 U/h,Maintains early morning stability effectively. No evidence of systemic morning drift.
real_gemini35flashlite_50,run_024,profile.basal.06_00,profile,True,0.8 U/h,keep,0.8 U/h,Supports morning rise prevention adequately in conjunction with closed-loop automation.
real_gemini35flashlite_50,run_024,profile.basal.10_00,profile,True,0.7 U/h,keep,0.7 U/h,Midday basal rate performs stably; afternoon elevations are driven by unannounced meals rather than basal deficit.
real_gemini35flashlite_50,run_024,profile.basal.16_00,profile,True,0.5 U/h,keep,0.5 U/h,Current rate is supported; automated SMB/UAM handles afternoon spikes.
real_gemini35flashlite_50,run_024,profile.basal.18_00,profile,True,0.6 U/h,keep,0.6 U/h,Appropriate transition rate heading into evening hours.
real_gemini35flashlite_50,run_024,profile.basal.19_00,profile,True,0.7 U/h,keep,0.7 U/h,Maintains evening stability prior to overnight fasting.
real_gemini35flashlite_50,run_024,profile.cr.00_00,profile,True,13 g/U,keep,13 g/U,Cannot be evaluated or adjusted safely while meal carb entries are entirely missing.
real_gemini35flashlite_50,run_024,profile.cr.04_00,profile,True,11.1 g/U,keep,11.1 g/U,Requires recorded meal carbohydrate data for audit.
real_gemini35flashlite_50,run_024,profile.cr.08_00,profile,True,13.2 g/U,keep,13.2 g/U,Requires recorded meal carbohydrate data for audit.
real_gemini35flashlite_50,run_024,profile.cr.16_00,profile,True,10.5 g/U,keep,10.5 g/U,Requires recorded meal carbohydrate data for audit.
real_gemini35flashlite_50,run_024,profile.cr.20_00,profile,True,12.6 g/U,keep,12.6 g/U,Requires recorded meal carbohydrate data for audit.
real_gemini35flashlite_50,run_024,profile.isf.00_00,profile,True,56 mg/dL/U,keep,56 mg/dL/U,Flat ISF of 56 is actively modulated by Oref1 dynamic sensitivity (70%); changing static ISF without verified meal data is premature.
real_gemini35flashlite_50,run_024,profile.target.00_00,profile,True,90 mg/dL,keep,90 mg/dL,Target of 90 mg/dL supports tight overnight control without excessive severe hypoglycemia.
real_gemini35flashlite_50,run_024,profile.target.08_00,profile,True,100 mg/dL,keep,100 mg/dL,Daytime target of 100 mg/dL is appropriate and well-supported.
real_gemini35flashlite_50,run_024,profile.target.23_00,profile,True,90 mg/dL,keep,90 mg/dL,Evening target of 90 mg/dL aligns with overnight target settings.
real_gemini35flashlite_50,run_024,profile.dia,profile,True,10 h,keep,10 h,10-hour DIA provides conservative insulin stacking protection in closed-loop operation.
real_gemini35flashlite_50,run_024,aaps.core.smb_uam,aaps,True,smb_enabled=true; uam_enabled=true,keep,smb_enabled=true; uam_enabled=true,Appropriately configured for unannounced meal management.
real_gemini35flashlite_50,run_024,aaps.core.smb_activation,aaps,True,smb_always_enabled=true; smb_with_cob_enabled=false; smb_after_carbs_enabled=false; smb_with_temp_target_enabled=true; smb_with_high_temp_target_enabled=false,keep,smb_always_enabled=true; smb_with_cob_enabled=false; smb_after_carbs_enabled=false; smb_with_temp_target_enabled=true; smb_with_high_temp_target_enabled=false,Settings correctly match the absence of manual carb entries.
real_gemini35flashlite_50,run_024,aaps.core.smb_delivery,aaps,True,smb_interval_minutes=3 min; max_smb_basal_minutes=15 min; max_uam_smb_basal_minutes=20 min,keep,smb_interval_minutes=3 min; max_smb_basal_minutes=15 min; max_uam_smb_basal_minutes=20 min,Delivers effective automated microbolusing response during glucose rises.
real_gemini35flashlite_50,run_024,aaps.core.safety_limits,aaps,True,max_basal_u_per_hour=12 U/h; max_iob_units=25 U,keep,max_basal_u_per_hour=12 U/h; max_iob_units=25 U,"High limits prevent loop restriction during spikes, supported by overall system stability."
real_gemini35flashlite_50,run_024,aaps.core.sensitivity,aaps,True,autosens_enabled=false; dynamic_sensitivity_enabled=true; autosens_raises_target=false; autosens_lowers_target=false; dynamic_isf_adjustment_factor_percent=70 %,keep,autosens_enabled=false; dynamic_sensitivity_enabled=true; autosens_raises_target=false; autosens_raises_target=false; dynamic_isf_adjustment_factor_percent=70 %,Dynamic sensitivity successfully adapts ISF during volatility.
real_gemini35flashlite_50,run_024,aaps.core.carb_absorption,aaps,True,min_5m_carbimpact=8 mg/dL/5 min; meal_max_absorption_hours=7 h,keep,min_5m_carbimpact=8 mg/dL/5 min; meal_max_absorption_hours=7 h,Appropriately configured defaults for loop absorption modeling.
real_gemini35flashlite_50,run_026,profile.basal.00_00,profile,True,0.6 U/h,change,0.5 U/h,Overnight dipping into the 50s and low 60s supports reducing the midnight basal rate to improve nocturnal safety.
real_gemini35flashlite_50,run_026,profile.basal.05_00,profile,True,0.7 U/h,keep,,Current rate of 0.7 U/h maintains stable morning transition without evidence of excess or deficit.
real_gemini35flashlite_50,run_026,profile.basal.06_00,profile,True,0.8 U/h,keep,,Current rate of 0.8 U/h appropriately supports early morning awakening and dawn phenomenon.
real_gemini35flashlite_50,run_026,profile.basal.10_00,profile,True,0.7 U/h,keep,,Mid-morning stability is well-maintained under current 0.7 U/h rate.
real_gemini35flashlite_50,run_026,profile.basal.16_00,profile,True,0.5 U/h,keep,,Afternoon basal rate of 0.5 U/h is appropriate given active automated microbolusing.
real_gemini35flashlite_50,run_026,profile.basal.18_00,profile,True,0.6 U/h,keep,,Evening transition rate of 0.6 U/h shows stable performance.
real_gemini35flashlite_50,run_026,profile.basal.19_00,profile,True,0.7 U/h,keep,,Evening rate of 0.7 U/h adequately covers evening physiological demands.
real_gemini35flashlite_50,run_026,profile.cr.00_00,profile,True,13 g/U,keep,,"Without manual carb entries, current CR cannot be evaluated independently from UAM."
real_gemini35flashlite_50,run_026,profile.cr.04_00,profile,True,11.1 g/U,keep,,No carb entry data available to justify modifying early morning carb ratio.
real_gemini35flashlite_50,run_026,profile.cr.08_00,profile,True,13.2 g/U,keep,,Absence of meal announcements prevents empirical adjustment of breakfast CR.
real_gemini35flashlite_50,run_026,profile.cr.16_00,profile,True,10.5 g/U,keep,,Afternoon postprandial patterns are managed via UAM/SMB; CR adjustment requires explicit carb logging.
real_gemini35flashlite_50,run_026,profile.cr.20_00,profile,True,12.6 g/U,keep,,Evening CR of 12.6 g/U remains unchanged in the absence of meal data.
real_gemini35flashlite_50,run_026,profile.isf.00_00,profile,True,56 mg/dL/U,keep,,"Static ISF of 56 mg/dL/U functions as the baseline for dynamic ISF (70%), which actively scales sensitivity during excursions."
real_gemini35flashlite_50,run_026,profile.target.00_00,profile,True,90 mg/dL,keep,,Overnight target of 90 mg/dL is appropriate when paired with a slightly reduced midnight basal rate.
real_gemini35flashlite_50,run_026,profile.target.08_00,profile,True,100 mg/dL,keep,,Daytime target of 100 mg/dL provides a safe buffer against daytime lows.
real_gemini35flashlite_50,run_026,profile.target.23_00,profile,True,90 mg/dL,keep,,Bedtime target of 90 mg/dL aligns with overnight target objectives.
real_gemini35flashlite_50,run_026,profile.dia,profile,True,10 h,keep,,10-hour DIA supports persistent insulin action tracking in closed-loop operation.
real_gemini35flashlite_50,run_026,aaps.core.smb_uam,aaps,True,smb_enabled=true; uam_enabled=true,keep,,Both SMB and UAM enabled is correct for supporting an unannounced meal strategy.
real_gemini35flashlite_50,run_026,aaps.core.smb_activation,aaps,True,smb_always_enabled=true; smb_with_cob_enabled=false; smb_after_carbs_enabled=false; smb_with_temp_target_enabled=true; smb_with_high_temp_target_enabled=false,keep,,smb_always_enabled=true properly supports a user who does not log carbohydrates manually.
real_gemini35flashlite_50,run_026,aaps.core.smb_delivery,aaps,True,smb_interval_minutes=3 min; max_smb_basal_minutes=15 min; max_uam_smb_basal_minutes=20 min,keep,,3-minute interval with 15 min max SMB basal and 20 min max UAM basal provides responsive microbolusing.
real_gemini35flashlite_50,run_026,aaps.core.safety_limits,aaps,True,max_basal_u_per_hour=12 U/h; max_iob_units=25 U,change,max_basal_u_per_hour=12 U/h; max_iob_units=6 U,Max IOB of 25 U is dangerously high for a ~20 U/day total daily insulin user. Reducing Max IOB to 6 U provides essential protection against insulin stacking.
real_gemini35flashlite_50,run_026,aaps.core.sensitivity,aaps,True,autosens_enabled=false; dynamic_sensitivity_enabled=true; autosens_raises_target=false; autosens_lowers_target=false; dynamic_isf_adjustment_factor_percent=70 %,keep,,Dynamic sensitivity at 70% adjustment factor successfully adapts static ISF during glycemic excursions.
real_gemini35flashlite_50,run_026,aaps.core.carb_absorption,aaps,True,min_5m_carbimpact=8 mg/dL/5 min; meal_max_absorption_hours=7 h,keep,,Carb impact threshold and max absorption hours are appropriately configured for UAM processing.
real_gemini35flashlite_50,run_027,profile.basal.00_00,profile,True,0.6 U/h,keep,0.6 U/h,"Overnight glucose is near target, but late-night lows occur. Keep current value pending meal logging verification."
real_gemini35flashlite_50,run_027,profile.basal.05_00,profile,True,0.7 U/h,keep,0.7 U/h,Morning basal transition is stable; maintain current rate until baseline carb data is established.
real_gemini35flashlite_50,run_027,profile.basal.06_00,profile,True,0.8 U/h,keep,0.8 U/h,Supports morning rise; keep current setting until further observation.
real_gemini35flashlite_50,run_027,profile.basal.10_00,profile,True,0.7 U/h,keep,0.7 U/h,Mid-day basal is appropriate; maintain current value.
real_gemini35flashlite_50,run_027,profile.basal.16_00,profile,True,0.5 U/h,keep,0.5 U/h,Afternoon basal rate is balanced against activity and postprandial patterns.
real_gemini35flashlite_50,run_027,profile.basal.18_00,profile,True,0.6 U/h,keep,0.6 U/h,Evening basal transition is adequate; keep current value.
real_gemini35flashlite_50,run_027,profile.basal.19_00,profile,True,0.7 U/h,keep,0.7 U/h,Nighttime basal rate is appropriate; maintain current setting.
real_gemini35flashlite_50,run_027,profile.cr.00_00,profile,True,13 g/U,keep,13 g/U,Carbohydrate ratio segments are untested due to lack of declared carb entries; keep current values.
real_gemini35flashlite_50,run_027,profile.cr.04_00,profile,True,11.1 g/U,keep,11.1 g/U,Maintain current CR segment pending explicit meal logging.
real_gemini35flashlite_50,run_027,profile.cr.08_00,profile,True,13.2 g/U,keep,13.2 g/U,Maintain current CR segment pending explicit meal logging.
real_gemini35flashlite_50,run_027,profile.cr.16_00,profile,True,10.5 g/U,keep,10.5 g/U,Maintain current CR segment pending explicit meal logging.
real_gemini35flashlite_50,run_027,profile.cr.20_00,profile,True,12.6 g/U,keep,12.6 g/U,Maintain current CR segment pending explicit meal logging.
real_gemini35flashlite_50,run_027,profile.isf.00_00,profile,True,56 mg/dL/U,keep,56 mg/dL/U,"While flat ISF interacts with dynamic ISF and UAM, changing ISF without baseline meal data is unsupported."
real_gemini35flashlite_50,run_027,profile.target.00_00,profile,True,90 mg/dL,keep,90 mg/dL,Overnight target of 90 mg/dL is appropriate for closed-loop operation.
real_gemini35flashlite_50,run_027,profile.target.08_00,profile,True,100 mg/dL,keep,100 mg/dL,Daytime target of 100 mg/dL is well-suited for closed-loop stability.
real_gemini35flashlite_50,run_027,profile.target.23_00,profile,True,90 mg/dL,keep,90 mg/dL,Evening target is appropriate; maintain current value.
real_gemini35flashlite_50,run_027,profile.dia,profile,True,10 h,keep,10 h,"10-hour DIA is long and contributes to IOB stacking risks, but changing DIA concurrently with unannounced meal patterns is discouraged."
real_gemini35flashlite_50,run_027,aaps.core.smb_uam,aaps,True,smb_enabled=true; uam_enabled=true,keep,smb_enabled=true; uam_enabled=true,Essential for managing unannounced meals in the absence of declared carbohydrate entries.
real_gemini35flashlite_50,run_027,aaps.core.smb_activation,aaps,True,smb_always_enabled=true; smb_with_cob_enabled=false; smb_after_carbs_enabled=false; smb_with_temp_target_enabled=true; smb_with_high_temp_target_enabled=false,keep,smb_always_enabled=true; smb_with_cob_enabled=false; smb_after_carbs_enabled=false; smb_with_temp_target_enabled=true; smb_with_high_temp_target_enabled=false,Current activation settings correctly support UAM-driven loop behavior.
real_gemini35flashlite_50,run_027,aaps.core.smb_delivery,aaps,True,smb_interval_minutes=3 min; max_smb_basal_minutes=15 min; max_uam_smb_basal_minutes=20 min,keep,smb_interval_minutes=3 min; max_smb_basal_minutes=15 min; max_uam_smb_basal_minutes=20 min,Delivery limits are functioning within safe loop parameters.
real_gemini35flashlite_50,run_027,aaps.core.safety_limits,aaps,True,max_basal_u_per_hour=12 U/h; max_iob_units=25 U,keep,max_basal_u_per_hour=12 U/h; max_iob_units=25 U,Safety limits provide adequate boundaries for automated delivery.
real_gemini35flashlite_50,run_027,aaps.core.sensitivity,aaps,True,autosens_enabled=false; dynamic_sensitivity_enabled=true; autosens_raises_target=false; autosens_lowers_target=false; dynamic_isf_adjustment_factor_percent=70 %,keep,autosens_enabled=false; dynamic_sensitivity_enabled=true; autosens_raises_target=false; autosens_lowers_target=false; dynamic_isf_adjustment_factor_percent=70 %,Dynamic ISF at 70% provides necessary adaptation to real-time glucose kinetics.
real_gemini35flashlite_50,run_027,aaps.core.carb_absorption,aaps,True,min_5m_carbimpact=8 mg/dL/5 min; meal_max_absorption_hours=7 h,keep,min_5m_carbimpact=8 mg/dL/5 min; meal_max_absorption_hours=7 h,Carbohydrate absorption parameters are appropriately configured for UAM detection.
real_gemini35flashlite_50,run_028,profile.basal.00_00,profile,True,0.6 U/h,keep,0.6 U/h,Overnight basal 00:00 maintains stable baseline glucose; no change indicated as variations stem from automated loop action.
real_gemini35flashlite_50,run_028,profile.basal.05_00,profile,True,0.7 U/h,keep,0.7 U/h,Early morning basal segment supports stable fasting glucose prior to morning rise.
real_gemini35flashlite_50,run_028,profile.basal.06_00,profile,True,0.8 U/h,keep,0.8 U/h,Morning basal rate provides adequate support for morning rise without evidence of systematic drift.
real_gemini35flashlite_50,run_028,profile.basal.10_00,profile,True,0.7 U/h,keep,0.7 U/h,Midday basal segment maintains stable control before afternoon postprandial window.
real_gemini35flashlite_50,run_028,profile.basal.16_00,profile,True,0.5 U/h,keep,0.5 U/h,Afternoon basal rate is supported by active dynamic sensitivity and SMB automation.
real_gemini35flashlite_50,run_028,profile.basal.18_00,profile,True,0.6 U/h,keep,0.6 U/h,Evening basal segment provides adequate baseline coverage during evening transition.
real_gemini35flashlite_50,run_028,profile.basal.19_00,profile,True,0.7 U/h,keep,0.7 U/h,Night transition basal rate supports stable glucose prior to overnight fasting window.
real_gemini35flashlite_50,run_028,profile.cr.00_00,profile,True,13 g/U,keep,13 g/U,Carb ratio segment is kept unchanged as carb entries are absent and closed-loop UAM handles unannounced intake.
real_gemini35flashlite_50,run_028,profile.cr.04_00,profile,True,11.1 g/U,keep,11.1 g/U,Early morning CR segment maintained; insufficient explicit meal data to justify adjustment.
real_gemini35flashlite_50,run_028,profile.cr.08_00,profile,True,13.2 g/U,keep,13.2 g/U,Daytime CR segment kept stable pending meal logging validation.
real_gemini35flashlite_50,run_028,profile.cr.16_00,profile,True,10.5 g/U,keep,10.5 g/U,Afternoon CR segment maintained in coordination with dynamic ISF.
real_gemini35flashlite_50,run_028,profile.cr.20_00,profile,True,12.6 g/U,keep,12.6 g/U,Evening CR segment kept unchanged.
real_gemini35flashlite_50,run_028,profile.isf.00_00,profile,True,56 mg/dL/U,keep,56 mg/dL/U,Profile ISF is successfully modulated by active dynamic ISF (70% adjustment factor); keeping profile value stable.
real_gemini35flashlite_50,run_028,profile.target.00_00,profile,True,90 mg/dL,keep,90 mg/dL,Overnight target of 90 mg/dL is appropriate and well-supported.
real_gemini35flashlite_50,run_028,profile.target.08_00,profile,True,100 mg/dL,keep,100 mg/dL,Daytime target of 100 mg/dL maintains safe glycemic boundaries.
real_gemini35flashlite_50,run_028,profile.target.23_00,profile,True,90 mg/dL,keep,90 mg/dL,Late evening target of 90 mg/dL supports overnight transition.
real_gemini35flashlite_50,run_028,profile.dia,profile,True,10 h,keep,10 h,10-hour DIA appropriately accommodates prolonged insulin action and GLP-1 delayed absorption tails.
real_gemini35flashlite_50,run_028,aaps.core.smb_uam,aaps,True,smb_enabled=true; uam_enabled=true,keep,smb_enabled=true; uam_enabled=true,SMB and UAM are essential for managing unannounced food intake given zero carb entries.
real_gemini35flashlite_50,run_028,aaps.core.smb_activation,aaps,True,smb_always_enabled=true; smb_with_cob_enabled=false; smb_after_carbs_enabled=false; smb_with_temp_target_enabled=true; smb_with_high_temp_target_enabled=false,keep,smb_always_enabled=true; smb_with_cob_enabled=false; smb_after_carbs_enabled=false; smb_with_temp_target_enabled=true; smb_with_high_temp_target_enabled=false,Activation settings properly support unannounced meal handling without requiring manual COB.
real_gemini35flashlite_50,run_028,aaps.core.smb_delivery,aaps,True,smb_interval_minutes=3 min; max_smb_basal_minutes=15 min; max_uam_smb_basal_minutes=20 min,keep,smb_interval_minutes=3 min; max_smb_basal_minutes=15 min; max_uam_smb_basal_minutes=20 min,3-minute interval and 15/20 min basal limits provide responsive microbolusing.
real_gemini35flashlite_50,run_028,aaps.core.safety_limits,aaps,True,max_basal_u_per_hour=12 U/h; max_iob_units=25 U,change,max_basal_u_per_hour=12 U/h; max_iob_units=8 U,Max IOB of 25 U is dangerously excessive relative to total daily insulin (~20 U/day) and correlates with hypoglycemia risk. Reducing max IOB to 8 U prevents insulin stacking.
real_gemini35flashlite_50,run_028,aaps.core.sensitivity,aaps,True,autosens_enabled=false; dynamic_sensitivity_enabled=true; autosens_raises_target=false; autosens_lowers_target=false; dynamic_isf_adjustment_factor_percent=70 %,keep,autosens_enabled=false; dynamic_sensitivity_enabled=true; autosens_raises_target=false; autosens_lowers_target=false; dynamic_isf_adjustment_factor_percent=70 %,Dynamic ISF with 70% adjustment factor successfully manages insulin resistance during high glucose periods.
real_gemini35flashlite_50,run_028,aaps.core.carb_absorption,aaps,True,min_5m_carbimpact=8 mg/dL/5 min; meal_max_absorption_hours=7 h,keep,min_5m_carbimpact=8 mg/dL/5 min; meal_max_absorption_hours=7 h,7-hour maximum absorption window properly matches GLP-1 delayed gastric emptying kinetics.
real_gemini35flashlite_50,run_029,profile.basal.00_00,profile,True,0.6 U/h,keep,0.6 U/h,"Overnight basal maintains overall stability; nocturnal dipping is mild and does not currently warrant a profile change prior to logging meal data. Evidence: nocturnal TIR high, minor dipping 00:00-02:00. Uncertainty: unannounced meal residue or variable late-evening digestion. Dependencies: none."
real_gemini35flashlite_50,run_029,profile.basal.05_00,profile,True,0.7 U/h,keep,0.7 U/h,Morning baseline is stable with good fasting time in range. Evidence: hourly glucose 05:00-07:00 averages ~99 mg/dL. Uncertainty: none. Dependencies: none.
real_gemini35flashlite_50,run_029,profile.basal.06_00,profile,True,0.8 U/h,keep,0.8 U/h,Morning basal rate provides adequate support against early morning rise. Evidence: stable glucose in morning hours. Uncertainty: none. Dependencies: none.
real_gemini35flashlite_50,run_029,profile.basal.10_00,profile,True,0.7 U/h,keep,0.7 U/h,Mid-day basal segment supports fasting intervals adequately. Evidence: stable mid-day glucose. Uncertainty: unannounced snacks. Dependencies: none.
real_gemini35flashlite_50,run_029,profile.basal.16_00,profile,True,0.5 U/h,keep,0.5 U/h,Afternoon peaks are driven by unannounced meal absorption rather than basal deficiency. Evidence: reactive UAM/SMB handling unannounced intake. Uncertainty: exact meal timing. Dependencies: manual meal logging.
real_gemini35flashlite_50,run_029,profile.basal.18_00,profile,True,0.6 U/h,keep,0.6 U/h,Evening basal rate is appropriate for evening transition. Evidence: stable evening glucose averages. Uncertainty: none. Dependencies: none.
real_gemini35flashlite_50,run_029,profile.basal.19_00,profile,True,0.7 U/h,keep,0.7 U/h,Late evening basal rate maintains stability prior to midnight. Evidence: good evening time in range. Uncertainty: none. Dependencies: none.
real_gemini35flashlite_50,run_029,profile.cr.00_00,profile,True,13 g/U,keep,13 g/U,Carb ratio cannot be evaluated without manual carb entry data. Evidence: zero carb entries logged. Uncertainty: true carbohydrate intake. Dependencies: manual carb logging.
real_gemini35flashlite_50,run_029,profile.cr.04_00,profile,True,11.1 g/U,keep,11.1 g/U,Requires manual carb entry data for validation. Evidence: zero carb entries logged. Uncertainty: true carbohydrate intake. Dependencies: manual carb logging.
real_gemini35flashlite_50,run_029,profile.cr.08_00,profile,True,13.2 g/U,keep,13.2 g/U,Requires manual carb entry data for validation. Evidence: zero carb entries logged. Uncertainty: true carbohydrate intake. Dependencies: manual carb logging.
real_gemini35flashlite_50,run_029,profile.cr.16_00,profile,True,10.5 g/U,keep,10.5 g/U,Requires manual carb entry data for validation. Evidence: zero carb entries logged. Uncertainty: true carbohydrate intake. Dependencies: manual carb logging.
real_gemini35flashlite_50,run_029,profile.cr.20_00,profile,True,12.6 g/U,keep,12.6 g/U,Requires manual carb entry data for validation. Evidence: zero carb entries logged. Uncertainty: true carbohydrate intake. Dependencies: manual carb logging.
real_gemini35flashlite_50,run_029,profile.isf.00_00,profile,True,56 mg/dL/U,keep,56 mg/dL/U,Flat ISF combined with dynamic sensitivity (70%) adequately manages corrections and UAM events. Evidence: successful correction response windows with dynamic scaling. Uncertainty: time-of-day ISF variation. Dependencies: establish meal logging first.
real_gemini35flashlite_50,run_029,profile.target.00_00,profile,True,90 mg/dL,keep,90 mg/dL,Overnight target of 90 mg/dL is appropriate for closed-loop operation. Evidence: stable overnight glucose. Uncertainty: risk of mild nocturnal dipping. Dependencies: none.
real_gemini35flashlite_50,run_029,profile.target.08_00,profile,True,100 mg/dL,keep,100 mg/dL,Daytime target of 100 mg/dL provides a safe buffer against postprandial variability. Evidence: stable daytime metrics. Uncertainty: none. Dependencies: none.
real_gemini35flashlite_50,run_029,profile.target.23_00,profile,True,90 mg/dL,keep,90 mg/dL,Late evening target aligns with overnight goals. Evidence: stable evening trends. Uncertainty: none. Dependencies: none.
real_gemini35flashlite_50,run_029,profile.dia,profile,True,10 h,keep,10 h,10-hour DIA provides conservative insulin stacking prevention under closed-loop Oref1 control. Evidence: no evidence of excessive stacking or rebound highs. Uncertainty: individual pharmacokinetics. Dependencies: none.
real_gemini35flashlite_50,run_029,aaps.core.smb_uam,aaps,True,smb_enabled=true; uam_enabled=true,keep,smb_enabled=true; uam_enabled=true,Both SMB and UAM are correctly enabled to support unannounced meal handling in the absence of manual carb entries. Evidence: active loop telemetry showing successful UAM microboluses. Uncertainty: none. Dependencies: none.
real_gemini35flashlite_50,run_029,aaps.core.smb_activation,aaps,True,smb_always_enabled=true; smb_with_cob_enabled=false; smb_after_carbs_enabled=false; smb_with_temp_target_enabled=true; smb_with_high_temp_target_enabled=false,keep,smb_always_enabled=true; smb_with_cob_enabled=false; smb_after_carbs_enabled=false; smb_with_temp_target_enabled=true; smb_with_high_temp_target_enabled=false,smb_always_enabled=true is essential when manual carb entries are absent. Evidence: reliable reactive delivery. Uncertainty: none. Dependencies: none.
real_gemini35flashlite_50,run_029,aaps.core.smb_delivery,aaps,True,smb_interval_minutes=3 min; max_smb_basal_minutes=15 min; max_uam_smb_basal_minutes=20 min,keep,smb_interval_minutes=3 min; max_smb_basal_minutes=15 min; max_uam_smb_basal_minutes=20 min,"Current pacing parameters (3-min interval, 15-min max SMB basal, 20-min max UAM SMB basal) provide safe and controlled microbolus delivery. Evidence: smooth loop execution logs. Uncertainty: none. Dependencies: none."
real_gemini35flashlite_50,run_029,aaps.core.safety_limits,aaps,True,max_basal_u_per_hour=12 U/h; max_iob_units=25 U,keep,max_basal_u_per_hour=12 U/h; max_iob_units=25 U,Safety limits prevent hard throttling while observed IOB peaks remain well within safe thresholds (<6 U). Evidence: max IOB in telemetry ~5.9 U. Uncertainty: none. Dependencies: none.
real_gemini35flashlite_50,run_029,aaps.core.sensitivity,aaps,True,autosens_enabled=false; dynamic_sensitivity_enabled=true; autosens_raises_target=false; autosens_lowers_target=false; dynamic_isf_adjustment_factor_percent=70 %,keep,autosens_enabled=false; dynamic_sensitivity_enabled=true; autosens_raises_target=false; autosens_lowers_target=false; dynamic_isf_adjustment_factor_percent=70 %,Dynamic sensitivity with a 70% adjustment factor successfully provides necessary insulin scaling without requiring autosens. Evidence: responsive correction windows. Uncertainty: none. Dependencies: none.
real_gemini35flashlite_50,run_029,aaps.core.carb_absorption,aaps,True,min_5m_carbimpact=8 mg/dL/5 min; meal_max_absorption_hours=7 h,keep,min_5m_carbimpact=8 mg/dL/5 min; meal_max_absorption_hours=7 h,Default absorption parameters function effectively alongside UAM detection. Evidence: stable loop predictions. Uncertainty: unannounced meal composition. Dependencies: manual meal logging.
real_gemini35flashlite_50,run_030,profile.basal.00_00,profile,True,0.6 U/h,keep,0.6 U/h,Current basal rate is adequate for fasting windows; prioritize safety limit changes first.
real_gemini35flashlite_50,run_030,profile.basal.05_00,profile,True,0.7 U/h,keep,0.7 U/h,Stable morning transition; keep unchanged pending further observation.
real_gemini35flashlite_50,run_030,profile.basal.06_00,profile,True,0.8 U/h,keep,0.8 U/h,Matches early morning insulin resistance patterns.
real_gemini35flashlite_50,run_030,profile.basal.10_00,profile,True,0.7 U/h,keep,0.7 U/h,Appropriate midday basal delivery.
real_gemini35flashlite_50,run_030,profile.basal.16_00,profile,True,0.5 U/h,keep,0.5 U/h,Reflects afternoon sensitivity; keep unchanged.
real_gemini35flashlite_50,run_030,profile.basal.18_00,profile,True,0.6 U/h,keep,0.6 U/h,Maintains stability during evening transition.
real_gemini35flashlite_50,run_030,profile.basal.19_00,profile,True,0.7 U/h,keep,0.7 U/h,Appropriate evening basal segment.
real_gemini35flashlite_50,run_030,profile.cr.00_00,profile,True,13 g/U,keep,13 g/U,Carb entries are absent; verify CR after initiating manual carb logging.
real_gemini35flashlite_50,run_030,profile.cr.04_00,profile,True,11.1 g/U,keep,11.1 g/U,No clinical justification for change without carb data.
real_gemini35flashlite_50,run_030,profile.cr.08_00,profile,True,13.2 g/U,keep,13.2 g/U,Keep current setting until meal data is available.
real_gemini35flashlite_50,run_030,profile.cr.16_00,profile,True,10.5 g/U,keep,10.5 g/U,Maintains postprandial coverage structure.
real_gemini35flashlite_50,run_030,profile.cr.20_00,profile,True,12.6 g/U,keep,12.6 g/U,Keep current value pending meal logging verification.
real_gemini35flashlite_50,run_030,profile.isf.00_00,profile,True,56 mg/dL/U,keep,56 mg/dL/U,Dynamic ISF is actively compensating; preserve base ISF until safety limits are addressed.
real_gemini35flashlite_50,run_030,profile.target.00_00,profile,True,90 mg/dL,keep,90 mg/dL,Appropriate tight nighttime target.
real_gemini35flashlite_50,run_030,profile.target.08_00,profile,True,100 mg/dL,keep,100 mg/dL,Appropriate daytime target.
real_gemini35flashlite_50,run_030,profile.target.23_00,profile,True,90 mg/dL,keep,90 mg/dL,Appropriate evening target.
real_gemini35flashlite_50,run_030,profile.dia,profile,True,10 h,keep,10 h,DIA of 10h is long but works in tandem with current UAM/SMB settings; review after safety adjustments.
real_gemini35flashlite_50,run_030,aaps.core.smb_uam,aaps,True,smb_enabled=true; uam_enabled=true,keep,smb_enabled=true; uam_enabled=true,Essential for managing unannounced meals given zero logged carb entries.
real_gemini35flashlite_50,run_030,aaps.core.smb_activation,aaps,True,smb_always_enabled=true; smb_with_cob_enabled=false; smb_after_carbs_enabled=false; smb_with_temp_target_enabled=true; smb_with_high_temp_target_enabled=false,keep,smb_always_enabled=true; smb_with_cob_enabled=false; smb_after_carbs_enabled=false; smb_with_temp_target_enabled=true; smb_with_high_temp_target_enabled=false,Appropriately configured for unannounced meal management.
real_gemini35flashlite_50,run_030,aaps.core.smb_delivery,aaps,True,smb_interval_minutes=3 min; max_smb_basal_minutes=15 min; max_uam_smb_basal_minutes=20 min,keep,smb_interval_minutes=3 min; max_smb_basal_minutes=15 min; max_uam_smb_basal_minutes=20 min,Standard responsive delivery intervals.
real_gemini35flashlite_50,run_030,aaps.core.safety_limits,aaps,True,max_basal_u_per_hour=12 U/h; max_iob_units=25 U,change,max_basal_u_per_hour=12 U/h; max_iob_units=6 U,Max IOB of 25 U is excessively high for total daily insulin (~20 U/day) and poses a severe stacking risk contributing to hypoglycemia.
real_gemini35flashlite_50,run_030,aaps.core.sensitivity,aaps,True,autosens_enabled=false; dynamic_sensitivity_enabled=true; autosens_raises_target=false; autosens_lowers_target=false; dynamic_isf_adjustment_factor_percent=70 %,keep,autosens_enabled=false; dynamic_sensitivity_enabled=true; autosens_raises_target=false; autosens_lowers_target=false; dynamic_isf_adjustment_factor_percent=70 %,Dynamic ISF active and functioning properly to modulate sensitivity.
real_gemini35flashlite_50,run_030,aaps.core.carb_absorption,aaps,True,min_5m_carbimpact=8 mg/dL/5 min; meal_max_absorption_hours=7 h,keep,min_5m_carbimpact=8 mg/dL/5 min; meal_max_absorption_hours=7 h,Standard absorption impact settings are appropriate.
real_gemini35flashlite_50,run_031,profile.basal.00_00,profile,True,0.6 U/h,keep,0.6 U/h,Overnight fasting glucose is generally stable; maintain current rate pending meal logging verification. Evidence: hourly local glucose averages 90-106 mg/dL overnight. Uncertainty: potential contribution to late-night TBR. Dependencies: none.
real_gemini35flashlite_50,run_031,profile.basal.05_00,profile,True,0.7 U/h,keep,0.7 U/h,Morning fasting levels remain stable. Evidence: early morning glucose averages near 100 mg/dL. Uncertainty: possible interaction with dawn phenomenon. Dependencies: none.
real_gemini35flashlite_50,run_031,profile.basal.06_00,profile,True,0.8 U/h,keep,0.8 U/h,Adequately controls morning rise without excessive hypoglycemia. Evidence: stable morning glucose profiles. Uncertainty: sensitivity shifts on GLP-1 days. Dependencies: none.
real_gemini35flashlite_50,run_031,profile.basal.10_00,profile,True,0.7 U/h,keep,0.7 U/h,Maintains daytime stability between meals. Evidence: daytime hourly glucose averages. Uncertainty: impact of unlogged meals. Dependencies: carb logging.
real_gemini35flashlite_50,run_031,profile.basal.16_00,profile,True,0.5 U/h,keep,0.5 U/h,Appropriate afternoon basal level. Evidence: hourly glucose trends in afternoon hours. Uncertainty: postprandial variability. Dependencies: none.
real_gemini35flashlite_50,run_031,profile.basal.18_00,profile,True,0.6 U/h,keep,0.6 U/h,Provides stable evening coverage. Evidence: evening glucose profiles. Uncertainty: evening activity and meal timing. Dependencies: none.
real_gemini35flashlite_50,run_031,profile.basal.19_00,profile,True,0.7 U/h,keep,0.7 U/h,Maintains stability into the night. Evidence: evening glucose averages. Uncertainty: late-night drops. Dependencies: none.
real_gemini35flashlite_50,run_031,profile.cr.00_00,profile,True,13 g/U,keep,13 g/U,Cannot be evaluated without explicit carbohydrate entry data. Evidence: carb_entries equals 0. Uncertainty: unknown meal impact. Dependencies: carb logging.
real_gemini35flashlite_50,run_031,profile.cr.04_00,profile,True,11.1 g/U,keep,11.1 g/U,No direct meal data available to justify changing. Evidence: zero logged carbs. Uncertainty: true CR efficacy. Dependencies: carb logging.
real_gemini35flashlite_50,run_031,profile.cr.08_00,profile,True,13.2 g/U,keep,13.2 g/U,Maintain current setting pending user carb logging. Evidence: zero logged carbs. Uncertainty: postprandial spike causes. Dependencies: carb logging.
real_gemini35flashlite_50,run_031,profile.cr.16_00,profile,True,10.5 g/U,keep,10.5 g/U,No evidence to support adjustment without carb records. Evidence: zero logged carbs. Uncertainty: absorption dynamics. Dependencies: carb logging.
real_gemini35flashlite_50,run_031,profile.cr.20_00,profile,True,12.6 g/U,keep,12.6 g/U,Keep current value until meal data is available. Evidence: zero logged carbs. Uncertainty: evening meal coverage. Dependencies: carb logging.
real_gemini35flashlite_50,run_031,profile.isf.00_00,profile,True,56 mg/dL/U,keep,56 mg/dL/U,Dynamic ISF and automation currently compensate for this flat ISF; change should await baseline meal data. Evidence: dynamic_sensitivity_enabled=true. Uncertainty: appropriateness of flat ISF. Dependencies: carb logging.
real_gemini35flashlite_50,run_031,profile.target.00_00,profile,True,90 mg/dL,keep,90 mg/dL,Appropriate overnight target supporting fasting stability. Evidence: overnight glucose averages near 90-100 mg/dL. Uncertainty: contribution to nocturnal lows. Dependencies: none.
real_gemini35flashlite_50,run_031,profile.target.08_00,profile,True,100 mg/dL,keep,100 mg/dL,Safe daytime target. Evidence: daytime glucose stability. Uncertainty: postprandial excursions. Dependencies: none.
real_gemini35flashlite_50,run_031,profile.target.23_00,profile,True,90 mg/dL,keep,90 mg/dL,Appropriate evening transition target. Evidence: stable evening glucose. Uncertainty: late-night dipping. Dependencies: none.
real_gemini35flashlite_50,run_031,profile.dia,profile,True,10 h,keep,10 h,Current DIA works within closed-loop operation; changing requires prior carb logging verification. Evidence: stable automated loop execution. Uncertainty: impact on insulin stacking. Dependencies: carb logging.
real_gemini35flashlite_50,run_031,aaps.core.smb_uam,aaps,True,smb_enabled=true; uam_enabled=true,keep,smb_enabled=true; uam_enabled=true,Essential for managing unannounced meals given zero logged carb entries. Evidence: successful closed-loop operation handling excursions. Uncertainty: potential over-delivery on unannounced intake. Dependencies: none.
real_gemini35flashlite_50,run_031,aaps.core.smb_activation,aaps,True,smb_always_enabled=true; smb_with_cob_enabled=false; smb_after_carbs_enabled=false; smb_with_temp_target_enabled=true; smb_with_high_temp_target_enabled=false,keep,smb_always_enabled=true; smb_with_cob_enabled=false; smb_after_carbs_enabled=false; smb_with_temp_target_enabled=true; smb_with_high_temp_target_enabled=false,Appropriately configured for unannounced meal handling without explicit carb entries. Evidence: loop status logs showing active SMB dosing. Uncertainty: none. Dependencies: none.
real_gemini35flashlite_50,run_031,aaps.core.smb_delivery,aaps,True,smb_interval_minutes=3 min; max_smb_basal_minutes=15 min; max_uam_smb_basal_minutes=20 min,keep,smb_interval_minutes=3 min; max_smb_basal_minutes=15 min; max_uam_smb_basal_minutes=20 min,Provides responsive micro-bolusing without excessive insulin stacking. Evidence: loop telemetry. Uncertainty: none. Dependencies: none.
real_gemini35flashlite_50,run_031,aaps.core.safety_limits,aaps,True,max_basal_u_per_hour=12 U/h; max_iob_units=25 U,keep,max_basal_u_per_hour=12 U/h; max_iob_units=25 U,Safe upper safety ceilings that do not restrict normal loop operation. Evidence: total daily insulin averages ~20 U/day. Uncertainty: none. Dependencies: none.
real_gemini35flashlite_50,run_031,aaps.core.sensitivity,aaps,True,autosens_enabled=false; dynamic_sensitivity_enabled=true; autosens_raises_target=false; autosens_lowers_target=false; dynamic_isf_adjustment_factor_percent=70 %,keep,autosens_enabled=false; dynamic_sensitivity_enabled=true; autosens_raises_target=false; autosens_lowers_target=false; dynamic_isf_adjustment_factor_percent=70 %,Dynamic ISF successfully adjusts sensitivity to handle flat profile ISF. Evidence: loop sensitivity ratio logs. Uncertainty: interaction with GLP-1 therapy. Dependencies: none.
real_gemini35flashlite_50,run_031,aaps.core.carb_absorption,aaps,True,min_5m_carbimpact=8 mg/dL/5 min; meal_max_absorption_hours=7 h,keep,min_5m_carbimpact=8 mg/dL/5 min; meal_max_absorption_hours=7 h,Standard absorption parameters appropriate for closed-loop operation. Evidence: loop decay models. Uncertainty: none. Dependencies: none.
real_gemini35flashlite_50,run_032,profile.basal.00_00,profile,True,0.6 U/h,keep,0.6 U/h,Current rate of 0.6 U/h is maintained pending systematic verification of overnight low trends against daytime patterns.
real_gemini35flashlite_50,run_032,profile.basal.05_00,profile,True,0.7 U/h,keep,0.7 U/h,Current setting is retained for sequential validation following safety guidelines.
real_gemini35flashlite_50,run_032,profile.basal.06_00,profile,True,0.8 U/h,keep,0.8 U/h,Retain current rate while monitoring morning rise patterns.
real_gemini35flashlite_50,run_032,profile.basal.10_00,profile,True,0.7 U/h,keep,0.7 U/h,Current mid-day basal rate supports stable baseline control.
real_gemini35flashlite_50,run_032,profile.basal.16_00,profile,True,0.5 U/h,keep,0.5 U/h,Retain current setting; afternoon hyperglycemia is primarily driven by unannounced meal absorption rather than basal deficit.
real_gemini35flashlite_50,run_032,profile.basal.18_00,profile,True,0.6 U/h,keep,0.6 U/h,Current evening basal rate maintains stability.
real_gemini35flashlite_50,run_032,profile.basal.19_00,profile,True,0.7 U/h,keep,0.7 U/h,Retain current setting pending further data.
real_gemini35flashlite_50,run_032,profile.cr.00_00,profile,True,13 g/U,keep,13 g/U,Carb ratios cannot be empirically adjusted without declared meal carb entries.
real_gemini35flashlite_50,run_032,profile.cr.04_00,profile,True,11.1 g/U,keep,11.1 g/U,Retain current CR segment in the absence of meal-specific validation data.
real_gemini35flashlite_50,run_032,profile.cr.08_00,profile,True,13.2 g/U,keep,13.2 g/U,Retain current CR segment.
real_gemini35flashlite_50,run_032,profile.cr.16_00,profile,True,10.5 g/U,keep,10.5 g/U,Retain current CR segment.
real_gemini35flashlite_50,run_032,profile.cr.20_00,profile,True,12.6 g/U,keep,12.6 g/U,Retain current CR segment.
real_gemini35flashlite_50,run_032,profile.isf.00_00,profile,True,56 mg/dL/U,keep,56 mg/dL/U,Flat ISF of 56 mg/dL/U is working adequately alongside Dynamic ISF; changing it without isolated correction testing is premature.
real_gemini35flashlite_50,run_032,profile.target.00_00,profile,True,90 mg/dL,keep,90 mg/dL,Target is appropriately configured for tight loop control.
real_gemini35flashlite_50,run_032,profile.target.08_00,profile,True,100 mg/dL,keep,100 mg/dL,Target is appropriately configured.
real_gemini35flashlite_50,run_032,profile.target.23_00,profile,True,90 mg/dL,keep,90 mg/dL,Target is appropriately configured.
real_gemini35flashlite_50,run_032,profile.dia,profile,True,10 h,keep,10 h,10-hour DIA provides conservative overlap protection suitable for closed-loop safety.
real_gemini35flashlite_50,run_032,aaps.core.smb_uam,aaps,True,smb_enabled=true; uam_enabled=true,keep,smb_enabled=true; uam_enabled=true,Automation is functioning correctly and successfully managing unannounced excursions.
real_gemini35flashlite_50,run_032,aaps.core.smb_activation,aaps,True,smb_always_enabled=true; smb_with_cob_enabled=false; smb_after_carbs_enabled=false; smb_with_temp_target_enabled=true; smb_with_high_temp_target_enabled=false,keep,smb_always_enabled=true; smb_with_cob_enabled=false; smb_after_carbs_enabled=false; smb_with_temp_target_enabled=true; smb_with_high_temp_target_enabled=false,Activation conditions correctly match user behavior (no declared carb entries).
real_gemini35flashlite_50,run_032,aaps.core.smb_delivery,aaps,True,smb_interval_minutes=3 min; max_smb_basal_minutes=15 min; max_uam_smb_basal_minutes=20 min,keep,smb_interval_minutes=3 min; max_smb_basal_minutes=15 min; max_uam_smb_basal_minutes=20 min,Delivery cadence and safety caps are appropriately set.
real_gemini35flashlite_50,run_032,aaps.core.safety_limits,aaps,True,max_basal_u_per_hour=12 U/h; max_iob_units=25 U,keep,max_basal_u_per_hour=12 U/h; max_iob_units=25 U,Safety limits provide adequate headroom without restricting necessary automated corrections.
real_gemini35flashlite_50,run_032,aaps.core.sensitivity,aaps,True,autosens_enabled=false; dynamic_sensitivity_enabled=true; autosens_raises_target=false; autosens_lowers_target=false; dynamic_isf_adjustment_factor_percent=70 %,keep,autosens_enabled=false; dynamic_sensitivity_enabled=true; autosens_raises_target=false; autosens_lowers_target=false; dynamic_isf_adjustment_factor_percent=70 %,Dynamic ISF is actively adapting to real-time glycemic momentum.
real_gemini35flashlite_50,run_032,aaps.core.carb_absorption,aaps,True,min_5m_carbimpact=8 mg/dL/5 min; meal_max_absorption_hours=7 h,keep,min_5m_carbimpact=8 mg/dL/5 min; meal_max_absorption_hours=7 h,Absorption model settings align with GLP-1 delayed gastric emptying kinetics.
real_gemini35flashlite_50,run_033,profile.basal.00_00,profile,True,0.6 U/h,change,0.5 U/h,Overnight glucose dips below 70 mg/dL in early morning hours; reducing baseline overnight delivery mitigates nocturnal hypoglycemia risk.
real_gemini35flashlite_50,run_033,profile.basal.05_00,profile,True,0.7 U/h,keep,0.7 U/h,Current setting is adequate; verify stability after making the initial midnight basal adjustment.
real_gemini35flashlite_50,run_033,profile.basal.06_00,profile,True,0.8 U/h,keep,0.8 U/h,Current setting provides necessary morning resistance coverage; keep unchanged pending sequential review.
real_gemini35flashlite_50,run_033,profile.basal.10_00,profile,True,0.7 U/h,keep,0.7 U/h,Midday stability is acceptable; do not change multiple parameters simultaneously.
real_gemini35flashlite_50,run_033,profile.basal.16_00,profile,True,0.5 U/h,keep,0.5 U/h,Afternoon peaks are driven by unannounced meals and GLP-1 absorption rather than basal deficits.
real_gemini35flashlite_50,run_033,profile.basal.18_00,profile,True,0.6 U/h,keep,0.6 U/h,Maintains evening stability alongside dynamic ISF scaling.
real_gemini35flashlite_50,run_033,profile.basal.19_00,profile,True,0.7 U/h,keep,0.7 U/h,Adequate coverage for evening transition hours.
real_gemini35flashlite_50,run_033,profile.cr.00_00,profile,True,13 g/U,keep,13 g/U,Carb entries are unparsed in structured logs; maintain current CR until structured meal logging is established.
real_gemini35flashlite_50,run_033,profile.cr.04_00,profile,True,11.1 g/U,keep,11.1 g/U,No evidence supporting a carb ratio change at this time.
real_gemini35flashlite_50,run_033,profile.cr.08_00,profile,True,13.2 g/U,keep,13.2 g/U,Morning CR functions adequately with dynamic sensitivity.
real_gemini35flashlite_50,run_033,profile.cr.16_00,profile,True,10.5 g/U,keep,10.5 g/U,Afternoon spikes relate to unannounced intake rather than ratio defects.
real_gemini35flashlite_50,run_033,profile.cr.20_00,profile,True,12.6 g/U,keep,12.6 g/U,Evening ratio maintains stable post-dinner control when meals are covered.
real_gemini35flashlite_50,run_033,profile.isf.00_00,profile,True,56 mg/dL/U,keep,56 mg/dL/U,Flat ISF of 56 mg/dL/U works effectively in tandem with dynamic sensitivity (70%); changing static ISF prematurely risks over-correction.
real_gemini35flashlite_50,run_033,profile.target.00_00,profile,True,90 mg/dL,keep,90 mg/dL,Target is clinically appropriate for closed-loop operation.
real_gemini35flashlite_50,run_033,profile.target.08_00,profile,True,100 mg/dL,keep,100 mg/dL,Daytime target provides a safe buffer against activity-induced lows.
real_gemini35flashlite_50,run_033,profile.target.23_00,profile,True,90 mg/dL,keep,90 mg/dL,Maintains consistent overnight target matching.
real_gemini35flashlite_50,run_033,profile.dia,profile,True,10 h,keep,10 h,"A 10-hour DIA supports prolonged insulin action under closed-loop control, especially given GLP-1 slowed digestion."
real_gemini35flashlite_50,run_033,aaps.core.smb_uam,aaps,True,smb_enabled=true; uam_enabled=true,keep,smb_enabled=true; uam_enabled=true,Core automation features are functioning as intended to manage glucose dynamics.
real_gemini35flashlite_50,run_033,aaps.core.smb_activation,aaps,True,smb_always_enabled=true; smb_with_cob_enabled=false; smb_after_carbs_enabled=false; smb_with_temp_target_enabled=true; smb_with_high_temp_target_enabled=false,keep,smb_always_enabled=true; smb_with_cob_enabled=false; smb_after_carbs_enabled=false; smb_with_temp_target_enabled=true; smb_with_high_temp_target_enabled=false,Activation conditions appropriately support unannounced meal detection and micro-bolusing.
real_gemini35flashlite_50,run_033,aaps.core.smb_delivery,aaps,True,smb_interval_minutes=3 min; max_smb_basal_minutes=15 min; max_uam_smb_basal_minutes=20 min,keep,smb_interval_minutes=3 min; max_smb_basal_minutes=15 min; max_uam_smb_basal_minutes=20 min,Delivery timing and limits are well-configured for closed-loop responsiveness.
real_gemini35flashlite_50,run_033,aaps.core.safety_limits,aaps,True,max_basal_u_per_hour=12 U/h; max_iob_units=25 U,change,max_basal_u_per_hour=12 U/h; max_iob_units=15 U,Reducing max IOB from 25 U to 15 U improves safety against insulin stacking while remaining fully sufficient for normal automated delivery.
real_gemini35flashlite_50,run_033,aaps.core.sensitivity,aaps,True,autosens_enabled=false; dynamic_sensitivity_enabled=true; autosens_raises_target=false; autosens_lowers_target=false; dynamic_isf_adjustment_factor_percent=70 %,keep,autosens_enabled=false; dynamic_sensitivity_enabled=true; autosens_raises_target=false; autosens_lowers_target=false; dynamic_isf_adjustment_factor_percent=70 %,Dynamic sensitivity scaling (70%) properly compensates for postprandial volatility without needing static ISF alterations.
real_gemini35flashlite_50,run_033,aaps.core.carb_absorption,aaps,True,min_5m_carbimpact=8 mg/dL/5 min; meal_max_absorption_hours=7 h,keep,min_5m_carbimpact=8 mg/dL/5 min; meal_max_absorption_hours=7 h,The 7-hour absorption model appropriately accommodates delayed gastric emptying associated with GLP-1 therapy.
real_gemini35flashlite_50,run_034,profile.basal.00_00,profile,True,0.6 U/h,keep,0.6 U/h,"Maintains stable overnight fasting levels. Evidence shows minor dipping during local hours 00:00-01:00, but Oref1 low temp automation safely handles this without requiring basal rate reduction."
real_gemini35flashlite_50,run_034,profile.basal.05_00,profile,True,0.7 U/h,keep,0.7 U/h,Appropriate morning transition rate supported by stable early morning glucose averages.
real_gemini35flashlite_50,run_034,profile.basal.06_00,profile,True,0.8 U/h,keep,0.8 U/h,Adequately covers morning rise and dawn phenomenon without excessive hypoglycemia.
real_gemini35flashlite_50,run_034,profile.basal.10_00,profile,True,0.7 U/h,keep,0.7 U/h,Maintains stable mid-day glucose levels with solid time in range.
real_gemini35flashlite_50,run_034,profile.basal.16_00,profile,True,0.5 U/h,keep,0.5 U/h,Provides baseline coverage during afternoon hours; afternoon elevations are driven by unannounced intake or GLP-1 dynamics rather than basal deficiency.
real_gemini35flashlite_50,run_034,profile.basal.18_00,profile,True,0.6 U/h,keep,0.6 U/h,Maintains smooth evening transition.
real_gemini35flashlite_50,run_034,profile.basal.19_00,profile,True,0.7 U/h,keep,0.7 U/h,Appropriate evening basal delivery supporting stable nighttime entry.
real_gemini35flashlite_50,run_034,profile.cr.00_00,profile,True,13 g/U,keep,13 g/U,Operating under a pure UAM/uncarbed strategy; current carb ratios are well-tolerated by closed-loop microbolusing.
real_gemini35flashlite_50,run_034,profile.cr.04_00,profile,True,11.1 g/U,keep,11.1 g/U,Maintains appropriate insulin-to-carb scaling during early morning hours.
real_gemini35flashlite_50,run_034,profile.cr.08_00,profile,True,13.2 g/U,keep,13.2 g/U,Appropriate daytime carb ratio supporting robust closed-loop performance.
real_gemini35flashlite_50,run_034,profile.cr.16_00,profile,True,10.5 g/U,keep,10.5 g/U,Matches afternoon sensitivity needs when handling unannounced meals.
real_gemini35flashlite_50,run_034,profile.cr.20_00,profile,True,12.6 g/U,keep,12.6 g/U,Maintains evening carb ratio stability.
real_gemini35flashlite_50,run_034,profile.isf.00_00,profile,True,56 mg/dL/U,keep,56 mg/dL/U,Static ISF combined with dynamic sensitivity adjustment (70%) successfully modulates insulin sensitivity in real-time.
real_gemini35flashlite_50,run_034,profile.target.00_00,profile,True,90 mg/dL,keep,90 mg/dL,Maintains a safe overnight target consistent with high time in range.
real_gemini35flashlite_50,run_034,profile.target.08_00,profile,True,100 mg/dL,keep,100 mg/dL,Appropriate daytime target balancing glycemic control and hypoglycemia avoidance.
real_gemini35flashlite_50,run_034,profile.target.23_00,profile,True,90 mg/dL,keep,90 mg/dL,Safe evening target supporting stable overnight transitions.
real_gemini35flashlite_50,run_034,profile.dia,profile,True,10 h,keep,10 h,10-hour duration of insulin action provides a protective buffer against insulin stacking when utilizing frequent SMBs and UAM.
real_gemini35flashlite_50,run_034,aaps.core.smb_uam,aaps,True,smb_enabled=true; uam_enabled=true,keep,smb_enabled=true; uam_enabled=true,"Both SMB and UAM are correctly enabled, driving effective closed-loop microbolusing and unannounced meal recovery."
real_gemini35flashlite_50,run_034,aaps.core.smb_activation,aaps,True,smb_always_enabled=true; smb_with_cob_enabled=false; smb_after_carbs_enabled=false; smb_with_temp_target_enabled=true; smb_with_high_temp_target_enabled=false,keep,smb_always_enabled=true; smb_with_cob_enabled=false; smb_after_carbs_enabled=false; smb_with_temp_target_enabled=true; smb_with_high_temp_target_enabled=false,Activation settings correctly support an uncarbed/UAM operational workflow.
real_gemini35flashlite_50,run_034,aaps.core.smb_delivery,aaps,True,smb_interval_minutes=3 min; max_smb_basal_minutes=15 min; max_uam_smb_basal_minutes=20 min,keep,smb_interval_minutes=3 min; max_smb_basal_minutes=15 min; max_uam_smb_basal_minutes=20 min,Delivery cadence and basal limits provide well-balanced titration pacing.
real_gemini35flashlite_50,run_034,aaps.core.safety_limits,aaps,True,max_basal_u_per_hour=12 U/h; max_iob_units=25 U,keep,max_basal_u_per_hour=12 U/h; max_iob_units=25 U,Conservative wide safety limits prevent algorithmic restriction during corrections while maintaining safe ceilings.
real_gemini35flashlite_50,run_034,aaps.core.sensitivity,aaps,True,autosens_enabled=false; dynamic_sensitivity_enabled=true; autosens_raises_target=false; autosens_lowers_target=false; dynamic_isf_adjustment_factor_percent=70 %,keep,autosens_enabled=false; dynamic_sensitivity_enabled=true; autosens_raises_target=false; autosens_lowers_target=false; dynamic_isf_adjustment_factor_percent=70 %,"Dynamic sensitivity successfully adapts ISF in real-time, eliminating the need for static Autosens."
real_gemini35flashlite_50,run_034,aaps.core.carb_absorption,aaps,True,min_5m_carbimpact=8 mg/dL/5 min; meal_max_absorption_hours=7 h,keep,min_5m_carbimpact=8 mg/dL/5 min; meal_max_absorption_hours=7 h,7-hour max absorption window properly accommodates prolonged digestion patterns and GLP-1 therapy effects.
real_gemini35flashlite_50,run_035,profile.basal.00_00,profile,True,0.6 U/h,keep,0.6 U/h,"Overnight baseline is generally stable, though early morning dipping occurs. Maintain current rate pending meal and activity logging."
real_gemini35flashlite_50,run_035,profile.basal.05_00,profile,True,0.7 U/h,keep,0.7 U/h,Maintains stable morning transition; no immediate change warranted without further observational data.
real_gemini35flashlite_50,run_035,profile.basal.06_00,profile,True,0.8 U/h,keep,0.8 U/h,Supports morning rise safely within target bounds.
real_gemini35flashlite_50,run_035,profile.basal.10_00,profile,True,0.7 U/h,keep,0.7 U/h,Mid-day basal rate performs adequately in maintaining daytime stability.
real_gemini35flashlite_50,run_035,profile.basal.16_00,profile,True,0.5 U/h,keep,0.5 U/h,"Lowest rate of the day aligns with late afternoon transition, though late afternoon dips occur. Verify via meal logging first."
real_gemini35flashlite_50,run_035,profile.basal.18_00,profile,True,0.6 U/h,keep,0.6 U/h,Maintains evening stability.
real_gemini35flashlite_50,run_035,profile.basal.19_00,profile,True,0.7 U/h,keep,0.7 U/h,Supports evening requirements prior to overnight transition.
real_gemini35flashlite_50,run_035,profile.cr.00_00,profile,True,13 g/U,keep,13 g/U,Carb ratios cannot be definitively evaluated without explicit meal carb entry data.
real_gemini35flashlite_50,run_035,profile.cr.04_00,profile,True,11.1 g/U,keep,11.1 g/U,No direct evidence of postprandial failure attributable specifically to this CR segment.
real_gemini35flashlite_50,run_035,profile.cr.08_00,profile,True,13.2 g/U,keep,13.2 g/U,Pending meal logging data to validate morning CR performance.
real_gemini35flashlite_50,run_035,profile.cr.16_00,profile,True,10.5 g/U,keep,10.5 g/U,Maintains afternoon coverage alongside automated UAM.
real_gemini35flashlite_50,run_035,profile.cr.20_00,profile,True,12.6 g/U,keep,12.6 g/U,Adequate evening carb ratio performance.
real_gemini35flashlite_50,run_035,profile.isf.00_00,profile,True,56 mg/dL/U,keep,56 mg/dL/U,"Although static ISF is conservative, dynamic sensitivity is actively scaling effectiveness. Keep current setting until baseline meal data is established."
real_gemini35flashlite_50,run_035,profile.target.00_00,profile,True,90 mg/dL,keep,90 mg/dL,Target range is appropriate for closed-loop operation.
real_gemini35flashlite_50,run_035,profile.target.08_00,profile,True,100 mg/dL,keep,100 mg/dL,Appropriate daytime target.
real_gemini35flashlite_50,run_035,profile.target.23_00,profile,True,90 mg/dL,keep,90 mg/dL,Maintains tight control into nighttime hours.
real_gemini35flashlite_50,run_035,profile.dia,profile,True,10 h,keep,10 h,"10-hour DIA is lengthy and contributes to insulin stacking risk with SMBs, but should be evaluated only after establishing consistent meal logs."
real_gemini35flashlite_50,run_035,aaps.core.smb_uam,aaps,True,smb_enabled=true; uam_enabled=true,keep,smb_enabled=true; uam_enabled=true,Core closed-loop automation is functioning effectively to maintain high TIR.
real_gemini35flashlite_50,run_035,aaps.core.smb_activation,aaps,True,smb_always_enabled=true; smb_with_cob_enabled=false; smb_after_carbs_enabled=false; smb_with_temp_target_enabled=true; smb_with_high_temp_target_enabled=false,keep,smb_always_enabled=true; smb_with_cob_enabled=false; smb_after_carbs_enabled=false; smb_with_temp_target_enabled=true; smb_with_high_temp_target_enabled=false,Activation conditions support automated microbolusing; maintain current configuration.
real_gemini35flashlite_50,run_035,aaps.core.smb_delivery,aaps,True,smb_interval_minutes=3 min; max_smb_basal_minutes=15 min; max_uam_smb_basal_minutes=20 min,keep,smb_interval_minutes=3 min; max_smb_basal_minutes=15 min; max_uam_smb_basal_minutes=20 min,Delivery parameters are standard for Oref1 closed-loop operation.
real_gemini35flashlite_50,run_035,aaps.core.safety_limits,aaps,True,max_basal_u_per_hour=12 U/h; max_iob_units=25 U,keep,max_basal_u_per_hour=12 U/h; max_iob_units=25 U,Safety ceilings are appropriately configured as upper bounds.
real_gemini35flashlite_50,run_035,aaps.core.sensitivity,aaps,True,autosens_enabled=false; dynamic_sensitivity_enabled=true; autosens_raises_target=false; autosens_lowers_target=false; dynamic_isf_adjustment_factor_percent=70 %,keep,autosens_enabled=false; dynamic_sensitivity_enabled=true; autosens_raises_target=false; autosens_lowers_target=false; dynamic_isf_adjustment_factor_percent=70 %,Dynamic sensitivity successfully moderates effective ISF scaling.
real_gemini35flashlite_50,run_035,aaps.core.carb_absorption,aaps,True,min_5m_carbimpact=8 mg/dL/5 min; meal_max_absorption_hours=7 h,keep,min_5m_carbimpact=8 mg/dL/5 min; meal_max_absorption_hours=7 h,Carb absorption parameters align with standard Oref1 defaults.
real_gemini35flashlite_50,run_036,profile.basal.00_00,profile,True,0.6 U/h,keep,0.6 U/h,Current value is supported by loop closed-loop regulation. Evidence shows overnight lows but dependencies on automated low-temp actions require observation before changing.
real_gemini35flashlite_50,run_036,profile.basal.05_00,profile,True,0.7 U/h,keep,0.7 U/h,Stable morning transition; no data supporting change.
real_gemini35flashlite_50,run_036,profile.basal.06_00,profile,True,0.8 U/h,keep,0.8 U/h,Matches early morning rise requirement; no evidence of over-delivery.
real_gemini35flashlite_50,run_036,profile.basal.10_00,profile,True,0.7 U/h,keep,0.7 U/h,Midday stability is acceptable given unannounced meal patterns.
real_gemini35flashlite_50,run_036,profile.basal.16_00,profile,True,0.5 U/h,keep,0.5 U/h,Afternoon basal rate supports loop micro-dosing during high excursions.
real_gemini35flashlite_50,run_036,profile.basal.18_00,profile,True,0.6 U/h,keep,0.6 U/h,Evening basal matches stable pre-dinner trends.
real_gemini35flashlite_50,run_036,profile.basal.19_00,profile,True,0.7 U/h,keep,0.7 U/h,Late evening basal rate aligns with nighttime transition.
real_gemini35flashlite_50,run_036,profile.cr.00_00,profile,True,13 g/U,keep,13 g/U,No explicit carb entries exist to evaluate CR performance directly.
real_gemini35flashlite_50,run_036,profile.cr.04_00,profile,True,11.1 g/U,keep,11.1 g/U,No carbohydrate data available for validation.
real_gemini35flashlite_50,run_036,profile.cr.08_00,profile,True,13.2 g/U,keep,13.2 g/U,No carbohydrate data available for validation.
real_gemini35flashlite_50,run_036,profile.cr.16_00,profile,True,10.5 g/U,keep,10.5 g/U,No carbohydrate data available for validation.
real_gemini35flashlite_50,run_036,profile.cr.20_00,profile,True,12.6 g/U,keep,12.6 g/U,No carbohydrate data available for validation.
real_gemini35flashlite_50,run_036,profile.isf.00_00,profile,True,56 mg/dL/U,keep,56 mg/dL/U,Dynamic ISF adjustment factor (70%) actively scales sensitivity; current flat ISF serves as baseline for loop calculations.
real_gemini35flashlite_50,run_036,profile.target.00_00,profile,True,90 mg/dL,keep,90 mg/dL,Overnight target is appropriate; changes not justified without isolating basal effects.
real_gemini35flashlite_50,run_036,profile.target.08_00,profile,True,100 mg/dL,keep,100 mg/dL,Daytime target supports stable closed-loop operation.
real_gemini35flashlite_50,run_036,profile.target.23_00,profile,True,90 mg/dL,keep,90 mg/dL,Matches overnight target structure.
real_gemini35flashlite_50,run_036,profile.dia,profile,True,10 h,keep,10 h,Long DIA aligns with slow absorption dynamics and GLP-1 therapy.
real_gemini35flashlite_50,run_036,aaps.core.smb_uam,aaps,True,smb_enabled=true; uam_enabled=true,keep,smb_enabled=true; uam_enabled=true,Essential for managing unannounced meals given the lack of manual carb logging.
real_gemini35flashlite_50,run_036,aaps.core.smb_activation,aaps,True,smb_always_enabled=true; smb_with_cob_enabled=false; smb_after_carbs_enabled=false; smb_with_temp_target_enabled=true; smb_with_high_temp_target_enabled=false,keep,smb_always_enabled=true; smb_with_cob_enabled=false; smb_after_carbs_enabled=false; smb_with_temp_target_enabled=true; smb_with_high_temp_target_enabled=false,Appropriate configuration for automated UAM-driven delivery.
real_gemini35flashlite_50,run_036,aaps.core.smb_delivery,aaps,True,smb_interval_minutes=3 min; max_smb_basal_minutes=15 min; max_uam_smb_basal_minutes=20 min,keep,smb_interval_minutes=3 min; max_smb_basal_minutes=15 min; max_uam_smb_basal_minutes=20 min,Provides responsive micro-bolusing without excessive aggressiveness.
real_gemini35flashlite_50,run_036,aaps.core.safety_limits,aaps,True,max_basal_u_per_hour=12 U/h; max_iob_units=25 U,keep,max_basal_u_per_hour=12 U/h; max_iob_units=25 U,Safety limits are wide but operational within safe loop bounds.
real_gemini35flashlite_50,run_036,aaps.core.sensitivity,aaps,True,autosens_enabled=false; dynamic_sensitivity_enabled=true; autosens_raises_target=false; autosens_lowers_target=false; dynamic_isf_adjustment_factor_percent=70 %,keep,autosens_enabled=false; dynamic_sensitivity_enabled=true; autosens_raises_target=false; autosens_lowers_target=false; dynamic_isf_adjustment_factor_percent=70 %,Dynamic ISF successfully compresses sensitivity during high glycemic velocity.
real_gemini35flashlite_50,run_036,aaps.core.carb_absorption,aaps,True,min_5m_carbimpact=8 mg/dL/5 min; meal_max_absorption_hours=7 h,keep,min_5m_carbimpact=8 mg/dL/5 min; meal_max_absorption_hours=7 h,7-hour absorption window correctly accounts for GLP-1 delayed gastric emptying.
real_gemini35flashlite_50,run_037,profile.basal.00_00,profile,True,0.6 U/h,keep,0.6 U/h,Overnight basal maintains stable glucose near targets; keep current pending meal logging.
real_gemini35flashlite_50,run_037,profile.basal.05_00,profile,True,0.7 U/h,keep,0.7 U/h,Maintains stable early morning fasting levels.
real_gemini35flashlite_50,run_037,profile.basal.06_00,profile,True,0.8 U/h,keep,0.8 U/h,Appropriate morning basal coverage; keep current.
real_gemini35flashlite_50,run_037,profile.basal.10_00,profile,True,0.7 U/h,keep,0.7 U/h,Maintains daytime stability.
real_gemini35flashlite_50,run_037,profile.basal.16_00,profile,True,0.5 U/h,keep,0.5 U/h,Afternoon basal rate adequate; keep current.
real_gemini35flashlite_50,run_037,profile.basal.18_00,profile,True,0.6 U/h,keep,0.6 U/h,Stable evening transition.
real_gemini35flashlite_50,run_037,profile.basal.19_00,profile,True,0.7 U/h,keep,0.7 U/h,Maintains evening stability.
real_gemini35flashlite_50,run_037,profile.cr.00_00,profile,True,13 g/U,keep,13 g/U,No declared meal data to evaluate CR adjustment safely.
real_gemini35flashlite_50,run_037,profile.cr.04_00,profile,True,11.1 g/U,keep,11.1 g/U,Keep current pending structured meal logging.
real_gemini35flashlite_50,run_037,profile.cr.08_00,profile,True,13.2 g/U,keep,13.2 g/U,Keep current pending structured meal logging.
real_gemini35flashlite_50,run_037,profile.cr.16_00,profile,True,10.5 g/U,keep,10.5 g/U,Keep current pending structured meal logging.
real_gemini35flashlite_50,run_037,profile.cr.20_00,profile,True,12.6 g/U,keep,12.6 g/U,Keep current pending structured meal logging.
real_gemini35flashlite_50,run_037,profile.isf.00_00,profile,True,56 mg/dL/U,keep,56 mg/dL/U,Dynamic ISF scaling successfully compensates for flat static ISF; keep current.
real_gemini35flashlite_50,run_037,profile.target.00_00,profile,True,90 mg/dL,keep,90 mg/dL,Target is appropriate for overnight control.
real_gemini35flashlite_50,run_037,profile.target.08_00,profile,True,100 mg/dL,keep,100 mg/dL,Target is appropriate for daytime control.
real_gemini35flashlite_50,run_037,profile.target.23_00,profile,True,90 mg/dL,keep,90 mg/dL,Target is appropriate for late evening control.
real_gemini35flashlite_50,run_037,profile.dia,profile,True,10 h,keep,10 h,Long DIA supports safe IOB calculation alongside aggressive SMB delivery.
real_gemini35flashlite_50,run_037,aaps.core.smb_uam,aaps,True,smb_enabled=true; uam_enabled=true,keep,smb_enabled=true; uam_enabled=true,Essential for managing unannounced meals in the absence of declared carbs.
real_gemini35flashlite_50,run_037,aaps.core.smb_activation,aaps,True,smb_always_enabled=true; smb_with_cob_enabled=false; smb_after_carbs_enabled=false; smb_with_temp_target_enabled=true; smb_with_high_temp_target_enabled=false,keep,smb_always_enabled=true; smb_with_cob_enabled=false; smb_after_carbs_enabled=false; smb_with_temp_target_enabled=true; smb_with_high_temp_target_enabled=false,Appropriately configured for automated closed-loop delivery.
real_gemini35flashlite_50,run_037,aaps.core.smb_delivery,aaps,True,smb_interval_minutes=3 min; max_smb_basal_minutes=15 min; max_uam_smb_basal_minutes=20 min,keep,smb_interval_minutes=3 min; max_smb_basal_minutes=15 min; max_uam_smb_basal_minutes=20 min,Provides responsive micro-bolusing without excessive restriction.
real_gemini35flashlite_50,run_037,aaps.core.safety_limits,aaps,True,max_basal_u_per_hour=12 U/h; max_iob_units=25 U,keep,max_basal_u_per_hour=12 U/h; max_iob_units=25 U,Safe operating limits established; keep current.
real_gemini35flashlite_50,run_037,aaps.core.sensitivity,aaps,True,autosens_enabled=false; dynamic_sensitivity_enabled=true; autosens_raises_target=false; autosens_lowers_target=false; dynamic_isf_adjustment_factor_percent=70 %,keep,autosens_enabled=false; dynamic_sensitivity_enabled=true; autosens_raises_target=false; autosens_lowers_target=false; dynamic_isf_adjustment_factor_percent=70 %,Dynamic ISF actively and effectively compensates for flat profile ISF.
real_gemini35flashlite_50,run_037,aaps.core.carb_absorption,aaps,True,min_5m_carbimpact=8 mg/dL/5 min; meal_max_absorption_hours=7 h,keep,min_5m_carbimpact=8 mg/dL/5 min; meal_max_absorption_hours=7 h,Standard absorption parameters function well with UAM detection.
real_gemini35flashlite_50,run_038,profile.basal.00_00,profile,True,0.6 U/h,keep,,"Current rate provides stable overnight control, though late-night lows require monitoring. Evidence shows nighttime dips; uncertainty involves lack of meal context; dependency is safety overview."
real_gemini35flashlite_50,run_038,profile.basal.05_00,profile,True,0.7 U/h,keep,,Rate supports early morning transitional needs. Evidence shows stable early morning glucose; uncertainty is minimal; dependency is basal targets.
real_gemini35flashlite_50,run_038,profile.basal.06_00,profile,True,0.8 U/h,keep,,Morning basal tier aligns with normal dawn phenomenon rise. Evidence shows controlled morning levels; uncertainty involves wake time variation; dependency is basal targets.
real_gemini35flashlite_50,run_038,profile.basal.10_00,profile,True,0.7 U/h,keep,,Daytime basal supports afternoon stability. Evidence shows postprandial peaks managed by loop; uncertainty involves unannounced meals; dependency is automation settings.
real_gemini35flashlite_50,run_038,profile.basal.16_00,profile,True,0.5 U/h,keep,,Afternoon basal setting maintains appropriate lower baseline before evening rise. Evidence shows adequate afternoon control; uncertainty involves activity levels; dependency is automation settings.
real_gemini35flashlite_50,run_038,profile.basal.18_00,profile,True,0.6 U/h,keep,,Evening basal transition matches normal diurnal patterns. Evidence shows stable pre-dinner levels; uncertainty involves meal timing; dependency is automation settings.
real_gemini35flashlite_50,run_038,profile.basal.19_00,profile,True,0.7 U/h,keep,,Late evening basal supports overnight transition. Evidence shows smooth glucose profile into evening; uncertainty involves dinner composition; dependency is automation settings.
real_gemini35flashlite_50,run_038,profile.cr.00_00,profile,True,13 g/U,keep,,Carb ratio segment aligns with configured profile. Evidence shows no direct contradiction due to lack of logged carbs; uncertainty is high; dependency is meal strategy.
real_gemini35flashlite_50,run_038,profile.cr.04_00,profile,True,11.1 g/U,keep,,Early morning CR segment is configured consistently with baseline. Evidence shows stable fasting; uncertainty involves unrecorded intake; dependency is meal strategy.
real_gemini35flashlite_50,run_038,profile.cr.08_00,profile,True,13.2 g/U,keep,,Morning CR segment supports breakfast window. Evidence lacks direct carb logs; uncertainty is moderate; dependency is meal strategy.
real_gemini35flashlite_50,run_038,profile.cr.16_00,profile,True,10.5 g/U,keep,,Late afternoon CR segment accounts for increased insulin resistance. Evidence shows afternoon peaks handled by loop; uncertainty involves meal timing; dependency is automation settings.
real_gemini35flashlite_50,run_038,profile.cr.20_00,profile,True,12.6 g/U,keep,,Night CR segment supports evening digestion. Evidence shows stable nighttime approach; uncertainty involves snack intake; dependency is meal strategy.
real_gemini35flashlite_50,run_038,profile.isf.00_00,profile,True,56 mg/dL/U,keep,,Configured flat ISF is complemented by dynamic sensitivity at 70%. Evidence shows effective automated corrections; uncertainty involves static vs dynamic performance; dependency is automation settings.
real_gemini35flashlite_50,run_038,profile.target.00_00,profile,True,90 mg/dL,keep,,Overnight target of 90 mg/dL is appropriate. Evidence shows safe overnight range with minor low dips; uncertainty involves sensor accuracy; dependency is safety overview.
real_gemini35flashlite_50,run_038,profile.target.08_00,profile,True,100 mg/dL,keep,,Daytime target of 100 mg/dL balances control and safety. Evidence shows strong TIR; uncertainty involves daily routine changes; dependency is safety overview.
real_gemini35flashlite_50,run_038,profile.target.23_00,profile,True,90 mg/dL,keep,,Late night target maintains tight control. Evidence shows stable evening transition; uncertainty is low; dependency is safety overview.
real_gemini35flashlite_50,run_038,profile.dia,profile,True,10 h,keep,,10-hour DIA provides conservative insulin stacking prevention in closed-loop operation. Evidence shows safe IOB decay; uncertainty involves individual pharmacokinetics; dependency is safety limits.
real_gemini35flashlite_50,run_038,aaps.core.smb_uam,aaps,True,smb_enabled=true; uam_enabled=true,keep,,Enabling both SMB and UAM is essential given the lack of manual meal announcements. Evidence shows effective automated capture of glycemic rises; uncertainty is minimal; dependency is automation settings.
real_gemini35flashlite_50,run_038,aaps.core.smb_activation,aaps,True,smb_always_enabled=true; smb_with_cob_enabled=false; smb_after_carbs_enabled=false; smb_with_temp_target_enabled=true; smb_with_high_temp_target_enabled=false,keep,,Activation conditions support unannounced loop control. Evidence shows successful microbolus delivery during rises; uncertainty involves unrecorded carbs; dependency is SMB/UAM settings.
real_gemini35flashlite_50,run_038,aaps.core.smb_delivery,aaps,True,smb_interval_minutes=3 min; max_smb_basal_minutes=15 min; max_uam_smb_basal_minutes=20 min,keep,,Current delivery intervals and caps provide responsive loop adjustments without excessive insulin stacking. Evidence shows stable IOB profiles; uncertainty is low; dependency is safety limits.
real_gemini35flashlite_50,run_038,aaps.core.safety_limits,aaps,True,max_basal_u_per_hour=12 U/h; max_iob_units=25 U,keep,,Safety limits provide wide operational headroom. Evidence shows actual IOB remains well below maximums; uncertainty involves high max IOB relative to TDD; dependency is safety overview.
real_gemini35flashlite_50,run_038,aaps.core.sensitivity,aaps,True,autosens_enabled=false; dynamic_sensitivity_enabled=true; autosens_raises_target=false; autosens_lowers_target=false; dynamic_isf_adjustment_factor_percent=70 %,keep,,Dynamic sensitivity successfully compensates for a static ISF profile. Evidence shows variable sensitivity ratios flexing appropriately during high-demand periods; uncertainty is moderate; dependency is ISF profile.
real_gemini35flashlite_50,run_038,aaps.core.carb_absorption,aaps,True,min_5m_carbimpact=8 mg/dL/5 min; meal_max_absorption_hours=7 h,keep,,Carb impact threshold and absorption duration are properly configured for automated loop tracking. Evidence shows reliable detection of upward trends; uncertainty involves unannounced intake; dependency is UAM settings.
real_gemini35flashlite_50,run_039,profile.basal.00_00,profile,True,0.6 U/h,keep,0.6 U/h,"Current rate of 0.6 U/h maintains overnight control, though nocturnal dipping requires careful monitoring of IOB and late corrections."
real_gemini35flashlite_50,run_039,profile.basal.05_00,profile,True,0.7 U/h,keep,0.7 U/h,Morning basal segment is stable; no supporting evidence for change.
real_gemini35flashlite_50,run_039,profile.basal.06_00,profile,True,0.8 U/h,keep,0.8 U/h,Basal rate supports early morning glucose requirements adequately.
real_gemini35flashlite_50,run_039,profile.basal.10_00,profile,True,0.7 U/h,keep,0.7 U/h,Mid-day basal segment maintains stable fasting levels prior to afternoon meal periods.
real_gemini35flashlite_50,run_039,profile.basal.16_00,profile,True,0.5 U/h,keep,0.5 U/h,Afternoon hyperglycemia is primarily driven by unannounced meals rather than a proven basal deficit.
real_gemini35flashlite_50,run_039,profile.basal.18_00,profile,True,0.6 U/h,keep,0.6 U/h,Basal rate is appropriate for evening transition hours.
real_gemini35flashlite_50,run_039,profile.basal.19_00,profile,True,0.7 U/h,keep,0.7 U/h,Basal rate maintains evening stability before night transitions.
real_gemini35flashlite_50,run_039,profile.cr.00_00,profile,True,13 g/U,keep,13 g/U,Carb ratio segment is appropriate; lack of manual carb entries precludes empirical recalibration.
real_gemini35flashlite_50,run_039,profile.cr.04_00,profile,True,11.1 g/U,keep,11.1 g/U,Morning CR segment operates effectively within closed-loop parameters.
real_gemini35flashlite_50,run_039,profile.cr.08_00,profile,True,13.2 g/U,keep,13.2 g/U,Mid-day CR segment requires no adjustment without explicit meal data.
real_gemini35flashlite_50,run_039,profile.cr.16_00,profile,True,10.5 g/U,keep,10.5 g/U,Afternoon CR segment is supported by dynamic sensitivity adjustments.
real_gemini35flashlite_50,run_039,profile.cr.20_00,profile,True,12.6 g/U,keep,12.6 g/U,Evening CR segment maintains stable overnight entry conditions.
real_gemini35flashlite_50,run_039,profile.isf.00_00,profile,True,56 mg/dL/U,keep,56 mg/dL/U,"Flat ISF of 56 mg/dL/U is modulated by dynamic ISF (70%), which appropriately adapts to real-time resistance without profile changes."
real_gemini35flashlite_50,run_039,profile.target.00_00,profile,True,90 mg/dL,keep,90 mg/dL,Target of 90 mg/dL provides appropriate overnight glycemic control.
real_gemini35flashlite_50,run_039,profile.target.08_00,profile,True,100 mg/dL,keep,100 mg/dL,Target of 100 mg/dL accommodates daytime activity and meal transitions.
real_gemini35flashlite_50,run_039,profile.target.23_00,profile,True,90 mg/dL,keep,90 mg/dL,Target of 90 mg/dL ensures safe overnight settling.
real_gemini35flashlite_50,run_039,profile.dia,profile,True,10 h,keep,10 h,"10-hour DIA provides conservative insulin-on-board tracking, preventing premature aggressive corrections despite occasional IOB stacking."
real_gemini35flashlite_50,run_039,aaps.core.smb_uam,aaps,True,smb_enabled=true; uam_enabled=true,keep,smb_enabled=true; uam_enabled=true,Enabling both SMB and UAM is essential for managing unannounced meals given the current lack of manual carb entries.
real_gemini35flashlite_50,run_039,aaps.core.smb_activation,aaps,True,smb_always_enabled=true; smb_with_cob_enabled=false; smb_after_carbs_enabled=false; smb_with_temp_target_enabled=true; smb_with_high_temp_target_enabled=false,keep,smb_always_enabled=true; smb_with_cob_enabled=false; smb_after_carbs_enabled=false; smb_with_temp_target_enabled=true; smb_with_high_temp_target_enabled=false,"smb_always_enabled=true supports automated delivery during unannounced rises, while keeping temp target SMB enabled maintains flexibility."
real_gemini35flashlite_50,run_039,aaps.core.smb_delivery,aaps,True,smb_interval_minutes=3 min; max_smb_basal_minutes=15 min; max_uam_smb_basal_minutes=20 min,keep,smb_interval_minutes=3 min; max_smb_basal_minutes=15 min; max_uam_smb_basal_minutes=20 min,3-minute interval with 15-minute max SMB and 20-minute max UAM basal minutes provides well-controlled microbolus increments.
real_gemini35flashlite_50,run_039,aaps.core.safety_limits,aaps,True,max_basal_u_per_hour=12 U/h; max_iob_units=25 U,keep,max_basal_u_per_hour=12 U/h; max_iob_units=25 U,Safety ceilings of 12 U/h and 25 U provide appropriate broad operational safety bounds without restricting normal loop function.
real_gemini35flashlite_50,run_039,aaps.core.sensitivity,aaps,True,autosens_enabled=false; dynamic_sensitivity_enabled=true; autosens_raises_target=false; autosens_lowers_target=false; dynamic_isf_adjustment_factor_percent=70 %,keep,autosens_enabled=false; dynamic_sensitivity_enabled=true; autosens_raises_target=false; autosens_lowers_target=false; dynamic_isf_adjustment_factor_percent=70 %,Dynamic sensitivity at 70% effectively modulates ISF during resistance phases without requiring autosens target shifts.
real_gemini35flashlite_50,run_039,aaps.core.carb_absorption,aaps,True,min_5m_carbimpact=8 mg/dL/5 min; meal_max_absorption_hours=7 h,keep,min_5m_carbimpact=8 mg/dL/5 min; meal_max_absorption_hours=7 h,Min carb impact of 8 mg/dL/5 min and 7-hour max absorption hours support robust UAM absorption tracking.
real_gemini35flashlite_50,run_040,profile.basal.00_00,profile,True,0.6 U/h,change,0.5 U/h,Evidence of nocturnal dipping and 18.5% time below range at 01:00 local time justifies lowering the midnight basal rate. Uncertainty remains regarding individual fasting variability; dependencies rely on verifying stability over several nights.
real_gemini35flashlite_50,run_040,profile.basal.05_00,profile,True,0.7 U/h,keep,0.7 U/h,Current early morning basal rate shows stable fasting control without excessive highs or lows. Evidence supports keeping current value pending overnight stabilization.
real_gemini35flashlite_50,run_040,profile.basal.06_00,profile,True,0.8 U/h,keep,0.8 U/h,Morning basal rate adequately supports dawn glucose demands. No evidence of systemic morning drift requiring immediate change.
real_gemini35flashlite_50,run_040,profile.basal.10_00,profile,True,0.7 U/h,keep,0.7 U/h,Midday basal segment maintains stable baseline control between meals. Change is withheld until unannounced meal patterns are clarified.
real_gemini35flashlite_50,run_040,profile.basal.16_00,profile,True,0.5 U/h,keep,0.5 U/h,Afternoon basal rate is supported by active loop UAM handling. Changing dependent settings together is avoided.
real_gemini35flashlite_50,run_040,profile.basal.18_00,profile,True,0.6 U/h,keep,0.6 U/h,Early evening basal segment provides stable coverage. Current evidence does not support modification.
real_gemini35flashlite_50,run_040,profile.basal.19_00,profile,True,0.7 U/h,keep,0.7 U/h,Late evening basal segment maintains stable control. Change is withheld pending prior basal segment verification.
real_gemini35flashlite_50,run_040,profile.cr.00_00,profile,True,13 g/U,keep,13 g/U,"Carbohydrate entries are absent in telemetry, preventing direct validation of CR segments. Current values are retained."
real_gemini35flashlite_50,run_040,profile.cr.04_00,profile,True,11.1 g/U,keep,11.1 g/U,"Without logged meal data, changing CR segments lacks empirical justification. Retain current setting."
real_gemini35flashlite_50,run_040,profile.cr.08_00,profile,True,13.2 g/U,keep,13.2 g/U,No direct meal data available to evaluate morning CR performance. Retain current setting.
real_gemini35flashlite_50,run_040,profile.cr.16_00,profile,True,10.5 g/U,keep,10.5 g/U,Afternoon CR segment operates alongside UAM automation. Retain current setting until meal logging is established.
real_gemini35flashlite_50,run_040,profile.cr.20_00,profile,True,12.6 g/U,keep,12.6 g/U,Evening CR segment functions within closed-loop parameters. Retain current setting.
real_gemini35flashlite_50,run_040,profile.isf.00_00,profile,True,56 mg/dL/U,keep,56 mg/dL/U,"Although flat at 56 mg/dL/U, dynamic sensitivity actively adjusts effective ISF downward during resistance. Retain current profile ISF until dynamic performance is fully assessed."
real_gemini35flashlite_50,run_040,profile.target.00_00,profile,True,90 mg/dL,keep,90 mg/dL,Overnight target of 90 mg/dL is appropriate when balanced against basal adjustments. Retain current setting.
real_gemini35flashlite_50,run_040,profile.target.08_00,profile,True,100 mg/dL,keep,100 mg/dL,Daytime target of 100 mg/dL provides a safe buffer against postprandial variability. Retain current setting.
real_gemini35flashlite_50,run_040,profile.target.23_00,profile,True,90 mg/dL,keep,90 mg/dL,Late evening target of 90 mg/dL maintains consistency with overnight targets. Retain current setting.
real_gemini35flashlite_50,run_040,profile.dia,profile,True,10 h,keep,10 h,10-hour DIA is long but works in conjunction with active Oref1 automation. Retain current setting until basal and max IOB adjustments are verified.
real_gemini35flashlite_50,run_040,aaps.core.smb_uam,aaps,True,smb_enabled=true; uam_enabled=true,keep,smb_enabled=true; uam_enabled=true,Both SMB and UAM are essential for managing unannounced meals given the lack of manual carb entries. Evidence confirms effective closed-loop rescue.
real_gemini35flashlite_50,run_040,aaps.core.smb_activation,aaps,True,smb_always_enabled=true; smb_with_cob_enabled=false; smb_after_carbs_enabled=false; smb_with_temp_target_enabled=true; smb_with_high_temp_target_enabled=false,keep,smb_always_enabled=true; smb_with_cob_enabled=false; smb_after_carbs_enabled=false; smb_with_temp_target_enabled=true; smb_with_high_temp_target_enabled=false,Current activation conditions correctly support zero-carb closed-loop operation via smb_always_enabled.
real_gemini35flashlite_50,run_040,aaps.core.smb_delivery,aaps,True,smb_interval_minutes=3 min; max_smb_basal_minutes=15 min; max_uam_smb_basal_minutes=20 min,keep,smb_interval_minutes=3 min; max_smb_basal_minutes=15 min; max_uam_smb_basal_minutes=20 min,Current delivery limits provide appropriate microbolus pacing without excessive insulin stacking.
real_gemini35flashlite_50,run_040,aaps.core.safety_limits,aaps,True,max_basal_u_per_hour=12 U/h; max_iob_units=25 U,change,max_basal_u_per_hour=12 U/h; max_iob_units=6 U,Max IOB of 25 U is excessively high and poses a severe stacking risk during hypoglycemic episodes. Reducing max IOB to 6 U aligns with daily insulin totals and improves safety.
real_gemini35flashlite_50,run_040,aaps.core.sensitivity,aaps,True,autosens_enabled=false; dynamic_sensitivity_enabled=true; autosens_raises_target=false; autosens_lowers_target=false; dynamic_isf_adjustment_factor_percent=70 %,keep,autosens_enabled=false; dynamic_sensitivity_enabled=true; autosens_raises_target=false; autosens_lowers_target=false; dynamic_isf_adjustment_factor_percent=70 %,Dynamic ISF successfully compensates for flat profile ISF segments during insulin resistance.
real_gemini35flashlite_50,run_040,aaps.core.carb_absorption,aaps,True,min_5m_carbimpact=8 mg/dL/5 min; meal_max_absorption_hours=7 h,keep,min_5m_carbimpact=8 mg/dL/5 min; meal_max_absorption_hours=7 h,Carb impact threshold and 7-hour maximum absorption window appropriately accommodate unannounced absorption tails and GLP-1 delayed transit.
real_gemini35flashlite_50,run_041,profile.basal.00_00,profile,True,0.6 U/h,keep,0.6 U/h,"Maintains stable overnight fasting glucose. Current value is supported by acceptable nocturnal averages, though early-night dipping warrants ongoing observation."
real_gemini35flashlite_50,run_041,profile.basal.05_00,profile,True,0.7 U/h,keep,0.7 U/h,Adequately covers early morning rise before waking. No data warrants a change at this time.
real_gemini35flashlite_50,run_041,profile.basal.06_00,profile,True,0.8 U/h,keep,0.8 U/h,Provides necessary morning baseline coverage during peak natural resistance hours.
real_gemini35flashlite_50,run_041,profile.basal.10_00,profile,True,0.7 U/h,keep,0.7 U/h,Maintains mid-day stability between morning ramp and afternoon transition.
real_gemini35flashlite_50,run_041,profile.basal.16_00,profile,True,0.5 U/h,keep,0.5 U/h,"Although afternoon highs occur around this time, changing basal before verifying meal carb inputs and isolating resistance versus unannounced intake is unsafe."
real_gemini35flashlite_50,run_041,profile.basal.18_00,profile,True,0.6 U/h,keep,0.6 U/h,Adequately bridges evening transition toward dinner hours.
real_gemini35flashlite_50,run_041,profile.basal.19_00,profile,True,0.7 U/h,keep,0.7 U/h,Maintains stable evening baseline coverage prior to overnight fasting.
real_gemini35flashlite_50,run_041,profile.cr.00_00,profile,True,13 g/U,keep,13 g/U,Appropriate baseline carb ratio; lack of explicit carb entries prevents empirical recalculation.
real_gemini35flashlite_50,run_041,profile.cr.04_00,profile,True,11.1 g/U,keep,11.1 g/U,Maintains appropriate early morning insulin-to-carb ratio coverage.
real_gemini35flashlite_50,run_041,profile.cr.08_00,profile,True,13.2 g/U,keep,13.2 g/U,Consistent with daytime insulin requirements under closed-loop operation.
real_gemini35flashlite_50,run_041,profile.cr.16_00,profile,True,10.5 g/U,keep,10.5 g/U,Reflects increased afternoon insulin requirements; maintain current setting pending carb logging verification.
real_gemini35flashlite_50,run_041,profile.cr.20_00,profile,True,12.6 g/U,keep,12.6 g/U,Maintains evening ratio stability.
real_gemini35flashlite_50,run_041,profile.isf.00_00,profile,True,56 mg/dL/U,keep,56 mg/dL/U,Flat profile ISF is actively supplemented by Dynamic ISF (70%); retain until baseline logging confirms true correction response.
real_gemini35flashlite_50,run_041,profile.target.00_00,profile,True,90 mg/dL,keep,90 mg/dL,Maintains tight nocturnal control consistent with closed-loop target philosophy.
real_gemini35flashlite_50,run_041,profile.target.08_00,profile,True,100 mg/dL,keep,100 mg/dL,Appropriate daytime target balancing safety and tight control.
real_gemini35flashlite_50,run_041,profile.target.23_00,profile,True,90 mg/dL,keep,90 mg/dL,Transitions back to tighter nocturnal target smoothly.
real_gemini35flashlite_50,run_041,profile.dia,profile,True,10 h,keep,10 h,Provides adequate insulin stacking protection for closed-loop microbolusing.
real_gemini35flashlite_50,run_041,aaps.core.smb_uam,aaps,True,smb_enabled=true; uam_enabled=true,keep,smb_enabled=true; uam_enabled=true,Essential for automated closed-loop management of unannounced intake in the absence of manual carb entries.
real_gemini35flashlite_50,run_041,aaps.core.smb_activation,aaps,True,smb_always_enabled=true; smb_with_cob_enabled=false; smb_after_carbs_enabled=false; smb_with_temp_target_enabled=true; smb_with_high_temp_target_enabled=false,keep,smb_always_enabled=true; smb_with_cob_enabled=false; smb_after_carbs_enabled=false; smb_with_temp_target_enabled=true; smb_with_high_temp_target_enabled=false,Appropriately configured to deliver SMBs via UAM and glucose deviation tracking without requiring manual carb inputs.
real_gemini35flashlite_50,run_041,aaps.core.smb_delivery,aaps,True,smb_interval_minutes=3 min; max_smb_basal_minutes=15 min; max_uam_smb_basal_minutes=20 min,keep,smb_interval_minutes=3 min; max_smb_basal_minutes=15 min; max_uam_smb_basal_minutes=20 min,Provides responsive microbolusing bounded safely by basal minute caps.
real_gemini35flashlite_50,run_041,aaps.core.safety_limits,aaps,True,max_basal_u_per_hour=12 U/h; max_iob_units=25 U,keep,max_basal_u_per_hour=12 U/h; max_iob_units=25 U,Wide safety boundaries successfully accommodate automated resistance responses without artificial throttling. Crucial for safety.
real_gemini35flashlite_50,run_041,aaps.core.sensitivity,aaps,True,autosens_enabled=false; dynamic_sensitivity_enabled=true; autosens_raises_target=false; autosens_lowers_target=false; dynamic_isf_adjustment_factor_percent=70 %,keep,autosens_enabled=false; dynamic_sensitivity_enabled=true; autosens_raises_target=false; autosens_lowers_target=false; dynamic_isf_adjustment_factor_percent=70 %,Dynamic ISF actively compensates for flat profile ISF during daily resistance fluctuations. Keep current setting.
real_gemini35flashlite_50,run_041,aaps.core.carb_absorption,aaps,True,min_5m_carbimpact=8 mg/dL/5 min; meal_max_absorption_hours=7 h,keep,min_5m_carbimpact=8 mg/dL/5 min; meal_max_absorption_hours=7 h,Standard oref1 default absorption parameters operate effectively alongside UAM tracking.
real_gemini35flashlite_50,run_042,profile.basal.00_00,profile,True,0.6 U/h,keep,0.6 U/h,"Overnight basal 0.6 U/h is currently supported by stable overnight averages, though mild early-morning dipping occurs. Withhold changes until meal logging is established."
real_gemini35flashlite_50,run_042,profile.basal.05_00,profile,True,0.7 U/h,keep,0.7 U/h,Current basal rate supports early morning stability; no direct evidence of basal defect independent of dynamic sensitivity.
real_gemini35flashlite_50,run_042,profile.basal.06_00,profile,True,0.8 U/h,keep,0.8 U/h,Morning step-up matches natural dawn phenomenon patterns; keep current value pending structured observation.
real_gemini35flashlite_50,run_042,profile.basal.10_00,profile,True,0.7 U/h,keep,0.7 U/h,Mid-day basal segment maintains steady background delivery; keep current value.
real_gemini35flashlite_50,run_042,profile.basal.16_00,profile,True,0.5 U/h,keep,0.5 U/h,Afternoon basal reduction aligns with profile configuration; keep current value while observing unannounced meal impact.
real_gemini35flashlite_50,run_042,profile.basal.18_00,profile,True,0.6 U/h,keep,0.6 U/h,Evening basal segment provides adequate transition; keep current value.
real_gemini35flashlite_50,run_042,profile.basal.19_00,profile,True,0.7 U/h,keep,0.7 U/h,Late evening basal coverage is stable; keep current value.
real_gemini35flashlite_50,run_042,profile.cr.00_00,profile,True,13 g/U,keep,13 g/U,CR segment 00:00 requires manual carb entry data to assess efficacy before altering.
real_gemini35flashlite_50,run_042,profile.cr.04_00,profile,True,11.1 g/U,keep,11.1 g/U,CR segment 04:00 is maintained pending structured carb logging.
real_gemini35flashlite_50,run_042,profile.cr.08_00,profile,True,13.2 g/U,keep,13.2 g/U,CR segment 08:00 is maintained pending structured carb logging.
real_gemini35flashlite_50,run_042,profile.cr.16_00,profile,True,10.5 g/U,keep,10.5 g/U,CR segment 16:00 is maintained pending structured carb logging.
real_gemini35flashlite_50,run_042,profile.cr.20_00,profile,True,12.6 g/U,keep,12.6 g/U,CR segment 20:00 is maintained pending structured carb logging.
real_gemini35flashlite_50,run_042,profile.isf.00_00,profile,True,56 mg/dL/U,keep,56 mg/dL/U,Flat ISF of 56 mg/dL/U is actively scaled by dynamic sensitivity (70%); keep current value until baseline meal data is established.
real_gemini35flashlite_50,run_042,profile.target.00_00,profile,True,90 mg/dL,keep,90 mg/dL,Target of 90 mg/dL is appropriate for closed-loop operation; keep current value.
real_gemini35flashlite_50,run_042,profile.target.08_00,profile,True,100 mg/dL,keep,100 mg/dL,Daytime target of 100 mg/dL is appropriate; keep current value.
real_gemini35flashlite_50,run_042,profile.target.23_00,profile,True,90 mg/dL,keep,90 mg/dL,Night target of 90 mg/dL is appropriate; keep current value.
real_gemini35flashlite_50,run_042,profile.dia,profile,True,10 h,keep,10 h,10-hour DIA provides conservative insulin-on-board tracking; keep current value.
real_gemini35flashlite_50,run_042,aaps.core.smb_uam,aaps,True,smb_enabled=true; uam_enabled=true,keep,smb_enabled=true; uam_enabled=true,SMB and UAM enabled status is appropriate for managing unannounced glucose fluctuations when explicit carb entries are absent.
real_gemini35flashlite_50,run_042,aaps.core.smb_activation,aaps,True,smb_always_enabled=true; smb_with_cob_enabled=false; smb_after_carbs_enabled=false; smb_with_temp_target_enabled=true; smb_with_high_temp_target_enabled=false,keep,smb_always_enabled=true; smb_with_cob_enabled=false; smb_after_carbs_enabled=false; smb_with_temp_target_enabled=true; smb_with_high_temp_target_enabled=false,Activation conditions support reactive closed-loop delivery in the absence of declared carbs.
real_gemini35flashlite_50,run_042,aaps.core.smb_delivery,aaps,True,smb_interval_minutes=3 min; max_smb_basal_minutes=15 min; max_uam_smb_basal_minutes=20 min,keep,smb_interval_minutes=3 min; max_smb_basal_minutes=15 min; max_uam_smb_basal_minutes=20 min,Delivery intervals and limits are correctly configured for oref1 closed-loop operation.
real_gemini35flashlite_50,run_042,aaps.core.safety_limits,aaps,True,max_basal_u_per_hour=12 U/h; max_iob_units=25 U,keep,max_basal_u_per_hour=12 U/h; max_iob_units=25 U,Safety limits provide safe upper boundaries for automated delivery.
real_gemini35flashlite_50,run_042,aaps.core.sensitivity,aaps,True,autosens_enabled=false; dynamic_sensitivity_enabled=true; autosens_raises_target=false; autosens_lowers_target=false; dynamic_isf_adjustment_factor_percent=70 %,keep,autosens_enabled=false; dynamic_sensitivity_enabled=true; autosens_raises_target=false; autosens_lowers_target=false; dynamic_isf_adjustment_factor_percent=70 %,Dynamic ISF at 70% appropriately compensates for flat profile ISF during rapid glucose changes.
real_gemini35flashlite_50,run_042,aaps.core.carb_absorption,aaps,True,min_5m_carbimpact=8 mg/dL/5 min; meal_max_absorption_hours=7 h,keep,min_5m_carbimpact=8 mg/dL/5 min; meal_max_absorption_hours=7 h,Carb absorption settings align with standard UAM and absorption modeling.
real_gemini35flashlite_50,run_043,profile.basal.00_00,profile,True,0.6 U/h,keep,,"Maintains overnight stability, though early morning dips require close monitoring once meal logging is established."
real_gemini35flashlite_50,run_043,profile.basal.05_00,profile,True,0.7 U/h,keep,,Provides adequate morning transition coverage.
real_gemini35flashlite_50,run_043,profile.basal.06_00,profile,True,0.8 U/h,keep,,Supports morning rise; changing without meal logs is premature.
real_gemini35flashlite_50,run_043,profile.basal.10_00,profile,True,0.7 U/h,keep,,Maintains daytime basal coverage.
real_gemini35flashlite_50,run_043,profile.basal.16_00,profile,True,0.5 U/h,keep,,Afternoon peaks coincide with GLP-1 timing; basal change should await formal meal logging.
real_gemini35flashlite_50,run_043,profile.basal.18_00,profile,True,0.6 U/h,keep,,Maintains evening stability.
real_gemini35flashlite_50,run_043,profile.basal.19_00,profile,True,0.7 U/h,keep,,Supports overnight transition.
real_gemini35flashlite_50,run_043,profile.cr.00_00,profile,True,13 g/U,keep,,Cannot be evaluated without recorded carbohydrate entries.
real_gemini35flashlite_50,run_043,profile.cr.04_00,profile,True,11.1 g/U,keep,,Cannot be evaluated without recorded carbohydrate entries.
real_gemini35flashlite_50,run_043,profile.cr.08_00,profile,True,13.2 g/U,keep,,Cannot be evaluated without recorded carbohydrate entries.
real_gemini35flashlite_50,run_043,profile.cr.16_00,profile,True,10.5 g/U,keep,,Cannot be evaluated without recorded carbohydrate entries.
real_gemini35flashlite_50,run_043,profile.cr.20_00,profile,True,12.6 g/U,keep,,Cannot be evaluated without recorded carbohydrate entries.
real_gemini35flashlite_50,run_043,profile.isf.00_00,profile,True,56 mg/dL/U,keep,,Flat ISF operates alongside dynamic sensitivity; changing requires verified meal response data first.
real_gemini35flashlite_50,run_043,profile.target.00_00,profile,True,90 mg/dL,keep,,Appropriate tight target supporting closed-loop operation.
real_gemini35flashlite_50,run_043,profile.target.08_00,profile,True,100 mg/dL,keep,,Appropriate daytime target.
real_gemini35flashlite_50,run_043,profile.target.23_00,profile,True,90 mg/dL,keep,,Appropriate nighttime target.
real_gemini35flashlite_50,run_043,profile.dia,profile,True,10 h,keep,,Conservative DIA duration aligns with pump settings and insulin stacking prevention.
real_gemini35flashlite_50,run_043,aaps.core.smb_uam,aaps,True,smb_enabled=true; uam_enabled=true,keep,,Essential for managing closed-loop delivery in the absence of manual carb entries.
real_gemini35flashlite_50,run_043,aaps.core.smb_activation,aaps,True,smb_always_enabled=true; smb_with_cob_enabled=false; smb_after_carbs_enabled=false; smb_with_temp_target_enabled=true; smb_with_high_temp_target_enabled=false,keep,,Properly configured for unannounced meal and UAM management without formal carb inputs.
real_gemini35flashlite_50,run_043,aaps.core.smb_delivery,aaps,True,smb_interval_minutes=3 min; max_smb_basal_minutes=15 min; max_uam_smb_basal_minutes=20 min,keep,,Standard delivery intervals support responsive micro-bolusing.
real_gemini35flashlite_50,run_043,aaps.core.safety_limits,aaps,True,max_basal_u_per_hour=12 U/h; max_iob_units=25 U,keep,,Safe safety ceilings preventing excessive insulin delivery.
real_gemini35flashlite_50,run_043,aaps.core.sensitivity,aaps,True,autosens_enabled=false; dynamic_sensitivity_enabled=true; autosens_raises_target=false; autosens_lowers_target=false; dynamic_isf_adjustment_factor_percent=70 %,keep,,Dynamic sensitivity successfully compensates for static profile ISF limitations.
real_gemini35flashlite_50,run_043,aaps.core.carb_absorption,aaps,True,min_5m_carbimpact=8 mg/dL/5 min; meal_max_absorption_hours=7 h,keep,,7-hour absorption window appropriately accommodates delayed gastric emptying from GLP-1 therapy.
real_gemini35flashlite_50,run_044,profile.basal.00_00,profile,True,0.6 U/h,keep,0.6 U/h,Overnight glucose is stable; no evidence of basal defect.
real_gemini35flashlite_50,run_044,profile.basal.05_00,profile,True,0.7 U/h,keep,0.7 U/h,Early morning basal maintains stable glucose levels.
real_gemini35flashlite_50,run_044,profile.basal.06_00,profile,True,0.8 U/h,keep,0.8 U/h,Morning basal segment is appropriate; morning rises are meal-related.
real_gemini35flashlite_50,run_044,profile.basal.10_00,profile,True,0.7 U/h,keep,0.7 U/h,Mid-day basal provides stable control between meals.
real_gemini35flashlite_50,run_044,profile.basal.16_00,profile,True,0.5 U/h,keep,0.5 U/h,Afternoon variations correlate with unannounced intake and GLP-1 gastric emptying rather than basal error.
real_gemini35flashlite_50,run_044,profile.basal.18_00,profile,True,0.6 U/h,keep,0.6 U/h,Evening basal segment supports stable pre-dinner glucose.
real_gemini35flashlite_50,run_044,profile.basal.19_00,profile,True,0.7 U/h,keep,0.7 U/h,Late evening basal is appropriate.
real_gemini35flashlite_50,run_044,profile.cr.00_00,profile,True,13 g/U,keep,13 g/U,Carb entries are absent; changing CR without meal data is unsupported.
real_gemini35flashlite_50,run_044,profile.cr.04_00,profile,True,11.1 g/U,keep,11.1 g/U,Carb entries are absent; current segment requires no modification.
real_gemini35flashlite_50,run_044,profile.cr.08_00,profile,True,13.2 g/U,keep,13.2 g/U,Carb entries are absent; current segment requires no modification.
real_gemini35flashlite_50,run_044,profile.cr.16_00,profile,True,10.5 g/U,keep,10.5 g/U,Carb entries are absent; current segment requires no modification.
real_gemini35flashlite_50,run_044,profile.cr.20_00,profile,True,12.6 g/U,keep,12.6 g/U,Carb entries are absent; current segment requires no modification.
real_gemini35flashlite_50,run_044,profile.isf.00_00,profile,True,56 mg/dL/U,keep,56 mg/dL/U,Dynamic ISF (70%) actively adjusts sensitivity; flat ISF is functioning adequately alongside automation.
real_gemini35flashlite_50,run_044,profile.target.00_00,profile,True,90 mg/dL,keep,90 mg/dL,Nighttime target is appropriate and safe.
real_gemini35flashlite_50,run_044,profile.target.08_00,profile,True,100 mg/dL,keep,100 mg/dL,Daytime target provides a balanced glycemic goal.
real_gemini35flashlite_50,run_044,profile.target.23_00,profile,True,90 mg/dL,keep,90 mg/dL,Night target transition is well-configured.
real_gemini35flashlite_50,run_044,profile.dia,profile,True,10 h,keep,10 h,10-hour DIA supports smooth insulin stacking control under oref1.
real_gemini35flashlite_50,run_044,aaps.core.smb_uam,aaps,True,smb_enabled=true; uam_enabled=true,keep,smb_enabled=true; uam_enabled=true,Essential for managing unannounced meals given the lack of manual carb entries.
real_gemini35flashlite_50,run_044,aaps.core.smb_activation,aaps,True,smb_always_enabled=true; smb_with_cob_enabled=false; smb_after_carbs_enabled=false; smb_with_temp_target_enabled=true; smb_with_high_temp_target_enabled=false,keep,smb_always_enabled=true; smb_with_cob_enabled=false; smb_after_carbs_enabled=false; smb_with_temp_target_enabled=true; smb_with_high_temp_target_enabled=false,Appropriately configured for unannounced loop operation.
real_gemini35flashlite_50,run_044,aaps.core.smb_delivery,aaps,True,smb_interval_minutes=3 min; max_smb_basal_minutes=15 min; max_uam_smb_basal_minutes=20 min,keep,smb_interval_minutes=3 min; max_smb_basal_minutes=15 min; max_uam_smb_basal_minutes=20 min,Cadence and delivery caps are optimal for oref1 responsiveness.
real_gemini35flashlite_50,run_044,aaps.core.safety_limits,aaps,True,max_basal_u_per_hour=12 U/h; max_iob_units=25 U,keep,max_basal_u_per_hour=12 U/h; max_iob_units=25 U,"High limits provide necessary headroom during GLP-1 delayed absorption waves, though requiring careful CGM monitoring."
real_gemini35flashlite_50,run_044,aaps.core.sensitivity,aaps,True,autosens_enabled=false; dynamic_sensitivity_enabled=true; autosens_raises_target=false; autosens_lowers_target=false; dynamic_isf_adjustment_factor_percent=70 %,keep,autosens_enabled=false; dynamic_sensitivity_enabled=true; autosens_raises_target=false; autosens_lowers_target=false; dynamic_isf_adjustment_factor_percent=70 %,Dynamic ISF at 70% effectively adjusts insulin sensitivity to handle excursions.
real_gemini35flashlite_50,run_044,aaps.core.carb_absorption,aaps,True,min_5m_carbimpact=8 mg/dL/5 min; meal_max_absorption_hours=7 h,keep,min_5m_carbimpact=8 mg/dL/5 min; meal_max_absorption_hours=7 h,7-hour max absorption correctly accommodates GLP-1 delayed gastric emptying.
real_gemini35flashlite_50,run_045,profile.basal.00_00,profile,True,0.6 U/h,keep,0.6 U/h,Overnight averages are stable around 90-100 mg/dL; changes should be deferred until safety limits are verified. Evidence: hourly_glucose_local. Uncertainty: minor early night dipping may be residual correction effects. Dependencies: safety limits.
real_gemini35flashlite_50,run_045,profile.basal.05_00,profile,True,0.7 U/h,keep,0.7 U/h,Early morning glucose remains well-controlled. Evidence: hourly_glucose_local. Uncertainty: none. Dependencies: none.
real_gemini35flashlite_50,run_045,profile.basal.06_00,profile,True,0.8 U/h,keep,0.8 U/h,Morning rise coverage is appropriate. Evidence: hourly_glucose_local. Uncertainty: none. Dependencies: none.
real_gemini35flashlite_50,run_045,profile.basal.10_00,profile,True,0.7 U/h,keep,0.7 U/h,Mid-day basal rate maintains stable baseline prior to afternoon unannounced meal peaks. Evidence: hourly_glucose_local. Uncertainty: unannounced meal timing. Dependencies: none.
real_gemini35flashlite_50,run_045,profile.basal.16_00,profile,True,0.5 U/h,keep,0.5 U/h,Afternoon peaks are driven by unannounced intake and GLP-1 dynamics rather than basal inadequacy. Evidence: therapy_response_windows. Uncertainty: meal timing. Dependencies: automation response.
real_gemini35flashlite_50,run_045,profile.basal.18_00,profile,True,0.6 U/h,keep,0.6 U/h,Evening basal rate is stable. Evidence: hourly_glucose_local. Uncertainty: none. Dependencies: none.
real_gemini35flashlite_50,run_045,profile.basal.19_00,profile,True,0.7 U/h,keep,0.7 U/h,Late evening basal maintains safe transition into night. Evidence: hourly_glucose_local. Uncertainty: none. Dependencies: none.
real_gemini35flashlite_50,run_045,profile.cr.00_00,profile,True,13 g/U,keep,13 g/U,"Without explicit carb entries, changing static CR is unsupported. Evidence: treatment_summary. Uncertainty: high due to unannounced intake. Dependencies: carb logging."
real_gemini35flashlite_50,run_045,profile.cr.04_00,profile,True,11.1 g/U,keep,11.1 g/U,Carb entries are absent; automated UAM handles intake. Evidence: treatment_summary. Uncertainty: high. Dependencies: carb logging.
real_gemini35flashlite_50,run_045,profile.cr.08_00,profile,True,13.2 g/U,keep,13.2 g/U,Carb entries are absent. Evidence: treatment_summary. Uncertainty: high. Dependencies: carb logging.
real_gemini35flashlite_50,run_045,profile.cr.16_00,profile,True,10.5 g/U,keep,10.5 g/U,Carb entries are absent. Evidence: treatment_summary. Uncertainty: high. Dependencies: carb logging.
real_gemini35flashlite_50,run_045,profile.cr.20_00,profile,True,12.6 g/U,keep,12.6 g/U,Carb entries are absent. Evidence: treatment_summary. Uncertainty: high. Dependencies: carb logging.
real_gemini35flashlite_50,run_045,profile.isf.00_00,profile,True,56 mg/dL/U,keep,56 mg/dL/U,"Dynamic sensitivity actively modulates ISF based on velocity and eventual BG, compensating for the flat profile ISF. Evidence: loop_statuses. Uncertainty: dynamic scaling behavior. Dependencies: automation settings."
real_gemini35flashlite_50,run_045,profile.target.00_00,profile,True,90 mg/dL,keep,90 mg/dL,Overnight targets maintain stable glucose control. Evidence: hourly_glucose_local. Uncertainty: none. Dependencies: none.
real_gemini35flashlite_50,run_045,profile.target.08_00,profile,True,100 mg/dL,keep,100 mg/dL,Daytime targets are appropriate for closed-loop operation. Evidence: aaps_profile. Uncertainty: none. Dependencies: none.
real_gemini35flashlite_50,run_045,profile.target.23_00,profile,True,90 mg/dL,keep,90 mg/dL,Late evening target provides smooth transition. Evidence: aaps_profile. Uncertainty: none. Decision: keep.
real_gemini35flashlite_50,run_045,profile.dia,profile,True,10 h,keep,10 h,Conservative DIA of 10 hours supports safe IOB tracking alongside oref1 algorithms. Evidence: aaps_profile. Uncertainty: none. Dependencies: none.
real_gemini35flashlite_50,run_045,aaps.core.smb_uam,aaps,True,smb_enabled=true; uam_enabled=true,keep,smb_enabled=true; uam_enabled=true,Essential for managing unannounced meals given the lack of manual carb entries. Evidence: aaps_profile. Uncertainty: none. Dependencies: none.
real_gemini35flashlite_50,run_045,aaps.core.smb_activation,aaps,True,smb_always_enabled=true; smb_with_cob_enabled=false; smb_after_carbs_enabled=false; smb_with_temp_target_enabled=true; smb_with_high_temp_target_enabled=false,keep,smb_always_enabled=true; smb_with_cob_enabled=false; smb_after_carbs_enabled=false; smb_with_temp_target_enabled=true; smb_with_high_temp_target_enabled=false,Aligned with unannounced meal strategy. Evidence: aaps_profile. Uncertainty: none. Dependencies: none.
real_gemini35flashlite_50,run_045,aaps.core.smb_delivery,aaps,True,smb_interval_minutes=3 min; max_smb_basal_minutes=15 min; max_uam_smb_basal_minutes=20 min,keep,smb_interval_minutes=3 min; max_smb_basal_minutes=15 min; max_uam_smb_basal_minutes=20 min,Provides responsive microbolusing without excessive per-interval dosing. Evidence: loop_statuses. Uncertainty: none. Dependencies: none.
real_gemini35flashlite_50,run_045,aaps.core.safety_limits,aaps,True,max_basal_u_per_hour=12 U/h; max_iob_units=25 U,keep,max_basal_u_per_hour=12 U/h; max_iob_units=25 U,Max IOB of 25 U is high but requires careful clinical evaluation before modification. Evidence: aaps_profile. Uncertainty: risk of insulin stacking. Dependencies: hypoglycemia frequency.
real_gemini35flashlite_50,run_045,aaps.core.sensitivity,aaps,True,autosens_enabled=false; dynamic_sensitivity_enabled=true; autosens_raises_target=false; autosens_lowers_target=false; dynamic_isf_adjustment_factor_percent=70 %,keep,autosens_enabled=false; dynamic_sensitivity_enabled=true; autosens_raises_target=false; autosens_lowers_target=false; dynamic_isf_adjustment_factor_percent=70 %,Dynamic sensitivity actively scales ISF effectively. Evidence: loop_statuses. Uncertainty: none. Dependencies: none.
real_gemini35flashlite_50,run_045,aaps.core.carb_absorption,aaps,True,min_5m_carbimpact=8 mg/dL/5 min; meal_max_absorption_hours=7 h,keep,min_5m_carbimpact=8 mg/dL/5 min; meal_max_absorption_hours=7 h,Appropriately conservative absorption window for unannounced mixed meals and GLP-1 delayed gastric emptying. Evidence: aaps_profile. Uncertainty: none. Dependencies: none.
real_gemini35flashlite_50,run_046,profile.basal.00_00,profile,True,0.6 U/h,keep,0.6 U/h,"Overnight dips into the 40s-50s mg/dL suggest potential over-delivery, but unannounced meals and lack of carb logging make it premature to alter basal rates. Keep current value and monitor."
real_gemini35flashlite_50,run_046,profile.basal.05_00,profile,True,0.7 U/h,keep,0.7 U/h,Current rate supports early morning stability without sufficient evidence of systematic drift.
real_gemini35flashlite_50,run_046,profile.basal.06_00,profile,True,0.8 U/h,keep,0.8 U/h,Morning basal step-up aligns with dawn phenomenon patterns; keep and verify against logged meal data.
real_gemini35flashlite_50,run_046,profile.basal.10_00,profile,True,0.7 U/h,keep,0.7 U/h,Mid-day basal is stable; afternoon elevations are driven by unannounced meals rather than basal failure.
real_gemini35flashlite_50,run_046,profile.basal.16_00,profile,True,0.5 U/h,keep,0.5 U/h,Afternoon basal rate is appropriate; changes should await meal-announcement data.
real_gemini35flashlite_50,run_046,profile.basal.18_00,profile,True,0.6 U/h,keep,0.6 U/h,Evening basal segment is well-supported by current closed-loop performance.
real_gemini35flashlite_50,run_046,profile.basal.19_00,profile,True,0.7 U/h,keep,0.7 U/h,Maintains stability into the evening hours; keep current value.
real_gemini35flashlite_50,run_046,profile.cr.00_00,profile,True,13 g/U,keep,13 g/U,Carb ratio segments cannot be reliably tuned without declared meal carbohydrate data.
real_gemini35flashlite_50,run_046,profile.cr.04_00,profile,True,11.1 g/U,keep,11.1 g/U,No evidence of systemic over- or under-bolusing during this window once automated UAM is accounted for.
real_gemini35flashlite_50,run_046,profile.cr.08_00,profile,True,13.2 g/U,keep,13.2 g/U,Keep current value pending meal logging verification.
real_gemini35flashlite_50,run_046,profile.cr.16_00,profile,True,10.5 g/U,keep,10.5 g/U,Keep current value; afternoon peaks reflect unannounced meals rather than CR defect.
real_gemini35flashlite_50,run_046,profile.cr.20_00,profile,True,12.6 g/U,keep,12.6 g/U,Keep current value pending structured meal testing.
real_gemini35flashlite_50,run_046,profile.isf.00_00,profile,True,56 mg/dL/U,keep,56 mg/dL/U,"While flat, Oref1 dynamic sensitivity (70%) is actively scaling sensitivity in real-time. Changing static ISF without isolating meal effects is unsupported."
real_gemini35flashlite_50,run_046,profile.target.00_00,profile,True,90 mg/dL,keep,90 mg/dL,Overnight target of 90 mg/dL is appropriate for closed-loop operation.
real_gemini35flashlite_50,run_046,profile.target.08_00,profile,True,100 mg/dL,keep,100 mg/dL,Daytime target of 100 mg/dL provides a safe buffer against activity-induced lows.
real_gemini35flashlite_50,run_046,profile.target.23_00,profile,True,90 mg/dL,keep,90 mg/dL,Evening target is well-aligned with overnight goals.
real_gemini35flashlite_50,run_046,profile.dia,profile,True,10 h,keep,10 h,10-hour DIA provides conservative insulin-on-board decay modeling which helps prevent stacking when UAM micro-boluses are active.
real_gemini35flashlite_50,run_046,aaps.core.smb_uam,aaps,True,smb_enabled=true; uam_enabled=true,keep,smb_enabled=true; uam_enabled=true,Both enabled and functioning as essential compensation for unannounced meals in the absence of declared carb entries.
real_gemini35flashlite_50,run_046,aaps.core.smb_activation,aaps,True,smb_always_enabled=true; smb_with_cob_enabled=false; smb_after_carbs_enabled=false; smb_with_temp_target_enabled=true; smb_with_high_temp_target_enabled=false,keep,smb_always_enabled=true; smb_with_cob_enabled=false; smb_after_carbs_enabled=false; smb_with_temp_target_enabled=true; smb_with_high_temp_target_enabled=false,Appropriately configured for unannounced meal management where COB data is absent.
real_gemini35flashlite_50,run_046,aaps.core.smb_delivery,aaps,True,smb_interval_minutes=3 min; max_smb_basal_minutes=15 min; max_uam_smb_basal_minutes=20 min,keep,smb_interval_minutes=3 min; max_smb_basal_minutes=15 min; max_uam_smb_basal_minutes=20 min,Delivery parameters provide responsive micro-bolusing without excessive aggressiveness.
real_gemini35flashlite_50,run_046,aaps.core.safety_limits,aaps,True,max_basal_u_per_hour=12 U/h; max_iob_units=25 U,keep,max_basal_u_per_hour=12 U/h; max_iob_units=25 U,"Safety limits prevent clipping needed loop adjustments, though max IOB (25 U) is high relative to daily insulin (~20 U/day) and should be monitored."
real_gemini35flashlite_50,run_046,aaps.core.sensitivity,aaps,True,autosens_enabled=false; dynamic_sensitivity_enabled=true; autosens_raises_target=false; autosens_lowers_target=false; dynamic_isf_adjustment_factor_percent=70 %,keep,autosens_enabled=false; dynamic_sensitivity_enabled=true; autosens_raises_target=false; autosens_lowers_target=false; dynamic_isf_adjustment_factor_percent=70 %,Dynamic ISF at 70% adjustment factor effectively compensates for the flat profile ISF.
real_gemini35flashlite_50,run_046,aaps.core.carb_absorption,aaps,True,min_5m_carbimpact=8 mg/dL/5 min; meal_max_absorption_hours=7 h,keep,min_5m_carbimpact=8 mg/dL/5 min; meal_max_absorption_hours=7 h,Absorption settings provide adequate tail-end coverage for unannounced meals.
real_gemini35flashlite_50,run_047,profile.basal.00_00,profile,True,0.6 U/h,keep,0.6 U/h,"Early overnight shows low readings (up to 18.5% below range at 01:00 local), but data is confounded by unlogged evening meals and IOB tail. Keep current 0.6 U/h and verify overnight IOB clearance before changing."
real_gemini35flashlite_50,run_047,profile.basal.05_00,profile,True,0.7 U/h,keep,0.7 U/h,Stable overnight glucose averages between 99 and 106 mg/dL from 03:00 to 07:00 local. Current setting is effective.
real_gemini35flashlite_50,run_047,profile.basal.06_00,profile,True,0.8 U/h,keep,0.8 U/h,Morning fasting glucose values remain well-controlled within target range.
real_gemini35flashlite_50,run_047,profile.basal.10_00,profile,True,0.7 U/h,keep,0.7 U/h,Mid-day basal segments maintain stable glucose prior to afternoon meal periods.
real_gemini35flashlite_50,run_047,profile.basal.16_00,profile,True,0.5 U/h,keep,0.5 U/h,Afternoon peaks are primarily related to unannounced meals and GLP-1 absorption kinetics rather than basal under-delivery.
real_gemini35flashlite_50,run_047,profile.basal.18_00,profile,True,0.6 U/h,keep,0.6 U/h,Current evening basal segment adequately transitions into the overnight period without requiring simultaneous changes alongside basal 00:00.
real_gemini35flashlite_50,run_047,profile.basal.19_00,profile,True,0.7 U/h,keep,0.7 U/h,Evening basal rate is stable and supports glycemic control into the night.
real_gemini35flashlite_50,run_047,profile.cr.00_00,profile,True,13 g/U,keep,13 g/U,"In the absence of explicit carb entries, carb ratio segments cannot be empirically evaluated or safely adjusted."
real_gemini35flashlite_50,run_047,profile.cr.04_00,profile,True,11.1 g/U,keep,11.1 g/U,Morning carb ratio segment operates adequately within automated UAM loop control.
real_gemini35flashlite_50,run_047,profile.cr.08_00,profile,True,13.2 g/U,keep,13.2 g/U,Daytime carb ratio is functioning satisfactorily under closed-loop Oref1 control.
real_gemini35flashlite_50,run_047,profile.cr.16_00,profile,True,10.5 g/U,keep,10.5 g/U,Afternoon carb ratio should not be modified while meal entries are unlogged and GLP-1 therapy is actively altering absorption.
real_gemini35flashlite_50,run_047,profile.cr.20_00,profile,True,12.6 g/U,keep,12.6 g/U,Evening carb ratio is performing within acceptable closed-loop parameters.
real_gemini35flashlite_50,run_047,profile.isf.00_00,profile,True,56 mg/dL/U,keep,56 mg/dL/U,Flat profile ISF of 56 mg/dL/U is successfully supplemented by Dynamic ISF (70% adjustment factor) and Oref1 real-time scaling.
real_gemini35flashlite_50,run_047,profile.target.00_00,profile,True,90 mg/dL,keep,90 mg/dL,"Overnight target of 90 mg/dL maintains strong overall TIR, though it correlates with early sleep lows; verify before altering."
real_gemini35flashlite_50,run_047,profile.target.08_00,profile,True,100 mg/dL,keep,100 mg/dL,Daytime target of 100 mg/dL provides a safe buffer against daytime activity and variability.
real_gemini35flashlite_50,run_047,profile.target.23_00,profile,True,90 mg/dL,keep,90 mg/dL,Late evening target appropriately transitions to the overnight target.
real_gemini35flashlite_50,run_047,profile.dia,profile,True,10 h,keep,10 h,10-hour DIA provides conservative insulin-on-board calculations appropriate for closed-loop safety.
real_gemini35flashlite_50,run_047,aaps.core.smb_uam,aaps,True,smb_enabled=true; uam_enabled=true,keep,smb_enabled=true; uam_enabled=true,"Both SMB and UAM enabled, operating effectively for unannounced meal management."
real_gemini35flashlite_50,run_047,aaps.core.smb_activation,aaps,True,smb_always_enabled=true; smb_with_cob_enabled=false; smb_after_carbs_enabled=false; smb_with_temp_target_enabled=true; smb_with_high_temp_target_enabled=false,keep,smb_always_enabled=true; smb_with_cob_enabled=false; smb_after_carbs_enabled=false; smb_with_temp_target_enabled=true; smb_with_high_temp_target_enabled=false,SMB always enabled and enabled with temp targets support the unannounced meal strategy.
real_gemini35flashlite_50,run_047,aaps.core.smb_delivery,aaps,True,smb_interval_minutes=3 min; max_smb_basal_minutes=15 min; max_uam_smb_basal_minutes=20 min,keep,smb_interval_minutes=3 min; max_smb_basal_minutes=15 min; max_uam_smb_basal_minutes=20 min,3-minute interval with 15-minute max SMB basal minutes provides safe microbolus delivery.
real_gemini35flashlite_50,run_047,aaps.core.safety_limits,aaps,True,max_basal_u_per_hour=12 U/h; max_iob_units=25 U,keep,max_basal_u_per_hour=12 U/h; max_iob_units=25 U,"Safety limits (max basal 12 U/h, max IOB 25 U) provide safe operational guardrails."
real_gemini35flashlite_50,run_047,aaps.core.sensitivity,aaps,True,autosens_enabled=false; dynamic_sensitivity_enabled=true; autosens_raises_target=false; autosens_lowers_target=false; dynamic_isf_adjustment_factor_percent=70 %,keep,autosens_enabled=false; dynamic_sensitivity_enabled=true; autosens_raises_target=false; autosens_lowers_target=false; dynamic_isf_adjustment_factor_percent=70 %,Dynamic ISF at 70% successfully scales sensitivity without requiring Autosens target adjustments.
real_gemini35flashlite_50,run_047,aaps.core.carb_absorption,aaps,True,min_5m_carbimpact=8 mg/dL/5 min; meal_max_absorption_hours=7 h,keep,min_5m_carbimpact=8 mg/dL/5 min; meal_max_absorption_hours=7 h,min_5m_carbimpact=8 mg/dL/5 min and 7-hour max absorption safely model UAM absorption under GLP-1 therapy.
real_gemini35flashlite_50,run_048,profile.basal.00_00,profile,True,0.6 U/h,keep,0.6 U/h,Overnight basal rates maintain stable baseline control; changes should be deferred until safety limits and meal logging are optimized.
real_gemini35flashlite_50,run_048,profile.basal.05_00,profile,True,0.7 U/h,keep,0.7 U/h,Current segment is stable; no supporting evidence to modify without prior safety limit adjustment.
real_gemini35flashlite_50,run_048,profile.basal.06_00,profile,True,0.8 U/h,keep,0.8 U/h,Morning basal segment supports morning rise appropriately.
real_gemini35flashlite_50,run_048,profile.basal.10_00,profile,True,0.7 U/h,keep,0.7 U/h,Midday basal segment is stable.
real_gemini35flashlite_50,run_048,profile.basal.16_00,profile,True,0.5 U/h,keep,0.5 U/h,Late afternoon basal segment maintains acceptable range.
real_gemini35flashlite_50,run_048,profile.basal.18_00,profile,True,0.6 U/h,keep,0.6 U/h,Evening basal segment is stable.
real_gemini35flashlite_50,run_048,profile.basal.19_00,profile,True,0.7 U/h,keep,0.7 U/h,Night transition basal segment is appropriate.
real_gemini35flashlite_50,run_048,profile.cr.00_00,profile,True,13 g/U,keep,13 g/U,Carb ratio should be evaluated after manual meal logging is established.
real_gemini35flashlite_50,run_048,profile.cr.04_00,profile,True,11.1 g/U,keep,11.1 g/U,No direct evidence of CR failure independent of unannounced meal management.
real_gemini35flashlite_50,run_048,profile.cr.08_00,profile,True,13.2 g/U,keep,13.2 g/U,Maintain current setting pending meal logging data.
real_gemini35flashlite_50,run_048,profile.cr.16_00,profile,True,10.5 g/U,keep,10.5 g/U,Maintain current setting pending meal logging data.
real_gemini35flashlite_50,run_048,profile.cr.20_00,profile,True,12.6 g/U,keep,12.6 g/U,Maintain current setting pending meal logging data.
real_gemini35flashlite_50,run_048,profile.isf.00_00,profile,True,56 mg/dL/U,keep,56 mg/dL/U,ISF is modulated by dynamic sensitivity (70%); retain until max IOB limit is corrected.
real_gemini35flashlite_50,run_048,profile.target.00_00,profile,True,90 mg/dL,keep,90 mg/dL,Overnight target is clinically appropriate.
real_gemini35flashlite_50,run_048,profile.target.08_00,profile,True,100 mg/dL,keep,100 mg/dL,Daytime target is appropriate.
real_gemini35flashlite_50,run_048,profile.target.23_00,profile,True,90 mg/dL,keep,90 mg/dL,Evening target is appropriate.
real_gemini35flashlite_50,run_048,profile.dia,profile,True,10 h,keep,10 h,Long DIA (10h) helps prevent aggressive stacking with Oref1; keep current value.
real_gemini35flashlite_50,run_048,aaps.core.smb_uam,aaps,True,smb_enabled=true; uam_enabled=true,keep,smb_enabled=true; uam_enabled=true,Both SMB and UAM are appropriate for closed-loop operation.
real_gemini35flashlite_50,run_048,aaps.core.smb_activation,aaps,True,smb_always_enabled=true; smb_with_cob_enabled=false; smb_after_carbs_enabled=false; smb_with_temp_target_enabled=true; smb_with_high_temp_target_enabled=false,keep,smb_always_enabled=true; smb_with_cob_enabled=false; smb_after_carbs_enabled=false; smb_with_temp_target_enabled=true; smb_with_high_temp_target_enabled=false,"Activation conditions support unannounced management, which will be complemented by introducing manual carb logging."
real_gemini35flashlite_50,run_048,aaps.core.smb_delivery,aaps,True,smb_interval_minutes=3 min; max_smb_basal_minutes=15 min; max_uam_smb_basal_minutes=20 min,keep,smb_interval_minutes=3 min; max_smb_basal_minutes=15 min; max_uam_smb_basal_minutes=20 min,Delivery parameters are correctly aligned with CGM cadence.
real_gemini35flashlite_50,run_048,aaps.core.safety_limits,aaps,True,max_basal_u_per_hour=12 U/h; max_iob_units=25 U,change,max_basal_u_per_hour=12 U/h; max_iob_units=6 U,"Max IOB of 25 U is excessively high for a patient averaging ~20 U total daily dose, permitting dangerous insulin stacking. Reducing max IOB to 6 U directly mitigates hypoglycemia risk."
real_gemini35flashlite_50,run_048,aaps.core.sensitivity,aaps,True,autosens_enabled=false; dynamic_sensitivity_enabled=true; autosens_raises_target=false; autosens_lowers_target=false; dynamic_isf_adjustment_factor_percent=70 %,keep,autosens_enabled=false; dynamic_sensitivity_enabled=true; autosens_raises_target=false; autosens_lowers_target=false; dynamic_isf_adjustment_factor_percent=70 %,Dynamic sensitivity functions properly; retain current configuration.
real_gemini35flashlite_50,run_048,aaps.core.carb_absorption,aaps,True,min_5m_carbimpact=8 mg/dL/5 min; meal_max_absorption_hours=7 h,keep,min_5m_carbimpact=8 mg/dL/5 min; meal_max_absorption_hours=7 h,Standard absorption parameters are appropriate.
real_gemini35flashlite_50,run_049,profile.basal.00_00,profile,True,0.6 U/h,change,0.5 U/h,Evidence of early-night hypoglycemia (10.1% to 18.5% time below range between 00:00 and 03:00) justifies a modest reduction in the starting basal rate.
real_gemini35flashlite_50,run_049,profile.basal.05_00,profile,True,0.7 U/h,keep,0.7 U/h,Current rate of 0.7 U/h maintains stable morning fasting levels without excess hypoglycemia.
real_gemini35flashlite_50,run_049,profile.basal.06_00,profile,True,0.8 U/h,keep,0.8 U/h,Current rate of 0.8 U/h supports morning rise patterns adequately.
real_gemini35flashlite_50,run_049,profile.basal.10_00,profile,True,0.7 U/h,keep,0.7 U/h,Midday basal rate of 0.7 U/h maintains stable fasting and inter-meal control.
real_gemini35flashlite_50,run_049,profile.basal.16_00,profile,True,0.5 U/h,keep,0.5 U/h,Current rate of 0.5 U/h is appropriate; afternoon elevations are driven by unannounced meals rather than basal deficiency.
real_gemini35flashlite_50,run_049,profile.basal.18_00,profile,True,0.6 U/h,keep,0.6 U/h,Current rate of 0.6 U/h maintains stability during early evening.
real_gemini35flashlite_50,run_049,profile.basal.19_00,profile,True,0.7 U/h,keep,0.7 U/h,Current rate of 0.7 U/h supports evening transition effectively.
real_gemini35flashlite_50,run_049,profile.cr.00_00,profile,True,13 g/U,keep,13 g/U,No declared carbohydrate entries exist to evaluate CR performance.
real_gemini35flashlite_50,run_049,profile.cr.04_00,profile,True,11.1 g/U,keep,11.1 g/U,No declared carbohydrate entries exist to evaluate CR performance.
real_gemini35flashlite_50,run_049,profile.cr.08_00,profile,True,13.2 g/U,keep,13.2 g/U,No declared carbohydrate entries exist to evaluate CR performance.
real_gemini35flashlite_50,run_049,profile.cr.16_00,profile,True,10.5 g/U,keep,10.5 g/U,No declared carbohydrate entries exist to evaluate CR performance.
real_gemini35flashlite_50,run_049,profile.cr.20_00,profile,True,12.6 g/U,keep,12.6 g/U,No declared carbohydrate entries exist to evaluate CR performance.
real_gemini35flashlite_50,run_049,profile.isf.00_00,profile,True,56 mg/dL/U,keep,56 mg/dL/U,Dynamic ISF at 70% is actively compensating for the flat ISF setting in real-time; changes should not be made concurrently with basal adjustments.
real_gemini35flashlite_50,run_049,profile.target.00_00,profile,True,90 mg/dL,keep,90 mg/dL,Current target of 90 mg/dL is appropriate and safe.
real_gemini35flashlite_50,run_049,profile.target.08_00,profile,True,100 mg/dL,keep,100 mg/dL,Current target of 100 mg/dL supports daytime stability.
real_gemini35flashlite_50,run_049,profile.target.23_00,profile,True,90 mg/dL,keep,90 mg/dL,Current target of 90 mg/dL is appropriate for nighttime control.
real_gemini35flashlite_50,run_049,profile.dia,profile,True,10 h,keep,10 h,Current 10-hour DIA works alongside dynamic ISF; altering DIA without isolated testing is unwarranted.
real_gemini35flashlite_50,run_049,aaps.core.smb_uam,aaps,True,smb_enabled=true; uam_enabled=true,keep,smb_enabled=true; uam_enabled=true,SMB and UAM are correctly enabled to manage unannounced meals in the absence of manual carb entries.
real_gemini35flashlite_50,run_049,aaps.core.smb_activation,aaps,True,smb_always_enabled=true; smb_with_cob_enabled=false; smb_after_carbs_enabled=false; smb_with_temp_target_enabled=true; smb_with_high_temp_target_enabled=false,keep,smb_always_enabled=true; smb_with_cob_enabled=false; smb_after_carbs_enabled=false; smb_with_temp_target_enabled=true; smb_with_high_temp_target_enabled=false,smb_always_enabled=true is essential for an unannounced meal workflow.
real_gemini35flashlite_50,run_049,aaps.core.smb_delivery,aaps,True,smb_interval_minutes=3 min; max_smb_basal_minutes=15 min; max_uam_smb_basal_minutes=20 min,keep,smb_interval_minutes=3 min; max_smb_basal_minutes=15 min; max_uam_smb_basal_minutes=20 min,Intervals and maximum basal minutes provide responsive microbolus pacing.
real_gemini35flashlite_50,run_049,aaps.core.safety_limits,aaps,True,max_basal_u_per_hour=12 U/h; max_iob_units=25 U,keep,max_basal_u_per_hour=12 U/h; max_iob_units=25 U,"Safety limits are functional, though max IOB should be reviewed against TDD in future optimization."
real_gemini35flashlite_50,run_049,aaps.core.sensitivity,aaps,True,autosens_enabled=false; dynamic_sensitivity_enabled=true; autosens_raises_target=false; autosens_lowers_target=false; dynamic_isf_adjustment_factor_percent=70 %,keep,autosens_enabled=false; dynamic_sensitivity_enabled=true; autosens_raises_target=false; autosens_lowers_target=false; dynamic_isf_adjustment_factor_percent=70 %,Dynamic ISF at 70% is actively supporting glucose control during excursions.
real_gemini35flashlite_50,run_049,aaps.core.carb_absorption,aaps,True,min_5m_carbimpact=8 mg/dL/5 min; meal_max_absorption_hours=7 h,keep,min_5m_carbimpact=8 mg/dL/5 min; meal_max_absorption_hours=7 h,Carb impact and absorption limits are appropriately configured for UAM tracking.
real_gemini35flashlite_50,run_050,profile.basal.00_00,profile,True,0.6 U/h,keep,0.6 U/h,Overnight fasting glucose is stable; no evidence of nocturnal basal deficit.
real_gemini35flashlite_50,run_050,profile.basal.05_00,profile,True,0.7 U/h,keep,0.7 U/h,Morning basal segment maintains stable early morning trends.
real_gemini35flashlite_50,run_050,profile.basal.06_00,profile,True,0.8 U/h,keep,0.8 U/h,Basal rate adequately supports early morning wake-up rise.
real_gemini35flashlite_50,run_050,profile.basal.10_00,profile,True,0.7 U/h,keep,0.7 U/h,Mid-day basal segment is stable when unannounced meals are absent.
real_gemini35flashlite_50,run_050,profile.basal.16_00,profile,True,0.5 U/h,keep,0.5 U/h,Afternoon basal rate is appropriate; spikes are driven by unannounced meals rather than basal deficiency.
real_gemini35flashlite_50,run_050,profile.basal.18_00,profile,True,0.6 U/h,keep,0.6 U/h,Evening basal segment maintains stable transition into night.
real_gemini35flashlite_50,run_050,profile.basal.19_00,profile,True,0.7 U/h,keep,0.7 U/h,Late evening basal rate supports evening stability.
real_gemini35flashlite_50,run_050,profile.cr.00_00,profile,True,13 g/U,keep,13 g/U,Carb ratios cannot be validated without recorded carb entries; keep current settings.
real_gemini35flashlite_50,run_050,profile.cr.04_00,profile,True,11.1 g/U,keep,11.1 g/U,Carb ratios cannot be validated without recorded carb entries; keep current settings.
real_gemini35flashlite_50,run_050,profile.cr.08_00,profile,True,13.2 g/U,keep,13.2 g/U,Carb ratios cannot be validated without recorded carb entries; keep current settings.
real_gemini35flashlite_50,run_050,profile.cr.16_00,profile,True,10.5 g/U,keep,10.5 g/U,Carb ratios cannot be validated without recorded carb entries; keep current settings.
real_gemini35flashlite_50,run_050,profile.cr.20_00,profile,True,12.6 g/U,keep,12.6 g/U,Carb ratios cannot be validated without recorded carb entries; keep current settings.
real_gemini35flashlite_50,run_050,profile.isf.00_00,profile,True,56 mg/dL/U,keep,56 mg/dL/U,Flat ISF combined with dynamic ISF is functioning; changing ISF without meal data is premature.
real_gemini35flashlite_50,run_050,profile.target.00_00,profile,True,90 mg/dL,keep,90 mg/dL,Overnight target is well-aligned with fasting stability.
real_gemini35flashlite_50,run_050,profile.target.08_00,profile,True,100 mg/dL,keep,100 mg/dL,Daytime target supports safe closed-loop operation.
real_gemini35flashlite_50,run_050,profile.target.23_00,profile,True,90 mg/dL,keep,90 mg/dL,Evening target maintains smooth transition to night.
real_gemini35flashlite_50,run_050,profile.dia,profile,True,10 h,keep,10 h,10-hour DIA provides conservative insulin stacking protection appropriate for oref1.
real_gemini35flashlite_50,run_050,aaps.core.smb_uam,aaps,True,smb_enabled=true; uam_enabled=true,keep,smb_enabled=true; uam_enabled=true,SMB and UAM are essential for managing unannounced meals given the lack of manual carb entry.
real_gemini35flashlite_50,run_050,aaps.core.smb_activation,aaps,True,smb_always_enabled=true; smb_with_cob_enabled=false; smb_after_carbs_enabled=false; smb_with_temp_target_enabled=true; smb_with_high_temp_target_enabled=false,keep,smb_always_enabled=true; smb_with_cob_enabled=false; smb_after_carbs_enabled=false; smb_with_temp_target_enabled=true; smb_with_high_temp_target_enabled=false,Activation settings correctly support closed-loop responsiveness to unannounced rises.
real_gemini35flashlite_50,run_050,aaps.core.smb_delivery,aaps,True,smb_interval_minutes=3 min; max_smb_basal_minutes=15 min; max_uam_smb_basal_minutes=20 min,keep,smb_interval_minutes=3 min; max_smb_basal_minutes=15 min; max_uam_smb_basal_minutes=20 min,Delivery intervals and limits are properly configured for oref1.
real_gemini35flashlite_50,run_050,aaps.core.safety_limits,aaps,True,max_basal_u_per_hour=12 U/h; max_iob_units=25 U,keep,max_basal_u_per_hour=12 U/h; max_iob_units=25 U,"Max basal and max IOB are within safe system bounds, though max IOB should be reviewed after establishing meal logging."
real_gemini35flashlite_50,run_050,aaps.core.sensitivity,aaps,True,autosens_enabled=false; dynamic_sensitivity_enabled=true; autosens_raises_target=false; autosens_lowers_target=false; dynamic_isf_adjustment_factor_percent=70 %,keep,autosens_enabled=false; dynamic_sensitivity_enabled=true; autosens_raises_target=false; autosens_lowers_target=false; dynamic_isf_adjustment_factor_percent=70 %,Dynamic ISF at 70% appropriately compensates for resistance without requiring autosens target modifications.
real_gemini35flashlite_50,run_050,aaps.core.carb_absorption,aaps,True,min_5m_carbimpact=8 mg/dL/5 min; meal_max_absorption_hours=7 h,keep,min_5m_carbimpact=8 mg/dL/5 min; meal_max_absorption_hours=7 h,Absorption parameters match standard oref1 recommendations.
