experiment,run_id,parameter_key,category,in_inventory,current_value,decision,suggested_value,rationale
real_sonnet5_20,run_001,profile.basal.00_00,profile,True,0.6 U/h,keep,0.6 U/h,"Overnight hours show the highest time-below-range despite basal already being at its daily minimum, arguing against basal excess as the primary driver; IOB carryover and target tightness are unresolved alternative explanations and no isolated basal-only night is available."
real_sonnet5_20,run_001,profile.basal.05_00,profile,True,0.7 U/h,keep,0.7 U/h,"This segment corresponds to a stable window (time-in-range 95.2-97.5%, low time-below-range); no issue was found here."
real_sonnet5_20,run_001,profile.basal.06_00,profile,True,0.8 U/h,keep,0.8 U/h,This segment also falls within the stable early-morning window (time-in-range up to 98.7%); no issue was found here.
real_sonnet5_20,run_001,profile.basal.10_00,profile,True,0.7 U/h,keep,0.7 U/h,"The glucose rise beginning around this hour is more consistent with an unlogged meal effect than basal insufficiency, but this cannot be confirmed without carbohydrate data."
real_sonnet5_20,run_001,profile.basal.16_00,profile,True,0.5 U/h,keep,0.5 U/h,"The day's worst hyperglycemia (time-above-range up to 32.1% at hour 16) occurs alongside a basal decrease, which does not clearly support basal insufficiency as the cause; an unlogged meal remains a plausible confound and no isolated evidence supports a specific change yet."
real_sonnet5_20,run_001,profile.basal.18_00,profile,True,0.6 U/h,keep,0.6 U/h,No isolated issue was identified in this segment from the available hourly data.
real_sonnet5_20,run_001,profile.basal.19_00,profile,True,0.7 U/h,keep,0.7 U/h,"This segment coincides with a secondary time-below-range peak (15.3%), but this is ambiguous between the rate increase and dinner-time correction-bolus stacking; insufficient isolated evidence to support a change."
real_sonnet5_20,run_001,profile.cr.00_00,profile,True,13 g/U,keep,13 g/U,"Zero carbohydrate entries exist in the entire 14-day period, so no carb-ratio segment can be validated against actual meal response."
real_sonnet5_20,run_001,profile.cr.04_00,profile,True,11.1 g/U,keep,11.1 g/U,Same carbohydrate-logging gap as all other carb-ratio segments; cannot support a change without meal-linked glucose response data.
real_sonnet5_20,run_001,profile.cr.08_00,profile,True,13.2 g/U,keep,13.2 g/U,Same carbohydrate-logging gap as all other carb-ratio segments; cannot support a change without meal-linked glucose response data.
real_sonnet5_20,run_001,profile.cr.16_00,profile,True,10.5 g/U,keep,10.5 g/U,"Same carbohydrate-logging gap as all other carb-ratio segments, notable because this segment overlaps the day's worst hyperglycemia hour, but attribution to CR cannot be confirmed without meal data."
real_sonnet5_20,run_001,profile.cr.20_00,profile,True,12.6 g/U,keep,12.6 g/U,Same carbohydrate-logging gap as all other carb-ratio segments; cannot support a change without meal-linked glucose response data.
real_sonnet5_20,run_001,profile.isf.00_00,profile,True,56 mg/dL/U,keep,56 mg/dL/U,"Dynamic ISF (70% adjustment factor) already produces wide real-time effective sensitivity (about 27.8-178.6 mg/dL/U) around this static baseline as expected behavior; observed correction-response variability is at least partly attributable to this and to unresolved meal and IOB confounds, and no isolated no-IOB test window exists to validate the static baseline alone."
real_sonnet5_20,run_001,profile.target.00_00,profile,True,90 mg/dL,keep,90 mg/dL,"This segment falls within the overnight window most associated with recurrent Level-2 hypoglycemia, but basal is already at its lowest rate and IOB carryover from earlier corrections is an unresolved alternative driver; no isolated evidence yet supports a specific target change."
real_sonnet5_20,run_001,profile.target.08_00,profile,True,100 mg/dL,keep,100 mg/dL,"This daytime segment shows fewer lows but is followed by the onset of later hyperglycemia, which is more plausibly meal-related than target-related; no isolated evidence justifies a change to this value."
real_sonnet5_20,run_001,profile.target.23_00,profile,True,90 mg/dL,keep,90 mg/dL,"This segment covers the window most associated with observed overnight Level-2 hypoglycemia; it is the primary candidate for close monitoring described in profile_recommendation, but a change is not yet supported pending isolation of IOB, meal, and target contributions."
real_sonnet5_20,run_001,profile.dia,profile,True,10 h,keep,10 h,"A long DIA combined with a short SMB interval, smb_always_enabled, and a high 25U max IOB ceiling structurally permits insulin stacking consistent with observed multi-hour post-correction declines, but the profile's naming suggests a diluted-insulin context that may justify an extended DIA; changing DIA together with basal, ISF, or SMB settings would confound attribution, so it is withheld pending sequential review."
real_sonnet5_20,run_001,aaps.core.smb_uam,aaps,True,smb_enabled=true; uam_enabled=true,keep,smb_enabled=true; uam_enabled=true,"Consistent with fully closed-loop operation observed in every sampled loop status; with zero carb logging, UAM is the only mechanism handling meal-shaped rises and no malfunction is evident."
real_sonnet5_20,run_001,aaps.core.smb_activation,aaps,True,smb_always_enabled=true; smb_with_cob_enabled=false; smb_after_carbs_enabled=false; smb_with_temp_target_enabled=true; smb_with_high_temp_target_enabled=false,keep,smb_always_enabled=true; smb_with_cob_enabled=false; smb_after_carbs_enabled=false; smb_with_temp_target_enabled=true; smb_with_high_temp_target_enabled=false,"Internally consistent with zero-carb operation; the combination may suppress SMB during the several 135 mg/dL Temporary Targets observed, a plausible but unconfirmed partial contributor to slower corrections, insufficient to justify a change."
real_sonnet5_20,run_001,aaps.core.smb_delivery,aaps,True,smb_interval_minutes=3 min; max_smb_basal_minutes=15 min; max_uam_smb_basal_minutes=20 min,keep,smb_interval_minutes=3 min; max_smb_basal_minutes=15 min; max_uam_smb_basal_minutes=20 min,"Permissive settings that, combined with the 10-hour DIA and high max IOB, are structurally capable of the observed post-correction overshoot pattern, but the interval versus DIA contribution cannot be separated from this data, and changing this group with DIA simultaneously would violate the no-dependent-change rule."
real_sonnet5_20,run_001,aaps.core.safety_limits,aaps,True,max_basal_u_per_hour=12 U/h; max_iob_units=25 U,keep,max_basal_u_per_hour=12 U/h; max_iob_units=25 U,"Neither limit was approached at any point (observed maxima 4 U/h basal, 5.935 U IOB); not currently binding, though the related current_basal_safety_multiplier raw setting was separately observed to cap delivery during the 2026-08-14 severe high and is flagged independently."
real_sonnet5_20,run_001,aaps.core.sensitivity,aaps,True,autosens_enabled=false; dynamic_sensitivity_enabled=true; autosens_raises_target=false; autosens_lowers_target=false; dynamic_isf_adjustment_factor_percent=70 %,keep,autosens_enabled=false; dynamic_sensitivity_enabled=true; autosens_raises_target=false; autosens_lowers_target=false; dynamic_isf_adjustment_factor_percent=70 %,"Configuration is internally consistent; sensitivity_ratio values near 1 reflect neutral or protective Dynamic ISF output rather than disabled Autosens, and the wide effective-ISF swings cannot be separated, without carb data, from correct reactive behavior versus compensation for an under-strength CR or ISF baseline."
real_sonnet5_20,run_001,aaps.core.carb_absorption,aaps,True,min_5m_carbimpact=8 mg/dL/5 min; meal_max_absorption_hours=7 h,keep,min_5m_carbimpact=8 mg/dL/5 min; meal_max_absorption_hours=7 h,Fully unverifiable because carbohydrate entries are zero for the entire period; values appear plausible on their face and no evidence supports changing settings that have not been observed acting.
real_sonnet5_20,run_002,profile.basal.00_00,profile,True,0.6 U/h,keep,0.6 U/h,"Hour 0 local shows elevated time-below-range (18.5%), but this more plausibly reflects residual IOB from evening correction boluses within the 10-hour DIA window than excess basal at this rate. Uncertainty: cannot separate basal effect from correction-bolus tail without an observation night without late corrections. Dependency: profile.dia and evening correction timing."
real_sonnet5_20,run_002,profile.basal.05_00,profile,True,0.7 U/h,keep,0.7 U/h,"Hour 5 local shows strong time-in-range (95.2%) and 0% time-below-range, providing no evidence to support a change at this rate."
real_sonnet5_20,run_002,profile.basal.06_00,profile,True,0.8 U/h,keep,0.8 U/h,"Hours 6-7 local are well controlled (time-in-range 97.5-98.7%), but the subsequent rise at hours 9-10 local could reflect either a later basal segment or an unlogged breakfast. Uncertainty: no carb data to rule out a meal effect. Dependency: profile.basal.10_00 and carb logging."
real_sonnet5_20,run_002,profile.basal.10_00,profile,True,0.7 U/h,keep,0.7 U/h,"This segment covers the transition into the day's worst hyperglycemia window (12:00-17:00 local), but the same hours are confounded by recurring 135 mg/dL Temporary Targets on several days. Uncertainty: basal adequacy cannot be separated from Temporary Target and SMB suppression effects. Dependency: aaps.core.smb_activation and Temporary Target pattern."
real_sonnet5_20,run_002,profile.basal.16_00,profile,True,0.5 U/h,keep,0.5 U/h,"Hour 16 local shows the day's highest average glucose (162.8 mg/dL) and time-above-range (32.1%), but this window overlaps both this basal step-down and multiple Temporary Target events. Per the rule against changing dependent settings together, basal and Temporary Target/SMB effects must be separated before either is adjusted."
real_sonnet5_20,run_002,profile.basal.18_00,profile,True,0.6 U/h,keep,0.6 U/h,"Glucose is declining through this window (hour 18 average 105.4-124.2 mg/dL local across days), consistent with a correction-bolus tail from the preceding afternoon rather than basal inadequacy. No strong signal supports a change."
real_sonnet5_20,run_002,profile.basal.19_00,profile,True,0.7 U/h,keep,0.7 U/h,This segment overlaps the evening correction bolus timing cluster implicated in the hour 0-1 overnight low hypothesis. Changing this basal rate before resolving the correction-timing question would confound two dependent explanations at once.
real_sonnet5_20,run_002,profile.cr.00_00,profile,True,13 g/U,keep,13 g/U,"Zero carbohydrate entries exist across the entire 14-day period, so this ratio cannot be validated against any observed meal response. No change is supportable from this data."
real_sonnet5_20,run_002,profile.cr.04_00,profile,True,11.1 g/U,keep,11.1 g/U,Same as the 00:00 segment: zero carbohydrate entries block any validation of this ratio.
real_sonnet5_20,run_002,profile.cr.08_00,profile,True,13.2 g/U,keep,13.2 g/U,"This segment overlaps the unexplained morning rise at hours 9-10 local, which could reflect an unlogged breakfast, but without any carbohydrate amount no ratio conclusion can be drawn."
real_sonnet5_20,run_002,profile.cr.16_00,profile,True,10.5 g/U,keep,10.5 g/U,"This segment overlaps the worst afternoon hyperglycemia window, but tightening it without any carbohydrate data would be unsupported speculation given zero logged carb entries."
real_sonnet5_20,run_002,profile.cr.20_00,profile,True,12.6 g/U,keep,12.6 g/U,Same limitation as the other carb ratio segments: zero carbohydrate entries across the period make this ratio unverifiable.
real_sonnet5_20,run_002,profile.isf.00_00,profile,True,56 mg/dL/U,keep,56 mg/dL/U,"Dynamic ISF (enabled, 70% adjustment factor) actively varies effective sensitivity across a wide observed range in loop reason text (roughly 28-179 mg/dL/U equivalent) around this static base value. The static value's individual contribution to outcomes cannot be isolated from this dynamic layer with current data. Dependency: aaps.core.sensitivity."
real_sonnet5_20,run_002,profile.target.00_00,profile,True,90 mg/dL,keep,90 mg/dL,"Overnight time-below-range is elevated at hours 0-1 local, but the evidence points to residual correction-bolus IOB rather than the target level itself, since hours 3-7 local (same target segment) show strong time-in-range (89-98.7%)."
real_sonnet5_20,run_002,profile.target.08_00,profile,True,100 mg/dL,keep,100 mg/dL,"Daytime glucose swings appear dominated by automation behavior, Temporary Targets, and possible unlogged meals rather than the standing target value itself; no direct evidence implicates this target level."
real_sonnet5_20,run_002,profile.target.23_00,profile,True,90 mg/dL,keep,90 mg/dL,Same rationale as the 00:00 target segment; this transition boundary is not implicated by the available evidence.
real_sonnet5_20,run_002,profile.dia,profile,True,10 h,keep,10 h,"Sampled correction-bolus pairs in therapy_response_windows are mostly spaced more than 6 hours apart without clear stacking evidence, and a 10-hour DIA is plausible for a U200 dilute, low-dose regimen. The 24-event sample size limits confidence in ruling out subtler stacking effects."
real_sonnet5_20,run_002,aaps.core.smb_uam,aaps,True,smb_enabled=true; uam_enabled=true,keep,smb_enabled=true; uam_enabled=true,"SMB and UAM are functioning as the sole mechanism responding to glucose rises given zero carbohydrate logging, and are engaging consistently across the period without evidence of malfunction. Disabling either would remove the only active response mechanism to unannounced rises, which would raise hyperglycemia risk given current logging habits."
real_sonnet5_20,run_002,aaps.core.smb_activation,aaps,True,smb_always_enabled=true; smb_with_cob_enabled=false; smb_after_carbs_enabled=false; smb_with_temp_target_enabled=true; smb_with_high_temp_target_enabled=false,keep,smb_always_enabled=true; smb_with_cob_enabled=false; smb_after_carbs_enabled=false; smb_with_temp_target_enabled=true; smb_with_high_temp_target_enabled=false,"smb_with_cob_enabled and smb_after_carbs_enabled are inert given zero COB throughout the period, not a defect. smb_with_high_temp_target_enabled=false correlates with SMB suppression during some but not all high-glucose afternoon days with an active 135 mg/dL Temporary Target; this correlation does not isolate cause from the basal step-down or possible unlogged meals occurring on non-Temporary-Target high-glucose days, so a change is not yet supported."
real_sonnet5_20,run_002,aaps.core.smb_delivery,aaps,True,smb_interval_minutes=3 min; max_smb_basal_minutes=15 min; max_uam_smb_basal_minutes=20 min,keep,smb_interval_minutes=3 min; max_smb_basal_minutes=15 min; max_uam_smb_basal_minutes=20 min,"The asymmetry giving UAM more room than standard SMB is internally consistent with the observed zero-COB, UAM-reliant dosing pattern. No adverse event in the sampled data directly implicates these specific limits."
real_sonnet5_20,run_002,aaps.core.safety_limits,aaps,True,max_basal_u_per_hour=12 U/h; max_iob_units=25 U,keep,max_basal_u_per_hour=12 U/h; max_iob_units=25 U,"Neither limit was the binding constraint in any sampled event; observed peak IOB was approximately 5.9 U and the effective basal ceiling in practice was closer to 3-4.8 U/h via current_basal_safety_multiplier. The proportionality of a 25 U cap relative to roughly 16 U/day total dose is worth discussing with the care team, but no in-period event required tightening these limits."
real_sonnet5_20,run_002,aaps.core.sensitivity,aaps,True,autosens_enabled=false; dynamic_sensitivity_enabled=true; autosens_raises_target=false; autosens_lowers_target=false; dynamic_isf_adjustment_factor_percent=70 %,keep,autosens_enabled=false; dynamic_sensitivity_enabled=true; autosens_raises_target=false; autosens_lowers_target=false; dynamic_isf_adjustment_factor_percent=70 %,"Autosens disabled alongside Dynamic ISF enabled is an intentional mutually-exclusive configuration, not a misconfiguration. Sampled sensitivity_ratio values (0.79-1.0) appear to reflect neutral-to-protective real-time adjustment rather than a disabled feature, including one low ratio that preceded a predicted low. The static ISF's isolated adequacy remains unverifiable given this active dynamic layer."
real_sonnet5_20,run_002,aaps.core.carb_absorption,aaps,True,min_5m_carbimpact=8 mg/dL/5 min; meal_max_absorption_hours=7 h,keep,min_5m_carbimpact=8 mg/dL/5 min; meal_max_absorption_hours=7 h,"These settings are entirely unexercised this period since COB is always 0, and cannot be assessed against outcomes without carbohydrate logging."
real_sonnet5_20,run_003,profile.basal.00_00,profile,True,0.6 U/h,keep,0.6 U/h,"Overnight low-glucose pattern near this segment is confounded by possible trailing insulin-on-board from evening corrections given the 10-hour duration of insulin action; no carbohydrate data exists to rule out meal timing as a contributor. Evidence: hourly_glucose_local hour 0-1; dependency: basal_targets, profile_cr_isf_dia."
real_sonnet5_20,run_003,profile.basal.05_00,profile,True,0.7 U/h,keep,0.7 U/h,This segment corresponds to a well-performing dawn window with no time-above-range concern and low time-below-range; no evidence supports a change. Evidence: hourly_glucose_local hour 5.
real_sonnet5_20,run_003,profile.basal.06_00,profile,True,0.8 U/h,keep,0.8 U/h,This segment corresponds to the best-performing hour in the dataset (98.7 percent time in range); no evidence supports a change. Evidence: hourly_glucose_local hour 6.
real_sonnet5_20,run_003,profile.basal.10_00,profile,True,0.7 U/h,keep,0.7 U/h,Rising time-above-range begins in this window but coincides with a likely unlogged mid-day meal window and the 08:00 target step-up; cause is not separable from basal magnitude with current data. Evidence: hourly_glucose_local hours 8-11; dependency: basal_targets.
real_sonnet5_20,run_003,profile.basal.16_00,profile,True,0.5 U/h,keep,0.5 U/h,"This is the daily basal minimum and coincides with the worst time-above-range hour and with an automation safety-ceiling event on 2026-08-14, but unlogged meals and carb ratio adequacy remain equally plausible explanations; changing this now risks acting on the wrong variable. Evidence: hourly_glucose_local hour 15-16; representative_loop_statuses 2026-08-14T18:40; dependency: basal_targets, automation_sensitivity_limits."
real_sonnet5_20,run_003,profile.basal.18_00,profile,True,0.6 U/h,keep,0.6 U/h,"Evening decline from afternoon highs into time-below-range is more consistent with insulin-on-board tail from afternoon corrections than with this basal segment alone, but this is not yet confirmed. Evidence: hourly_glucose_local hour 17-19; dependency: basal_targets, profile_cr_isf_dia."
real_sonnet5_20,run_003,profile.basal.19_00,profile,True,0.7 U/h,keep,0.7 U/h,Same uncertainty as the 18:00 segment regarding insulin-on-board tail versus basal magnitude; no isolated evidence supports a change to this segment specifically. Evidence: hourly_glucose_local hour 19-20.
real_sonnet5_20,run_003,profile.cr.00_00,profile,True,13 g/U,keep,13 g/U,"No carbohydrate entries exist for this or any time window, so carb ratio adequacy cannot be validated against real meal sizes. Evidence: treatment_summary carb_entries equals zero."
real_sonnet5_20,run_003,profile.cr.04_00,profile,True,11.1 g/U,keep,11.1 g/U,No carbohydrate entries exist for this window; carb ratio adequacy cannot be assessed. Evidence: treatment_summary carb_entries equals zero.
real_sonnet5_20,run_003,profile.cr.08_00,profile,True,13.2 g/U,keep,13.2 g/U,"Rising time-above-range in the following hours could reflect this ratio, an unlogged breakfast, or dynamic sensitivity behavior, and these cannot be separated without carbohydrate data. Evidence: hourly_glucose_local hours 8-9."
real_sonnet5_20,run_003,profile.cr.16_00,profile,True,10.5 g/U,keep,10.5 g/U,"This is the most aggressive carb ratio of the day and coincides with the worst time-above-range window, but without carbohydrate data this correlation cannot be converted into a supported change; an unlogged larger meal or basal insufficiency are equally plausible. Evidence: hourly_glucose_local hour 15; dependency: basal_targets, profile_cr_isf_dia."
real_sonnet5_20,run_003,profile.cr.20_00,profile,True,12.6 g/U,keep,12.6 g/U,No carbohydrate entries exist for this window; carb ratio adequacy cannot be assessed. Evidence: treatment_summary carb_entries equals zero.
real_sonnet5_20,run_003,profile.isf.00_00,profile,True,56 mg/dL/U,keep,56 mg/dL/U,"The applied dynamic sensitivity ranged approximately 27.8 to 124 mg/dL per unit around this flat value, indicating the dynamic sensitivity engine, not the static profile figure, is the dominant real-time lever; changing the static value is not supported until the dynamic engine's behavior is separately evaluated with meal context. Evidence: representative_loop_statuses variable_sens; dependency: automation_sensitivity_limits."
real_sonnet5_20,run_003,profile.target.00_00,profile,True,90 mg/dL,keep,90 mg/dL,Overnight low-glucose pattern near this target window is confounded by trailing insulin-on-board and imprecise temporary-target boundaries in the aggregated hourly statistics; no isolated evidence supports a target change. Evidence: hourly_glucose_local hour 0-3; representative_events Temporary Target entries.
real_sonnet5_20,run_003,profile.target.08_00,profile,True,100 mg/dL,keep,100 mg/dL,"The step-up to this target coincides with rising time-above-range, but this overlaps with a likely unlogged breakfast window and cannot be attributed to the target value alone. Evidence: hourly_glucose_local hours 8-9."
real_sonnet5_20,run_003,profile.target.23_00,profile,True,90 mg/dL,keep,90 mg/dL,No isolated evidence in the evening or overnight hourly data specifically implicates this target segment over insulin-on-board or basal effects. Evidence: hourly_glucose_local hour 22-23.
real_sonnet5_20,run_003,profile.dia,profile,True,10 h,keep,10 h,"Therapy response windows show both continued glucose decline out to 360 minutes after correction (consistent with a genuinely long insulin tail) and renewed glucose rise by 360 minutes in other windows (consistent with unlogged secondary meals); these opposing patterns coexist and do not support judging this duration as too long or too short. Evidence: therapy_response_windows; dependency: profile_cr_isf_dia, meal_bolus_strategy."
real_sonnet5_20,run_003,aaps.core.smb_uam,aaps,True,smb_enabled=true; uam_enabled=true,keep,smb_enabled=true; uam_enabled=true,"Both are enabled and behaving as expected, with carbohydrates-on-board consistently at zero and no evidence of duplicate carbohydrate counting; unannounced-meal supplementation appears to be functioning as the sole meal-coverage mechanism given the absence of carbohydrate logging. Evidence: representative_loop_statuses reason strings; treatment_summary carb_entries equals zero."
real_sonnet5_20,run_003,aaps.core.smb_activation,aaps,True,smb_always_enabled=true; smb_with_cob_enabled=false; smb_after_carbs_enabled=false; smb_with_temp_target_enabled=true; smb_with_high_temp_target_enabled=false,keep,smb_always_enabled=true; smb_with_cob_enabled=false; smb_after_carbs_enabled=false; smb_with_temp_target_enabled=true; smb_with_high_temp_target_enabled=false,"The combination is internally coherent; a hypothesis that high-temporary-target suppression contributed to a severe hyperglycemia event was checked against one instance and was not confirmed as causal, so this remains an unconfirmed, low-certainty observation rather than supported grounds for change. Evidence: representative_events Temporary Target entries; representative_loop_statuses 2026-08-18T11:10."
real_sonnet5_20,run_003,aaps.core.smb_delivery,aaps,True,smb_interval_minutes=3 min; max_smb_basal_minutes=15 min; max_uam_smb_basal_minutes=20 min,keep,smb_interval_minutes=3 min; max_smb_basal_minutes=15 min; max_uam_smb_basal_minutes=20 min,These values are internally consistent with each other and no evidence in the sampled loop statuses shows unsafe or clearly insufficient delivery attributable to this group specifically. Evidence: representative_loop_statuses reason strings.
real_sonnet5_20,run_003,aaps.core.safety_limits,aaps,True,max_basal_u_per_hour=12 U/h; max_iob_units=25 U,keep,max_basal_u_per_hour=12 U/h; max_iob_units=25 U,"The effective ceiling during the 2026-08-14 severe event was set by the basal safety multiplier applied to the low 16:00 basal segment rather than by these top-level limits directly; changing this group together with the basal segment would prevent attributing any future change to either one. Maximum insulin-on-board is far above any observed value and is not currently a binding constraint. Evidence: representative_loop_statuses 2026-08-14T18:40 maxSafeBasal field; dependency: basal_targets, automation_sensitivity_limits."
real_sonnet5_20,run_003,aaps.core.sensitivity,aaps,True,autosens_enabled=false; dynamic_sensitivity_enabled=true; autosens_raises_target=false; autosens_lowers_target=false; dynamic_isf_adjustment_factor_percent=70 %,keep,autosens_enabled=false; dynamic_sensitivity_enabled=true; autosens_raises_target=false; autosens_lowers_target=false; dynamic_isf_adjustment_factor_percent=70 %,"This is a coherent, deliberate configuration in which dynamic sensitivity substitutes for Autosens; observed sensitivity ratio values near 1 are neutral outputs rather than evidence of malfunction, and the applied dynamic sensitivity moved in directions consistent with observed glucose severity, suggesting the automation is compensating appropriately rather than causing the pattern. Evidence: representative_loop_statuses variable_sens and sensitivity_ratio fields."
real_sonnet5_20,run_003,aaps.core.carb_absorption,aaps,True,min_5m_carbimpact=8 mg/dL/5 min; meal_max_absorption_hours=7 h,keep,min_5m_carbimpact=8 mg/dL/5 min; meal_max_absorption_hours=7 h,"No carbohydrate or extended-carbohydrate entries exist anywhere in the period, so this model cannot be validated against real absorption behavior; a change is not supportable until carbohydrate logging exists. Evidence: treatment_summary carb_entries and extended_carb_entries both equal zero."
real_sonnet5_20,run_004,profile.basal.00_00,profile,True,0.6 U/h,keep,0.6 U/h,"Elevated overnight time below range (11.4%-18.5%) is plausibly explained by IOB carryover from prior correction boluses rather than basal excess; the two explanations are not yet separable, so no change is supported. Dependency: requires isolating no-correction reference nights."
real_sonnet5_20,run_004,profile.basal.05_00,profile,True,0.7 U/h,keep,0.7 U/h,"Hours 04:00-06:00 local show strong time in range (95.2%-97.5%) with low variability, providing no evidence of a defect in this segment."
real_sonnet5_20,run_004,profile.basal.06_00,profile,True,0.8 U/h,keep,0.8 U/h,"Hour 06:00-07:00 local shows the best time in range of the day (97.5%-98.7%), providing no evidence supporting a change to this segment."
real_sonnet5_20,run_004,profile.basal.10_00,profile,True,0.7 U/h,keep,0.7 U/h,"This segment spans hours with rising glucose (09:00-16:00) that plausibly reflect unlogged meals rather than basal inadequacy; without carbohydrate data the two causes cannot be separated, so no change is supported."
real_sonnet5_20,run_004,profile.basal.16_00,profile,True,0.5 U/h,keep,0.5 U/h,"Hour 16:00 local shows the highest time above range of the day (32.1%) immediately after this step-down, but the same window is a plausible late-afternoon meal period with no carbohydrate data to confirm; changing basal here without resolving meal timing risks masking or worsening a different root cause."
real_sonnet5_20,run_004,profile.basal.18_00,profile,True,0.6 U/h,keep,0.6 U/h,"Time below range rises again in hours 18:00-19:00 (7.7%-15.3%), but this coincides with IOB tails from afternoon corrections rather than a clear basal excess signal in this segment."
real_sonnet5_20,run_004,profile.basal.19_00,profile,True,0.7 U/h,keep,0.7 U/h,"The basal increase at 19:00 coincides with continued elevated time below range, but this is more plausibly residual IOB from earlier corrections than the small increase itself; insufficient evidence to isolate cause."
real_sonnet5_20,run_004,profile.cr.00_00,profile,True,13 g/U,keep,13 g/U,"Zero carbohydrate entries exist anywhere in the 14-day period; carb ratio verification is entirely blocked, not merely uncertain, so no change can be supported."
real_sonnet5_20,run_004,profile.cr.04_00,profile,True,11.1 g/U,keep,11.1 g/U,Same blocking data gap as all carb ratio segments: zero logged carbohydrate entries prevent any meal-response validation.
real_sonnet5_20,run_004,profile.cr.08_00,profile,True,13.2 g/U,keep,13.2 g/U,Same blocking data gap as all carb ratio segments: zero logged carbohydrate entries prevent any meal-response validation.
real_sonnet5_20,run_004,profile.cr.16_00,profile,True,10.5 g/U,keep,10.5 g/U,"Same blocking data gap as all carb ratio segments: zero logged carbohydrate entries prevent any meal-response validation, even though this segment covers the period of highest observed time above range."
real_sonnet5_20,run_004,profile.cr.20_00,profile,True,12.6 g/U,keep,12.6 g/U,Same blocking data gap as all carb ratio segments: zero logged carbohydrate entries prevent any meal-response validation.
real_sonnet5_20,run_004,profile.isf.00_00,profile,True,56 mg/dL/U,keep,56 mg/dL/U,"Effective sensitivity varies widely across the period (about 27.8 to 178.7 mg/dL/U) due to Dynamic ISF adjustment, not a static base-ISF mismatch; isolating true base ISF adequacy requires resolving the Dynamic ISF adjustment factor's contribution first, which is a dependent setting not to be changed alongside this one."
real_sonnet5_20,run_004,profile.target.00_00,profile,True,90 mg/dL,keep,90 mg/dL,No evidence isolates a target-level defect distinct from IOB carryover as the driver of overnight hypoglycemia; changing target without resolving that dependency is not supported.
real_sonnet5_20,run_004,profile.target.08_00,profile,True,100 mg/dL,keep,100 mg/dL,Daytime hyperglycemia is more plausibly linked to unlogged meals and UAM lag than to the target value itself; no evidence supports a target change.
real_sonnet5_20,run_004,profile.target.23_00,profile,True,90 mg/dL,keep,90 mg/dL,"No specific evidence isolates this late-night target segment as a driver of the observed overnight hypoglycemia pattern, which is more plausibly linked to IOB carryover."
real_sonnet5_20,run_004,profile.dia,profile,True,10 h,keep,10 h,"A 10-hour DIA plausibly contributes to prolonged IOB tails and delayed hypoglycemia seen 120-360 minutes after several corrections, but this is entangled with SMB frequency and Dynamic ISF behavior; changing DIA together with these dependent automation settings is not supported by the shared-state rule against simultaneous dependent changes."
real_sonnet5_20,run_004,aaps.core.smb_uam,aaps,True,smb_enabled=true; uam_enabled=true,keep,smb_enabled=true; uam_enabled=true,"With zero carbohydrate entries throughout the period, UAM is the only mechanism detecting unannounced glucose rises; both settings appear necessary for current operation and no defect is evidenced."
real_sonnet5_20,run_004,aaps.core.smb_activation,aaps,True,smb_always_enabled=true; smb_with_cob_enabled=false; smb_after_carbs_enabled=false; smb_with_temp_target_enabled=true; smb_with_high_temp_target_enabled=false,keep,smb_always_enabled=true; smb_with_cob_enabled=false; smb_after_carbs_enabled=false; smb_with_temp_target_enabled=true; smb_with_high_temp_target_enabled=false,"Current settings are internally consistent with continuous closed-loop operation. An unresolved hypothesis exists that smb_with_high_temp_target_enabled=false may suppress SMB during repeated 135 mg/dL temporary targets, but no sampled loop status coincides with such a window to confirm this, so no change is currently supported."
real_sonnet5_20,run_004,aaps.core.smb_delivery,aaps,True,smb_interval_minutes=3 min; max_smb_basal_minutes=15 min; max_uam_smb_basal_minutes=20 min,keep,smb_interval_minutes=3 min; max_smb_basal_minutes=15 min; max_uam_smb_basal_minutes=20 min,"Observed SMB and correction dose sizes across the sample (0.05-2.4 U) do not show evidence of being clipped by these limits, so no change is supported."
real_sonnet5_20,run_004,aaps.core.safety_limits,aaps,True,max_basal_u_per_hour=12 U/h; max_iob_units=25 U,keep,max_basal_u_per_hour=12 U/h; max_iob_units=25 U,"Observed maximum enacted rate (4 U/h) and peak IOB (5.935 U) remain far below these ceilings, indicating the limits are not constraining current dosing and are not implicated in the observed excursions."
real_sonnet5_20,run_004,aaps.core.sensitivity,aaps,True,autosens_enabled=false; dynamic_sensitivity_enabled=true; autosens_raises_target=false; autosens_lowers_target=false; dynamic_isf_adjustment_factor_percent=70 %,keep,autosens_enabled=false; dynamic_sensitivity_enabled=true; autosens_raises_target=false; autosens_lowers_target=false; dynamic_isf_adjustment_factor_percent=70 %,"Autosens and Dynamic ISF are not run simultaneously, which is an appropriate configuration. Dynamic ISF produces wide effective sensitivity swings that plausibly explain inconsistent correction outcomes, but whether this reactivity is appropriate or excessive cannot be judged without meal-linked evidence, so no change to the adjustment factor is currently supported."
real_sonnet5_20,run_004,aaps.core.carb_absorption,aaps,True,min_5m_carbimpact=8 mg/dL/5 min; meal_max_absorption_hours=7 h,keep,min_5m_carbimpact=8 mg/dL/5 min; meal_max_absorption_hours=7 h,"COB is zero in every sampled loop status and no carbohydrate entries exist anywhere in the period, so this setting group is never exercised and remains functionally untested rather than confirmed adequate; no change can be supported without carbohydrate-linked evidence."
real_sonnet5_20,run_005,profile.basal.00_00,profile,True,0.6 U/h,keep,0.6 U/h,Hours 0-1 local show elevated time-below-range (11.4%-18.5%) but this window overlaps residual IOB tails from evening correction boluses extending into it; no isolated no-bolus overnight stretch exists to isolate the basal-only effect. Change is unsupported pending that isolation.
real_sonnet5_20,run_005,profile.basal.05_00,profile,True,0.7 U/h,keep,0.7 U/h,"Hours 4-7 local show strong time-in-range (89-99%) and low time-below-range, showing no clear safety pattern in the sampled data. No evidence supports a change."
real_sonnet5_20,run_005,profile.basal.06_00,profile,True,0.8 U/h,keep,0.8 U/h,"Rising glucose begins near hour 9-10 local (average 132.9-148.0 mg/dL), just after this segment ends, coinciding with typical breakfast timing, but zero carbohydrate entries exist to confirm a meal driver versus a basal-timing gap."
real_sonnet5_20,run_005,profile.basal.10_00,profile,True,0.7 U/h,keep,0.7 U/h,"Glucose remains elevated through hours 10-15 local (average up to 162.8 mg/dL, time-above-range up to 32.1%) during this segment, but Dynamic ISF variability and the complete absence of carbohydrate data prevent attributing this to basal insufficiency specifically."
real_sonnet5_20,run_005,profile.basal.16_00,profile,True,0.5 U/h,keep,0.5 U/h,"This is the lowest basal segment and, combined with current_basal_safety_multiplier=6.0, produced an effective ceiling near 4 U/h during the Aug 14 severe hyperglycemia event when the algorithm requested 5.9 U/h. This should be verified with the care team before any change, and must not be changed at the same time as the safety multiplier."
real_sonnet5_20,run_005,profile.basal.18_00,profile,True,0.6 U/h,keep,0.6 U/h,No isolated pattern in this window is distinct from broader afternoon/evening variability; hour 18-19 local shows recovering time-in-range (80.4%) without a standout safety signal.
real_sonnet5_20,run_005,profile.basal.19_00,profile,True,0.7 U/h,keep,0.7 U/h,"Evening hours show moderate time-in-range with rising time-below-range risk building into the 00:00-01:00 local window; this is more plausibly attributable to correction-bolus IOB tails than to this basal segment, an unresolved dependency."
real_sonnet5_20,run_005,profile.cr.00_00,profile,True,13 g/U,keep,13 g/U,"Zero carbohydrate entries exist in the entire 14-day dataset, so no meal-response curve exists to validate or refute this ratio. A change would be unsupported speculation."
real_sonnet5_20,run_005,profile.cr.04_00,profile,True,11.1 g/U,keep,11.1 g/U,No carbohydrate entries exist to test this ratio against; validation is fully blocked by the data gap.
real_sonnet5_20,run_005,profile.cr.08_00,profile,True,13.2 g/U,keep,13.2 g/U,"This segment overlaps the daytime hyperglycemia window, a plausible but unconfirmed CR-related contributor; carbohydrate logging is needed before considering any change."
real_sonnet5_20,run_005,profile.cr.16_00,profile,True,10.5 g/U,keep,10.5 g/U,This segment overlaps the afternoon overshoot-rebound timing pattern noted in the meal-strategy review; unresolved without carbohydrate data confirming composition or timing.
real_sonnet5_20,run_005,profile.cr.20_00,profile,True,12.6 g/U,keep,12.6 g/U,No carbohydrate entries exist to test this ratio against; validation is fully blocked by the data gap.
real_sonnet5_20,run_005,profile.isf.00_00,profile,True,56 mg/dL/U,keep,56 mg/dL/U,"Effective sensitivity used for dosing (variable_sens) ranges 27.8-144.8 mg/dL/U under Dynamic ISF, which is expected automated variation around this static baseline rather than direct evidence the baseline itself is wrong. Baseline-only performance cannot be isolated from Dynamic-ISF-adjusted periods with current data."
real_sonnet5_20,run_005,profile.target.00_00,profile,True,90 mg/dL,keep,90 mg/dL,"Overnight time-in-range is generally strong except hours 0-1 local, which are more plausibly explained by IOB tails from evening corrections than by the target level itself. No isolated evidence ties this target to the observed lows."
real_sonnet5_20,run_005,profile.target.08_00,profile,True,100 mg/dL,keep,100 mg/dL,"Daytime highs occur despite this target; repeated 135 mg/dL Temporary Targets were applied on top of this baseline for several days, confounding assessment of the base daytime target's own effect."
real_sonnet5_20,run_005,profile.target.23_00,profile,True,90 mg/dL,keep,90 mg/dL,Same overnight pattern as the 00:00 target; no isolated evidence distinguishes this segment's effect from the IOB-tail or basal effects already noted.
real_sonnet5_20,run_005,profile.dia,profile,True,10 h,keep,10 h,"Evidence is mixed: some corrections show continued decline out to 360 minutes consistent with a long DIA, while other corrections show clear insufficiency at 240 minutes, inconsistent with an over-long DIA being the dominant driver. Unlogged meals and Dynamic ISF variability remain equally plausible explanations."
real_sonnet5_20,run_005,aaps.core.smb_uam,aaps,True,smb_enabled=true; uam_enabled=true,keep,smb_enabled=true; uam_enabled=true,Both settings are internally consistent with the observed reliance on UAM as the sole real-time meal-response mechanism given zero logged carbohydrates; no evidence of malfunction or contradiction with the profile or telemetry.
real_sonnet5_20,run_005,aaps.core.smb_activation,aaps,True,smb_always_enabled=true; smb_with_cob_enabled=false; smb_after_carbs_enabled=false; smb_with_temp_target_enabled=true; smb_with_high_temp_target_enabled=false,keep,smb_always_enabled=true; smb_with_cob_enabled=false; smb_after_carbs_enabled=false; smb_with_temp_target_enabled=true; smb_with_high_temp_target_enabled=false,"smb_with_high_temp_target_enabled=false may be suppressing SMB during repeated 135 mg/dL Temporary Target windows that partially overlap daytime highs, but this is confounded by concurrent GLP-1 dosing notes and one Aug 19 pump-error/occlusion episode. Correlation is not converted into a change while this dependency remains unresolved."
real_sonnet5_20,run_005,aaps.core.smb_delivery,aaps,True,smb_interval_minutes=3 min; max_smb_basal_minutes=15 min; max_uam_smb_basal_minutes=20 min,keep,smb_interval_minutes=3 min; max_smb_basal_minutes=15 min; max_uam_smb_basal_minutes=20 min,Sampled data confirms SMB/UAM microbolusing is occurring but the representative sample is too sparse to verify actual delivery cadence against the configured 3-minute interval; no clear defect is evidenced.
real_sonnet5_20,run_005,aaps.core.safety_limits,aaps,True,max_basal_u_per_hour=12 U/h; max_iob_units=25 U,keep,max_basal_u_per_hour=12 U/h; max_iob_units=25 U,"max_iob_units=25 U was never approached (observed peak 5.935 U) and max_basal_u_per_hour=12 U/h was not the limiting ceiling during the Aug 14 severe hyperglycemia event; the actual limiting factor observed was current_basal_safety_multiplier interacting with low basal segment values, not this group's own values. Changing this group would not address the identified mechanism."
real_sonnet5_20,run_005,aaps.core.sensitivity,aaps,True,autosens_enabled=false; dynamic_sensitivity_enabled=true; autosens_raises_target=false; autosens_lowers_target=false; dynamic_isf_adjustment_factor_percent=70 %,keep,autosens_enabled=false; dynamic_sensitivity_enabled=true; autosens_raises_target=false; autosens_lowers_target=false; dynamic_isf_adjustment_factor_percent=70 %,"autosens_enabled=false is correctly distinct from observed sensitivity_ratio values near 1, which are neutral Dynamic ISF outputs, not Autosens activity. The wide variable_sens range under the 70% adjustment factor could reflect appropriate compensation for unlogged meals or an overly aggressive setting; these cannot be separated without carbohydrate logging data."
real_sonnet5_20,run_005,aaps.core.carb_absorption,aaps,True,min_5m_carbimpact=8 mg/dL/5 min; meal_max_absorption_hours=7 h,keep,min_5m_carbimpact=8 mg/dL/5 min; meal_max_absorption_hours=7 h,"Every sampled loop status shows COB: 0 and treatment_summary confirms carb_entries=0, so this group's parameters have never been exercised against real absorption data in the supplied period; validation is fully blocked, not evidence of a defect."
real_sonnet5_20,run_006,profile.basal.00_00,profile,True,0.6 U/h,keep,0.6 U/h,"Overnight lows at 00:00-02:00 local are more consistent with a residual insulin-on-board tail than a basal defect, since loop statuses show dosing already suspended before these lows. Uncertainty remains about the role of the 10-hour DIA in prolonging this tail."
real_sonnet5_20,run_006,profile.basal.05_00,profile,True,0.7 U/h,keep,0.7 U/h,"Dawn hours from 04:00-07:00 local show excellent time-in-range (95.2-98.7%), providing no evidence for a basal issue in this segment."
real_sonnet5_20,run_006,profile.basal.06_00,profile,True,0.8 U/h,keep,0.8 U/h,Same dawn-window evidence as the 05:00 segment shows strong control with no indication of a defect.
real_sonnet5_20,run_006,profile.basal.10_00,profile,True,0.7 U/h,keep,0.7 U/h,Daytime rise beginning around this hour is more plausibly linked to unlogged meals met by reactive UAM dosing (COB:0 with active UAM Boost) than to a confirmed basal defect; no carbohydrate data exists to isolate the cause.
real_sonnet5_20,run_006,profile.basal.16_00,profile,True,0.5 U/h,keep,0.5 U/h,"This step-down coincides with the day's peak time-above-range (32.1% at 16:00 local), but the same-hour loop reasoning shows COB:0 with active UAM compensation, and Temporary Targets were active during parts of this window. Changing this dependent parameter before excluding meal effects via logging is not supported."
real_sonnet5_20,run_006,profile.basal.18_00,profile,True,0.6 U/h,keep,0.6 U/h,"Time-above-range falls sharply by 19:00 local (6.6%), showing no persistent defect signal in this segment."
real_sonnet5_20,run_006,profile.basal.19_00,profile,True,0.7 U/h,keep,0.7 U/h,Evening control is reasonable; this segment is part of the broader overnight-tail hypothesis but has no direct evidence of a rate defect.
real_sonnet5_20,run_006,profile.cr.00_00,profile,True,13 g/U,keep,13 g/U,"Zero carbohydrate entries exist anywhere in the 14-day dataset, making carb ratio validation against any meal response impossible for this or any segment."
real_sonnet5_20,run_006,profile.cr.04_00,profile,True,11.1 g/U,keep,11.1 g/U,Same blocking reason: no carbohydrate entries exist to validate this ratio.
real_sonnet5_20,run_006,profile.cr.08_00,profile,True,13.2 g/U,keep,13.2 g/U,Same blocking reason: no carbohydrate entries exist to validate this ratio.
real_sonnet5_20,run_006,profile.cr.16_00,profile,True,10.5 g/U,keep,10.5 g/U,"This segment covers the peak daytime hyperglycemia window, increasing the value of resolving the carbohydrate-logging gap here specifically, but no meal-linked evidence currently exists to support a change."
real_sonnet5_20,run_006,profile.cr.20_00,profile,True,12.6 g/U,keep,12.6 g/U,Same blocking reason: no carbohydrate entries exist to validate this ratio.
real_sonnet5_20,run_006,profile.isf.00_00,profile,True,56 mg/dL/U,keep,56 mg/dL/U,"The single flat segment appears intentional, matching the profile's own naming convention. Dynamic ISF already modulates effective sensitivity across a 0.5x-2.2x range around this baseline in sampled loop data, and no isolated evidence indicates the flat baseline itself needs adjustment independent of that dynamic modulation."
real_sonnet5_20,run_006,profile.target.00_00,profile,True,90 mg/dL,keep,90 mg/dL,"Overnight lows appear driven by residual insulin-on-board rather than an overly aggressive target, since automation showed protective dosing suspension during these episodes."
real_sonnet5_20,run_006,profile.target.08_00,profile,True,100 mg/dL,keep,100 mg/dL,Daytime highs are better explained by unlogged meal effects and reactive UAM dosing than by this target value; no isolated evidence supports a change.
real_sonnet5_20,run_006,profile.target.23_00,profile,True,90 mg/dL,keep,90 mg/dL,Consistent with the 00:00 overnight target segment; same rationale applies regarding protective automation behavior during lows.
real_sonnet5_20,run_006,profile.dia,profile,True,10 h,keep,10 h,"A 10-hour DIA is a plausible contributor to insulin-on-board stacking seen in some correction-response windows, but this competes with automation safety-limit behavior as an explanation and cannot yet be isolated. Changing DIA before separating these causes risks unpredictable interaction with dynamic ISF and SMB dosing."
real_sonnet5_20,run_006,aaps.core.smb_uam,aaps,True,smb_enabled=true; uam_enabled=true,keep,smb_enabled=true; uam_enabled=true,"UAM is currently carrying all meal-response duty given zero logged carbohydrates, confirmed by loop reasoning showing COB:0 with active UAM Boost multipliers during glucose rises. No internal inconsistency was found; disabling either setting is not supported without first resolving whether meals are being logged."
real_sonnet5_20,run_006,aaps.core.smb_activation,aaps,True,smb_always_enabled=true; smb_with_cob_enabled=false; smb_after_carbs_enabled=false; smb_with_temp_target_enabled=true; smb_with_high_temp_target_enabled=false,keep,smb_always_enabled=true; smb_with_cob_enabled=false; smb_after_carbs_enabled=false; smb_with_temp_target_enabled=true; smb_with_high_temp_target_enabled=false,"Observed behavior matches configuration: SMB continued operating during active Temporary Targets consistent with smb_with_temp_target_enabled=true, and no carb-gated activation was needed since carbs are never logged. No inconsistency found to justify a change."
real_sonnet5_20,run_006,aaps.core.smb_delivery,aaps,True,smb_interval_minutes=3 min; max_smb_basal_minutes=15 min; max_uam_smb_basal_minutes=20 min,keep,smb_interval_minutes=3 min; max_smb_basal_minutes=15 min; max_uam_smb_basal_minutes=20 min,"No anomaly was identified between these delivery ceilings and the enacted temp-basal durations observed in loop statuses; the enacted durations reflect temp-basal length, not this interval setting, and no conflict was found."
real_sonnet5_20,run_006,aaps.core.safety_limits,aaps,True,max_basal_u_per_hour=12 U/h; max_iob_units=25 U,keep,max_basal_u_per_hour=12 U/h; max_iob_units=25 U,"Observed peak enacted basal (4.0 U/h) and peak IOB (5.935 U) during the period remained far below these ceilings, meaning they were never binding during the severe hyperglycemia episodes on 08-15, 08-18, and 08-21. A separate audit-only safety multiplier outside this decision group may be a more relevant practical ceiling, but that cannot be confirmed as the binding constraint with current data, so no change to these two values is supported."
real_sonnet5_20,run_006,aaps.core.sensitivity,aaps,True,autosens_enabled=false; dynamic_sensitivity_enabled=true; autosens_raises_target=false; autosens_lowers_target=false; dynamic_isf_adjustment_factor_percent=70 %,keep,autosens_enabled=false; dynamic_sensitivity_enabled=true; autosens_raises_target=false; autosens_lowers_target=false; dynamic_isf_adjustment_factor_percent=70 %,"Autosens disabled alongside dynamic ISF enabled is a standard, non-conflicting pairing. Observed sensitivity_ratio values of 1 are neutral, not disabled autosens. The wide effective sensitivity range (0.5x-2.2x baseline) is consistent with the configured 70% adjustment strength operating as designed, not evidence of a defect."
real_sonnet5_20,run_006,aaps.core.carb_absorption,aaps,True,min_5m_carbimpact=8 mg/dL/5 min; meal_max_absorption_hours=7 h,keep,min_5m_carbimpact=8 mg/dL/5 min; meal_max_absorption_hours=7 h,"These settings have never been exercised by an actual carbohydrate entry during the 14-day period, since zero carbohydrate entries exist. They cannot be evaluated against observed absorption without meal-linked data, so no change can be supported."
real_sonnet5_20,run_007,profile.basal.00_00,profile,True,0.6 U/h,keep,0.6 U/h,"Overnight 00:00-03:00 shows mild-to-moderate time below range (11-18.5%), but this is equally explained by IOB tails from evening correction boluses given a 10h DIA; no isolated evidence supports a specific basal change here."
real_sonnet5_20,run_007,profile.basal.05_00,profile,True,0.7 U/h,keep,0.7 U/h,"The 04:00-08:00 window shows strong control (time in range 95.2-98.7%), supporting the current segment value with no change indicated."
real_sonnet5_20,run_007,profile.basal.06_00,profile,True,0.8 U/h,keep,0.8 U/h,Same well-controlled window as the 05:00 segment; no evidence of a defect.
real_sonnet5_20,run_007,profile.basal.10_00,profile,True,0.7 U/h,keep,0.7 U/h,"This reduction coincides with rising daytime glucose, but the carb ratio segment also changes at 08:00, and no carb data exists to confirm whether unlogged meals rather than this basal step are responsible."
real_sonnet5_20,run_007,profile.basal.16_00,profile,True,0.5 U/h,keep,0.5 U/h,"This coincides with the single worst hour in the dataset (16:00 local, 32.1% time above range), but several Temporary Target activations to ~135 mg/dL overlap this window on multiple days, confounding isolation of a basal defect."
real_sonnet5_20,run_007,profile.basal.18_00,profile,True,0.6 U/h,keep,0.6 U/h,Evening transition window shows declining glucose alongside this basal increase; no isolated defect evidence.
real_sonnet5_20,run_007,profile.basal.19_00,profile,True,0.7 U/h,keep,0.7 U/h,"Hour 19 shows the highest evening time below range (15.3%), but this plausibly reflects overlap with afternoon correction-bolus IOB tails given the long DIA rather than this basal segment itself."
real_sonnet5_20,run_007,profile.cr.00_00,profile,True,13 g/U,keep,13 g/U,"Zero carbohydrate entries exist across the entire 14-day period, making it impossible to validate or invalidate any carb ratio segment."
real_sonnet5_20,run_007,profile.cr.04_00,profile,True,11.1 g/U,keep,11.1 g/U,Same carbohydrate-logging gap applies; no evidence exists to support a change.
real_sonnet5_20,run_007,profile.cr.08_00,profile,True,13.2 g/U,keep,13.2 g/U,Same carbohydrate-logging gap applies; no evidence exists to support a change.
real_sonnet5_20,run_007,profile.cr.16_00,profile,True,10.5 g/U,keep,10.5 g/U,Same carbohydrate-logging gap applies; no evidence exists to support a change.
real_sonnet5_20,run_007,profile.cr.20_00,profile,True,12.6 g/U,keep,12.6 g/U,Same carbohydrate-logging gap applies; no evidence exists to support a change.
real_sonnet5_20,run_007,profile.isf.00_00,profile,True,56 mg/dL/U,keep,56 mg/dL/U,"Dynamic ISF already compensates in real time across a very wide range (27.8 to 178.7 mg/dL/U); whether the static value is too weak or the dynamic adjustment factor is too aggressive cannot be separated with current data, and changing this alongside the dynamic factor would confound future evaluation."
real_sonnet5_20,run_007,profile.target.00_00,profile,True,90 mg/dL,keep,90 mg/dL,Overnight lows are more plausibly linked to IOB tails from evening corrections than to this target value; no isolated evidence supports a change.
real_sonnet5_20,run_007,profile.target.08_00,profile,True,100 mg/dL,keep,100 mg/dL,"Daytime hyperglycemia overlaps with multiple Temporary Target overrides to ~135 mg/dL on several days, which confounds assessment of whether the baseline 100 mg/dL target itself needs adjustment."
real_sonnet5_20,run_007,profile.target.23_00,profile,True,90 mg/dL,keep,90 mg/dL,Insufficient isolated evidence exists at this boundary hour to support a change.
real_sonnet5_20,run_007,profile.dia,profile,True,10 h,keep,10 h,"This duration is plausible for the user's noted diluted U200 insulin, but may also contribute to the observed correction-then-delayed-hypoglycemia pattern; no insulin pharmacokinetic confirmation exists to support a specific new value, and it must not be changed together with the Dynamic ISF adjustment factor or SMB cadence."
real_sonnet5_20,run_007,aaps.core.smb_uam,aaps,True,smb_enabled=true; uam_enabled=true,keep,smb_enabled=true; uam_enabled=true,UAM is functioning as the necessary substitute for meal announcement given zero carb logging; no evidence indicates a defect in enabling these features.
real_sonnet5_20,run_007,aaps.core.smb_activation,aaps,True,smb_always_enabled=true; smb_with_cob_enabled=false; smb_after_carbs_enabled=false; smb_with_temp_target_enabled=true; smb_with_high_temp_target_enabled=false,keep,smb_always_enabled=true; smb_with_cob_enabled=false; smb_after_carbs_enabled=false; smb_with_temp_target_enabled=true; smb_with_high_temp_target_enabled=false,"smb_with_high_temp_target_enabled=false may have suppressed SMB delivery during several 135 mg/dL Temporary Target windows that overlap daytime hyperglycemia hours, but no per-minute delivery-versus-suppression log confirms this; insufficient evidence for a change at this time."
real_sonnet5_20,run_007,aaps.core.smb_delivery,aaps,True,smb_interval_minutes=3 min; max_smb_basal_minutes=15 min; max_uam_smb_basal_minutes=20 min,keep,smb_interval_minutes=3 min; max_smb_basal_minutes=15 min; max_uam_smb_basal_minutes=20 min,"This cadence is one of several plausible contributors (alongside DIA and Dynamic ISF) to the observed overshoot-hypoglycemia clusters, but cannot be isolated as the primary cause without a controlled comparison, and must not be changed simultaneously with those other factors."
real_sonnet5_20,run_007,aaps.core.safety_limits,aaps,True,max_basal_u_per_hour=12 U/h; max_iob_units=25 U,keep,max_basal_u_per_hour=12 U/h; max_iob_units=25 U,"Neither limit is approached at any point in the 14-day period (peak enacted rate approximately 4 U/h, peak IOB 5.935 U), so these are not a binding constraint on any observed episode."
real_sonnet5_20,run_007,aaps.core.sensitivity,aaps,True,autosens_enabled=false; dynamic_sensitivity_enabled=true; autosens_raises_target=false; autosens_lowers_target=false; dynamic_isf_adjustment_factor_percent=70 %,keep,autosens_enabled=false; dynamic_sensitivity_enabled=true; autosens_raises_target=false; autosens_lowers_target=false; dynamic_isf_adjustment_factor_percent=70 %,The wide real-time sensitivity range could reflect appropriate compensation for a too-weak static ISF or an over-aggressive adjustment factor; these competing explanations are not separable with current data and must not be resolved by changing this together with the static ISF.
real_sonnet5_20,run_007,aaps.core.carb_absorption,aaps,True,min_5m_carbimpact=8 mg/dL/5 min; meal_max_absorption_hours=7 h,keep,min_5m_carbimpact=8 mg/dL/5 min; meal_max_absorption_hours=7 h,"COB is 0 throughout the entire period due to zero carbohydrate entries, so these parameters never activate and cannot currently be validated or invalidated."
real_sonnet5_20,run_008,profile.basal.00_00,profile,True,0.6 U/h,keep,0.6 U/h,"Overnight hours show only mild time-below-range, more plausibly explained by evening correction-bolus tails than by this basal rate; no isolated evidence supports a change."
real_sonnet5_20,run_008,profile.basal.05_00,profile,True,0.7 U/h,keep,0.7 U/h,This hour shows strong time-in-range (over 95%); no evidence of a basal issue in this window.
real_sonnet5_20,run_008,profile.basal.06_00,profile,True,0.8 U/h,keep,0.8 U/h,This hour shows the highest time-in-range in the dataset (98.7%); no evidence supports adjustment.
real_sonnet5_20,run_008,profile.basal.10_00,profile,True,0.7 U/h,keep,0.7 U/h,Daytime hyperglycemia beginning around this hour is confounded by probable unlogged meals and temporary-target-driven SMB suppression; basal-specific causation is not isolated.
real_sonnet5_20,run_008,profile.basal.16_00,profile,True,0.5 U/h,keep,0.5 U/h,"This segment coincides with the day's peak time-above-range hour (32.1%), but meal timing and temporary-target SMB suppression are equally plausible explanations that have not been separated; changing this without carb data risks masking a different root cause."
real_sonnet5_20,run_008,profile.basal.18_00,profile,True,0.6 U/h,keep,0.6 U/h,No isolated evidence in this window points to a basal-specific issue distinct from meal or correction effects.
real_sonnet5_20,run_008,profile.basal.19_00,profile,True,0.7 U/h,keep,0.7 U/h,"This segment is linked to the observed maxSafeBasal cap during a severe-high event via the current_basal_safety_multiplier; changing it without also evaluating the multiplier could unintentionally alter correction strength during future highs, so it is withheld pending sequential review."
real_sonnet5_20,run_008,profile.cr.00_00,profile,True,13 g/U,keep,13 g/U,"Zero carbohydrate entries exist in the entire period, making any carb ratio assessment unsupported."
real_sonnet5_20,run_008,profile.cr.04_00,profile,True,11.1 g/U,keep,11.1 g/U,No carbohydrate data exists to validate or challenge this value.
real_sonnet5_20,run_008,profile.cr.08_00,profile,True,13.2 g/U,keep,13.2 g/U,"This segment overlaps a recurring morning rise pattern, but with zero carb entries the rise cannot be attributed to this carb ratio versus an unlogged meal or automation suppression."
real_sonnet5_20,run_008,profile.cr.16_00,profile,True,10.5 g/U,keep,10.5 g/U,"This segment overlaps the peak time-above-range hour, but with zero carb entries the carb ratio cannot be isolated as a cause."
real_sonnet5_20,run_008,profile.cr.20_00,profile,True,12.6 g/U,keep,12.6 g/U,No carbohydrate data exists to validate or challenge this value.
real_sonnet5_20,run_008,profile.isf.00_00,profile,True,56 mg/dL/U,keep,56 mg/dL/U,"The flat ISF value is consistent with the declared diluted-insulin profile; wide swings in effective sensitivity across loop statuses are plausibly explained by the dynamic ISF algorithm rather than a static miscalibration, and no isolated no-meal correction window is available to confirm either way."
real_sonnet5_20,run_008,profile.target.00_00,profile,True,90 mg/dL,keep,90 mg/dL,Overnight time-below-range is modest and more plausibly linked to evening correction-bolus tails than to this target value.
real_sonnet5_20,run_008,profile.target.08_00,profile,True,100 mg/dL,keep,100 mg/dL,"Daytime glucose already substantially exceeds this target, so the target value is not the primary limiting factor for the observed highs; adjusting it would not address the likely root causes."
real_sonnet5_20,run_008,profile.target.23_00,profile,True,90 mg/dL,keep,90 mg/dL,No isolated evidence links this target to the overnight time-below-range pattern more than correction-bolus tails do.
real_sonnet5_20,run_008,profile.dia,profile,True,10 h,keep,10 h,"This value is plausible for the declared insulin type; observed insulin-on-board stacking is a candidate contributor to the hypo/hyper oscillation, but unlogged meals remain an equally plausible explanation, so no isolated evidence supports a specific DIA change."
real_sonnet5_20,run_008,aaps.core.smb_uam,aaps,True,smb_enabled=true; uam_enabled=true,keep,smb_enabled=true; uam_enabled=true,"Both are functioning as expected given the absence of carbohydrate logging; loop reasons consistently show deviation-based UAM dosing with COB at zero, which is consistent behavior, not a defect."
real_sonnet5_20,run_008,aaps.core.smb_activation,aaps,True,smb_always_enabled=true; smb_with_cob_enabled=false; smb_after_carbs_enabled=false; smb_with_temp_target_enabled=true; smb_with_high_temp_target_enabled=false,keep,smb_always_enabled=true; smb_with_cob_enabled=false; smb_after_carbs_enabled=false; smb_with_temp_target_enabled=true; smb_with_high_temp_target_enabled=false,"smb_with_high_temp_target_enabled=false is a plausible contributor to daytime highs during temporary-target windows, but this competes unresolved with the unlogged-meal explanation for the same pattern; changing it now would convert an unresolved correlation into a parameter change, which is not supported yet."
real_sonnet5_20,run_008,aaps.core.smb_delivery,aaps,True,smb_interval_minutes=3 min; max_smb_basal_minutes=15 min; max_uam_smb_basal_minutes=20 min,keep,smb_interval_minutes=3 min; max_smb_basal_minutes=15 min; max_uam_smb_basal_minutes=20 min,These values appear unremarkable relative to observed microbolus sizes and are not implicated in any identified pattern.
real_sonnet5_20,run_008,aaps.core.safety_limits,aaps,True,max_basal_u_per_hour=12 U/h; max_iob_units=25 U,keep,max_basal_u_per_hour=12 U/h; max_iob_units=25 U,"Neither ceiling was approached in observed data; the relevant constraint seen in practice was the derived maxSafeBasal cap via the basal safety multiplier, which is a separate, linked setting that should be reviewed together conceptually but changed sequentially."
real_sonnet5_20,run_008,aaps.core.sensitivity,aaps,True,autosens_enabled=false; dynamic_sensitivity_enabled=true; autosens_raises_target=false; autosens_lowers_target=false; dynamic_isf_adjustment_factor_percent=70 %,keep,autosens_enabled=false; dynamic_sensitivity_enabled=true; autosens_raises_target=false; autosens_lowers_target=false; dynamic_isf_adjustment_factor_percent=70 %,"This is a standard, internally consistent configuration; observed sensitivity_ratio values near 1 reflect neutral dynamic adjustment rather than a disabled Autosens problem, and the wider variable_sens swings are plausibly appropriate dynamic response rather than a confirmed defect."
real_sonnet5_20,run_008,aaps.core.carb_absorption,aaps,True,min_5m_carbimpact=8 mg/dL/5 min; meal_max_absorption_hours=7 h,keep,min_5m_carbimpact=8 mg/dL/5 min; meal_max_absorption_hours=7 h,"This model cannot be validated because zero carbohydrate entries exist in the period; COB remains zero even during meal-shaped rises, consistent with unlogged carbs rather than a model failure."
real_sonnet5_20,run_009,profile.basal.00_00,profile,True,0.6 U/h,keep,,"This is the day's lowest basal rate and occurs during the window of elevated overnight lows, which argues against it being too high; the low pattern is more plausibly a tail effect from evening corrections and DIA (see profile.dia). Evidence: hourly_glucose_local hours 0-3; sparse loop-status samples showing no temp basal request overnight. Uncertainty: only 2 overnight loop-status samples available. Dependency: profile.dia, aaps.core.smb_delivery."
real_sonnet5_20,run_009,profile.basal.05_00,profile,True,0.7 U/h,keep,,"This segment covers hours (04:00-06:00 local) showing strong time-in-range (95-98%) and low variability, indicating adequate basal coverage. Evidence: hourly_glucose_local hours 4-5. Uncertainty: none significant identified. Dependency: none."
real_sonnet5_20,run_009,profile.basal.06_00,profile,True,0.8 U/h,keep,,"Covers hours 06:00-10:00 local showing generally good time-in-range (91-99%) with rising glucose toward hour 09 (148 mg/dL average), but this rise is confounded by possible unlogged breakfast intake given zero carb logging. Evidence: hourly_glucose_local hours 6-9; treatment_summary carb_entries=0. Uncertainty: cannot separate basal adequacy from meal effect without carb data. Dependency: profile.cr.08_00, meal logging."
real_sonnet5_20,run_009,profile.basal.10_00,profile,True,0.7 U/h,keep,,"Covers hours 10:00-16:00 local, which includes the period of rising and peak afternoon hyperglycemia (peak at hour 16). The rise is confounded with repeated 135 mg/dL temporary targets and possible unlogged meals occurring in this window, so a basal-specific defect cannot be isolated. Evidence: hourly_glucose_local hours 10-16; representative_events Temporary Target entries overlapping this window. Uncertainty: three competing explanations (meals, temporary targets, basal) remain unresolved. Dependency: aaps.core.smb_activation, meal logging."
real_sonnet5_20,run_009,profile.basal.16_00,profile,True,0.5 U/h,keep,,"This is the day's lowest basal segment and coincides with the single worst hyperglycemia hour (hour 16 local, average 162.8 mg/dL, 32.1% time-above-range), a suggestive but unconfirmed association. Evidence: hourly_glucose_local hour 16. Uncertainty: confounded with unlogged meals and temporary-target-driven SMB suppression (H2, H3); cannot be isolated as a basal defect. Dependency: aaps.core.smb_activation, meal logging."
real_sonnet5_20,run_009,profile.basal.18_00,profile,True,0.6 U/h,keep,,"Covers hours 18:00-19:00 local showing declining glucose from the afternoon peak with reasonable time-in-range (80.4%), no clear defect signal. Evidence: hourly_glucose_local hour 18. Uncertainty: low. Dependency: none."
real_sonnet5_20,run_009,profile.basal.19_00,profile,True,0.7 U/h,keep,,"Covers hours 19:00-24:00 local, including the rebound time-below-range spike at hour 19 (15.3%), which is more plausibly related to residual IOB from earlier aggressive daytime corrections than to this basal segment. Evidence: hourly_glucose_local hour 19; representative_loop_statuses showing high IOB events earlier the same afternoon on some dates. Uncertainty: causal link to evening corrections not directly confirmed. Dependency: aaps.core.smb_delivery, profile.dia."
real_sonnet5_20,run_009,profile.cr.00_00,profile,True,13 g/U,keep,,"Zero carbohydrate entries exist anywhere in the package, so this ratio cannot be validated or invalidated against any observed meal response. Evidence: treatment_summary carb_entries=0, carb_treatment_entries=[]. Uncertainty: complete absence of meal-linked evidence. Dependency: meal logging must exist before any CR change can be supported."
real_sonnet5_20,run_009,profile.cr.04_00,profile,True,11.1 g/U,keep,,No carbohydrate entries exist to test this ratio against observed glucose response. Evidence: treatment_summary carb_entries=0. Uncertainty: complete absence of meal-linked evidence. Dependency: meal logging.
real_sonnet5_20,run_009,profile.cr.08_00,profile,True,13.2 g/U,keep,,"No carbohydrate entries exist to test this ratio, despite a morning glucose rise (hour 9 local) that could relate to breakfast; the rise cannot be attributed to this CR value without meal data. Evidence: hourly_glucose_local hour 9; treatment_summary carb_entries=0. Uncertainty: rise could reflect an unlogged meal, dawn phenomenon, or basal timing, not necessarily CR. Dependency: meal logging, profile.basal.06_00."
real_sonnet5_20,run_009,profile.cr.16_00,profile,True,10.5 g/U,keep,,"This is the strongest (lowest) carb ratio in the profile and covers the period of worst afternoon hyperglycemia, but with zero carb entries the ratio itself cannot be shown to be inadequate versus meal timing, temporary targets, or basal being the driver. Evidence: hourly_glucose_local hour 16; treatment_summary carb_entries=0. Uncertainty: three unresolved competing explanations for the afternoon pattern. Dependency: meal logging, profile.basal.16_00, aaps.core.smb_activation."
real_sonnet5_20,run_009,profile.cr.20_00,profile,True,12.6 g/U,keep,,No carbohydrate entries exist to test this ratio against observed evening glucose response. Evidence: treatment_summary carb_entries=0. Uncertainty: complete absence of meal-linked evidence. Dependency: meal logging.
real_sonnet5_20,run_009,profile.isf.00_00,profile,True,56 mg/dL/U,keep,,"The single flat ISF segment is overlaid by Dynamic ISF (70% adjustment factor), which produces effective sensitivity values that move in the clinically expected direction across sampled loop statuses; no evidence isolates the base flat value itself as inadequate versus the dynamic layer's magnitude. Evidence: representative_loop_statuses variable_sens values; smb_settings dynamic_isf_adjustment_factor_percent=70. Uncertainty: cannot separate base ISF adequacy from Dynamic ISF magnitude with current data. Dependency: aaps.core.sensitivity."
real_sonnet5_20,run_009,profile.target.00_00,profile,True,90 mg/dL,keep,,"Overnight lows occur during this target window, but basal is simultaneously at its lowest daily rate and sparse loop-status samples show no active over-dosing at sampled moments, suggesting the tight target combined with a correction/DIA tail effect is a more likely driver than the target value alone. Evidence: hourly_glucose_local hours 0-3; representative_loop_statuses 2026-08-11T00:11, 2026-08-16T00:00. Uncertainty: small overnight sample size; tail-effect hypothesis unconfirmed. Dependency: profile.dia, profile.basal.00_00."
real_sonnet5_20,run_009,profile.target.08_00,profile,True,100 mg/dL,keep,,"This daytime target window includes both well-controlled morning hours and the worst afternoon hyperglycemia, a range too broad to attribute to the target value itself without separating meal, temporary-target, and basal effects. Evidence: hourly_glucose_local hours 8-17. Uncertainty: three unresolved competing explanations for afternoon highs. Dependency: meal logging, aaps.core.smb_activation, profile.basal.16_00."
real_sonnet5_20,run_009,profile.target.23_00,profile,True,90 mg/dL,keep,,"This narrow evening-to-midnight target window borders the overnight low-risk period; no isolated evidence distinguishes its contribution from the broader overnight tail-effect hypothesis. Evidence: hourly_glucose_local hour 23 (88.6% time-in-range, some lows). Uncertainty: overlaps with profile.target.00_00 tail-effect hypothesis. Dependency: profile.target.00_00, profile.dia."
real_sonnet5_20,run_009,profile.dia,profile,True,10 h,keep,,"A 10-hour DIA is unusually long and is a plausible contributor to the overnight tail-effect hypothesis for hypoglycemia, but the custom free_peak_oref insulin model lacks a documented peak-time parameter in this package, so adequacy cannot be fully assessed, and changing DIA alongside target or basal would confound cause identification. Evidence: aaps_profile.dia_hours; smb_settings.raw_settings.insulin_type. Uncertainty: indirect evidence only; peak-time parameter unavailable. Dependency: profile.target.00_00, profile.basal.00_00, aaps.core.smb_delivery."
real_sonnet5_20,run_009,aaps.core.smb_uam,aaps,True,smb_enabled=true; uam_enabled=true,keep,,"SMB/UAM enablement is functionally necessary given that all reactive dosing in this period is UAM/correction-based with zero carb-linked boluses; disabling either would remove the only active glucose-responsive mechanism. Evidence: treatment_summary (carb_entries=0, all insulin entries are Correction Bolus or Temp Basal). Uncertainty: none material to this specific decision. Dependency: aaps.core.smb_activation, aaps.core.smb_delivery."
real_sonnet5_20,run_009,aaps.core.smb_activation,aaps,True,smb_always_enabled=true; smb_with_cob_enabled=false; smb_after_carbs_enabled=false; smb_with_temp_target_enabled=true; smb_with_high_temp_target_enabled=false,keep,,"The false COB-gating flags are consistent with the carb-free logging pattern and not evidence of misconfiguration. smb_with_high_temp_target_enabled=false overlaps two of the highest time-above-range days via repeated 135 mg/dL temporary targets, a plausible partial contributor to afternoon highs, but the purpose of those temporary targets (e.g., anticipated meal or activity) is unknown, so changing this flag is not yet supported. Evidence: representative_events Temporary Target entries on 2026-08-17 and 2026-08-18; hourly_glucose_local hours 13-16. Uncertainty: cannot confirm actual SMB suppression magnitude or the user's intent behind the temporary targets. Dependency: meal logging, profile.basal.16_00."
real_sonnet5_20,run_009,aaps.core.smb_delivery,aaps,True,smb_interval_minutes=3 min; max_smb_basal_minutes=15 min; max_uam_smb_basal_minutes=20 min,keep,,"Large UAM boost multipliers appear in reason strings preceding some hypoglycemia events (e.g., 2026-08-13), a plausible contributing mechanism, but this is confounded with SMB stacking that invalidates single-bolus causal attribution and with the dynamic ISF magnitude reviewed under aaps.core.sensitivity; changing both together would prevent identifying which is responsible. Evidence: representative_loop_statuses 2026-08-13T13:55 (UAM Boost 2: 35.93); glucose_extremes 2026-08-13. Uncertainty: cannot separate SMB strength from dynamic ISF magnitude as the driver. Dependency: aaps.core.sensitivity, profile.dia."
real_sonnet5_20,run_009,aaps.core.safety_limits,aaps,True,max_basal_u_per_hour=12 U/h; max_iob_units=25 U,keep,,"Both caps are far above observed usage (peak IOB 5.935 U, peak enacted basal about 4 U/h across sampled statuses), so they are not the binding constraint and provide passive safety margin rather than indicating a need for tightening. Evidence: representative_loop_statuses peak values (2026-08-21T21:09 iob=5.935; 2026-08-14T18:40 enacted rate=4). Uncertainty: sparse sampling (24 loop statuses) may not capture the single highest actual IOB or basal moment. Dependency: none material."
real_sonnet5_20,run_009,aaps.core.sensitivity,aaps,True,autosens_enabled=false; dynamic_sensitivity_enabled=true; autosens_raises_target=false; autosens_lowers_target=false; dynamic_isf_adjustment_factor_percent=70 %,keep,,"This is an internally consistent deliberate configuration (Dynamic ISF used instead of classic Autosens) already dampened below the 100% default to 70%. Observed sensitivity_ratio values near 1 are neutral readings, not evidence of an inert or disabled feature. Dosing-sensitivity values swing more than four-fold across samples, a plausible contributor to overall variability, but this is confounded with SMB strength and temporary-target timing, so no further reduction is currently supported. Evidence: representative_loop_statuses variable_sens and dosing-sensitivity values across multiple dates; glucose_summary.coefficient_of_variation_percent=32.6. Uncertainty: cannot isolate dynamic ISF magnitude from SMB delivery or temporary-target effects. Dependency: aaps.core.smb_delivery, profile.isf.00_00."
real_sonnet5_20,run_009,aaps.core.carb_absorption,aaps,True,min_5m_carbimpact=8 mg/dL/5 min; meal_max_absorption_hours=7 h,keep,,"COB is 0 in every sampled loop status and there are zero carbohydrate entries, so these settings are never exercised in this dataset and cannot be judged as well- or poorly-calibrated. Evidence: treatment_summary carb_entries=0; therapy_response_windows all is_extended_carbs=false. Uncertainty: complete absence of evidence, not evidence of adequacy. Dependency: meal logging must exist before this can be assessed."
real_sonnet5_20,run_010,profile.basal.00_00,profile,True,0.6 U/h,keep,0.6 U/h,"Overnight time-below-range is present but coincides with modest scheduled basal and with automation showing appropriately reduced or zeroed temp basal on low-guard predictions, favoring lingering bolus IOB over basal excess as the cause; no supported numeric change exists."
real_sonnet5_20,run_010,profile.basal.05_00,profile,True,0.7 U/h,keep,0.7 U/h,No isolated evidence distinguishes a basal defect from dawn-phenomenon-like or meal-related rise in this window; carbohydrate data is absent to separate these explanations.
real_sonnet5_20,run_010,profile.basal.06_00,profile,True,0.8 U/h,keep,0.8 U/h,Morning glucose rise from 06:00 to 10:00 local could reflect dawn phenomenon or unannounced breakfast; without carbohydrate data this cannot be attributed to basal insufficiency.
real_sonnet5_20,run_010,profile.basal.10_00,profile,True,0.7 U/h,keep,0.7 U/h,No isolated evidence implicates this segment specifically; it sits between the higher morning segment and the lower afternoon segment without a distinct problem signature.
real_sonnet5_20,run_010,profile.basal.16_00,profile,True,0.5 U/h,keep,0.5 U/h,"This segment coincides with the day's worst average hyperglycemia (hour 16 local), which is a plausible but unconfirmed signal of basal insufficiency, competing directly with an unannounced-meal explanation given zero carbohydrate entries in the period. It is also mechanically linked to the automation safety multiplier, so it must not be changed simultaneously with that setting."
real_sonnet5_20,run_010,profile.basal.18_00,profile,True,0.6 U/h,keep,0.6 U/h,"This segment was involved in the maxSafeBasal dependency observed during hyperglycemia events (effective cap approximately six times this scheduled rate); competing meal and basal explanations remain unresolved, and it should not be changed together with the safety multiplier."
real_sonnet5_20,run_010,profile.basal.19_00,profile,True,0.7 U/h,keep,0.7 U/h,Similar dependency and uncertainty as the 18:00 segment; no isolated evidence supports a specific numeric change at this time.
real_sonnet5_20,run_010,profile.cr.00_00,profile,True,13 g/U,keep,13 g/U,No carbohydrate entries exist anywhere in the period to evaluate carb ratio accuracy at any time segment.
real_sonnet5_20,run_010,profile.cr.04_00,profile,True,11.1 g/U,keep,11.1 g/U,Same absence of carbohydrate data applies; no supported basis for change.
real_sonnet5_20,run_010,profile.cr.08_00,profile,True,13.2 g/U,keep,13.2 g/U,"Morning rise pattern (06:00-10:00) could relate to this ratio, but cannot be confirmed without carbohydrate data."
real_sonnet5_20,run_010,profile.cr.16_00,profile,True,10.5 g/U,keep,10.5 g/U,"This is the most aggressive (lowest) ratio and coincides with the worst afternoon hyperglycemia, making it a plausible contributor, but this competes with the basal-insufficiency hypothesis for the same window and neither can be confirmed without carbohydrate logging."
real_sonnet5_20,run_010,profile.cr.20_00,profile,True,12.6 g/U,keep,12.6 g/U,No isolated evidence implicates this segment; carbohydrate data is absent for verification.
real_sonnet5_20,run_010,profile.isf.00_00,profile,True,56 mg/dL/U,keep,56 mg/dL/U,"The flat ISF is a deliberate declared strategy with Dynamic ISF performing time-of-day adjustment; observed variable sensitivity compensates appropriately during high-deviation events, showing no isolated defect in the static value itself."
real_sonnet5_20,run_010,profile.target.00_00,profile,True,90 mg/dL,keep,90 mg/dL,"No evidence in the data implicates the overnight target as a driver of the observed hypoglycemia or hyperglycemia patterns, which appear more related to IOB tail and possible meal/basal ambiguity."
real_sonnet5_20,run_010,profile.target.08_00,profile,True,100 mg/dL,keep,100 mg/dL,No evidence implicates this daytime target segment specifically; frequent manual temporary targets during the day are user-driven overrides distinct from this baseline value.
real_sonnet5_20,run_010,profile.target.23_00,profile,True,90 mg/dL,keep,90 mg/dL,No evidence implicates this late-evening target segment as a driver of observed patterns.
real_sonnet5_20,run_010,profile.dia,profile,True,10 h,keep,10 h,"Repeated 4-6 hour delayed glucose decline after correction boluses is consistent with a long insulin tail relative to this DIA, but at least one hypoglycemia cluster is equally explained by an isolated extreme UAM boost event, so the two explanations have not been separated. This is the primary item recommended for clinical verification before any change."
real_sonnet5_20,run_010,aaps.core.smb_uam,aaps,True,smb_enabled=true; uam_enabled=true,keep,smb_enabled=true; uam_enabled=true,"SMB and UAM are functioning as expected for a closed loop with zero logged carbs, driving all reactive daytime dosing; no internal inconsistency was found, though one outlier UAM boost value warrants awareness rather than a configuration change."
real_sonnet5_20,run_010,aaps.core.smb_activation,aaps,True,smb_always_enabled=true; smb_with_cob_enabled=false; smb_after_carbs_enabled=false; smb_with_temp_target_enabled=true; smb_with_high_temp_target_enabled=false,keep,smb_always_enabled=true; smb_with_cob_enabled=false; smb_after_carbs_enabled=false; smb_with_temp_target_enabled=true; smb_with_high_temp_target_enabled=false,"No overlap was found between the high-temp-target suppression setting and the timing of severe glucose events; the COB-based settings are inherently untested due to zero carbohydrate entries, which is a data limitation rather than a configuration fault."
real_sonnet5_20,run_010,aaps.core.smb_delivery,aaps,True,smb_interval_minutes=3 min; max_smb_basal_minutes=15 min; max_uam_smb_basal_minutes=20 min,keep,smb_interval_minutes=3 min; max_smb_basal_minutes=15 min; max_uam_smb_basal_minutes=20 min,These values are internally consistent with each other and with the observed dosing cadence; no inconsistency was identified.
real_sonnet5_20,run_010,aaps.core.safety_limits,aaps,True,max_basal_u_per_hour=12 U/h; max_iob_units=25 U,keep,max_basal_u_per_hour=12 U/h; max_iob_units=25 U,"Neither ceiling was approached during the period (peak IOB 5.935 U, peak enacted rate about 4 U/h), so they are not currently limiting or risk factors. The related current_basal_safety_multiplier creates a dependency with the 16:00-19:00 basal segments and must not be changed together with them."
real_sonnet5_20,run_010,aaps.core.sensitivity,aaps,True,autosens_enabled=false; dynamic_sensitivity_enabled=true; autosens_raises_target=false; autosens_lowers_target=false; dynamic_isf_adjustment_factor_percent=70 %,keep,autosens_enabled=false; dynamic_sensitivity_enabled=true; autosens_raises_target=false; autosens_lowers_target=false; dynamic_isf_adjustment_factor_percent=70 %,"This is a valid non-overlapping configuration; observed sensitivity ratios near 1 reflect the expected neutral state with autosens off, and Dynamic ISF is visibly compensating appropriately during high-deviation events without evidence of misconfiguration."
real_sonnet5_20,run_010,aaps.core.carb_absorption,aaps,True,min_5m_carbimpact=8 mg/dL/5 min; meal_max_absorption_hours=7 h,keep,min_5m_carbimpact=8 mg/dL/5 min; meal_max_absorption_hours=7 h,"This subsystem was never exercised because COB remained at zero throughout the period; there is no evidence to support or refute these values, so the setting is kept pending future carbohydrate data."
real_sonnet5_20,run_011,profile.basal.00_00,profile,True,0.6 U/h,keep,0.6 U/h,"Hour 0-2 local shows elevated time-below-range (11.4-18.5%), but this could reflect either the basal level itself or a residual IOB tail from evening corrections under the current 10-hour DIA and dynamic ISF; these causes are not yet separable, so no change is supported until the DIA/IOB-stacking question is resolved first."
real_sonnet5_20,run_011,profile.basal.05_00,profile,True,0.7 U/h,keep,0.7 U/h,"Hours 3-7 local show strong control (time-in-range 95-99%) under this segment, providing no evidence to support a change."
real_sonnet5_20,run_011,profile.basal.06_00,profile,True,0.8 U/h,keep,0.8 U/h,This segment overlaps the well-controlled hours 6-9 local window; no deficiency evidenced.
real_sonnet5_20,run_011,profile.basal.10_00,profile,True,0.7 U/h,keep,0.7 U/h,"Glucose is elevated but trending down through hours 10-13 local following the step-down from 0.8 U/h; the pattern is more consistent with a resolving post-breakfast meal effect than a basal defect, but this cannot be confirmed without carbohydrate data."
real_sonnet5_20,run_011,profile.basal.16_00,profile,True,0.5 U/h,keep,0.5 U/h,"Hour 16 local shows the day's worst hyperglycemia despite basal stepping down here, which argues against a basal-deficiency explanation for this segment and instead favors a delayed correction, IOB catch-up, or temp-target-suppression cause that must be resolved first."
real_sonnet5_20,run_011,profile.basal.18_00,profile,True,0.6 U/h,keep,0.6 U/h,"Hour 18 local shows the day's highest time-below-range immediately after the afternoon peak, more consistent with an overcorrection/IOB tail than an intrinsic defect of this basal step; no change supported before DIA/IOB-stacking is resolved."
real_sonnet5_20,run_011,profile.basal.19_00,profile,True,0.7 U/h,keep,0.7 U/h,Hours 20-23 local show reasonably stable control under this segment; no evidence supports a change.
real_sonnet5_20,run_011,profile.cr.00_00,profile,True,13 g/U,keep,13 g/U,No carbohydrate entries exist in this period to validate or invalidate this ratio; changing it would be unsupported.
real_sonnet5_20,run_011,profile.cr.04_00,profile,True,11.1 g/U,keep,11.1 g/U,No carbohydrate entries exist in this period to validate this ratio.
real_sonnet5_20,run_011,profile.cr.08_00,profile,True,13.2 g/U,keep,13.2 g/U,"This segment's start coincides with a sharp post-breakfast glucose rise (hour 9 local time-above-range 20.2%), but with zero logged carbohydrates this cannot be distinguished from meal size or timing effects, so no change is supported."
real_sonnet5_20,run_011,profile.cr.16_00,profile,True,10.5 g/U,keep,10.5 g/U,"This segment has the strongest ratio of the day yet coincides with the worst hyperglycemia hour, which argues against this specific ratio being the cause and instead suggests an earlier meal effect bleeding forward; unconfirmed without carbohydrate data."
real_sonnet5_20,run_011,profile.cr.20_00,profile,True,12.6 g/U,keep,12.6 g/U,No carbohydrate entries exist in this period to validate this ratio.
real_sonnet5_20,run_011,profile.isf.00_00,profile,True,56 mg/dL/U,keep,56 mg/dL/U,"Dynamic sensitivity is enabled with a 70% adjustment factor and observed effective sensitivity (variable_sens) ranges from 27.8 to 178.7 mg/dL/U, so apparent mismatches against the static value of 56 may reflect intended dynamic-ISF behavior rather than a miscalibrated baseline; these two explanations are not yet separable."
real_sonnet5_20,run_011,profile.target.00_00,profile,True,90 mg/dL,keep,90 mg/dL,"Overnight time-below-range is elevated in hours 0-2 local, but this may reflect IOB carryover under the current DIA rather than the target itself; no change supported before that dependency is resolved."
real_sonnet5_20,run_011,profile.target.08_00,profile,True,100 mg/dL,keep,100 mg/dL,Daytime results are mixed across meal-affected hours with no carbohydrate data to isolate a target-specific effect; no change supported.
real_sonnet5_20,run_011,profile.target.23_00,profile,True,90 mg/dL,keep,90 mg/dL,Hours around this segment show relatively stable control; no evidence supports a change.
real_sonnet5_20,run_011,profile.dia,profile,True,10 h,keep,10 h,"This is the most likely single contributor to the recurring delayed hypoglycemia pattern given prolonged glucose movement through 240-360 minutes in therapy_response_windows, but no dataset-derived concrete replacement value is supported; the manufacturer-labeled action time for the specific insulin and dilution should be confirmed first, and this must not be changed together with ISF or basal settings."
real_sonnet5_20,run_011,aaps.core.smb_uam,aaps,True,smb_enabled=true; uam_enabled=true,keep,smb_enabled=true; uam_enabled=true,"COB is 0 throughout the period, confirming a no-carb-counting therapy style for which SMB/UAM is the primary detection mechanism for unannounced glucose rises; this configuration is appropriate to observed practice and no defect is evidenced."
real_sonnet5_20,run_011,aaps.core.smb_activation,aaps,True,smb_always_enabled=true; smb_with_cob_enabled=false; smb_after_carbs_enabled=false; smb_with_temp_target_enabled=true; smb_with_high_temp_target_enabled=false,keep,smb_always_enabled=true; smb_with_cob_enabled=false; smb_after_carbs_enabled=false; smb_with_temp_target_enabled=true; smb_with_high_temp_target_enabled=false,"smb_with_cob_enabled and smb_after_carbs_enabled are currently inert given zero COB throughout the period. The combination of smb_with_temp_target_enabled=true and smb_with_high_temp_target_enabled=false may partially suppress correction dosing during the 135 mg/dL temporary targets that overlap the worst afternoon hyperglycemia window, but correction boluses were still logged on some of those days, so suppression is not conclusively evidenced; behavioral verification is recommended before any change."
real_sonnet5_20,run_011,aaps.core.smb_delivery,aaps,True,smb_interval_minutes=3 min; max_smb_basal_minutes=15 min; max_uam_smb_basal_minutes=20 min,keep,smb_interval_minutes=3 min; max_smb_basal_minutes=15 min; max_uam_smb_basal_minutes=20 min,No pattern in therapy_response_windows or loop statuses implicates these interval or duration values as a driver of the observed highs or lows.
real_sonnet5_20,run_011,aaps.core.safety_limits,aaps,True,max_basal_u_per_hour=12 U/h; max_iob_units=25 U,keep,max_basal_u_per_hour=12 U/h; max_iob_units=25 U,"These ceilings are large relative to the 0.5-0.8 U/h basal segments and the estimated average total daily dose of approximately 19.7 U/day, offering limited protective margin against IOB stacking implicated in the delayed hypoglycemia pattern; however, no specific tighter value is supported by this dataset, and any change here must be sequenced after, not alongside, the DIA and ISF review."
real_sonnet5_20,run_011,aaps.core.sensitivity,aaps,True,autosens_enabled=false; dynamic_sensitivity_enabled=true; autosens_raises_target=false; autosens_lowers_target=false; dynamic_isf_adjustment_factor_percent=70 %,keep,autosens_enabled=false; dynamic_sensitivity_enabled=true; autosens_raises_target=false; autosens_lowers_target=false; dynamic_isf_adjustment_factor_percent=70 %,"This is an internally consistent configuration in which dynamic ISF is the sole real-time sensitivity mechanism; observed sensitivity_ratio values near 1 are neutral, not evidence of malfunction. Whether the 70% adjustment factor is appropriately calibrated cannot be separated from whether the static profile ISF of 56 mg/dL/U is itself correct, so no change is supported yet."
real_sonnet5_20,run_011,aaps.core.carb_absorption,aaps,True,min_5m_carbimpact=8 mg/dL/5 min; meal_max_absorption_hours=7 h,keep,min_5m_carbimpact=8 mg/dL/5 min; meal_max_absorption_hours=7 h,"With zero carbohydrate entries throughout the period, these settings are currently inert and cannot be evaluated against any real absorption event."
real_sonnet5_20,run_012,profile.basal.00_00,profile,True,0.6 U/h,keep,0.6 U/h,"Overnight time-below-range is elevated (10-18.5% across hours 0-3 local), but this is confounded by possible residual insulin-on-board from evening corrections under the 10-hour DIA and by unlogged carbohydrate intake; no isolated evidence implicates the basal rate itself. Dependency: resolve DIA/IOB and carb-logging uncertainty first."
real_sonnet5_20,run_012,profile.basal.05_00,profile,True,0.7 U/h,keep,0.7 U/h,"Time-in-range improves sharply after this step (up to 97.5% by hour 5 local) with falling time-below-range, indicating this segment is well matched to observed need. No change supported."
real_sonnet5_20,run_012,profile.basal.06_00,profile,True,0.8 U/h,keep,0.8 U/h,"Hours 6-7 local show the highest time-in-range in the dataset (97.5-98.7%), a positive pattern with no evidence of a defect at this rate."
real_sonnet5_20,run_012,profile.basal.10_00,profile,True,0.7 U/h,keep,0.7 U/h,"Coincides with rising time-above-range through the day, but this window is confounded by the carb-ratio segment, unlogged meals, and Temporary Target SMB suppression overlapping the same hours; basal cannot be isolated as the cause without resolving those first."
real_sonnet5_20,run_012,profile.basal.16_00,profile,True,0.5 U/h,keep,0.5 U/h,"This step-down coincides with the peak time-above-range hour (32.1% at hour 16 local), but two 180-minute 135 mg/dL Temporary Targets and possible unannounced meals overlap this same window, preventing attribution to the basal rate alone."
real_sonnet5_20,run_012,profile.basal.18_00,profile,True,0.6 U/h,keep,0.6 U/h,"Average glucose falls through this window, but a time-below-range spike at hour 19 local is more consistent with rebound from the preceding high-glucose window and correction activity than with basal excess."
real_sonnet5_20,run_012,profile.basal.19_00,profile,True,0.7 U/h,keep,0.7 U/h,This step-up precedes reasonable time-in-range recovery in hours 20-21 local (88-92%); no evidence of a defect.
real_sonnet5_20,run_012,profile.cr.00_00,profile,True,13 g/U,keep,13 g/U,"Zero carbohydrate entries exist anywhere in the 14-day period, so this segment cannot be validated against any actual meal. Dependency: carbohydrate logging is required before any carb-ratio evaluation."
real_sonnet5_20,run_012,profile.cr.04_00,profile,True,11.1 g/U,keep,11.1 g/U,No carbohydrate data overlaps this window; no basis to evaluate or change this segment.
real_sonnet5_20,run_012,profile.cr.08_00,profile,True,13.2 g/U,keep,13.2 g/U,"Overlaps the 07:00-13:00 local window where several correction-only responses show delayed, incomplete resolution, a pattern consistent with under-dosed unannounced meals but equally explained by Temporary Target SMB suppression; cannot separate without carbohydrate logging."
real_sonnet5_20,run_012,profile.cr.16_00,profile,True,10.5 g/U,keep,10.5 g/U,"Overlaps a 135 mg/dL, 180-minute Temporary Target period (08-18) and the declining-TAR afternoon window; the same automation-suppression and unlogged-meal confounds apply as for the 08:00 segment."
real_sonnet5_20,run_012,profile.cr.20_00,profile,True,12.6 g/U,keep,12.6 g/U,"No distinct recurring pattern was isolated for this narrower evening window beyond general variability, and no carbohydrate data exists to evaluate it."
real_sonnet5_20,run_012,profile.isf.00_00,profile,True,56 mg/dL/U,keep,56 mg/dL/U,"This flat value matches a declared FLAT ISF strategy noted in a mid-period profile switch event. Live variable_sens ranges widely (27.8-124 mg/dL/U) due to Dynamic ISF (70% adjustment factor) and an undocumented custom sensitivity layer, which does not by itself indicate the static base value is incorrect. Dependency: the custom layer's contribution needs clarification before isolating base ISF performance."
real_sonnet5_20,run_012,profile.target.00_00,profile,True,90 mg/dL,keep,90 mg/dL,"Coincides with elevated overnight time-below-range, but residual insulin-on-board under the 10-hour DIA and unlogged carbohydrate intake are equally plausible drivers; no isolated evidence implicates the target value itself."
real_sonnet5_20,run_012,profile.target.08_00,profile,True,100 mg/dL,keep,100 mg/dL,"Coincides with a morning rise in time-above-range, but this is also consistent with a normal post-meal excursion; no carbohydrate data exists to attribute this to the target value."
real_sonnet5_20,run_012,profile.target.23_00,profile,True,90 mg/dL,keep,90 mg/dL,"Extension of the tight overnight target into late evening shows a similar time-below-range pattern (hours 22-23 local) as the 00:00 segment, with the same unresolved IOB and unlogged-meal confounds."
real_sonnet5_20,run_012,profile.dia,profile,True,10 h,keep,10 h,"A long DIA is plausible for diluted U200 insulin and is directly referenced in a profile switch note. It is also a plausible contributor to the observed rebound-hypoglycemia pattern when multiple corrections stack within its window (08-13, 08-14, 08-19, 08-21). Because DIA affects every insulin-timing calculation simultaneously, it should not be changed alongside other settings; it requires an isolated, clinician-guided review of correction-to-nadir timing first."
real_sonnet5_20,run_012,aaps.core.smb_uam,aaps,True,smb_enabled=true; uam_enabled=true,keep,smb_enabled=true; uam_enabled=true,Consistent with observed microbolus activity throughout the loop status samples; no conflicting evidence found.
real_sonnet5_20,run_012,aaps.core.smb_activation,aaps,True,smb_always_enabled=true; smb_with_cob_enabled=false; smb_after_carbs_enabled=false; smb_with_temp_target_enabled=true; smb_with_high_temp_target_enabled=false,keep,smb_always_enabled=true; smb_with_cob_enabled=false; smb_after_carbs_enabled=false; smb_with_temp_target_enabled=true; smb_with_high_temp_target_enabled=false,"Internally coherent with a no-carb-announcement, UAM-only strategy. The smb_with_high_temp_target_enabled=false component overlaps directly with two 135 mg/dL, 180-minute Temporary Targets covering the dataset's worst hyperglycemia hours, but it is unknown whether those targets were set for a protective reason (where suppression may be intentional) or another reason; flipping this without that context could introduce new risk. Dependency: clarify Temporary Target rationale before any change."
real_sonnet5_20,run_012,aaps.core.smb_delivery,aaps,True,smb_interval_minutes=3 min; max_smb_basal_minutes=15 min; max_uam_smb_basal_minutes=20 min,keep,smb_interval_minutes=3 min; max_smb_basal_minutes=15 min; max_uam_smb_basal_minutes=20 min,"These caps translate into small per-SMB doses relative to the low, basal-dominated U200 dilute regimen, consistent with the mostly sub-0.5 U corrections observed; no inconsistency identified."
real_sonnet5_20,run_012,aaps.core.safety_limits,aaps,True,max_basal_u_per_hour=12 U/h; max_iob_units=25 U,keep,max_basal_u_per_hour=12 U/h; max_iob_units=25 U,"Neither limit was approached in observed data (highest enacted rate 4 U/h, highest IOB 5.935 U); the effective ceiling during severe hyperglycemia was governed by the basal safety multiplier relative to profile basal, not these configured values. No evidence supports adjusting either limit."
real_sonnet5_20,run_012,aaps.core.sensitivity,aaps,True,autosens_enabled=false; dynamic_sensitivity_enabled=true; autosens_raises_target=false; autosens_lowers_target=false; dynamic_isf_adjustment_factor_percent=70 %,keep,autosens_enabled=false; dynamic_sensitivity_enabled=true; autosens_raises_target=false; autosens_lowers_target=false; dynamic_isf_adjustment_factor_percent=70 %,"sensitivity_ratio values of 1 seen repeatedly correctly reflect a neutral automation contribution, not disabled Autosens; other observed ratios are consistent with Dynamic ISF operating as configured. An undocumented custom sensitivity layer present in loop reasoning limits confidence in attributing any specific dosing outcome to the 70% factor alone, so no change is supported at this time."
real_sonnet5_20,run_012,aaps.core.carb_absorption,aaps,True,min_5m_carbimpact=8 mg/dL/5 min; meal_max_absorption_hours=7 h,keep,min_5m_carbimpact=8 mg/dL/5 min; meal_max_absorption_hours=7 h,"This group is functionally unexercised throughout the period since COB is 0 in every sampled loop status and zero carbohydrates are logged; there is no evidence, positive or negative, on which to base a change. Dependency: carbohydrate logging is required to ever validate this group."
real_sonnet5_20,run_013,profile.basal.00_00,profile,True,0.6 U/h,keep,0.6 U/h,Elevated time-below-range at local hours 0-1 (11.4% and 18.5%) is more plausibly linked to residual IOB from evening (21:00-23:00) corrections than to this basal segment itself; no basal-only nights are available to isolate the effect. Dependency: evening correction timing and IOB tail; uncertainty: cannot fully exclude mild overnight excess without further isolation.
real_sonnet5_20,run_013,profile.basal.05_00,profile,True,0.7 U/h,keep,0.7 U/h,"Local hour 5 shows average glucose 104.2 mg/dL and 95.2% time-in-range with no meaningful time-above or time-below-range signal, supporting the current segment. No contradicting evidence found."
real_sonnet5_20,run_013,profile.basal.06_00,profile,True,0.8 U/h,keep,0.8 U/h,"Local hour 6 is the best-performing hour of the day (98.7% time-in-range, 99.5 mg/dL average), directly supporting this segment as currently effective. No contradicting evidence found."
real_sonnet5_20,run_013,profile.basal.10_00,profile,True,0.7 U/h,keep,0.7 U/h,"The glucose rise in this window begins earlier (local hours 8-9, still under the prior 0.8 U/h segment) than the 10:00 segment start, and no carbohydrate data exists to separate a meal effect from a basal effect at this specific segment. Insufficient isolated evidence to justify change; dependency on unresolved meal-timing uncertainty."
real_sonnet5_20,run_013,profile.basal.16_00,profile,True,0.5 U/h,change,"approximately 0.6 U/h (modest increase, verify stepwise)","This segment is the lowest scheduled basal of the day and coincides with the highest average glucose (162.8 mg/dL) and highest time-above-range (32.1%) of any hour in the dataset; cross-validated by an automation snapshot on 08-14 where requested basal exceeded the current_basal_safety_multiplier-derived ceiling during a severe hyperglycemia event. Uncertainty: unlogged meals and Dynamic ISF variability cannot be fully excluded as contributors; dependency: must be tested in isolation before any ISF, DIA, or other basal segment change to avoid confounding results."
real_sonnet5_20,run_013,profile.basal.18_00,profile,True,0.6 U/h,keep,0.6 U/h,"This segment overlaps a period of moderate time-above-range (11.9%) transitioning into the evening decline, which more plausibly reflects the tail of prior afternoon corrections than an independent basal issue. Recommend withholding change and monitoring after the 16:00 segment review to avoid stacking dependent changes."
real_sonnet5_20,run_013,profile.basal.19_00,profile,True,0.7 U/h,keep,0.7 U/h,"This segment coincides with the highest evening time-below-range (15.3%), but this is more consistent with delayed IOB tail from earlier afternoon corrections (H2) than with this specific basal segment. Recommend monitoring after the 16:00 change rather than adjusting simultaneously."
real_sonnet5_20,run_013,profile.cr.00_00,profile,True,13 g/U,keep,13 g/U,"Zero carbohydrate entries exist anywhere in the 14-day period, which fully blocks any evidence-based assessment of this carb ratio segment. No change can be supported."
real_sonnet5_20,run_013,profile.cr.04_00,profile,True,11.1 g/U,keep,11.1 g/U,"Zero carbohydrate entries exist anywhere in the period, blocking assessment of this segment. No change can be supported."
real_sonnet5_20,run_013,profile.cr.08_00,profile,True,13.2 g/U,keep,13.2 g/U,"Zero carbohydrate entries exist anywhere in the period, blocking assessment of this segment, despite this window overlapping the observed morning glucose rise. No change can be supported without meal data."
real_sonnet5_20,run_013,profile.cr.16_00,profile,True,10.5 g/U,keep,10.5 g/U,"Zero carbohydrate entries exist anywhere in the period, blocking assessment of this segment, despite this window overlapping the primary afternoon glucose peak. No change can be supported without meal data."
real_sonnet5_20,run_013,profile.cr.20_00,profile,True,12.6 g/U,keep,12.6 g/U,"Zero carbohydrate entries exist anywhere in the period, blocking assessment of this segment. No change can be supported."
real_sonnet5_20,run_013,profile.isf.00_00,profile,True,56 mg/dL/U,keep,56 mg/dL/U,Dynamic ISF is active and produces wide effective-sensitivity swings that may be compensating for the absence of time-segmented ISF rather than indicating the static value itself is wrong. Insufficient isolated data to separate static ISF adequacy from Dynamic ISF behavior; recommend withholding change until the basal review is evaluated separately.
real_sonnet5_20,run_013,profile.target.00_00,profile,True,90 mg/dL,keep,90 mg/dL,"Overnight glucose in this window is broadly acceptable, and any target-adequacy assessment is confounded by frequent Temporary Target overrides elsewhere in the day; no isolated evidence supports a change to this specific segment."
real_sonnet5_20,run_013,profile.target.08_00,profile,True,100 mg/dL,keep,100 mg/dL,"This target overlaps the daytime window where multiple 135 mg/dL Temporary Targets were intermittently active, confounding direct assessment of the default 100 mg/dL target's adequacy. No isolated evidence supports a change."
real_sonnet5_20,run_013,profile.target.23_00,profile,True,90 mg/dL,keep,90 mg/dL,No specific adverse pattern is isolated to this segment beyond the general evening decline already attributed primarily to correction IOB tail; no isolated evidence supports a change.
real_sonnet5_20,run_013,profile.dia,profile,True,10 h,keep,10 h,"Correction responses in therapy_response_windows show a mixed pattern of both fast (60-120 minute) and slow (240-360 minute) resolution, which is ambiguous as to whether 10 hours accurately reflects real insulin action or inflates tail IOB estimates. Recommend withholding change until the basal review and correction-timing monitoring are complete, since changing DIA simultaneously with basal would confound both."
real_sonnet5_20,run_013,aaps.core.smb_uam,aaps,True,smb_enabled=true; uam_enabled=true,keep,smb_enabled=true; uam_enabled=true,"With zero carbohydrate logging throughout the period, UAM is the only available mechanism for detecting and responding to glucose rises; both settings are functioning as the sole meal-adjacent dosing pathway and no evidence supports disabling either."
real_sonnet5_20,run_013,aaps.core.smb_activation,aaps,True,smb_always_enabled=true; smb_with_cob_enabled=false; smb_after_carbs_enabled=false; smb_with_temp_target_enabled=true; smb_with_high_temp_target_enabled=false,keep,smb_always_enabled=true; smb_with_cob_enabled=false; smb_after_carbs_enabled=false; smb_with_temp_target_enabled=true; smb_with_high_temp_target_enabled=false,"These settings are consistent with a no-carb-logging workflow. A possible interaction between smb_with_high_temp_target_enabled=false and the repeated 135 mg/dL Temporary Targets is noted as a clarification need, but outcomes were mixed across days with this target active (one poor day, one good day), so this does not yet support a change."
real_sonnet5_20,run_013,aaps.core.smb_delivery,aaps,True,smb_interval_minutes=3 min; max_smb_basal_minutes=15 min; max_uam_smb_basal_minutes=20 min,keep,smb_interval_minutes=3 min; max_smb_basal_minutes=15 min; max_uam_smb_basal_minutes=20 min,Observed SMB dose sizes and frequency in representative_treatments and therapy_response_windows show no evidence of runaway or insufficient delivery relative to these limits; no change is supported.
real_sonnet5_20,run_013,aaps.core.safety_limits,aaps,True,max_basal_u_per_hour=12 U/h; max_iob_units=25 U,keep,max_basal_u_per_hour=12 U/h; max_iob_units=25 U,"Both ceilings have substantial unused headroom relative to observed maximum enacted basal (about 4 U/h) and observed maximum IOB (about 5.9 U); neither is implicated as a direct cause of any observed episode, so no change is supported at this time."
real_sonnet5_20,run_013,aaps.core.sensitivity,aaps,True,autosens_enabled=false; dynamic_sensitivity_enabled=true; autosens_raises_target=false; autosens_lowers_target=false; dynamic_isf_adjustment_factor_percent=70 %,keep,autosens_enabled=false; dynamic_sensitivity_enabled=true; autosens_raises_target=false; autosens_lowers_target=false; dynamic_isf_adjustment_factor_percent=70 %,"This configuration is internally consistent, with Autosens correctly disabled in favor of Dynamic ISF. Wide effective-sensitivity swings observed in loop snapshots may reflect appropriate compensation for the profile's single flat ISF segment rather than miscalibration; recommend withholding change until the basal review is evaluated in isolation to avoid confounding dependent settings."
real_sonnet5_20,run_013,aaps.core.carb_absorption,aaps,True,min_5m_carbimpact=8 mg/dL/5 min; meal_max_absorption_hours=7 h,keep,min_5m_carbimpact=8 mg/dL/5 min; meal_max_absorption_hours=7 h,"Carbohydrates-on-board is zero in every sampled loop status because no carbohydrate entries exist in the period, so this model is functionally untested and no evidence-based change can be supported."
real_sonnet5_20,run_014,profile.basal.00_00,profile,True,0.6 U/h,keep,0.6 U/h,Overnight time-below-range is elevated (11.4% at hour 0 local) but confounded by overnight correction-bolus activity and a tight 90 mg/dL target; not separable from automation contribution. Dependency: automation_smb_uam findings on overnight correction stacking.
real_sonnet5_20,run_014,profile.basal.05_00,profile,True,0.7 U/h,keep,0.7 U/h,"This window (hour 4-5 local) shows strong performance (time-in-range 95.2-95.8%, low time-below-range); no evidence supports a change."
real_sonnet5_20,run_014,profile.basal.06_00,profile,True,0.8 U/h,keep,0.8 U/h,"Hours 6-8 local show excellent time-in-range (97.5-98.7%); the transition into higher time-above-range at hour 9 is more plausibly meal-related than basal-related, but this cannot be confirmed without carb data."
real_sonnet5_20,run_014,profile.basal.10_00,profile,True,0.7 U/h,keep,0.7 U/h,"Hours 10-12 local show elevated time-above-range (7.5-16.6%) overlapping correction-bolus clusters and plausible unlogged meals; competing explanations unresolved, so no isolated basal change is supported."
real_sonnet5_20,run_014,profile.basal.16_00,profile,True,0.5 U/h,keep,0.5 U/h,"Coincides with the single worst hyperglycemia hour in the dataset (32.1% time-above-range), but three competing explanations (basal shortfall, unlogged meals, temporary-target SMB suppression on 2026-08-18) remain unresolved; flagged as the top priority for reassessment once carbohydrate logging is available."
real_sonnet5_20,run_014,profile.basal.18_00,profile,True,0.6 U/h,keep,0.6 U/h,Hour 18 local shows moderate time-in-range (80.4%) without a clearly isolated pattern; insufficient evidence for change.
real_sonnet5_20,run_014,profile.basal.19_00,profile,True,0.7 U/h,keep,0.7 U/h,"Time-below-range spikes to 15.3% at the step-up to this segment, but this coincides with plausible dinner-time correction-bolus IOB tails; not separable from basal excess without further data."
real_sonnet5_20,run_014,profile.cr.00_00,profile,True,13 g/U,keep,13 g/U,"Zero carbohydrate entries exist anywhere in the 14-day package; carb ratio cannot be validated against any logged meal, so a change would be unsupported."
real_sonnet5_20,run_014,profile.cr.04_00,profile,True,11.1 g/U,keep,11.1 g/U,Same carbohydrate-logging absence as all other CR segments; no meal data exists to evaluate this ratio.
real_sonnet5_20,run_014,profile.cr.08_00,profile,True,13.2 g/U,keep,13.2 g/U,Same carbohydrate-logging absence; this segment cannot be evaluated without meal data.
real_sonnet5_20,run_014,profile.cr.16_00,profile,True,10.5 g/U,keep,10.5 g/U,"Same carbohydrate-logging absence; this segment overlaps the contested 16:00 hyperglycemia window and should be prioritized for review once carb data exists, but cannot be changed now."
real_sonnet5_20,run_014,profile.cr.20_00,profile,True,12.6 g/U,keep,12.6 g/U,Same carbohydrate-logging absence; no meal data exists to evaluate this ratio.
real_sonnet5_20,run_014,profile.isf.00_00,profile,True,56 mg/dL/U,keep,56 mg/dL/U,"Dynamic ISF (70% adjustment factor) substantially modifies this static value per cycle; sensitivity_ratio near 1 during quiet periods is compatible with a reasonably calibrated base, but a masked miscalibration compensated by Dynamic ISF and unlogged meals cannot be excluded. Dependency: automation_sensitivity_limits."
real_sonnet5_20,run_014,profile.target.00_00,profile,True,90 mg/dL,keep,90 mg/dL,"This tight overnight target plausibly interacts with the observed overnight time-below-range, but is confounded by correction-bolus timing and cannot be isolated as the cause."
real_sonnet5_20,run_014,profile.target.08_00,profile,True,100 mg/dL,keep,100 mg/dL,Daytime excursions of 150-290 mg/dL far exceed what a 10 mg/dL target adjustment would explain; the target itself is not implicated by the magnitude of the observed pattern.
real_sonnet5_20,run_014,profile.target.23_00,profile,True,90 mg/dL,keep,90 mg/dL,Same rationale as the 00:00 target segment; limited data specific to this transition hour and confounded by correction-bolus activity.
real_sonnet5_20,run_014,profile.dia,profile,True,10 h,keep,10 h,"Some correction-response windows show effects persisting to 240-360 minutes, consistent with a long DIA, but equally explainable by IOB stacking from repeated close-interval SMBs; changing DIA together with SMB interval would violate the rule against simultaneous dependent changes, so no change is proposed now."
real_sonnet5_20,run_014,aaps.core.smb_uam,aaps,True,smb_enabled=true; uam_enabled=true,keep,smb_enabled=true; uam_enabled=true,This is the sole active automated dosing mechanism given zero carbohydrate logging throughout the period; no material defect was found and disabling it would remove the primary automated response.
real_sonnet5_20,run_014,aaps.core.smb_activation,aaps,True,smb_always_enabled=true; smb_with_cob_enabled=false; smb_after_carbs_enabled=false; smb_with_temp_target_enabled=true; smb_with_high_temp_target_enabled=false,keep,smb_always_enabled=true; smb_with_cob_enabled=false; smb_after_carbs_enabled=false; smb_with_temp_target_enabled=true; smb_with_high_temp_target_enabled=false,"Internally consistent with the no-carb-logging usage pattern observed. The interaction between smb_with_temp_target_enabled and recurring 135 mg/dL temporary targets is a plausible partial contributor to one hyperglycemia episode but is not confirmed against AAPS's internal high-temp-target threshold, so no change is proposed without clarification first."
real_sonnet5_20,run_014,aaps.core.smb_delivery,aaps,True,smb_interval_minutes=3 min; max_smb_basal_minutes=15 min; max_uam_smb_basal_minutes=20 min,keep,smb_interval_minutes=3 min; max_smb_basal_minutes=15 min; max_uam_smb_basal_minutes=20 min,"Delivered SMB dose sizes observed (mostly 0.05-0.35 U) are consistent with the current basal schedule and these delivery limits; one isolated internal multiplier outlier did not translate into an extreme delivered dose, so no change is supported by a single occurrence."
real_sonnet5_20,run_014,aaps.core.safety_limits,aaps,True,max_basal_u_per_hour=12 U/h; max_iob_units=25 U,keep,max_basal_u_per_hour=12 U/h; max_iob_units=25 U,"Both limits are far from binding in the observed data: peak IOB reached approximately 5.94 U and delivered rates during severe hyperglycemia were capped near 4 U/h by an unrelated internal safety multiplier, not by these settings."
real_sonnet5_20,run_014,aaps.core.sensitivity,aaps,True,autosens_enabled=false; dynamic_sensitivity_enabled=true; autosens_raises_target=false; autosens_lowers_target=false; dynamic_isf_adjustment_factor_percent=70 %,keep,autosens_enabled=false; dynamic_sensitivity_enabled=true; autosens_raises_target=false; autosens_lowers_target=false; dynamic_isf_adjustment_factor_percent=70 %,"Configuration is internally coherent, with only one sensitivity-adjustment mechanism active at a time. Observed sensitivity behavior is consistent with correct dynamic response to real deviations, though a masked static ISF miscalibration cannot be fully excluded without carbohydrate data."
real_sonnet5_20,run_014,aaps.core.carb_absorption,aaps,True,min_5m_carbimpact=8 mg/dL/5 min; meal_max_absorption_hours=7 h,keep,min_5m_carbimpact=8 mg/dL/5 min; meal_max_absorption_hours=7 h,"This group was never exercised during the observed period since carbs-on-board remained at 0 throughout; no telemetry exists to evaluate it, so any change would be unsupported speculation."
real_sonnet5_20,run_015,profile.basal.00_00,profile,True,0.6 U/h,keep,0.6 U/h,"The 00:00-02:00 hypoglycemia risk resolves within a few hours on the same or adjacent segment, more consistent with an IOB/correction tail than an excessive 00:00 rate; no isolated evidence of a rate defect. Dependency: meal-logging gap and basal-safety-multiplier interaction unresolved."
real_sonnet5_20,run_015,profile.basal.05_00,profile,True,0.7 U/h,keep,0.7 U/h,"This segment shows stable, near-target glucose with low TBR/TAR, a relative strength; no evidence supports a change."
real_sonnet5_20,run_015,profile.basal.06_00,profile,True,0.8 U/h,keep,0.8 U/h,"Consistent with a well-controlled dawn window (avg glucose 99.5-110.5 mg/dL, low TBR/TAR); no evidence supports a change."
real_sonnet5_20,run_015,profile.basal.10_00,profile,True,0.7 U/h,keep,0.7 U/h,"This segment overlaps the start of the daytime glucose rise, but zero carbohydrate logging and reactive-only UAM dosing are equally plausible explanations; causation cannot be isolated to this rate."
real_sonnet5_20,run_015,profile.basal.16_00,profile,True,0.5 U/h,keep,0.5 U/h,"The scheduled rate reduction coincides with the daytime glucose peak, but this is confounded by absent carb data and by the basal-safety-multiplier ceiling being reached during severe excursions; changing this value now would conflate multiple unresolved explanations."
real_sonnet5_20,run_015,profile.basal.18_00,profile,True,0.6 U/h,keep,0.6 U/h,Glucose is falling toward target in this window; no evidence of a rate defect.
real_sonnet5_20,run_015,profile.basal.19_00,profile,True,0.7 U/h,keep,0.7 U/h,"A TBR spike occurs at hour 19 local but resolves to stable, non-hypo readings later in the same or adjacent segment, more consistent with a correction/IOB rebound than a chronic excess at this rate."
real_sonnet5_20,run_015,profile.cr.00_00,profile,True,13 g/U,keep,13 g/U,No carbohydrate entries exist in the dataset to validate or contradict this ratio; it is currently unexercised by any logged meal.
real_sonnet5_20,run_015,profile.cr.04_00,profile,True,11.1 g/U,keep,11.1 g/U,Same as other CR segments: no meal-linked evidence exists to test this value against.
real_sonnet5_20,run_015,profile.cr.08_00,profile,True,13.2 g/U,keep,13.2 g/U,"This segment overlaps the start of the daytime rise, but with zero carb entries the rise cannot be attributed to this ratio specifically."
real_sonnet5_20,run_015,profile.cr.16_00,profile,True,10.5 g/U,keep,10.5 g/U,No meal-linked data exists in this segment to support a change; the daytime peak occurring near this segment is more directly linked to the carb-logging gap.
real_sonnet5_20,run_015,profile.cr.20_00,profile,True,12.6 g/U,keep,12.6 g/U,No carbohydrate entries exist in this segment to validate or contradict the ratio.
real_sonnet5_20,run_015,profile.isf.00_00,profile,True,56 mg/dL/U,keep,56 mg/dL/U,"The flat ISF value is intentional by profile design; observed variable_sens from dynamic ISF ranges widely (about 27.8 to 178.7 mg/dL/U), which may better explain apparent over/under-correction than the static value itself; changing the static ISF before understanding the dynamic ISF behavior would conflate two dependent mechanisms."
real_sonnet5_20,run_015,profile.target.00_00,profile,True,90 mg/dL,keep,90 mg/dL,No isolated evidence indicates this target is contributing to the overnight hypoglycemia window beyond the already-identified IOB/correction-tail explanation.
real_sonnet5_20,run_015,profile.target.08_00,profile,True,100 mg/dL,keep,100 mg/dL,"Six recurring manual 135 mg/dL temporary targets were used during the day, suggesting a possible recurring context, but insufficient data exists to attribute this to the base daytime target value specifically."
real_sonnet5_20,run_015,profile.target.23_00,profile,True,90 mg/dL,keep,90 mg/dL,No isolated evidence supports a change; overlaps with the already-discussed evening TBR window explained by correction/IOB effects.
real_sonnet5_20,run_015,profile.dia,profile,True,10 h,keep,10 h,"Long-tail correction responses are plausibly consistent with a 10-hour DIA, but several examples involve multiple stacked corrections rather than a single isolated dose, so this value cannot be cleanly validated or invalidated from current data."
real_sonnet5_20,run_015,aaps.core.smb_uam,aaps,True,smb_enabled=true; uam_enabled=true,keep,smb_enabled=true; uam_enabled=true,SMB/UAM is functioning as the entire meal-response mechanism given zero carb logging; no isolated evidence of a defect in this setting versus the carb-logging gap that fully explains the reactive pattern observed.
real_sonnet5_20,run_015,aaps.core.smb_activation,aaps,True,smb_always_enabled=true; smb_with_cob_enabled=false; smb_after_carbs_enabled=false; smb_with_temp_target_enabled=true; smb_with_high_temp_target_enabled=false,keep,smb_always_enabled=true; smb_with_cob_enabled=false; smb_after_carbs_enabled=false; smb_with_temp_target_enabled=true; smb_with_high_temp_target_enabled=false,"COB-related flags are inert given no carbohydrate entries exist, consistent with current data rather than contradictory to it. The interaction with temporary targets could not be confirmed from the sampled loop statuses, so no change is supported."
real_sonnet5_20,run_015,aaps.core.smb_delivery,aaps,True,smb_interval_minutes=3 min; max_smb_basal_minutes=15 min; max_uam_smb_basal_minutes=20 min,keep,smb_interval_minutes=3 min; max_smb_basal_minutes=15 min; max_uam_smb_basal_minutes=20 min,"These conservative values are consistent with the mostly small correction sizes observed (0.05-0.35 U typical), with larger SMBs appearing appropriately during severe excursions; no evidence of under- or over-delivery tied specifically to these settings."
real_sonnet5_20,run_015,aaps.core.safety_limits,aaps,True,max_basal_u_per_hour=12 U/h; max_iob_units=25 U,keep,max_basal_u_per_hour=12 U/h; max_iob_units=25 U,"Max IOB is never approached (peak observed 5.935 U). The effective basal ceiling in practice is governed by current_basal_safety_multiplier, not this max_basal_u_per_hour value, so this setting itself is not shown to be the binding constraint; changing it without also understanding the safety-multiplier interaction is not supported and must not be done simultaneously with a basal segment change."
real_sonnet5_20,run_015,aaps.core.sensitivity,aaps,True,autosens_enabled=false; dynamic_sensitivity_enabled=true; autosens_raises_target=false; autosens_lowers_target=false; dynamic_isf_adjustment_factor_percent=70 %,keep,autosens_enabled=false; dynamic_sensitivity_enabled=true; autosens_raises_target=false; autosens_lowers_target=false; dynamic_isf_adjustment_factor_percent=70 %,"This is a structurally consistent, non-conflicting configuration. The wide observed variable_sens range (about 27.8 to 178.7 mg/dL/U) is a plausible contributor to glucose swings but is not yet confirmed as excessive or defective without a controlled comparison; sensitivity_ratio values near 1 reflect normal neutral adjustment, not a disabled Autosens."
real_sonnet5_20,run_015,aaps.core.carb_absorption,aaps,True,min_5m_carbimpact=8 mg/dL/5 min; meal_max_absorption_hours=7 h,keep,min_5m_carbimpact=8 mg/dL/5 min; meal_max_absorption_hours=7 h,This model is entirely unexercised in the current dataset because no carbohydrate entries exist; it cannot be validated or invalidated until meal data is available.
real_sonnet5_20,run_016,profile.basal.00_00,profile,True,0.6 U/h,keep,0.6 U/h,Overnight lows occur in this window but plausible correction-stacking and Dynamic ISF interaction remain unresolved competing explanations; changing basal now would confound future attribution. Dependency: target.00_00 and DIA.
real_sonnet5_20,run_016,profile.basal.05_00,profile,True,0.7 U/h,keep,0.7 U/h,Hour 5 local shows good time-in-range (95.2%) with no flagged safety pattern; no evidence supports a change.
real_sonnet5_20,run_016,profile.basal.06_00,profile,True,0.8 U/h,keep,0.8 U/h,Hour 6 local shows the best time-in-range of the day (97.5-98.7%); no evidence supports a change.
real_sonnet5_20,run_016,profile.basal.10_00,profile,True,0.7 U/h,keep,0.7 U/h,"Hour 10 local shows elevated average glucose and time-above-range, but zero carbohydrate logging means unlogged meals remain an equally plausible cause; withholding change pending meal data per synthesis_plan."
real_sonnet5_20,run_016,profile.basal.16_00,profile,True,0.5 U/h,keep,0.5 U/h,"Hour 16 local shows the worst time-above-range of the day (32.1%) coinciding with this basal step-down, but this is confounded by unlogged meals and by SMB suppression during high temp targets in the same window; three competing explanations remain unresolved."
real_sonnet5_20,run_016,profile.basal.18_00,profile,True,0.6 U/h,keep,0.6 U/h,Hour 18 local shows moderate metrics with no strong or isolated safety signal; no evidence supports a change.
real_sonnet5_20,run_016,profile.basal.19_00,profile,True,0.7 U/h,keep,0.7 U/h,Hour 19 local shows acceptable time-in-range (88.6%); no evidence supports a change.
real_sonnet5_20,run_016,profile.cr.00_00,profile,True,13 g/U,keep,13 g/U,"Zero carbohydrate entries exist for the entire period, which blocks any carb-ratio evaluation entirely; this is a data gap, not evidence against the current value."
real_sonnet5_20,run_016,profile.cr.04_00,profile,True,11.1 g/U,keep,11.1 g/U,Same carbohydrate-logging blocker as all CR segments; no meal-linked data exists to test this value.
real_sonnet5_20,run_016,profile.cr.08_00,profile,True,13.2 g/U,keep,13.2 g/U,Same carbohydrate-logging blocker as all CR segments; no meal-linked data exists to test this value.
real_sonnet5_20,run_016,profile.cr.16_00,profile,True,10.5 g/U,keep,10.5 g/U,Same carbohydrate-logging blocker as all CR segments; this segment overlaps the flagged high-TAR afternoon window but cannot be evaluated without carb data.
real_sonnet5_20,run_016,profile.cr.20_00,profile,True,12.6 g/U,keep,12.6 g/U,Same carbohydrate-logging blocker as all CR segments; no meal-linked data exists to test this value.
real_sonnet5_20,run_016,profile.isf.00_00,profile,True,56 mg/dL/U,keep,56 mg/dL/U,"Dynamic ISF modulation (observed variable_sens 27.8-124 mg/dL/U) obscures evaluation of the static baseline; the wide swing reflects intended real-time adjustment, not necessarily a wrong baseline. Dependency: automation_sensitivity_limits and DIA."
real_sonnet5_20,run_016,profile.target.00_00,profile,True,90 mg/dL,keep,90 mg/dL,"Tied to the overnight hypoglycemia pattern, but correction-timing and Dynamic ISF/DIA interaction remain unresolved competing explanations; see profile_recommendation for the verification plan."
real_sonnet5_20,run_016,profile.target.08_00,profile,True,100 mg/dL,keep,100 mg/dL,"Daytime hyperglycemia in this window is more plausibly linked to unlogged meals, basal step-down, or SMB-suppression during high temp targets than to the target value itself; no isolated evidence implicates this setting."
real_sonnet5_20,run_016,profile.target.23_00,profile,True,90 mg/dL,keep,90 mg/dL,Part of the same overnight tight-target window as target.00_00; same rationale and dependency on resolving correction-timing versus target contribution to nocturnal lows applies.
real_sonnet5_20,run_016,profile.dia,profile,True,10 h,keep,10 h,"A long DIA combined with Dynamic ISF-driven aggressive dosing during fast rises is a plausible contributor to delayed overcorrection (2026-08-13, 2026-08-14), but changing DIA alone would affect IOB calculations system-wide and interacts directly with ISF and basal; sequential verification is required before any change to this setting."
real_sonnet5_20,run_016,aaps.core.smb_uam,aaps,True,smb_enabled=true; uam_enabled=true,keep,smb_enabled=true; uam_enabled=true,"SMB and UAM are functioning as the intended fallback dosing mechanism given zero carbohydrate logging; loop reasons consistently show COB: 0 with active UAM behavior, and no internal defect was found."
real_sonnet5_20,run_016,aaps.core.smb_activation,aaps,True,smb_always_enabled=true; smb_with_cob_enabled=false; smb_after_carbs_enabled=false; smb_with_temp_target_enabled=true; smb_with_high_temp_target_enabled=false,keep,smb_always_enabled=true; smb_with_cob_enabled=false; smb_after_carbs_enabled=false; smb_with_temp_target_enabled=true; smb_with_high_temp_target_enabled=false,"smb_with_high_temp_target_enabled=false coincides with the flagged afternoon high-TAR window, but this is one of three unresolved competing explanations (alongside unlogged meals and the 16:00 basal step-down); changing this setting now would confound attribution. Dependency: meal_bolus_strategy and basal.16_00."
real_sonnet5_20,run_016,aaps.core.smb_delivery,aaps,True,smb_interval_minutes=3 min; max_smb_basal_minutes=15 min; max_uam_smb_basal_minutes=20 min,keep,smb_interval_minutes=3 min; max_smb_basal_minutes=15 min; max_uam_smb_basal_minutes=20 min,Observed microbolus and UAM boost sizes are consistent with these limits; no defect or breach was identified in the sampled loop statuses.
real_sonnet5_20,run_016,aaps.core.safety_limits,aaps,True,max_basal_u_per_hour=12 U/h; max_iob_units=25 U,keep,max_basal_u_per_hour=12 U/h; max_iob_units=25 U,Observed peak enacted rate (4 U/h) and peak IOB (5.94 U) are well below these ceilings; the limits are not constraining or implicated in any observed excursion.
real_sonnet5_20,run_016,aaps.core.sensitivity,aaps,True,autosens_enabled=false; dynamic_sensitivity_enabled=true; autosens_raises_target=false; autosens_lowers_target=false; dynamic_isf_adjustment_factor_percent=70 %,keep,autosens_enabled=false; dynamic_sensitivity_enabled=true; autosens_raises_target=false; autosens_lowers_target=false; dynamic_isf_adjustment_factor_percent=70 %,"Dynamic ISF shows appropriate bidirectional behavior, including correctly withholding dosing ahead of a predicted low; its interaction with the 10-hour DIA is a plausible contributor to delayed overcorrection but is not an isolated defect in this setting alone. Dependency: profile.dia."
real_sonnet5_20,run_016,aaps.core.carb_absorption,aaps,True,min_5m_carbimpact=8 mg/dL/5 min; meal_max_absorption_hours=7 h,keep,min_5m_carbimpact=8 mg/dL/5 min; meal_max_absorption_hours=7 h,Zero carbohydrate and zero extended-carb entries mean this model is entirely unexercised in the available data; no evidence supports or contradicts these values.
real_sonnet5_20,run_017,profile.basal.00_00,profile,True,0.6 U/h,keep,0.6 U/h,"Overnight (00:00-04:00) time-below-range is mildly elevated, but a sampled evening correction bolus tailing into this window (125 to 57 mg/dL) points to insulin-on-board carryover rather than basal excess. Uncertainty: basal contribution cannot be fully excluded. Dependency: resolving this requires separating correction-tail effects from basal, which is not yet possible without more IOB-trajectory data."
real_sonnet5_20,run_017,profile.basal.05_00,profile,True,0.7 U/h,keep,0.7 U/h,No isolated evidence of a defect at this segment; glucose rises sharply after 05:00-06:00 in a pattern more consistent with a breakfast meal effect than basal insufficiency. Dependency: confirmation requires carbohydrate logging around breakfast.
real_sonnet5_20,run_017,profile.basal.06_00,profile,True,0.8 U/h,keep,0.8 U/h,Same rationale as the 05:00 segment; the hour 9-10 glucose rise appears meal-related rather than a gradual basal-driven drift. Uncertainty remains due to zero carbohydrate data.
real_sonnet5_20,run_017,profile.basal.10_00,profile,True,0.7 U/h,keep,0.7 U/h,"The 10:00-17:00 hyperglycemia plateau begins near this segment, but its sustained, plateau-like shape is more consistent with unlogged meals and reactive automation dosing than pure basal deficiency. Dependency: carbohydrate logging needed to isolate this segment's contribution."
real_sonnet5_20,run_017,profile.basal.16_00,profile,True,0.5 U/h,keep,0.5 U/h,"This segment shows the clearest timing overlap with ongoing hyperglycemia (step-down while time-above-range is still 22.6-32.1 percent), but the pattern is confounded by likely unlogged meals and UAM-driven reactive dosing, so a change is not yet supported. This is the primary candidate for future review per profile_recommendation.next_check."
real_sonnet5_20,run_017,profile.basal.18_00,profile,True,0.6 U/h,keep,0.6 U/h,No isolated evidence of a defect; the time-below-range rise at hour 18 is more consistent with delayed action from earlier corrections than an evening basal excess.
real_sonnet5_20,run_017,profile.basal.19_00,profile,True,0.7 U/h,keep,0.7 U/h,"No isolated evidence of a defect; glucose trends improve through this window as earlier corrections resolve, consistent with automation and IOB decay rather than a basal issue."
real_sonnet5_20,run_017,profile.cr.00_00,profile,True,13 g/U,keep,13 g/U,Carb ratios cannot be validated at all because carb_entries is 0 for the entire 14-day period; changing this without any meal-bolus evidence would be unsupported.
real_sonnet5_20,run_017,profile.cr.04_00,profile,True,11.1 g/U,keep,11.1 g/U,Same rationale: zero carbohydrate entries block any carb-ratio validation for this segment.
real_sonnet5_20,run_017,profile.cr.08_00,profile,True,13.2 g/U,keep,13.2 g/U,"Same rationale: zero carbohydrate entries block any carb-ratio validation for this segment, despite the segment overlapping a plausible breakfast rise."
real_sonnet5_20,run_017,profile.cr.16_00,profile,True,10.5 g/U,keep,10.5 g/U,"Same rationale: zero carbohydrate entries block any carb-ratio validation, despite this segment overlapping the most severe afternoon hyperglycemia plateau."
real_sonnet5_20,run_017,profile.cr.20_00,profile,True,12.6 g/U,keep,12.6 g/U,Same rationale: zero carbohydrate entries block any carb-ratio validation for this segment.
real_sonnet5_20,run_017,profile.isf.00_00,profile,True,56 mg/dL/U,keep,56 mg/dL/U,"Dynamic ISF actively and widely compensates around this flat baseline (observed effective sensitivity about 27.8 to 178.7 mg/dL/U), which is expected intentional behavior given dynamic_sensitivity_enabled and the 70 percent adjustment factor. Whether the static baseline itself needs revision cannot be resolved while meal timing and size remain unknown."
real_sonnet5_20,run_017,profile.target.00_00,profile,True,90 mg/dL,keep,90 mg/dL,Overnight time-below-range appears more attributable to insulin-on-board carryover than to this target level; no evidence isolates the target itself as the driver of the observed lows.
real_sonnet5_20,run_017,profile.target.08_00,profile,True,100 mg/dL,keep,100 mg/dL,"Daytime excursions substantially exceed even this looser target, suggesting insulin-dosing dynamics rather than the target level are the primary driver; no isolated evidence supports changing the target."
real_sonnet5_20,run_017,profile.target.23_00,profile,True,90 mg/dL,keep,90 mg/dL,Consistent with the 00:00 target segment; no isolated evidence supports a change at this boundary.
real_sonnet5_20,run_017,profile.dia,profile,True,10 h,keep,10 h,"A 10-hour DIA combined with frequent SMB dosing is a plausible joint contributor to the rise-correct-relapse and delayed-hypoglycemia patterns, but max IOB was never approached (peak sampled 5.94 U of 25 U), so this is not confirmed as a standalone defect. DIA affects every dependent insulin-delivery calculation, so changing it before separating meal effects and reviewing correction-dosing practice with the care team would violate the sequential-verification principle."
real_sonnet5_20,run_017,aaps.core.smb_uam,aaps,True,smb_enabled=true; uam_enabled=true,keep,smb_enabled=true; uam_enabled=true,"UAM activity appears in nearly every non-zero-dose loop reason sampled and functions as the practical meal-detection mechanism given zero carbohydrate logging, without duplicating carbohydrate-on-board tracking. No evidence supports disabling either function."
real_sonnet5_20,run_017,aaps.core.smb_activation,aaps,True,smb_always_enabled=true; smb_with_cob_enabled=false; smb_after_carbs_enabled=false; smb_with_temp_target_enabled=true; smb_with_high_temp_target_enabled=false,keep,smb_always_enabled=true; smb_with_cob_enabled=false; smb_after_carbs_enabled=false; smb_with_temp_target_enabled=true; smb_with_high_temp_target_enabled=false,"smb_with_cob_enabled and smb_after_carbs_enabled are untested since no carbohydrates were logged. smb_with_high_temp_target_enabled=false shows a plausible but inconsistent link to the 2026-08-18 plateau (not replicated on 2026-08-17 with the same temporary-target pattern), and no loop sample confirms suppression inside that window, so this is insufficient evidence to change any activation condition now."
real_sonnet5_20,run_017,aaps.core.smb_delivery,aaps,True,smb_interval_minutes=3 min; max_smb_basal_minutes=15 min; max_uam_smb_basal_minutes=20 min,keep,smb_interval_minutes=3 min; max_smb_basal_minutes=15 min; max_uam_smb_basal_minutes=20 min,"Larger correction doses observed are consistent with documented UAM boost multipliers scaling beyond these base caps during high-deviation events, which is expected oref1 behavior rather than a misconfiguration; manual versus automated doses cannot be distinguished in this dataset, so no change is supported."
real_sonnet5_20,run_017,aaps.core.safety_limits,aaps,True,max_basal_u_per_hour=12 U/h; max_iob_units=25 U,keep,max_basal_u_per_hour=12 U/h; max_iob_units=25 U,"Neither ceiling was approached during the period (peak sampled IOB 5.94 U; the effective real-time basal ceiling during the worst excursion was governed by the safety multiplier applied to the scheduled basal rate, not this profile limit), so these limits are not implicated in the observed patterns."
real_sonnet5_20,run_017,aaps.core.sensitivity,aaps,True,autosens_enabled=false; dynamic_sensitivity_enabled=true; autosens_raises_target=false; autosens_lowers_target=false; dynamic_isf_adjustment_factor_percent=70 %,keep,autosens_enabled=false; dynamic_sensitivity_enabled=true; autosens_raises_target=false; autosens_lowers_target=false; dynamic_isf_adjustment_factor_percent=70 %,"Autosens disabled alongside Dynamic ISF enabled is a coherent intentional pairing, not a conflict. Sampled sensitivity_ratio values of 0.79 to 1.0 are neutral-to-mild adjustments, and wide variable_sens swings reflect Dynamic ISF working as designed around the flat baseline; no defect is evident in this pairing."
real_sonnet5_20,run_017,aaps.core.carb_absorption,aaps,True,min_5m_carbimpact=8 mg/dL/5 min; meal_max_absorption_hours=7 h,keep,min_5m_carbimpact=8 mg/dL/5 min; meal_max_absorption_hours=7 h,"Carbohydrate-on-board is 0 in every sampled loop status and in the full treatment aggregate, so this model has never been exercised and cannot be evaluated for fit; changing it without any observed carbohydrate absorption event would be unsupported."
real_sonnet5_20,run_018,profile.basal.00_00,profile,True,0.6 U/h,keep,0.6 U/h,"Associated with elevated early-night time-below-range (11.4-18.5%), but this correlates equally with a possible aggressive overnight target/UAM interaction or an unlogged evening bolus tail; no carbohydrate or bolus-timing data separates these causes, so change is not supported yet."
real_sonnet5_20,run_018,profile.basal.05_00,profile,True,0.7 U/h,keep,0.7 U/h,The 05:00-06:00 local window shows strong time-in-range (95.2-97.5%) with no evidence of a deficit or excess.
real_sonnet5_20,run_018,profile.basal.06_00,profile,True,0.8 U/h,keep,0.8 U/h,The 06:00-07:00 local window shows strong time-in-range (97.5-98.7%) with no evidence of a deficit or excess.
real_sonnet5_20,run_018,profile.basal.10_00,profile,True,0.7 U/h,keep,0.7 U/h,"Glucose rises through the 08:00-10:00 local window occur while basal is already stepping up, which is more consistent with a meal-related rise than a basal deficit in this specific segment; no carbohydrate data exists to confirm this."
real_sonnet5_20,run_018,profile.basal.16_00,profile,True,0.5 U/h,keep,0.5 U/h,"Coincides with the day's worst average glucose and highest time-above-range (32.1% at 16:00 local), but automation independently reached its maximum-basal safety ceiling during comparable severe excursions, favoring an unannounced-meal or UAM-lag explanation over a basal deficit; this is also mathematically linked to the max_daily_safety_multiplier ceiling and should not be changed simultaneously with that setting."
real_sonnet5_20,run_018,profile.basal.18_00,profile,True,0.6 U/h,keep,0.6 U/h,The 18:00-19:00 local window shows glucose declining from the afternoon peak with generally effective corrections; no evidence of a basal-specific problem.
real_sonnet5_20,run_018,profile.basal.19_00,profile,True,0.7 U/h,keep,0.7 U/h,"The 19:00-21:00 local window is one of the better-controlled periods in the dataset, with small and effective correction boluses; no evidence supports a change."
real_sonnet5_20,run_018,profile.cr.00_00,profile,True,13 g/U,keep,13 g/U,"Zero carbohydrate entries exist in the entire dataset, so no meal-response evidence is available to validate or challenge this ratio."
real_sonnet5_20,run_018,profile.cr.04_00,profile,True,11.1 g/U,keep,11.1 g/U,"Zero carbohydrate entries exist in the entire dataset, so no meal-response evidence is available to validate or challenge this ratio."
real_sonnet5_20,run_018,profile.cr.08_00,profile,True,13.2 g/U,keep,13.2 g/U,"Zero carbohydrate entries exist in the entire dataset, so no meal-response evidence is available to validate or challenge this ratio, despite this segment overlapping the recurring morning rise pattern."
real_sonnet5_20,run_018,profile.cr.16_00,profile,True,10.5 g/U,keep,10.5 g/U,"Zero carbohydrate entries exist in the entire dataset, so no meal-response evidence is available to validate or challenge this ratio, despite this segment overlapping the recurring afternoon peak pattern."
real_sonnet5_20,run_018,profile.cr.20_00,profile,True,12.6 g/U,keep,12.6 g/U,"Zero carbohydrate entries exist in the entire dataset, so no meal-response evidence is available to validate or challenge this ratio."
real_sonnet5_20,run_018,profile.isf.00_00,profile,True,56 mg/dL/U,keep,56 mg/dL/U,"This flat baseline is overlaid by Dynamic ISF automation producing effective sensitivity from 27.8 to 178.7 mg/dL/U, which is expected behavior for that feature; no quiet, low-deviation baseline period exists to isolate whether the flat value itself needs adjustment."
real_sonnet5_20,run_018,profile.target.00_00,profile,True,90 mg/dL,keep,90 mg/dL,"Potentially related to the early-night low pattern in combination with UAM activity, but this competes unresolved with an unlogged-bolus-tail explanation; no isolating evidence exists yet."
real_sonnet5_20,run_018,profile.target.08_00,profile,True,100 mg/dL,keep,100 mg/dL,No specific evidence in the data points to this daytime target as a driver of the observed rise or fall patterns.
real_sonnet5_20,run_018,profile.target.23_00,profile,True,90 mg/dL,keep,90 mg/dL,Shares the same unresolved competing explanations as the 00:00 target regarding the early-night low pattern; no isolating evidence exists yet.
real_sonnet5_20,run_018,profile.dia,profile,True,10 h,keep,10 h,Plausible given the declared u200 dilute-insulin context; no telemetry pattern (such as unexplained late-tail lows inconsistent with IOB decay) contradicts this value.
real_sonnet5_20,run_018,aaps.core.smb_uam,aaps,True,smb_enabled=true; uam_enabled=true,keep,smb_enabled=true; uam_enabled=true,Functioning as the sole automated meal-coverage mechanism given the complete absence of carbohydrate logging; no evidence in the data argues against either being enabled.
real_sonnet5_20,run_018,aaps.core.smb_activation,aaps,True,smb_always_enabled=true; smb_with_cob_enabled=false; smb_after_carbs_enabled=false; smb_with_temp_target_enabled=true; smb_with_high_temp_target_enabled=false,keep,smb_always_enabled=true; smb_with_cob_enabled=false; smb_after_carbs_enabled=false; smb_with_temp_target_enabled=true; smb_with_high_temp_target_enabled=false,"smb_with_cob_enabled and smb_after_carbs_enabled are structurally inactive rather than defective given zero carb logging. smb_with_high_temp_target_enabled=false may interact with recurring 135 mg/dL Temporary Targets to suppress SMB, temporally overlapping Aug-17/Aug-18 hyperglycemia, but the purpose of those temporary targets is unknown, so a change is not yet supported; recommended for clarification rather than change."
real_sonnet5_20,run_018,aaps.core.smb_delivery,aaps,True,smb_interval_minutes=3 min; max_smb_basal_minutes=15 min; max_uam_smb_basal_minutes=20 min,keep,smb_interval_minutes=3 min; max_smb_basal_minutes=15 min; max_uam_smb_basal_minutes=20 min,"No telemetry pattern contradicts these settings; CGM cadence (5 minutes) is coarser than the 3-minute SMB interval, so this setting cannot be independently verified as binding from the available data, but nothing suggests it is causing harm."
real_sonnet5_20,run_018,aaps.core.safety_limits,aaps,True,max_basal_u_per_hour=12 U/h; max_iob_units=25 U,keep,max_basal_u_per_hour=12 U/h; max_iob_units=25 U,"The effective operating ceiling during severe excursions was driven by max_daily_safety_multiplier against basal segment size, not by these explicit limits; max_iob_units was never approached (highest observed 5.935 U of 25 U). These settings should not be changed at the same time as any basal segment change, since the effective ceiling is mathematically dependent on basal size."
real_sonnet5_20,run_018,aaps.core.sensitivity,aaps,True,autosens_enabled=false; dynamic_sensitivity_enabled=true; autosens_raises_target=false; autosens_lowers_target=false; dynamic_isf_adjustment_factor_percent=70 %,keep,autosens_enabled=false; dynamic_sensitivity_enabled=true; autosens_raises_target=false; autosens_lowers_target=false; dynamic_isf_adjustment_factor_percent=70 %,"Autosens disabled alongside Dynamic ISF enabled is an internally consistent, non-conflicting configuration; observed sensitivity_ratio values near 1.0 reflect a neutral adjustment layer distinct from the wider variable_sens swings produced by Dynamic ISF, and no evidence indicates a conflict or malfunction."
real_sonnet5_20,run_018,aaps.core.carb_absorption,aaps,True,min_5m_carbimpact=8 mg/dL/5 min; meal_max_absorption_hours=7 h,keep,min_5m_carbimpact=8 mg/dL/5 min; meal_max_absorption_hours=7 h,These settings are moot without any carbohydrate entries to trigger COB-based logic; no contradicting evidence exists in the current dataset.
real_sonnet5_20,run_019,profile.basal.00_00,profile,True,0.6 U/h,keep,0.6 U/h,"Time-below-range is highest at hours 00:00-02:00 local, but the same or a closely related basal rate produces excellent control by hours 03:00-07:00 local, implicating residual evening insulin-on-board tail rather than this basal rate. Evidence is insufficient to isolate the rate as the cause; dependent on resolving correction-bolus timing effects first."
real_sonnet5_20,run_019,profile.basal.05_00,profile,True,0.7 U/h,keep,0.7 U/h,"Hour 05:00 local shows strong control (time-in-range 97.5%, time-above-range 0%), providing no evidence to support a change."
real_sonnet5_20,run_019,profile.basal.06_00,profile,True,0.8 U/h,keep,0.8 U/h,"Hours 06:00-08:00 local show strong control, with time-above-range rising only toward hour 09:00, which coincides with the start of the recurring morning rise window. This may reflect a breakfast effect rather than basal insufficiency, which cannot be confirmed without carbohydrate data."
real_sonnet5_20,run_019,profile.basal.10_00,profile,True,0.7 U/h,keep,0.7 U/h,"This segment spans part of the recurring 12:00-16:00 hyperglycemia window, but zero carbohydrate entries exist to separate a meal effect from basal insufficiency. Changing this value now would convert an unresolved correlation into a parameter change against the workflow rule against doing so."
real_sonnet5_20,run_019,profile.basal.16_00,profile,True,0.5 U/h,keep,0.5 U/h,"This segment begins exactly at the daily glucose peak (average 162.8 mg/dL, time-above-range 32.1% at hour 16 local), which could indicate the reduction is mistimed or could reflect a natural post-meal decline already underway; the two explanations cannot be separated without carbohydrate timing data."
real_sonnet5_20,run_019,profile.basal.18_00,profile,True,0.6 U/h,keep,0.6 U/h,This transitional evening segment shows moderate control with no strong signal of insufficiency or excess in the hourly data.
real_sonnet5_20,run_019,profile.basal.19_00,profile,True,0.7 U/h,keep,0.7 U/h,"Hours 19:00-23:00 local show generally good control (time-in-range 86-92%), providing no evidence to support a change."
real_sonnet5_20,run_019,profile.cr.00_00,profile,True,13 g/U,keep,13 g/U,"Zero carbohydrate entries exist in the entire 14-day period, making this carb ratio segment unfalsifiable against any meal-response data; a change would be speculative."
real_sonnet5_20,run_019,profile.cr.04_00,profile,True,11.1 g/U,keep,11.1 g/U,No carbohydrate entries exist to test this segment; a change cannot be supported by the available data.
real_sonnet5_20,run_019,profile.cr.08_00,profile,True,13.2 g/U,keep,13.2 g/U,No carbohydrate entries exist to test this segment despite it overlapping the recurring morning rise window; a change cannot be isolated from a possible unlogged breakfast.
real_sonnet5_20,run_019,profile.cr.16_00,profile,True,10.5 g/U,keep,10.5 g/U,"This segment overlaps the recurring afternoon hyperglycemia window, but zero carbohydrate entries exist to validate it; changing it now would convert an unresolved correlation into a parameter change."
real_sonnet5_20,run_019,profile.cr.20_00,profile,True,12.6 g/U,keep,12.6 g/U,No carbohydrate entries exist to test this segment; a change cannot be supported by the available data.
real_sonnet5_20,run_019,profile.isf.00_00,profile,True,56 mg/dL/U,keep,56 mg/dL/U,"Dynamic ISF adjusts effective sensitivity across a wide range (approximately 27.8 to 178.7 mg/dL/U) around this static anchor, so outcome variability in correction boluses cannot be attributed to the flat profile value in isolation; this is also entangled with possible unlogged meal effects."
real_sonnet5_20,run_019,profile.target.00_00,profile,True,90 mg/dL,keep,90 mg/dL,"The overnight hypoglycemia pattern at hours 00:00-02:00 local resolves by hours 03:00-07:00 local under the same or a closely related target, suggesting residual insulin-on-board tail rather than the target value as the driver."
real_sonnet5_20,run_019,profile.target.08_00,profile,True,100 mg/dL,keep,100 mg/dL,"This single flat daytime target spans both well-controlled and poorly controlled hours, making it too broad to attribute the recurring afternoon pattern to the target value itself without further data."
real_sonnet5_20,run_019,profile.target.23_00,profile,True,90 mg/dL,keep,90 mg/dL,"Hour 23:00 local shows reasonable control, providing no evidence to support a change to this transition point."
real_sonnet5_20,run_019,profile.dia,profile,True,10 h,keep,10 h,"A long duration of insulin action could plausibly extend the insulin tail behind large corrections and contribute to delayed hypoglycemia, but the declared diluted U200 insulin strategy may independently justify slower modeled kinetics; this is an unresolved two-sided hypothesis and DIA changes interact with other dosing decisions that should not be adjusted together."
real_sonnet5_20,run_019,aaps.core.smb_uam,aaps,True,smb_enabled=true; uam_enabled=true,keep,smb_enabled=true; uam_enabled=true,"UAM functions as the sole automated meal-reaction mechanism given zero carbohydrate logging, and no inconsistency or safety concern was found in this configuration."
real_sonnet5_20,run_019,aaps.core.smb_activation,aaps,True,smb_always_enabled=true; smb_with_cob_enabled=false; smb_after_carbs_enabled=false; smb_with_temp_target_enabled=true; smb_with_high_temp_target_enabled=false,keep,smb_always_enabled=true; smb_with_cob_enabled=false; smb_after_carbs_enabled=false; smb_with_temp_target_enabled=true; smb_with_high_temp_target_enabled=false,"Carbohydrate-on-board is always zero in this dataset, so the carb-based activation conditions are dormant rather than defective. Suppression of SMB during high temporary targets correlates plausibly with a deliberate user strategy around GLP-1 dosing notes, but this is unconfirmed and does not currently support a change."
real_sonnet5_20,run_019,aaps.core.smb_delivery,aaps,True,smb_interval_minutes=3 min; max_smb_basal_minutes=15 min; max_uam_smb_basal_minutes=20 min,keep,smb_interval_minutes=3 min; max_smb_basal_minutes=15 min; max_uam_smb_basal_minutes=20 min,"These conservative delivery caps are coherent with the diluted, low-absolute-dose insulin regimen observed throughout the correction-bolus records, and no evidence of insufficient or excessive microbolus sizing was found."
real_sonnet5_20,run_019,aaps.core.safety_limits,aaps,True,max_basal_u_per_hour=12 U/h; max_iob_units=25 U,keep,max_basal_u_per_hour=12 U/h; max_iob_units=25 U,"Neither limit is binding in the observed data; peak insulin-on-board (5.935 U) and peak temp basal rates (near 4 U/h via a computed safety ceiling) remain well below these thresholds, showing no evidence of harm or insufficiency."
real_sonnet5_20,run_019,aaps.core.sensitivity,aaps,True,autosens_enabled=false; dynamic_sensitivity_enabled=true; autosens_raises_target=false; autosens_lowers_target=false; dynamic_isf_adjustment_factor_percent=70 %,keep,autosens_enabled=false; dynamic_sensitivity_enabled=true; autosens_raises_target=false; autosens_lowers_target=false; dynamic_isf_adjustment_factor_percent=70 %,"Autosens and Dynamic ISF are correctly configured as mutually exclusive mechanisms. The wide effective sensitivity range produced by Dynamic ISF is plausible expected behavior, but it is currently entangled with unresolved unlogged-meal effects on correction-bolus outcomes; changing this setting before separating those effects would risk attributing a meal-driven pattern to automation."
real_sonnet5_20,run_019,aaps.core.carb_absorption,aaps,True,min_5m_carbimpact=8 mg/dL/5 min; meal_max_absorption_hours=7 h,keep,min_5m_carbimpact=8 mg/dL/5 min; meal_max_absorption_hours=7 h,"Carbohydrate-on-board is always zero throughout the period, so this model is never exercised and cannot be validated in either direction from the available data."
real_sonnet5_20,run_020,profile.basal.00_00,profile,True,0.6 U/h,keep,0.6 U/h,"Time-below-range is elevated at local hours 0-1 (11.4%-18.5%), but repeated evening (18:00-22:00) correction boluses show large delayed drops at 120-360 minutes, offering a competing explanation to a basal defect. Dependency: automation_sensitivity_limits, correction-dosing observation not yet completed. Uncertainty: cannot separate basal-too-high from IOB carryover with current data."
real_sonnet5_20,run_020,profile.basal.05_00,profile,True,0.7 U/h,keep,0.7 U/h,Hour 5 local shows strong control (95.2% time in range) with no low or high signal. No evidence supports a change.
real_sonnet5_20,run_020,profile.basal.06_00,profile,True,0.8 U/h,keep,0.8 U/h,"Hour 6 local shows the best control of the day (98.7% time in range, average 99.5 mg/dL). No evidence supports a change."
real_sonnet5_20,run_020,profile.basal.10_00,profile,True,0.7 U/h,keep,0.7 U/h,"Hour 10 local shows a rising average (148.0 mg/dL) and elevated time-above-range (20.2%), but zero carbohydrate entries exist to confirm or rule out a meal effect at the onset of this window. Dependency: meal_bolus_strategy is blocked by absent carb data."
real_sonnet5_20,run_020,profile.basal.16_00,profile,True,0.5 U/h,keep,0.5 U/h,"This is the lowest daytime basal segment and coincides with the peak glucose hour (162.8 mg/dL average, 32.1% time above range) and the tightest carb ratio (10.5 g/U), but with zero carbohydrate entries this correlation cannot be converted into a parameter change without resolving the competing meal-effect explanation first."
real_sonnet5_20,run_020,profile.basal.18_00,profile,True,0.6 U/h,keep,0.6 U/h,"Hour 18 local shows a transitional pattern (11.9% time-above-range, 7.7% time-below-range) without a clear directional signal, and overlaps with the evening correction-bolus window under separate review."
real_sonnet5_20,run_020,profile.basal.19_00,profile,True,0.7 U/h,keep,0.7 U/h,"Hour 19 local shows elevated time-below-range (15.3%), but this overlaps with the evening correction-bolus stacking hypothesis already flagged for the 00:00-01:00 window rather than indicating a basal defect at this specific hour."
real_sonnet5_20,run_020,profile.cr.00_00,profile,True,13 g/U,keep,13 g/U,"No carbohydrate entries exist anywhere in the 14-day period, making it impossible to validate any carb ratio segment against actual meal response."
real_sonnet5_20,run_020,profile.cr.04_00,profile,True,11.1 g/U,keep,11.1 g/U,"No carbohydrate entries exist anywhere in the 14-day period, making it impossible to validate any carb ratio segment against actual meal response."
real_sonnet5_20,run_020,profile.cr.08_00,profile,True,13.2 g/U,keep,13.2 g/U,"No carbohydrate entries exist anywhere in the 14-day period, making it impossible to validate any carb ratio segment against actual meal response."
real_sonnet5_20,run_020,profile.cr.16_00,profile,True,10.5 g/U,keep,10.5 g/U,"This is the tightest carb ratio of the day and coincides with the peak afternoon glucose hour, but with zero carbohydrate entries this correlation cannot be attributed to the ratio itself versus an unlogged meal."
real_sonnet5_20,run_020,profile.cr.20_00,profile,True,12.6 g/U,keep,12.6 g/U,"No carbohydrate entries exist anywhere in the 14-day period, making it impossible to validate any carb ratio segment against actual meal response."
real_sonnet5_20,run_020,profile.isf.00_00,profile,True,56 mg/dL/U,keep,56 mg/dL/U,"Effective sensitivity via Dynamic ISF varies widely across loop cycles (roughly 27.8 to 178.7 mg/dL/U equivalent), but this could reflect normal Dynamic ISF reactivity rather than a flat-ISF mismatch by time of day. Sampled sensitivity_ratio values (0.79-1.0, n=24) never exceed 1.0, a weak and inconclusive signal. Dependency: automation_sensitivity_limits; also limited by the mid-period profile switch to this flat-ISF configuration."
real_sonnet5_20,run_020,profile.target.00_00,profile,True,90 mg/dL,keep,90 mg/dL,"No evidence links this target segment to observed patterns; Temporary Target usage in this period reflects user-initiated overrides, not a base target defect."
real_sonnet5_20,run_020,profile.target.08_00,profile,True,100 mg/dL,keep,100 mg/dL,No evidence links this target segment to observed patterns; the afternoon rise beginning near this segment is more plausibly meal-related given the absence of carb data.
real_sonnet5_20,run_020,profile.target.23_00,profile,True,90 mg/dL,keep,90 mg/dL,No evidence links this target segment to observed patterns; overnight time-below-range is better explained by the evening correction-stacking hypothesis than by this target value.
real_sonnet5_20,run_020,profile.dia,profile,True,10 h,keep,10 h,"A 10-hour DIA is plausible given the very low total daily insulin (~19.7 U/day) and diluted U200 insulin, and may contribute to IOB persistence implicated in delayed post-correction drops, but repeated close-interval correction dosing is an equally plausible explanation. Changing DIA would affect every IOB calculation simultaneously, so it is withheld pending isolated observation of IOB at correction time."
real_sonnet5_20,run_020,aaps.core.smb_uam,aaps,True,smb_enabled=true; uam_enabled=true,keep,smb_enabled=true; uam_enabled=true,"Loop reasoning consistently shows UAM and SMB logic firing as expected across the sampled period, with no inconsistency identified."
real_sonnet5_20,run_020,aaps.core.smb_activation,aaps,True,smb_always_enabled=true; smb_with_cob_enabled=false; smb_after_carbs_enabled=false; smb_with_temp_target_enabled=true; smb_with_high_temp_target_enabled=false,keep,smb_always_enabled=true; smb_with_cob_enabled=false; smb_after_carbs_enabled=false; smb_with_temp_target_enabled=true; smb_with_high_temp_target_enabled=false,"COB-gated flags are unexercised because COB is always 0 given zero carbohydrate entries. The interaction between smb_with_temp_target_enabled=true and smb_with_high_temp_target_enabled=false during the repeated 108-135 mg/dL Temporary Targets is unresolved and flagged for user clarification rather than change, since no source component is null."
real_sonnet5_20,run_020,aaps.core.smb_delivery,aaps,True,smb_interval_minutes=3 min; max_smb_basal_minutes=15 min; max_uam_smb_basal_minutes=20 min,keep,smb_interval_minutes=3 min; max_smb_basal_minutes=15 min; max_uam_smb_basal_minutes=20 min,No evidence in sampled loop statuses or treatments indicates these settings constrained or over-delivered insulin relative to stated insulinReq values.
real_sonnet5_20,run_020,aaps.core.safety_limits,aaps,True,max_basal_u_per_hour=12 U/h; max_iob_units=25 U,keep,max_basal_u_per_hour=12 U/h; max_iob_units=25 U,"Neither limit was approached during the period; the 2026-08-14 severe high was instead capped by an internal safety-multiplier-derived ceiling below this configured maximum, indicating the configured limits themselves were not the constraint."
real_sonnet5_20,run_020,aaps.core.sensitivity,aaps,True,autosens_enabled=false; dynamic_sensitivity_enabled=true; autosens_raises_target=false; autosens_lowers_target=false; dynamic_isf_adjustment_factor_percent=70 %,keep,autosens_enabled=false; dynamic_sensitivity_enabled=true; autosens_raises_target=false; autosens_lowers_target=false; dynamic_isf_adjustment_factor_percent=70 %,"Autosens disabled with Dynamic ISF enabled is a coherent, non-conflicting single-sensitivity-system configuration. Sampled sensitivity_ratio values (0.79-1.0, n=24) are neutral to mildly reduced with no value above 1.0, an inconclusive signal given small sample size and the mid-period profile switch."
real_sonnet5_20,run_020,aaps.core.carb_absorption,aaps,True,min_5m_carbimpact=8 mg/dL/5 min; meal_max_absorption_hours=7 h,keep,min_5m_carbimpact=8 mg/dL/5 min; meal_max_absorption_hours=7 h,"COB is 0 in every sampled loop status because no carbohydrate entries exist, so these settings are entirely unexercised and cannot be validated as correctly or incorrectly tuned."
