experiment,run_id,rank,area,title,priority,suggested_change
real_haiku45_50,run_002,1,ISF,Correct ISF underestimation from 56 to 90 mg/dL/U,high,"{""parameter"": ""ISF"", ""current_value"": ""56 mg/dL/U"", ""suggested_value"": ""90 mg/dL/U"", ""unit"": ""mg/dL/U"", ""rationale"": ""Conservative increase addressing observed 80–150+ mg/dL/U correction responses. 90 is midpoint of observed range, avoiding overcorrection in opposite direction. Must be applied before SMB gating or Dynamic ISF factor adjustments.""}"
real_haiku45_50,run_002,2,meal_strategy,Validate carb ratio and meal-bolus sizing with one carb-logged meal cycle,high,"{""parameter"": ""Carb logging and meal bolus validation"", ""current_value"": ""Zero carb entries, zero logged meal boluses"", ""suggested_value"": ""One meal cycle: timestamp, carb amount (estimated or weighed), bolus time/amount, glucose at 0, 60, 120, 180, 240 minutes post-bolus"", ""unit"": ""N/A (procedure, not parameter)"", ""rationale"": ""Enables CR and bolus-sizing validation. Will determine whether CR 10.5–13.2 g/U is appropriate, whether meal boluses should be ~3–4 U (matching CR) or intentionally small (<0.5 U), and whether prebolus window is needed.""}"
real_haiku45_50,run_002,3,SMB,Enable SMB COB gating (smb_with_cob_enabled true) after ISF correction and carb-logging validation,medium,"{""parameter"": ""smb_with_cob_enabled"", ""current_value"": ""false"", ""suggested_value"": ""true"", ""unit"": ""boolean"", ""rationale"": ""Reduces phantom carbs-on-board overdose risk by suppressing SMB during meal absorption window (when loop presumes carbs are active). Dependent on meal-bolus validation showing whether boluses are sufficient (if insufficient, gating will suppress needed SMB).""}"
real_haiku45_50,run_002,4,meal_strategy,Clarify whether zero carb logging is intentional UAM-only strategy or training/data-entry gap,medium,"{""parameter"": ""Meal strategy and carb-logging discipline"", ""current_value"": ""Zero carb entries; empty declared meal_strategies"", ""suggested_value"": ""User clarifies: intentional UAM-only strategy, or training gap? If training gap, implement carb-logging discipline with one meal per day minimum. If intentional, document UAM-only protocol and adjust meal-bolus expectations accordingly."", ""unit"": ""N/A (strategy clarification)"", ""rationale"": ""Determines appropriate bolus sizing, prebolus window, and e-carb use. UAM-only is viable but requires larger meal boluses upfront; carb-logging enables smaller meal boluses and prebolus timing.""}"
real_haiku45_50,run_002,5,target,Verify basal rate 0.5 U/h at 16:00 during daytime hyperglycemia peak,low,"{""parameter"": ""Basal rate 16:00"", ""current_value"": ""0.5 U/h"", ""suggested_value"": ""Verify current setting; consider increase to 0.6–0.7 U/h post-meal-bolus validation if afternoon hyperglycemia persists"", ""unit"": ""U/h"", ""rationale"": ""Current 0.5 U/h is lowest basal rate but set during highest glucose period (14:00–16:00 avg 148–163). Change is provisional and dependent on meal-bolus validation showing whether afternoon elevation is meal-driven (low bolus) or basal-driven (low rate).""}"
real_haiku45_50,run_003,1,Data and meal strategy,Restart carb logging immediately for 3 complete days,safety,"{""action"": ""Restart Nightscout carb entries or equivalent meal logging"", ""fields"": {""timestamp"": ""each meal start time"", ""carbs_grams"": ""total grams per meal"", ""duration_minutes"": null}, ""frequency"": ""three consecutive days minimum"", ""monitoring"": ""After 3 days, analyze therapy_response_windows to infer CR effectiveness and ISF response""}"
real_haiku45_50,run_003,2,"Profile baseline (DIA, ISF)",Validate DIA via correction bolus decay curves and therapy response windows,high,"{""action"": ""Analyze 3–5 correction-only events (low IOB, small meal residual) from therapy_response_windows"", ""current_value"": ""10 hours"", ""candidate_range"": ""5–6 hours"", ""validation_method"": ""Plot glucose_start to glucose_240m and glucose_360m; calculate 50% and 80% action times; if peak effect <240 min, DIA is overestimated"", ""sequence"": ""Validate before changing ISF; validation unblocks ISF refinement""}"
real_haiku45_50,run_003,3,Profile baseline (ISF),Increase declared ISF from 56 to 70–85 mg/dL/U once DIA is validated,high,"{""action"": ""Increase ISF 00:00 from 56 to 75 mg/dL/U (example; apply uniformly across all hours)"", ""rationale"": ""Mid-range of 70–85 estimate; Dynamic ISF floor becomes 52.5 (70% × 75), more aggressive than current 39.2. Test single uniform ISF first before time-specific segmentation."", ""current_value"": ""56 mg/dL/U"", ""candidate_value"": ""75 mg/dL/U"", ""validation"": ""Monitor afternoon highs (target reduction to 130–145 mg/dL avg from current 150–160) and evening lows (no increase in TBR 18:00–19:00); adjust after 5–7 days"", ""sequence"": ""Only after DIA validation; change ISF before basal""}"
real_haiku45_50,run_003,4,Profile baseline (basal),Increase morning basal 08:00–10:00 segment by 10–15% after ISF is validated,high,"{""action"": ""Add or modify basal segment at 08:00: 0.7→0.80 U/h (10% increase); keep 10:00 segment at 0.7 U/h"", ""rationale"": ""Gradual increase during morning absorption window; minimizes overshoot risk"", ""current_value"": ""0.7 U/h (at 10:00 segment)"", ""candidate_value"": ""0.80 U/h (new 08:00 segment)"", ""sequence"": ""Only after ISF is validated; test 3–5 days alone before additional changes"", ""constraint"": ""Do not increase evening basal (18:00–19:00) at same time; evening lows are iatrogenic from afternoon overcorrection, not basal insufficiency""}"
real_haiku45_50,run_003,5,Meal bolus strategy,Implement pre-bolus for breakfast once meal sizes are confirmed via carb logging,high,"{""action"": ""Pre-bolus 1.0–1.5 U at 07:00–07:30, 15–30 min before breakfast"", ""rationale"": ""Morning carbs are anticipated; anticipatory insulin reduces peak and lag"", ""current_value"": ""zero pre-bolus"", ""candidate_value"": ""1.0–1.5 U depending on confirmed breakfast carb size"", ""validation_method"": ""Log breakfast carbs for 3 days; calculate required bolus (carbs / CR); test pre-bolus = 50–75% of calculated bolus initially; adjust after 3 days"", ""sequence"": ""Only after carb logging resumes and CR is validated""}"
real_haiku45_50,run_003,6,Meal bolus strategy,Implement pre-bolus for lunch (1.5–2.0 U at 11:00–11:30) to prevent afternoon elevation,high,"{""action"": ""Pre-bolus 1.5–2.0 U at 11:00–11:30, 15–30 min before lunch"", ""rationale"": ""Large meal requiring anticipatory insulin to prevent 6-hour elevation plateau"", ""current_value"": ""zero pre-bolus"", ""candidate_value"": ""1.5–2.0 U (adjust based on confirmed lunch carbs and CR)"", ""validation_method"": ""Log lunch carbs for 3 days; test pre-bolus = 50–75% of calculated bolus initially; monitor for reduced afternoon peak (target <140 mg/dL by 13:00, <130 by 16:00) and no increase in evening lows"", ""sequence"": ""Only after carb logging and CR validation; test after breakfast pre-bolus is confirmed safe""}"
real_haiku45_50,run_003,7,Meal bolus strategy,Monitor dinner timing and size during carb logging to determine if additional pre-bolus is needed,medium,"{""action"": ""Monitor during carb logging; no change to dinner bolus strategy yet"", ""rationale"": ""Dinner timing and oscillation pattern must be re-evaluated after breakfast/lunch pre-boluses are implemented; system behavior will change"", ""current_value"": ""zero pre-bolus"", ""candidate_value"": ""0–1.0 U depending on carb log findings"", ""sequence"": ""After breakfast and lunch pre-boluses are tested and refined (2–4 weeks)""}"
real_haiku45_50,run_003,8,Automation,Keep SMB/UAM configuration unchanged; no automation adjustments needed,medium,null
real_haiku45_50,run_003,9,Automation (Autosens),"Keep Autosens disabled for 2–3 more weeks (until ~Sept 3–4, 2026)",medium,null
real_haiku45_50,run_004,1,safety,Reduce max_iob from 25 U to 6-8 U immediately,safety,"""Reduce max_iob_units from 25 to 8"""
real_haiku45_50,run_004,2,data,Enable carb logging for 7+ days to unblock profile validation and meal prebolus,high,"""Enable meal carb logging workflow in AAPS for minimum 7 days (primary prerequisite for profile tuning)"""
real_haiku45_50,run_004,3,profile,"Do not change basal, CR, ISF, or DIA without carb logging; investigate profile change on 2026-08-13",medium,"""Keep all profile parameters (basal, CR, ISF, DIA) unchanged pending carb logging and prior profile clarification"""
real_haiku45_50,run_004,4,automation,"Do not tune SMB, UAM, or dynamic ISF until carb logging is enabled",medium,"""Keep SMB, UAM, and dynamic ISF settings unchanged pending carb logging"""
real_haiku45_50,run_004,5,meal_strategy,"Enable carb logging, then trial prebolus 10-15 min and immediate bolus increase to 20-25%",high,"""Once carb logging is established, trial increase immediate bolus to 20-25% of CR-expected dose and prebolus 10-15 min (stepwise)"""
real_haiku45_50,run_004,6,meal_strategy,Add e-carbs for meals eaten close to or after GLP-1 injection with duration 5-7 hours,medium,"""Once carb logging is enabled, add e-carbs for GLP-1-timed meals with duration 5-7 hours (secondary priority, post-immediate-bolus tuning)"""
real_haiku45_50,run_005,1,meal strategy,Enable carb logging (Nightscout treatment entries) immediately for all meals and snacks; log carb amount (grams) and meal time. Continue for minimum 7 days to establish baseline.,high,null
real_haiku45_50,run_005,2,automation,"After carb logging is stable (7+ days), enable smb_with_cob_enabled=true (currently false) to allow COB-based SMB detection and earlier meal bolus triggering.",high,null
real_haiku45_50,run_005,3,isf,"After 7 days of carb logging, empirically verify ISF direction by calculating implied ISF from bolus response: ISF = glucose_change_mg_dl / (carbs_grams / CR_g_per_unit). Compare result to declared 56. If implied ISF > 100 mg/dL/U, declared 56 is too low; consider increase toward 80–120 mg/dL/U, testing incrementally. If implied ISF < 60 mg/dL/U, declared 56 may be appropriate; assess if micro-SMB strategy or Dynamic ISF reduction is the actual limiting factor.",high,null
real_haiku45_50,run_005,4,basal,"After ISF and carb logging are stable (1–2 weeks, ~2026-09-02 to 2026-09-04), conduct fasting basal test (no meals, 6–8 hours, minimal SMB) to isolate basal effects on hour-01 and hour-16 anomalies. Do not change basal until fasting test data confirms basal inadequacy (vs. IOB/meal effect).",medium,null
real_haiku45_50,run_005,5,prebolus,"After carb logging is routine (7+ days), assess prebolus feasibility by reviewing therapy response windows: measure time from bolus issuance to glucose peak (target < 2 hours, vs. current 2–4 hours). If user can log carbs 5–10 min before meal, enable prebolus by allowing loop to issue bolus at carb entry time (requires smb_with_cob_enabled=true and carb entry before meal). If user logs carbs after eating (reactive), prebolus is not feasible without manual intervention.",medium,null
real_haiku45_50,run_005,6,e_carbs,"After carb logging shows slow-absorbing meals (glucose rise > 3 hours, peaks at 240m or later), implement e-carbs selectively for those meals. Example: 'Lunch 80g carbs: 50g immediate, 30g e-carbs 2h' (split bolus, extended tail matching absorption time).",medium,null
real_haiku45_50,run_006,1,basal,"Reduce basal 00:00 from 0.6 U/h to 0.55 U/h or 0.5 U/h to address hour 1 lows (18.5% TBR, nadir 42–55 mg/dL).",safety,"""reduce_basal_00_00_from_0_6_to_0_55_u_per_h"""
real_haiku45_50,run_006,2,basal,"After hour 1 lows stabilize, reassess basal 16:00 (currently 0.5 U/h, lowest of day, coinciding with hour 16 highs: 162.8 mg/dL avg, TAR 32.1%). If lunch highs persist, consider increasing basal 16:00 to 0.6–0.7 U/h.",high,"""monitor_and_reassess_after_carb_logging"""
real_haiku45_50,run_006,3,meal_strategy,"Implement carb logging (meals and amounts) with timestamps and GLP-1 injection timing to enable ISF, CR, DIA, and meal strategy validation.",high,"""implement_carb_logging"""
real_haiku45_50,run_006,4,profile,"Do not change CR, ISF, or DIA until carb logging is in place and meal patterns are validated. Current values are not contraindicated; scatter in therapy response is meal-overlap driven, not profile-setting driven.",medium,"""keep_profile_unchanged_pending_carb_logs"""
real_haiku45_50,run_006,5,automation,Keep SMB/UAM settings unchanged. Configuration is appropriate for carb-logging-free operation and is not the cause of hour 1 lows or hour 16 highs. Do not increase max_smb_basal_minutes or decrease smb_interval_minutes without first resolving basal and implementing carb logs.,medium,"""keep_automation_unchanged"""
real_haiku45_50,run_007,1,basal,Raise basal in 10:00–16:00 afternoon window to address persistent hyperglycemia.,safety,"{""basal_10_00_increase_percent"": 25, ""basal_16_00_increase_percent"": 45, ""implementation_order"": ""Change basal 10:00 first; monitor 2–3 days; then change basal 16:00; monitor additional 2–3 days before assessing secondary changes.""}"
real_haiku45_50,run_007,2,basal,Verify or adjust basal 00:00 post-basal-10:00 fix to resolve early-morning lows.,safety,"{""basal_00_00_verify_first"": true, ""contingent_action"": ""If lows persist post-basal-10-00-fix, reduce basal 00:00 to 0.45–0.55 U/h or adjust evening bolus behavior""}"
real_haiku45_50,run_007,3,isf,Monitor ISF adequacy post-basal fix; consider raising dynamic_isf_adjustment_factor_percent if highs persist.,medium,"{""dynamic_isf_adjustment_factor_percent"": ""keep for now; verify post-basal-fix; if highs >200 persist, raise to 85-90%""}"
real_haiku45_50,run_007,4,target,Consider temporary target strategy for GLP-1 meal windows to supplement basal fix.,low,"{""temporary_target_strategy"": ""Keep as-is; consider setting temp target 135 mg/dL during lunch (12:00–14:00 local) on GLP-1 days post-basal-fix""}"
real_haiku45_50,run_007,5,meal,"Start carb logging for 3–5 representative meals to enable CR, ISF, and e-carb validation.",medium,"{""carb_logging"": ""Start immediately; 3–5 meals over next 7 days""}"
real_haiku45_50,run_007,6,ecarbs,Plan e-carb strategy for GLP-1 meals once carb logs establish absorption timing.,low,"{""ecarbs_strategy"": ""Do not implement until (1) carb logs confirm GLP-1 absorption time, and (2) basal fix is stabilized; then add e-carbs for GLP-1 meals only if UAM+SMB is insufficient""}"
real_haiku45_50,run_007,7,automation,"Keep SMB, UAM, Autosens, and Dynamic ISF unchanged. System is functioning correctly.",low,"{""automation_changes"": ""none""}"
real_haiku45_50,run_008,1,Carbohydrate logging (highest-leverage behavior change),Implement meal carbohydrate logging,high,"{""behavior"": ""Log meal carbs at time of eating"", ""frequency"": ""all meals minimum; can start with 3–4 meals per week"", ""context"": ""If willing, log carb amount (even estimate), time, and whether GLP-1 was dosed that day""}"
real_haiku45_50,run_008,2,Basal rate increase (data-driven profile adjustment),Increase basal rate 10:00–15:59 from 0.7 to 0.8–0.85 U/h,high,"{""segment"": ""10:00–15:59"", ""current_rate"": ""0.7 U/h"", ""proposed_rate"": ""0.8–0.85 U/h"", ""step"": ""increase by 0.1 U/h first (to 0.8), observe 3–5 days, then re-assess""}"
real_haiku45_50,run_008,3,DIA reduction (IOB accuracy),Review DIA from 10 h to 6–7 h,high,"{""current_dia"": ""10.0 h"", ""proposed_dia"": ""6.0–7.0 h"", ""rationale"": ""Verify effective DIA by observing correction bolus time-to-peak and duration over 5–7 days after change"", ""contingency"": ""If dysglycemic swings persist after DIA reduction, then consider ISF increase (not recommended until DIA is validated)""}"
real_haiku45_50,run_008,4,UAM carb-detection threshold (false-positive reduction),Increase min_5m_carbimpact from 8 to 12–15 mg/dL/5 min,medium,"{""current_value"": ""8 mg/dL/5 min"", ""proposed_value"": ""12–15 mg/dL/5 min"", ""step"": ""increase to 12 first, observe 3–5 days for meal detection; if meals are missed, revert to 10""}"
real_haiku45_50,run_008,5,E-carb strategy (contingent on meal logging),If meals are logged: use e-carbs for GLP-1-extended absorption,medium,"{""strategy"": ""When patient logs meals, prompt AAPS to offer e-carb entry"", ""example"": ""Lunch 25 g logged as: 12 g bolus now + 13 g ecarb over 3 hours (duration adjusted for GLP-1 status)"", ""contingency"": ""If patient declines carb logging, e-carbs are not applicable""}"
real_haiku45_50,run_009,1,basal,Reduce overnight and evening basal segments to address recurrent hypoglycemia,safety,"{""parameter"": ""Profile / basal 00:00"", ""current"": ""0.6 U/h"", ""suggested"": ""0.5 U/h"", ""rationale"": ""TBR 11–19% at 00:00–02:00 despite target 90; cluster of lows 08-13, 08-14, 08-21. Reduce by ~17% (conservative).""}"
real_haiku45_50,run_009,2,basal,Continue basal reduction: evening segment 19:00,safety,"{""parameter"": ""Profile / basal 19:00"", ""current"": ""0.7 U/h"", ""suggested"": ""0.6 U/h"", ""rationale"": ""TBR 15.3% at 19:00 (highest outside overnight) despite target 100. Reduce by ~14% (conservative). Aligns with adjacent 18:00 segment (0.6 U/h).""}"
real_haiku45_50,run_009,3,profile,Validate ISF before reducing further; observe next low patterns to determine basal vs. ISF contribution,high,null
real_haiku45_50,run_009,4,sensitivity,Verify reason for Autosens disable; consider enabling if GLP-1 is ongoing therapy,high,null
real_haiku45_50,run_009,5,carb_absorption,Resume meal carbohydrate logging to unlock CR validation and meal bolus strategy optimization,high,null
real_haiku45_50,run_009,6,meal_bolus,Implement prebolus strategy once meal logging resumes,high,null
real_haiku45_50,run_009,7,carb_absorption,Consider e-carbs for slow-absorbing dinners if meal composition is known,low,null
real_haiku45_50,run_010,1,meal_logging,PRIMARY: Implement carbohydrate entry logging,safety,"{""action"": ""Implement carbohydrate logging in Nightscout"", ""minimum_duration_days"": 7, ""estimated_effort"": ""Low (user enters meal carb amount at time of meal in Nightscout app)""}"
real_haiku45_50,run_010,2,profile_cr,Review and tighten afternoon carbohydrate ratio,high,"{""parameter"": ""CR 16:00"", ""current_value"": ""10.5 g/U"", ""proposed_value"": ""9.5 g/U"", ""rationale"": ""Afternoon hyperglycemia persists despite CR 10.5 being tightest. Tightening by ~10% increases bolus size per meal carb, reducing post-meal BG rise.""}"
real_haiku45_50,run_010,3,meal_strategy,Implement prebolus timing (10 minutes before meal),high,"{""action"": ""Enable prebolus timing in meal entry"", ""prebolus_minutes"": 10, ""implementation_sequence"": ""After carb logging established (step 1)""}"
real_haiku45_50,run_010,4,aaps_core_carb_absorption,Review meal_max_absorption_hours for GLP-1 accommodation,medium,"{""parameter"": ""meal_max_absorption_hours"", ""current_value"": 7, ""proposed_value"": 8, ""condition"": ""After carb logging confirms GLP-1 delays absorption by 30+ minutes; verify over 3–5 meals before confirming change""}"
real_haiku45_50,run_010,5,profile_basal_evening,Review basal transition at 19:00 (possible excess),low,"{""parameter"": ""basal 19:00"", ""current_value"": ""0.7 U/h"", ""proposed_value"": ""0.65 U/h"", ""condition"": ""If carb logging confirms meal absorption ends by 18:00 and 19:00 lows persist; monitor first.""}"
real_haiku45_50,run_011,1,dia,Reduce DIA from 10 to 5-6 hours (PRIMARY RECOMMENDATION),safety,"{""parameter_key"": ""profile.dia"", ""current_value"": ""10 h"", ""suggested_value"": ""5.5 h"", ""unit"": ""h"", ""rationale"": ""Conservative middle ground between typical rapid-acting DIA (4-6h) and current 10h. Start at 5.5h to test safety margin; if well-tolerated without new low patterns, can adjust to 5h. Do not jump to 5h immediately."", ""evidence"": ""therapy response windows show BG stabilization by 6h; observed sensitivity_ratio 0.79-1.23 in loop decisions suggests DIA overestimation forcing Dynamic ISF constant correction; midnight TBR 18.5% with recovery by hour 3 (glucose 101-104) is pattern of IOB carryover, not basal excess; afternoon hyperglycemia with loop requesting 5.9 U/h (hit max_safe_basal ~4) suggests bolus recommendation suppressed (high perceived IOB)."", ""dependencies"": ""This change will cascade benefits to basal and meal strategy assessment (cannot validate these without DIA correction first). Test DIA for 2-3 days before making other profile changes."", ""test_plan"": ""Reduce DIA 10→5.5, monitor TBR hour 0-1 (expect improvement toward <10%), monitor afternoon BG peak (expect lower peak or shifted earlier), monitor user-reported hypo events (expect none new). If TBR improves and no new lows, DIA 5.5h is validated. If TBR worsens, increase back to 6.5-7h.""}"
real_haiku45_50,run_011,2,basal,Increase basal at 14:00 window or reduce ISF to address afternoon hyperglycemia,high,"{""parameter_key"": ""profile.basal.14_00 or profile.isf.00_00"", ""current_value"": ""0.7 U/h (basal 14:00) or 56 mg/dL/U (ISF flat)"", ""suggested_value"": ""0.9-1.0 U/h (basal, option 1) or 50 mg/dL/U (ISF, option 2)"", ""unit"": ""U/h or mg/dL/U"", ""rationale"": ""Add 14:00 basal segment: Change from 0.7 U/h (10:00 start) to 0.7 U/h (10:00-14:00) + 0.9-1.0 U/h (14:00-16:00) + 0.5 U/h (16:00 continue). OR, if basal addition is not preferred, reduce ISF 56→50 to boost correction strength (all corrections become 12% more aggressive). Latter is less preferred because ISF is already varied by Dynamic ISF; better to fix basal. Do not do both simultaneously."", ""evidence"": ""Loop decisions Aug 14 18:40 show req 5.9 U/h capped to max_safe_basal ~4; afternoon TAR 32.1% hour 16; lunch peak BG 162.8 at hour 16 (4h post-meal, consistent with GLP-1 delay); therapy response Aug 15 shows lunch bolus 2.4 U undersized relative to BG rise, suggesting bolus recommendation was suppressed by perceived IOB (DIA 10h effect)."", ""dependencies"": ""Test DIA 5-6h first (2-3 days). Only make basal change if DIA reduction does not improve afternoon control sufficiently. Do not increase basal and reduce ISF simultaneously; test one at a time."", ""test_plan"": ""After DIA 5-6h tested: (1) Set low temp target (70-80 mg/dL) at 12:00-14:00 daily for 3 days to signal lunch, observe if BG peak shifts earlier (carbs align better with insulin). (2) If peak BG still >150 at hour 16, add 14:00 basal segment 0.9 U/h (start conservative). Monitor next 3 days for hypoglycemia (watch hour 13-15 for new lows). (3) If hypo risk increases, revert basal and instead try ISF 50 mg/dL/U for 2 days. Choose whichever strategy improves afternoon control with lowest hypo risk.""}"
real_haiku45_50,run_011,3,meal_strategy,Establish carbohydrate entry logging to validate bolus strategy and enable Autosens learning,medium,"{""parameter_key"": ""user_behavior / carb_logging"", ""current_value"": ""0 carb entries over 14 days (zero carb logging)"", ""suggested_value"": ""Minimum 3-5 days of carb logging covering breakfast, lunch, dinner, and snacks (recommended 7 days for more confidence)"", ""unit"": ""behavioral / days"", ""rationale"": ""Carb entries are the single data source that would improve meal strategy confidence from low to high. Current zero entries mean all meal detection is UAM-inferred (BG rise only), preventing validation of meal bolus adequacy, CR, ISF, and e-carb benefit. With carbs logged, oref1 will have explicit COB (carbs on board) data to support bolus recommendations, and user can assess whether boluses are appropriately sized."", ""evidence"": ""carb_treatment_entries = 0; meal assessment confidence is low due to missing carbs; therapy response windows show wide variance in bolus outcomes (−178 to +84 mg/dL at 120m), consistent with variable or unobserved meal carbs; hourly patterns show assumed breakfast 08:00, lunch 12:00, dinner 19:00, but no confirmation without logs."", ""dependencies"": ""Carb logging is independent of DIA, basal, or ISF changes. Can be started in parallel with DIA testing. Does not require AAPS settings change; only user behavior (app entry at meal time)."", ""test_plan"": ""User: Start logging carbs for next 7 days. At meal time, enter carb amount (estimate portion size if not measured). At review (day 7), assess: (1) Are bolus sizes proportionate to carbs logged (CR validation)? (2) Do BG responses match expected from ISF (ISF validation)? (3) Which meals have prolonged absorption tails >4h (e-carb candidates)? (4) Are peaks early (good prebolus), on-time (mid-range), or late (no/late prebolus)? Report findings to clinician for CR/ISF/prebolus refinement.""}"
real_haiku45_50,run_011,4,target,Use temp targets strategically to improve meal anticipation and afternoon control,low,"{""parameter_key"": ""user_behavior / temp_target_discipline"", ""current_value"": ""Ad-hoc temp target use (27 events over 14 days, frequency unclear)"", ""suggested_value"": ""Structured temp target: Low 70-80 mg/dL set 15-30 min before meals (breakfast, lunch, dinner) on predictable schedule after carb logging confirms meal times"", ""unit"": ""behavioral / temp target mg/dL"", ""rationale"": ""Low temp targets (70-80) signal meal coming without explicitly logging carbs. oref1 activates smb_with_temp_target_enabled = true, so temp target triggers SMB immediately. This primes system for incoming meal and allows basal reduction to prevent pre-meal insulin excess. Testing at lunch (most problematic afternoon period) first is most impactful."", ""evidence"": ""representative_events show 27 temp target events including low (107.99) and standard (135); system is responsive to temp targets; afternoon hyperglycemia (hour 16 peak) is the largest control issue; lunch peak shift from 13:00 (expected) to 16:00 (observed) suggests meal-insulin misalignment that temp target could address."", ""dependencies"": ""Effective only if meal times are predictable (unknown without carb logs). Should be tested after DIA correction (2-3 days) and carb logging (3-5 days) to confirm meal times and assess benefit. Not urgent; low priority."", ""test_plan"": ""After carb logging 3-5 days (to confirm lunch time is ~12:00): Set low temp target 75 mg/dL for 30 min at 11:45 daily for 3 days. Monitor BG at hour 15 and hour 16 (current peak window). Observe if peak time shifts earlier (13:00-14:00) or peak amplitude reduces. If BG peak shifts to 13:00 or reduces by 20+ mg/dL, temp target strategy is effective; continue for breakfast and dinner. If no change, temp targets are not helpful for this user.""}"
real_haiku45_50,run_012,1,basal,Increase afternoon basal conservatively (16:00 segment 0.5→0.65 U/h; 10:00–13:00 segment 0.7→0.80 U/h) and monitor for 2–3 days.,high,null
real_haiku45_50,run_012,2,sensitivity,"If afternoon TAR persists >15% after basal increase, increase Dynamic ISF adjustment factor from 70→80% (secondary tuning).",medium,null
real_haiku45_50,run_012,3,meal_strategy,Request one fasting or documented-meal day to confirm meal-driven vs. basal-driven attribution and validate CR.,low,null
real_haiku45_50,run_012,4,safety,"Before high-glucose reactive boluses (BG >200 mg/dL) in afternoon window (14:00–17:00 local), check IOB; if IOB >2 U, reduce bolus size by 25–30%.",medium,null
real_haiku45_50,run_013,1,basal,Increase basal rate 10:00–16:00 window to address midday elevation,high,"{""current_segment"": ""10:00–16:00"", ""current_rate_u_per_hour"": 0.7, ""proposed_rate_u_per_hour"": 0.85, ""rationale"": ""Sustained midday elevation 141–162 mg/dL; SMB insufficient to compensate. Basal increase shifts burden from reactive bolus/SMB to proactive basal.""}"
real_haiku45_50,run_013,2,basal,Increase basal rate 16:00–18:00 window (afternoon transition),medium,"{""current_segment"": ""16:00–18:00"", ""current_rate_u_per_hour"": 0.5, ""proposed_rate_u_per_hour"": 0.6, ""rationale"": ""Afternoon basal 0.5 U/h insufficient to arrest glucose decline from midday peak; glucose remains >150 mg/dL until post-meal bolus IOB clears. Basal increase supports endogenous suppression.""}"
real_haiku45_50,run_013,3,profile,Implement carb entry logging to enable CR validation and improve meal strategy,high,"{""action"": ""user_carb_logging"", ""target"": ""zero to consistent carb entries per meal"", ""rationale"": ""Carb logging unblocks CR validation, meal bolus sizing assessment, and GLP-1 impact quantification. Enables COB-based SMB and reduces automation uncertainty.""}"
real_haiku45_50,run_013,4,meal_strategy,Consider pre-bolus lead time once carb logging enables validation,medium,"{""target"": ""implement prebolus 10–15 min before meal onset (not reactive post-rise)"", ""condition"": ""after CR validation via carb logging"", ""rationale"": ""Reactive bolusing delays insulin action; pre-bolus aligns with carb absorption timing, reducing peak glucose and supporting 100 mg/dL target during meal window.""}"
real_haiku45_50,run_013,5,meal_strategy,Develop e-carb (extended carb absorption) strategy for GLP-1-slowed meals,medium,"{""target"": ""dual-bolus or extended-bolus strategy for GLP-1-slowed meals"", ""immediate_percent"": 50, ""extended_carb_offset_minutes"": 90, ""extended_carb_duration_minutes"": 120, ""condition"": ""after carb logging and meal composition documented"", ""rationale"": ""GLP-1-delayed absorption creates 3–4 h glucose peaks. E-carb distributes insulin across extended absorption window, reducing SMB/UAM load and supporting target during meal phase.""}"
real_haiku45_50,run_014,1,behavioral_and_logging,Initiate carbohydrate logging for all meals and snacks,safety,"{""action"": ""establish_carb_logging"", ""target_meals_per_day"": 3, ""minimum_target_days"": 5, ""details"": ""Log meal time (to nearest 5 min), estimated carbohydrate grams, and bolus amount (if manual). Compare against glucose rise to infer meal size accuracy and bolus sufficiency. After 5 days of logs, reassess CR accuracy and meal-bolus timing.""}"
real_haiku45_50,run_014,2,meal_strategy_verification,Verify meal-bolus timing and prebolus window,high,"{""action"": ""assess_prebolus_timing"", ""success_criterion"": ""If prebolus window is <5 min, increase to 10–15 min before meal and monitor glucose rise at 30, 60, 120 min post-meal. If prebolus is established, verify against carb logs that bolus size matches CR formula.""}"
real_haiku45_50,run_014,3,afternoon_bolus_sizing,Increase afternoon manual bolus size by 20–30% (pending carb-log confirmation),medium,"{""action"": ""verify_and_increase_bolus"", ""target_increase_percent"": 20, ""method"": ""If 5-day carb logs show meal sizes (e.g., 35g lunch), calculate expected bolus by CR (35 ÷ 13.2 ≈ 2.65 U). Compare to observed bolus. If observed is <80% of expected, increase bolus size by 20–30%."", ""safety_note"": ""Increase one meal per day and monitor glucose at 120, 180, 360 min for hypo risk. Stop increase if 120-min glucose <80 mg/dL.""}"
real_haiku45_50,run_014,4,evening_hypoglycemia_prevention,Monitor and assess evening low pattern after meal-bolus and carb-logging changes,medium,"{""action"": ""monitor_evening_glucose"", ""method"": ""After prebolus and bolus-size changes established, compare hour 17:00–19:00 local TIR and low frequency to baseline (current 15.3% below at hour 19). Target TIR >85% and below-range <5% by improving meal matching, not by reducing SMB or basal."", ""contingency"": ""If evening lows persist after 7 days of improved bolus timing/sizing, consider SMB interval change (3 min → 4–5 min) or max_smb_basal_minutes increase (15 → 18 min) to reduce cumulative SMB frequency.""}"
real_haiku45_50,run_014,5,e_carbs_strategy,Do not introduce e-carbs until carb logging and meal-response patterns are established,low,"{""action"": ""defer_ecarb_introduction"", ""rationale"": ""After carb logs are established, examine glucose responses at 30, 60, 120, 180, 240 min per meal. If sustained elevation persists beyond 120 min without IOB explanation, e-carbs (3–4 h duration) are indicated. Until then, do not add e-carbs."", ""next_step"": ""Re-assess e-carb need after 7 days of carb logging and meal bolus optimization.""}"
real_haiku45_50,run_014,6,aaps_automation,"Do not change SMB, DIA, or sensitivity settings until meal-strategy and carb-logging changes are verified",high,"{""action"": ""verify_before_change"", ""rationale"": ""SMB cumulative IOB and evening lows appear meal-timing-driven, not automation-driven. Changing SMB first risks destabilizing daytime hyperglycemia control (SMB 3-min interval is needed to handle rapid glucose changes). Wait for meal-timing and carb-log data before changes."", ""contingency"": ""If evening lows continue after 7 days despite improved meal-bolus timing, then (a) verify SMB cumulative IOB calculation using carb logs and IOB values, and (b) consider SMB interval increase to 4 min or max_smb_basal_minutes increase to 18 min as secondary optimization.""}"
real_haiku45_50,run_015,1,Data Integrity – ISF Verification,Verify pump-resident ISF setting and confirm insulin type,safety,"{""action"": ""Verify"", ""steps"": [""Check pump screen > Settings > Insulin Sensitivity Factor: confirm actual value (should be ~56 if profile is correct)"", ""Confirm insulin type used (rapid-acting or intermediate)"", ""If pump ISF differs from 56 mg/dL/U, note actual value"", ""If rapid-acting insulin, DIA = 10 h is likely too long; consider changing to 5–6 h""], ""monitoring"": ""Observe one SMB cycle during stable glucose (100–120 mg/dL): give a small 0.1 U bolus, note glucose change at 30 min, 60 min, 120 min. Compare to expected ISF effect (0.1 U × ISF = expected drop in mg/dL).""}"
real_haiku45_50,run_015,2,Strategy – Meal Logging Intent,Clarify whether meal logging is intentionally absent or unintentional,high,"{""action"": ""Clarify"", ""steps"": [""Ask user: Do you intentionally avoid logging meals and carbs, or are meal entries not being saved to Nightscout?"", ""If intentional UAM-only: confirm user is aware of the risks (underbolusin, delayed UAM detection, hypoglycemia risk) and wants to continue"", ""If unintentional: determine the barrier (technical, user confusion, time) and resume meal logging"", ""If mixed (logs some meals, not others): clarify the pattern and intent""], ""monitoring"": ""If resuming meal logging: track carb amounts per meal and compare actual bolus given to CR-calculated need over 3–5 meals; assess over/under-bolusing pattern.""}"
real_haiku45_50,run_015,3,Safety – DIA Shortening,Shorten DIA from 10 h to 5–6 h (if rapid-acting insulin confirmed),high,"{""action"": ""Change"", ""parameter"": ""Profile / DIA"", ""current_value"": ""10 h"", ""suggested_value"": ""5.5 h"", ""unit"": ""h"", ""rationale"": ""Therapy response windows show bolus effects largely complete by 360m (6 h), inconsistent with 10 h DIA. Evening lows at 18:00–19:00 UTC (6–9 h post-meal) are consistent with DIA tail masking true insulin decay. Shortening to 5.5 h aligns with typical rapid-acting insulin kinetics and reduces overlap into next meal period. If insulin type is intermediate (Levemir), keep at 10 h; if rapid-acting, shorten to 5–6 h."", ""contingency"": ""If rapid-acting insulin confirmed, change immediately. If intermediate insulin, keep at 10 h. If uncertain, start with 7 h as intermediate step.""}"
real_haiku45_50,run_015,4,Safety – Basal Timing Adjustment,Remove or delay basal drop at 16:00 UTC (premature given midday meal absorption),high,"{""action"": ""Change"", ""parameter"": ""Profile / basal 16:00"", ""current_value"": ""0.5 U/h"", ""suggested_value"": ""0.7 U/h"", ""unit"": ""U/h"", ""rationale"": ""Current basal drops prematurely (16:00 UTC) when glucose is still elevated and IOB is high from midday boluses. Maintaining 0.7 U/h until 18:00 UTC will provide basal support during the meal absorption tail and reduce evening low risk. Basal 0.5 U/h should be applied later (18:00 UTC or later, after glucose declines)."", ""contingency"": ""Monitor glucose 16:00–19:00 UTC (17:00–20:00 local) for 3–5 days. If lows continue at 18:00–19:00 UTC, confirm DIA change (previous recommendation) and reassess. If glucose remains high, increase basal further or extend 0.7 U/h segment to 19:00 UTC.""}"
real_haiku45_50,run_015,5,Profile – Midday Basal Increase,Increase basal from 0.7 U/h to 0.8–0.9 U/h at 10:00–16:00 UTC window (conditional on ISF verification),medium,"{""action"": ""Conditional Change"", ""parameter"": ""Profile / basal 10:00"", ""current_value"": ""0.7 U/h"", ""suggested_value"": ""0.8 U/h"", ""unit"": ""U/h"", ""rationale"": ""Sustained hyperglycemia (140–162 mg/dL) at 08:00–17:00 UTC, with drift +30 mg/dL over 5 h, indicates basal may be insufficient. However, ISF conflict and meal logging absence mean this could also be a CR/bolus sizing issue. Increasing basal by 0.1 U/h is a conservative first step. If ISF is verified and meals are logged, further adjustment may be needed."", ""contingency"": ""Do NOT make this change until ISF is verified (previous recommendation completed). After DIA change and basal timing adjustment, monitor glucose drift 10:00–16:00 UTC for 3–7 days. If time in range improves to >85%, no further basal change is needed. If still <85%, increase to 0.85 U/h, then 0.9 U/h as needed, but do not exceed 1.0 U/h without CR review.""}"
real_haiku45_50,run_015,6,Strategy – Meal Bolus Retraining (Conditional),Resume meal logging and reassess CR bolus sizing (only if meal logging intent is clarified as intentional logging),medium,"{""action"": ""Conditional Retraining"", ""steps"": [""Only if meal logging resumes: review CR segments with user"", ""Teach meal carb estimation (scale, labels, typical portion sizes)"", ""Demonstrate CR bolus calculation: carbs ÷ CR = bolus units"", ""Emphasize pre-bolus timing (5–10 min before meal) to reduce peak glucose"", ""Track meals and boluses for 3–5 days; compare given bolus to calculated need"", ""Adjust CR segments if consistent over/under-dosing pattern emerges""], ""monitoring"": ""After 3–5 logged meals, assess glucose response: check if glucose rise is smaller (due to larger pre-bolus) and peak is lower (due to earlier delivery).""}"
real_haiku45_50,run_015,7,Automation – No Change (Baseline Assessment),"SMB, UAM, Sensitivity Limits are well-configured; no changes recommended at this stage",low,"{""action"": ""Keep"", ""settings"": ""smb_enabled=true, uam_enabled=true, smb_interval_minutes=3, max_smb_basal_minutes=15, max_uam_smb_basal_minutes=20, max_basal_u_per_hour=12, max_iob_units=25, dynamic_sensitivity_enabled=true, dynamic_isf_adjustment_factor_percent=70, autosens_enabled=false"", ""rationale"": ""All automation settings are performing as expected and are safe. SMB/UAM are delivering retroactively as designed for the UAM-only system. No safety issues or redundancy detected. Changing these settings now would create confounding variables and make it harder to assess the impact of basal, ISF, and DIA changes.""}"
real_haiku45_50,run_016,1,basal,Verify and increase basal in afternoon peak window (08:00–17:00 local),high,"{""parameter_key"": ""profile.basal.10_00"", ""current_value_u_per_h"": 0.7, ""candidate_value_u_per_h"": 0.8, ""rationale_summary"": ""Increase by 0.1 U/h (14% increase) to address afternoon peak (hour 16 avg 162.8 mg/dL, 32% TAR). This is the primary glycemic defect.""}"
real_haiku45_50,run_016,2,carb_strategy,"Determine carb-entry recovery feasibility; if possible, enable carb logging and pre-bolus strategy",high,null
real_haiku45_50,run_016,3,isf,Investigate and correct baseline ISF (56 mg/dL/U) alignment after basal is stable,medium,null
real_haiku45_50,run_016,4,gcd_and_automation,"Account for GLP-1 effect on basal and ISF, or re-enable Autosens",medium,null
real_haiku45_50,run_016,5,smbandsmb_intensity,Reduce SMB frequency and intensity only after carb-entry status is determined,low,null
real_haiku45_50,run_016,6,dia_and_meal_max_absorption,Re-evaluate DIA (10 hours) and meal_max_absorption_hours (7 hours) after carb logging is enabled,low,null
real_haiku45_50,run_017,1,meal_strategy,Begin logging meal carbohydrate amounts and timing (CRITICAL PRIMARY ACTION),safety,null
real_haiku45_50,run_017,2,meal_strategy,Implement 10-minute prebolus timing after carb logging begins,high,null
real_haiku45_50,run_017,3,profile,Reduce max_basal from 12 U/h to 4 U/h for safety margin,medium,null
real_haiku45_50,run_017,4,meal_strategy,Monitor postmeal glucose response for 1 week; adjust split bolus if needed,low,null
real_haiku45_50,run_017,5,automation,Defer e-carb strategy until after 1 week of carb logging,low,null
real_haiku45_50,run_017,6,automation,"No changes needed to SMB, UAM, ISF, DIA, basal profile, or targets at this time",medium,null
real_haiku45_50,run_018,1,basal,Strengthen afternoon basal (10:00–15:59) and eliminate evening basal valley (16:00–17:59) to address concurrent hyperglycemia and hypoglycemia clustering.,high,"{""parameter"": ""basal_10_00_to_15_59_increase_and_basal_16_00_to_17_59_eliminate_valley"", ""current_value"": ""0.7 U/h (10:00–15:59), 0.5 U/h (16:00–17:59)"", ""suggested_direction"": ""Increase 10:00–15:59 to 0.8–0.9 U/h and raise 16:00–17:59 to 0.6–0.7 U/h (or merge with 18:00 segment 0.6 U/h). Start with +0.1 U/h increase (0.7 → 0.8) for afternoon and +0.1 U/h for evening valley (0.5 → 0.6), monitor for 2–3 days, adjust by 0.05 U/h increments based on afternoon BG trend and evening hypo recurrence.""}"
real_haiku45_50,run_018,2,isf,Assess GLP-1 effect on insulin sensitivity and consider stratified ISF if GLP-1 dosing is predictable.,medium,"{""parameter"": ""isf_glp_1_stratification_or_hedge"", ""current_value"": ""56 mg/dL/U (flat, one segment)"", ""suggested_direction"": ""Defer ISF change until after basal tuning (2–3 weeks). Then, if GLP-1 dosing is weekly/predictable, request creating two profiles (ISF 48–50 on GLP-1 injection weeks, ISF 56–58 on off-weeks). If timing irregular, increase declared ISF from 56 to 60–62 mg/dL/U as compromise to reduce post-GLP-1 overcorrection while accepting slightly higher pre-GLP-1 baseline (acceptable given current 86% TIR). Rationale: GLP-1 effect appears to swing ISF by ±20 mg/dL/U; moving declared ISF from 56 to 60 reduces the post-GLP-1 effective range (40–80 becomes ~36–76, still wide but less extreme).""}"
real_haiku45_50,run_018,3,cr,Cannot recommend CR change without meal carb entries; defer until after basal tuning and user begins logging meals.,low,null
real_haiku45_50,run_018,4,dia,Keep DIA at 10 hours; no change indicated. Insulin action appears appropriate and DIA is standard for rapid-acting insulin.,low,null
real_haiku45_50,run_018,5,target,"Keep targets as declared (90 mg/dL overnight and late evening, 100 mg/dL daytime). Targets are appropriate and achievable.",low,null
real_haiku45_50,run_018,6,smb_uam,Keep SMB/UAM enabled and configured as-is. Automation is functioning well and not the limiting factor.,low,null
real_haiku45_50,run_018,7,automation_sensitivity,Keep Autosens disabled and Dynamic ISF enabled at 70%. No change to automation sensitivity settings indicated at this time.,low,null
real_haiku45_50,run_018,8,meal_strategy,"Meal strategy (reactive micro-bolus, no prebolus, no meal carb logging) is safe and working; do not change yet. If desired, add meal carb logging after basal tuning stabilizes, to enable prebolus trial and validate CR.",low,null
real_haiku45_50,run_019,1,basal,Increase basal rate 10:00–16:00 window from 0.7 to 0.8 U/h to address primary afternoon hyperglycemia driver,high,"{""parameter"": ""basal 10:00–16:00"", ""current"": ""0.7 U/h"", ""suggested"": ""0.8 U/h"", ""unit"": ""U/h"", ""rationale"": ""Sustained afternoon hyperglycemia (10:00–17:00, peaks 285–293 mg/dL, average 132–162 mg/dL, TIR 67.9–92.0%) despite aggressive automation indicates basal insufficiency. SMB and temp basal (up to 4 U/h) compensating but not resolving; underlying profile issue. Basal 0.8 U/h is modest increase (14% higher) and safe given overnight/evening basals are working. Monitor 3–5 days.""}"
real_haiku45_50,run_019,2,carb_logging,Resume carbohydrate logging for 3–5 typical daily meals to enable CR validation and clarify meal-carb contribution to afternoon hyperglycemia,high,null
real_haiku45_50,run_019,3,iob_awareness,User should check IOB before giving corrective boluses >4 hours after a meal to prevent over-correction and hypoglycemia,medium,null
real_haiku45_50,run_019,4,target_and_automation,"Do not change target segments, SMB, UAM, Dynamic ISF, or max-IOB settings until basal is tuned and carb logging resumes",medium,null
real_haiku45_50,run_019,5,ecarb_strategy,"After carb logging resumes, assess meal composition (simple vs. mixed macros) and add e-carbs for slow-absorption meals (typical lunch with fats/proteins)",low,null
real_haiku45_50,run_020,1,carb_logging,Implement carb entry logging for 1–2 weeks,safety,"{""action"": ""Start carb logging in AAPS or Nightscout"", ""duration"": ""1–2 weeks minimum"", ""intent"": ""Validate CR, ISF, meal bolus strategy; enable reliable profile tuning""}"
real_haiku45_50,run_020,2,meal_bolus_strategy,Review bolus timing with user: confirm prebolus intent and current delivery time,high,"{""action"": ""Clarify declared vs. observed prebolus timing"", ""rationale"": ""Post-bolus glucose rise pattern is consistent but may reflect user behavior (eating at bolus time) or system timing (delayed SMB/bolus calculation). Distinguishing these will inform whether to change user behavior or system tuning.""}"
real_haiku45_50,run_020,3,profile_cr,Do not change CR until carb logging is available (minimum 1–2 weeks),high,"{""action"": ""Withhold CR change pending carb data"", ""rationale"": ""CR segments are plausible (13, 11.1, 13.2, 10.5, 12.6 g/U) but unvalidated. Changing CR without carb ground-truth risks worsening afternoon lows if CR is already appropriate.""}"
real_haiku45_50,run_020,4,automation_smb_frequency,Consider reducing SMB interval from 3 min to 5 min after meal bolus strategy is clarified,low,"{""action"": ""Reduce smb_interval_minutes from 3 to 5 (conditional on carb-data validation)"", ""rationale"": ""No urgent change needed; SMB frequency is not causing safety violations. Defer until meal bolus strategy and CR are tuned.""}"
real_haiku45_50,run_020,5,isf_validation,"Once carb logging is available, compare post-bolus glucose response to declared ISF 56 mg/dL/U",medium,"{""action"": ""Defer ISF tuning until carb data is available"", ""rationale"": ""Dynamic ISF is already protecting against overcorrection; static ISF 56 is reasonable. Do not change until carb-linked correction analysis is possible.""}"
real_haiku45_50,run_021,1,isf,Raise ISF from 56 to 110 mg/dL/U,high,"{""parameter"": ""ISF 00:00"", ""old_value"": ""56 mg/dL/U"", ""new_value"": ""110 mg/dL/U"", ""rationale"": ""Doubles ISF to center estimate from therapy response window median (~150–400); conservative midpoint. Aligns with observed corrections.""}"
real_haiku45_50,run_021,2,basal,Increase basal 10:00–16:00 from 0.7 to 0.85 U/h,high,"{""parameter"": ""Basal 10:00"", ""old_value"": ""0.7 U/h"", ""new_value"": ""0.85 U/h"", ""rationale"": ""Addresses persistent afternoon elevation (hour 10–16 avg 130–163 mg/dL vs. target 100). Conservative 13% increase. Change after ISF adjustment stabilizes (3–5 days).""}"
real_haiku45_50,run_021,3,target,Keep targets 90 and 100 mg/dL; re-assess after basal/ISF corrected,low,null
real_haiku45_50,run_021,4,meal_strategy,Restore carbohydrate logging for ≥3 days to validate CR and meal bolus sizing,high,null
real_haiku45_50,run_021,5,smb_uam,Keep SMB/UAM settings; automation will re-equilibrate after ISF/basal corrected,medium,null
real_haiku45_50,run_021,6,automation_sensitivity,Keep Dynamic ISF 70% adjustment factor; re-assess after ISF base change stabilizes,low,null
real_haiku45_50,run_022,1,meal_strategy,Implement carb logging for 3–5 days to validate profile and meal patterns,safety,null
real_haiku45_50,run_022,2,meal_strategy,Shift from small meal boluses + SMB/UAM reliance to adequate upfront meal boluses,high,null
real_haiku45_50,run_022,3,meal_strategy,Do not implement prebolus timing change at this time; focus on meal bolus adequacy first,medium,null
real_haiku45_50,run_022,4,automation,Verify Dynamic ISF adjustment factor; consider increasing from 70% to 85–90% pending meal bolus strategy revision,medium,"""dynamic_isf_adjustment_factor_percent: 85"""
real_haiku45_50,run_022,5,automation,Defer Autosens trial until carb logging is established,low,null
real_haiku45_50,run_022,6,profile,"Do not change basal, CR, ISF, or DIA at this time; defer until carb logging is completed",medium,null
real_haiku45_50,run_023,1,meal_strategy,"Establish consistent meal bolus strategy: prebolus 0–15 min, immediate bolus 20–30% of total.",high,null
real_haiku45_50,run_023,2,meal_logging,Introduce meal carb logging to Nightscout/AAPS.,high,null
real_haiku45_50,run_023,3,automation_safety_limits,Reduce max_iob_units from 25 U to 15–20 U.,high,null
real_haiku45_50,run_023,4,correction_bolus_strategy,"Establish correction bolus limits: trigger, size, minimum interval.",high,null
real_haiku45_50,run_023,5,glp1_meal_interaction,Consider extended carbs or e-carb entries for GLP-1-delayed meals.,medium,null
real_haiku45_50,run_023,6,profile_validation,Perform single-meal DIA test to validate 10-hour assumption.,medium,null
real_haiku45_50,run_023,7,glp1_insulin_adjustment,"Review insulin dosing (basal, CR) in context of GLP-1 appetite suppression.",medium,null
real_haiku45_50,run_024,1,meal_bolus_strategy,Add modest prebolus to reduce UAM detection lag and afternoon highs,high,"{""action"": ""Add prebolus timing"", ""breakfast_prebolus_minutes"": 10, ""breakfast_prebolus_units_estimate"": 0.75, ""lunch_prebolus_minutes"": 10, ""lunch_prebolus_units_estimate"": 1.5, ""rationale"": ""Breakfast estimated 30–50 g (need 2.3–3.8 U via CR 13.2); prebolus 0.75 U covers ~25% upfront, reduces peak and enables SMB to catch carbs faster. Lunch estimated 40–80 g (need 3.0–7.6 U via CR 10.5–13.2); prebolus 1.5 U covers ~20% upfront, reduces afternoon high severity and afternoon correction frequency, reducing evening low risk.""}"
real_haiku45_50,run_024,2,carbohydrate_entry,Consider declaring carbohydrate amounts to enable meal bolus calculation,medium,"{""action"": ""Declare carbs for 1–2 meals per day to validate CR"", ""starting_meals"": ""breakfast, lunch"", ""expected_bolus_amounts"": ""breakfast 2.3–3.8 U (for 30–50 g), lunch 3.0–7.6 U (for 40–80 g)"", ""rationale"": ""Enables meal bolus wizard, reduces UAM detection lag, allows system to match insulin delivery to meal timing rather than post-hoc correction. Will improve TIR and reduce correction-bolus accumulation.""}"
real_haiku45_50,run_024,3,basal,Confirm basal via unperturbed fasting day test,low,null
real_haiku45_50,run_024,4,correction_bolus_strategy,Reduce afternoon correction frequency by improving meal-bolus timing,medium,null
real_haiku45_50,run_024,5,dynamic_isf,Verify Dynamic ISF adjustment factor 70% via sensitivity validation test,low,null
real_haiku45_50,run_024,6,target_adjustment,Monitor fixed targets; no change recommended,low,null
real_haiku45_50,run_025,1,meal_carbs,Restore meal carbohydrate logging,safety,"{""action"": ""Enable or restore meal carb entry in AAPS and Nightscout. Log every meal with: estimated carbohydrate grams, meal start time, macros (fat grams, protein grams) if available. Continue for minimum 1–2 weeks to capture variety of meal sizes and GLP-1 effects."", ""rationale"": ""Carb logs are prerequisite for CR validation, ISF tuning, and meal-bolus adequacy assessment. Without them, profile cannot advance beyond basal and safety limits.""}"
real_haiku45_50,run_025,2,automation_carb_absorption,Reduce meal-detection threshold for slow-absorption meals,medium,"{""parameter_key"": ""aaps.core.carb_absorption"", ""component"": ""min_5m_carbimpact"", ""old_value"": ""8 mg/dL/5 min"", ""new_value"": ""5 mg/dL/5 min"", ""rationale"": ""Allows loop to recognize slow (GLP-1-induced) meal absorption as COB, not basal error. Earlier UAM detection will improve meal coverage and reduce afternoon basal overshoot.""}"
real_haiku45_50,run_025,3,meal_strategy,Implement prebolus 15 minutes before meal,medium,"{""action"": ""User declares prebolus intent: 15 minutes before meal. AAPS may optionally support this via temp target or explicit configuration, but primary action is user discipline: inject bolus (estimate meal carbs per CR) 15 min before eating."", ""rationale"": ""Prebolus timing improvement targets afternoon hyperglycemia driver (slow meal absorption). Pending carb-log restoration and CR validation, prebolus is a safe, low-risk behavioral change.""}"
real_haiku45_50,run_026,1,meal_strategy,Implement carb logging immediately (prerequisite for all downstream optimizations),high,"{""action"": ""implement"", ""target"": ""carb logging process"", ""duration_days"": 3, ""scope"": ""all meals""}"
real_haiku45_50,run_026,2,basal,Increase midday basal segment (10:00-16:00) from 0.7 to 0.8 U/h to address persistent hyperglycemia,high,"{""parameter"": ""Profile / basal 10:00"", ""old_value"": ""0.7 U/h"", ""new_value"": ""0.8 U/h"", ""rationale"": ""Midday TIR 67.9-78.7% vs. target >85%; avg 132-163 mg/dL vs. target 100.""}"
real_haiku45_50,run_026,3,automation_smb_activation,Enable smb_with_cob_enabled=true (deferred pending carb logging from high-priority recommendation 1),medium,"{""parameter"": ""AAPS / SMB activation conditions - smb_with_cob_enabled"", ""component"": ""smb_with_cob_enabled"", ""old_value"": ""false"", ""new_value"": ""true"", ""dependency"": ""Requires carb logging (high-priority recommendation 1)""}"
real_haiku45_50,run_026,4,basal,Monitor evening lows (hours 17-19 local) post-midday-basal increase; adjust evening basal if lows worsen,medium,"{""action"": ""monitor"", ""metric"": ""evening glucose min (17:00-19:00 local)"", ""threshold_mg_dl"": 70, ""next_step_if_triggered"": ""Adjust evening basal or SMB interval per description""}"
real_haiku45_50,run_026,5,automation_sensitivity,Consider enabling Autosens (lower priority; optional after carb logging and basal tuning),low,"{""parameter"": ""AAPS / Autosens and Dynamic ISF - autosens_enabled"", ""component"": ""autosens_enabled"", ""old_value"": ""false"", ""new_value"": ""true (optional; test post-carb-logging and basal tuning)""}"
real_haiku45_50,run_027,1,basal,Increase midday basal 10:00–17:00 from 0.7 to 0.85 U/h; eliminate 16:00 step-down to 0.5 U/h,high,"{""basal_10_00"": ""0.85 U/h"", ""basal_16_00"": ""keep at 0.7 U/h (do not step down to 0.5 U/h)""}"
real_haiku45_50,run_027,2,meal_bolus_strategy,Adopt prebolus and higher immediate bolus percentage to shift meal coverage from SMB-primary to hybrid,high,"{""prebolus_minutes"": ""15–30 min before meal start (standard), 30–45 min on GLP-1 injection days"", ""immediate_bolus_percent"": ""20–30% of CR-calculated carb bolus (standard), 30–40% on GLP-1 days"", ""meal_logging_requirement"": ""begin logging meal carb amounts (even rough estimates, ±10g acceptable) to enable CR validation and automated calculation""}"
real_haiku45_50,run_027,3,meal_logging,Begin logging meal carbs for 3+ meals to enable CR validation and profile refinement,high,"{""action"": ""log meal carb amount (required), meal composition/macros (optional: % carbs/fat/protein), meal start time (required), bolus timing relative to meal (required)""}"
real_haiku45_50,run_027,4,aaps_core_carb_absorption,Consider lowering min_5m_carbimpact from 8 to 5–6 mg/dL/5 min to detect GLP-1-delayed slow rises earlier,low,"{""min_5m_carbimpact"": ""5–6 mg/dL/5 min (deferred, conditional on meal logging + strategy validation)""}"
real_haiku45_50,run_028,1,profile,Lower and segment profile ISF to match true insulin sensitivity,high,"{""parameter"": ""ISF segments"", ""current"": ""56 mg/dL/U (single, all times)"", ""suggested"": ""40 mg/dL/U (00:00–08:00); 28 mg/dL/U (08:00–23:00)"", ""rationale"": ""Therapy response math (bolus magnitude vs. glucose drop) suggests daytime ISF ~25–35 mg/dL/U; overnight overcorrections suggest overnight ISF ~35–45 mg/dL/U. Segmentation allows time-of-day tuning. Dynamic ISF compression should reduce once base ISF corrected.""}"
real_haiku45_50,run_028,2,profile,Reduce overnight basal 00:00–05:00 to address hour 1 low,high,"{""parameter"": ""Basal 00:00–05:00"", ""current"": ""0.6 U/h"", ""suggested"": ""0.5 U/h"", ""rationale"": ""Hour 1 low (90.6 mg/dL, 18.5% below range) indicates over-insulin during 00:00–05:00 window. Profile target 00:00–23:00 is 90 mg/dL (tight for fasting). Basal 0.5 U/h reduces IOB while maintaining glucose near target. Test after ISF segmentation to avoid stacking changes.""}"
real_haiku45_50,run_028,3,profile,Tighten CR 08:00–16:00 for post-GLP-1 meal absorption,high,"{""parameter"": ""CR 08:00–16:00"", ""current"": ""13.2 g/U"", ""suggested"": ""11.5 g/U"", ""rationale"": ""Therapy windows 8, 11, 12, 17 show meal boluses insufficient; glucose rises to 188–235 mg/dL and sustained high. Post-GLP-1, absorption extends; loosening CR to accommodate slower absorption was common practice, but here CR is already loose (13.2 vs. 10.5 evening segment). Tightening to 11.5 g/U ensures bolus is larger for same carbs, addressing immediate insulin deficit at meal. Implement after profile ISF change to avoid compounding variables.""}"
real_haiku45_50,run_028,4,target,Increase overnight target to 100–110 mg/dL (23:00–08:00 local) for low buffer,medium,"{""parameter"": ""Target segments"", ""current"": ""90 mg/dL (00:00–23:00), then 100 mg/dL (08:00), then 90 mg/dL (23:00)"", ""suggested"": ""100 mg/dL (00:00–08:00); 100 mg/dL (08:00–23:00); 100 mg/dL (23:00–00:00 next day). Simplified to 100 mg/dL overnight/sleep, 100 mg/dL morning, maintain current 90 mg/dL daytime if preferred, or simplify to 100 mg/dL all day during transition."", ""rationale"": ""Overnight target 90 mg/dL is tight for sleep; risk increases with ISF 40 (more sensitive). Raising to 100–110 mg/dL 23:00–08:00 (sleep window) buffers against low. Daytime targets may remain 90–100 mg/dL for control.""}"
real_haiku45_50,run_028,5,meal_strategy,Implement explicit meal bolus strategy (carb logging + prebolus or immediate bolus % boost),medium,"{""parameter"": ""Meal strategy (not a single profile parameter)"", ""current"": ""Reactive bolusing, no carb logging, inferred immediate bolus 10–30%"", ""suggested"": ""Either: (i) Log meal carbs; prebolus 10–15 min before meal; deliver 50–70% of bolus upfront, OR (ii) Continue reactive bolusing but increase immediate bolus % to 60–70% when meal detected; rely less on SMB accumulation"", ""rationale"": ""Exception 1 (afternoon highs to 235 mg/dL) indicates reactive bolusing + loose CR + SMB-only accumulation insufficient. Prebolus allows earlier insulin delivery relative to carb absorption peak, reducing rebound. Carb logging enables CR validation (currently inferred from glucose response only). After profile ISF/CR/basal corrected, re-test meal bolus effectiveness before finalizing strategy.""}"
real_haiku45_50,run_028,6,automation,Reassess Dynamic ISF factor post-profile-ISF correction,low,"{""parameter"": ""dynamic_isf_adjustment_factor_percent (future test only)"", ""current"": ""70 %"", ""suggested"": ""Retest at 50% or 40% after 2–3 weeks of profile ISF 28/40 stability"", ""rationale"": ""70% compression was masking ISF 56 inadequacy. Once base ISF lowered, compression need decreases. Reassess after profile stable; do not change both simultaneously.""}"
real_haiku45_50,run_029,1,meal_bolus_strategy,Add explicit prebolus and at-meal bolus to replace SMB-only meal coverage,high,"{""prebolus_minutes"": 10, ""prebolus_ratio_percent"": 30, ""immediate_bolus_percent"": 30, ""smb_uam_continues"": true, ""e_carbs"": ""not indicated, use standard 7-hour absorption""}"
real_haiku45_50,run_029,2,profile_isf,Reduce ISF from 56 to 50 mg/dL/U and observe for 2–3 days before further adjustment,high,"{""isf_mg_dl_per_unit"": 50}"
real_haiku45_50,run_029,3,carb_logging,Add carb entries for 2–3 consecutive days (rough estimates acceptable) to validate CR and meal sizing,high,"{""action"": ""add_carb_entries"", ""duration_days"": 3, ""example"": ""breakfast 45g at 07:00 local, lunch 70g at 13:00, dinner 50g at 18:30""}"
real_haiku45_50,run_029,4,profile_dia,"Evaluate DIA reduction to 8 hours after ISF and meal bolus stabilize, if evening lows persist",medium,"{""dia_hours"": 8}"
real_haiku45_50,run_029,5,automation_sensitivity,Keep Autosens disabled and Dynamic ISF enabled; monitor Dynamic ISF adjustment frequency after ISF profile change,medium,"{""autosens_enabled"": ""keep false"", ""dynamic_isf_enabled"": ""keep true""}"
real_haiku45_50,run_029,6,carb_detection,Consider trial reduction of min_5m_carbimpact from 8 to 5 mg/dL/5 min only if carb logs confirm slow meal absorption patterns,low,"{""min_5m_carbimpact_mg_dl_per_5min"": 5, ""condition"": ""only_after_carb_logs_validate_slow_meal_pattern""}"
real_haiku45_50,run_030,1,profile,Lower ISF baseline from 56 to 40 mg/dL/U,high,"{""parameter"": ""isf_segments[0]"", ""current"": ""56 mg/dL/U"", ""proposed"": ""40 mg/dL/U"", ""rationale"": ""Observed therapy responses and Dynamic ISF compression patterns indicate true ISF ~40. Reducing baseline from 56 to 40 aligns declared value with observed behavior, reduces risk of overcorrection in high-IOB states, and enables smaller Dynamic ISF adjustments (less compression needed).""}"
real_haiku45_50,run_030,2,profile,Reduce DIA from 10 to 8 hours,high,"{""parameter"": ""dia_hours"", ""current"": ""10 h"", ""proposed"": ""8 h"", ""rationale"": ""Negative IOB observed indicates DIA is too long. Reducing to 8 hours allows insulin to clear faster, reducing early-morning and early-evening IOB carryover. This should reduce 01:00–02:00 lows (18.5% TBR) and 18:00–19:00 lows (15.3% TBR).""}"
real_haiku45_50,run_030,3,basal,Lower basal rates in nocturnal and early-evening vulnerable windows,medium,"{""parameter"": ""basal at 00:00 and 18:00"", ""current"": ""0.6 U/h"", ""proposed"": ""0.45–0.5 U/h"", ""rationale"": ""High TBR in these windows despite target BG ~90 indicates basal is excessive when combined with residual afternoon IOB (long DIA). Lowering basal after DIA correction should reduce nocturnal lows. Test downward in increments (0.6 → 0.5 → 0.45) over 3–5 day intervals, monitoring for hypo risk and fasting stability.""}"
real_haiku45_50,run_030,4,meal_strategy,Begin meal logging and implement 5–10 min prebolus for main meals,high,"{""parameter"": ""meal_strategy context (user behavior, not AAPS setting)"", ""current"": ""No meal logging, no prebolus"", ""proposed"": ""Log carbs for main meals (breakfast, lunch, dinner); bolus 5–10 min before meal start"", ""rationale"": ""Meal logging enables AAPS to size initial bolus correctly and reduces SMB/UAM burden. Prebolus suppresses early carb absorption peaks. Together these should reduce afternoon highs from 148–162 mg/dL avg to <130 mg/dL.""}"
real_haiku45_50,run_031,1,basal,Reduce early-morning basal 00:00 UTC from 0.6 U/h to 0.5 U/h,high,"{""parameter"": ""basal segment 00:00 UTC"", ""current_value"": ""0.6 U/h"", ""suggested_value"": ""0.5 U/h"", ""rationale"": ""Observed TBR 10–18% at 01:00–02:00 local (00:00–02:00 UTC) with basal 0.6 U/h indicates excess. Reduction to 0.5 U/h will bring early-morning insulin delivery in line with 03:00–07:00 local overnight fasting pattern (currently TBR <5%, avg 99–106 mg/dL).""}"
real_haiku45_50,run_031,2,meal_strategy,Initiate carb logging (mandatory prerequisite for all meal-bolus tuning),high,"{""action"": ""Log meal carbs (grams at meal time) for breakfast, lunch, and dinner for 3–5 days"", ""rationale"": ""Current zero-carb-log scenario prevents loop from detecting meals (COB: 0 always) and disables CR usage. Carb logs will populate COB field, enable UAM meal detection, and allow meal-bolus matching. This is the single most impactful data collection for profile optimization.""}"
real_haiku45_50,run_031,3,meal_strategy,Add 5–10 min prebolus before recurring meals (after carb logs are established and basal change is verified),medium,"{""action"": ""After carb logging is established and basal change is verified (≥5 days), administer 5–10 min prebolus before morning (08:00 local) and afternoon (14:00 local) meals. Bolus size = estimated meal carbs / CR, or use AAPS meal wizard if carbs are logged."", ""rationale"": ""Prebolus advances insulin delivery relative to meal onset, reducing postprandial peak glucose. Current reactive bolusing (SMB-only, firing after BG rise starts) causes TARs 20–32%; prebolus should lower peaks by 20–30 mg/dL.""}"
real_haiku45_50,run_031,4,target,Maintain current target segments (no change),low,null
real_haiku45_50,run_031,5,cr,Validate CR after carb logging begins (do not change now),medium,null
real_haiku45_50,run_031,6,isf,Withhold ISF change until carb logs unblock therapy response analysis,medium,null
real_haiku45_50,run_031,7,automation,No automation (SMB/UAM/dISF/max_basal/max_iob) changes recommended,low,null
real_haiku45_50,run_031,8,verification,Verify basal reduction (0.6 → 0.5 U/h at 00:00 UTC) over 3–5 days,high,null
real_haiku45_50,run_032,1,basal,Verify and adjust overnight basal rate (00:00) down from 0.6 to 0.5 U/h or increase overnight target from 90 to 95–100 mg/dL,high,"{""basal_00_00"": {""current_value"": ""0.6 U/h"", ""suggested_value"": ""0.5 U/h"", ""unit"": ""U/h"", ""rationale"": ""Reduce basal rate for overnight fasting to reduce 18.5% hypoglycemia at 01:00. Confirm via fasting test first.""}}"
real_haiku45_50,run_032,2,isf,Increase ISF from 56 to 100–120 mg/dL/U via small-bolus fasting test confirmation,high,"{""isf_00_00"": {""current_value"": ""56 mg/dL/U"", ""suggested_value"": ""100 mg/dL/U"", ""unit"": ""mg/dL/U"", ""rationale"": ""Correct underestimated ISF via small-bolus fasting test. Increase from 56 to 100 (conservative mid-range estimate for true ISF 100–150) to increase effective bolus magnitude and reduce SMB micro-bolus dependency.""}}"
real_haiku45_50,run_032,3,basal,Assess and potentially increase afternoon basal rate (16:00) from 0.5 to 0.6 U/h after ISF adjustment,medium,"{""basal_16_00"": {""current_value"": ""0.5 U/h"", ""suggested_value"": ""0.6 U/h"", ""unit"": ""U/h"", ""rationale"": ""Afternoon hyperglycemia clustering suggests afternoon basal may be insufficient. However, confirm ISF adequacy first; if meal boluses are undersizing due to weak ISF, increasing basal alone will not help. Increase 16:00 only after ISF is corrected and afternoon peaks persist.""}}"
real_haiku45_50,run_032,4,smb,Reduce Dynamic ISF strength from 70% to 50% after ISF increase is confirmed,medium,"{""dynamic_isf_adjustment_factor_percent"": {""current_value"": ""70 %"", ""suggested_value"": ""50 %"", ""unit"": ""%"", ""rationale"": ""Reduce Dynamic ISF scaling strength after base ISF correction. 70% scaling on weak base ISF is compensatory; with stronger ISF, reduced scaling prevents excessive adjustment and simplifies loop behavior. Implement after ISF increase confirmed.""}}"
real_haiku45_50,run_032,5,target,Consider increasing overnight target from 90 to 95–100 mg/dL if basal 00:00 reduction does not resolve 01:00 lows,medium,"{""target_00_00"": {""current_value"": ""90 mg/dL"", ""suggested_value"": ""95–100 mg/dL"", ""unit"": ""mg/dL"", ""rationale"": ""If basal 00:00 reduction insufficient, raise target to reduce system aggressiveness overnight. Accept mild hyperglycemia to eliminate hypoglycemia risk. Implement only after basal adjustment trial shows insufficient benefit.""}}"
real_haiku45_50,run_032,6,meal_strategy,Clarify meal bolus approach: either adopt carb logging (enable COB-based bolus) or formalize meal-unannounced strategy with user education on SMB/UAM IOB,high,null
real_haiku45_50,run_032,7,ecarbs,"If adopting carb logging, add e-carbs for GLP-1 meals: model large lunch on GLP-1 days as 2–3 hour absorption instead of default ~1 hour",medium,"{""meal_max_absorption_hours"": {""current_value"": ""7 h"", ""suggested_value"": ""8–9 h"", ""unit"": ""h"", ""rationale"": ""Increase max absorption to account for GLP-1 delayed gastric emptying. If user continues meal-unannounced approach, this setting allows longer UAM carb-detection window without active meal carb entry. If user adopts carb logging, use explicit e-carbs instead.""}}"
real_haiku45_50,run_033,1,profile_isf,Raise insulin sensitivity factor (ISF) from 56 to 80-100 mg/dL/U,high,"{""parameter"": ""ISF 00:00"", ""current_value"": 56, ""suggested_value_low"": 80, ""suggested_value_high"": 100, ""units"": ""mg/dL/U"", ""rationale"": ""Therapy windows imply ISF 150-300; conservative raise to 80-100 as first step.""}"
real_haiku45_50,run_033,2,profile_basal,Increase basal at 16:00 from 0.5 to ≥0.7 U/h to address midday plateau,high,"{""parameter"": ""Basal 16:00"", ""current_value"": ""0.5 U/h"", ""suggested_value"": ""0.7 U/h"", ""units"": ""U/h"", ""rationale"": ""Hour 16 worst TIR (67.9%); 0.5 U/h is lowest basal setting. Raising to 0.7 U/h matches adjacent segments (10:00, 19:00) and provides baseline for lunch absorption.""}"
real_haiku45_50,run_033,3,profile_basal,Add intermediate basal segment 12:00-13:00 at 0.7-0.8 U/h for lunch carb absorption,medium,"{""parameter"": ""Basal 12:00 (new segment)"", ""current_value"": null, ""suggested_value"": ""0.7-0.8 U/h"", ""units"": ""U/h"", ""rationale"": ""Lunch (hours 12-17) sustained high; adding basal segment at lunch start time provides baseline coverage. Coordinates with ISF raise and 16:00 basal increase.""}"
real_haiku45_50,run_033,4,profile_dia,Test DIA reduction to 6-7 hours (if AAPS supports DIA segmentation by bolus size),medium,"{""parameter"": ""DIA (test)"", ""current_value"": 10, ""suggested_value"": ""6-7 (global) or 6 (SMB), 10 (meal bolus) if segmented"", ""units"": ""hours"", ""rationale"": ""Small SMBs show effective DIA 4-6 h; 10 h causes overestimation and suppression. Test reduction with ISF raise to stabilize system.""}"
real_haiku45_50,run_033,5,automation_max_iob,Conditional: lower max IOB from 25 U to 15 U if ISF is not raised,medium,"{""parameter"": ""Max IOB (conditional on ISF change)"", ""current_value"": ""25 U"", ""suggested_value"": ""15 U (if ISF not raised) or keep 25 U (if ISF raised to 80-100)"", ""units"": ""U"", ""rationale"": ""If ISF raised, 25 U is safe. If ISF remains 56, 25 U is too high; lower to 15 U to prevent IOB stacking.""}"
real_haiku45_50,run_033,6,meal_strategy,Request meal carb logs (7 days minimum) to enable CR validation and e-carb protocol design,high,"{""parameter"": ""Meal carb logs (new data entry)"", ""current_value"": ""0 carbs logged in 14 days"", ""suggested_value"": ""7-14 days of meal logs (breakfast, lunch, dinner carbs)"", ""units"": ""grams per meal"", ""rationale"": ""Zero carbs logged; system operates blind to meal composition. Logs enable CR, e-carb design, and GLP-1 effect modeling.""}"
real_haiku45_50,run_033,7,meal_strategy,"If carb logging not feasible, use manual temp target to model GLP-1 effect during lunch",medium,"{""parameter"": ""Temp target (manual, meal-specific)"", ""current_value"": ""None (system uses fixed targets 90/100 mg/dL)"", ""suggested_value"": ""80-90 mg/dL from 12:30-16:30 local on days with large lunch"", ""units"": ""mg/dL, time window"", ""rationale"": ""Carb logs unlikely; manual temp target provides GLP-1 effect accommodation without carb entry. Lower temp triggers aggressive SMB during prolonged absorption.""}"
real_haiku45_50,run_034,1,basal,Increase basal from 0.5 U/h to 0.8 U/h at 16:00 local segment.,high,"{""parameter"": ""Basal 16:00"", ""current"": ""0.5 U/h"", ""proposed"": ""0.8 U/h"", ""rationale"": ""Aligns afternoon basal with adjacent hours; allows SMB to operate above baseline instead of at baseline; expected to reduce hour 16 TAR from 32.1% toward 10–15%.""}"
real_haiku45_50,run_034,2,data_logging,"Enter carb amounts for 1 complete day (breakfast, lunch, dinner) without changing bolus strategy.",high,"{""parameter"": ""Carb entry documentation"", ""current"": ""Zero carb entries; meals inferred from UAM only"", ""proposed"": ""Log 3–4 meals with carb amounts and entry timestamps"", ""rationale"": ""Enables direct validation of therapy_response_windows against known carbs; clarifies whether 0.05–0.25 U boluses are under-bolusing or appropriate for actual meal size; identifies whether basal insufficiency (vs. bolus insufficiency) is primary driver of hyperglycemia.""}"
real_haiku45_50,run_034,3,automation_sensitivity,"Monitor IOB trajectory over 5–7 days post-basal increase; if IOB remains >6 U and hyperglycemia persists, consider reducing meal_max_absorption from 7 h to 4–5 h to improve COB decay.",medium,"{""parameter"": ""Meal max absorption hours"", ""current"": ""7 h"", ""proposed"": ""4–5 h (conditional on IOB trajectory post-basal increase)"", ""rationale"": ""Observed meal absorption peaks at 60–180 min; 90% clearing by 240–360 min; 7 h is longer than needed and may over-extend COB tail. Reducing to 4–5 h aligns with observed absorption and improves COB decay without sacrificing accuracy.""}"
real_haiku45_50,run_034,4,automation_sensitivity,"After basal increase and carb logging confirm CR/bolus proportionality, consider increasing Dynamic ISF adjustment factor from 70% to 85% to allow stronger correction during high-BG + high-IOB episodes.",low,"{""parameter"": ""Dynamic ISF adjustment factor"", ""current"": ""70 %"", ""proposed"": ""85 % (conditional on basal increase response and carb logging)"", ""rationale"": ""Allows stronger correction during sustained high BG; reduces algorithm over-conservatism during crisis periods; balances safety (avoids over-insulin during IOB-induced sensitivity reduction) with effectiveness (maintains correction capability).""}"
real_haiku45_50,run_035,1,meal_detection_threshold,Lower min_5m_carbimpact to accelerate early meal detection,high,"{""parameter"": ""min_5m_carbimpact"", ""current_value"": ""8 mg/dL/5 min"", ""suggested_value"": ""6 mg/dL/5 min"", ""rationale"": ""Lower threshold triggers earlier meal detection; reduces latency from 30–60 min to ~10–15 min. No change to bolus sizes or profile.""}"
real_haiku45_50,run_035,2,afternoon_basal,Increase afternoon basal to unlock SMB delivery ceiling and provide baseline correction,high,"{""parameter"": ""afternoon_basal_16_00"", ""current_value"": ""0.5 U/h"", ""suggested_value"": ""0.6 U/h"", ""rationale"": ""Afternoon highs (mean 162.8, max 293) coincide with lowest basal and lowest SMB ceiling. Raising basal 20% unlocks proportional SMB ceiling increase (~18% to 3 U/h vs. 2.5 U/h). Provides baseline correction during high-variability period. Medium risk; may cause lows if meal boluses are adequate; dependent on Step 1 being effective first.""}"
real_haiku45_50,run_035,3,lunch_prebolus,Add 15-min prebolus before lunch (50% of estimated meal bolus) to align bolus delivery with meal carb absorption,high,"{""parameter"": ""lunch_bolus_strategy"", ""current_value"": ""all_smb_no_prebolus"", ""suggested_value"": ""50_percent_prebolus_15min_before_meal_50_percent_smb"", ""rationale"": ""Prebolus bypasses meal detection latency (Step 1) and basal ceiling constraint (Step 2) by front-loading insulin delivery. 50/50 split allows SMB to fine-tune remainder based on actual meal absorption. Requires user to estimate lunch carbs (e.g., CR 13.2 g/U, assume 50g meal = 3.8 U total, prebolus 1.9 U at 12:00, let SMB deliver 1.8 U by 13:30). Sustainable without carb logging if estimate is consistent; validate with 1-week carb logging after Step 3 is stable.""}"
real_haiku45_50,run_035,4,profile_parameters,"No profile parameter changes indicated (CR, ISF, DIA, targets, non-afternoon basal remain stable)",none,null
real_haiku45_50,run_035,5,autosens,Autosens remains disabled (intentional active tuning phase),none,null
real_haiku45_50,run_035,6,dynamic_isf,Dynamic ISF remains enabled at 70% (will operate at more moderate levels once meal bolusing is improved),none,null
real_haiku45_50,run_036,1,meal_bolus_strategy,Adopt prebolus and meal logging to separate meal bolus from basal and SMB,high,"{""component"": ""meal_logging_and_prebolus"", ""action"": ""start_carb_logging_prebolus"", ""carb_logging"": ""log all meals for 7 days minimum; include carb amount, time, and meal type (breakfast, lunch, dinner, snack)"", ""prebolus_approach"": ""give 50% of meal bolus 15–20 min before eating; remainder at mealtime or allow SMB to deliver. Example: lunch 60 g carbs at CR 10.5 = 5.7 U required. Pre-bolus 2.8 U at 12:10; at 12:30 meal, reassess and give remainder or allow SMB to fine-tune"", ""expected_timeline"": ""implement over 3–7 days; carb logging alone will improve AAPS understanding within 1 day; prebolus effect will show in next meal (within hours)""}"
real_haiku45_50,run_036,2,profile_basal,Increase basal at 14:00–16:00 UTC (15:00–17:00 local) OR reduce to 0.7–0.8 U/h at 16:00 UTC,high,"{""parameter"": ""profile.basal.16_00"", ""current_value"": ""0.5 U/h"", ""suggested_value"": ""0.7 U/h"", ""note"": ""do_not_implement_yet; implement only after meal_bolus_strategy is active for 5+ days and carbs are logged. Then reassess. If afternoon peak persists above 140 mg/dL with adequate meal bolus, increase 16:00 basal from 0.5 to 0.7 U/h. Also consider increasing basal at 14:00 UTC from 0.7 to 0.75 U/h to smooth the transition into the 16:00 segment.""}"
real_haiku45_50,run_036,3,automation_uam,Increase min_5m_carbimpact from 8 to 10–12 mg/dL per 5 min OR enable meal logging to improve UAM calibration,medium,"{""parameter"": ""aaps.carb_absorption.min_5m_carbimpact"", ""current_value"": ""8 mg/dL/5 min"", ""suggested_value"": ""verify_with_meal_logging"", ""note"": ""step_1: enable_meal_logging for 7 days. step_2: if afternoon hyperglycemia persists despite adequate meal bolus, increase to 10–12 mg/dL/5 min and observe for 3 days. step_3: if overcorrection of slow meals occurs, reduce back to 8–10.""}"
real_haiku45_50,run_036,4,automation_sensitivity,Enable Autosens (with target adjustments disabled) for 7 days as a diagnostic to clarify whether ISF is stable or variable,medium,"{""parameter"": ""aaps.core.sensitivity.autosens_enabled"", ""current_value"": ""false"", ""suggested_value"": ""true_for_diagnostic"", ""note"": ""enable autosens_enabled = true; keep autosens_raises_target = false, autosens_lowers_target = false. run for 7 days. if sensitivity_ratio remains near 1.0 across days, disable autosens and accept ISF 56 as stable. if sensitivity_ratio trends, adjust ISF manually and re-disable autosens.""}"
real_haiku45_50,run_036,5,automation_iob,Consider reducing max_iob from 25 U to 5–10 U if evening lows persist after meal bolus strategy is implemented,low,"{""parameter"": ""aaps.core.safety_limits.max_iob_units"", ""current_value"": ""25 U"", ""suggested_value"": ""5–10 U_if_evening_lows_persist"", ""note"": ""do_not_implement_yet. after meal_bolus_strategy is active for 7+ days and evening low frequency is reassessed, if evening lows remain at >10% time below range during hour 19, reduce max_iob from 25 to 8–10 U as a trial and observe for 3 days.""}"
real_haiku45_50,run_037,1,meal_bolus_strategy,Enable carbohydrate logging for 5-7 days to validate CR and unlock pre-bolus capability,high,"{""action"": ""Enable carb logging"", ""duration_days"": 7, ""scope"": ""all meals and snacks"", ""include_timing"": true, ""validation_method"": ""Compare actual bolus (from AAPS log) to expected bolus (calculated as logged_carbs / CR), assess post-meal glucose response relative to expected CR action""}"
real_haiku45_50,run_037,2,automation_smb_uam,"After carb logging: assess whether smb_with_cob_enabled should be changed from false to true, enabling SMB to pre-fire based on logged carbs",high,"{""parameter"": ""smb_with_cob_enabled"", ""current"": false, ""after_condition"": ""once carb logging is stable for 5+ days"", ""testing_duration_days"": 3, ""monitoring_metric"": ""post-meal TAR, nocturnal TBR"", ""rollback_condition"": ""if nocturnal TBR increases >15% or correction overshoot occurs""}"
real_haiku45_50,run_037,3,safety_verification,"Verify basal stability for 3-5 days without changes, monitoring fasting and overnight patterns",high,"{""action"": ""monitor_without_change"", ""duration_days"": 5, ""metrics"": [""fasting_tir_04_08_local"", ""nocturnal_tbr_00_02_local"", ""hypoglycemia_count""], ""target_thresholds"": {""fasting_tir"": "">90%"", ""nocturnal_tbr"": ""<15%""}}"
real_haiku45_50,run_037,4,profile_cr_isf_dia,"After carb logging validation: if lunch TAR persists despite pre-bolus, assess whether CR 10.5 g/U at 16:00 should be lowered to 9.5-10.0 g/U",medium,"{""parameter"": ""carb_ratio_16:00"", ""current_value_g_per_u"": 10.5, ""candidate_value_g_per_u"": 10.0, ""after_condition"": ""if pre-bolus is active and lunch TAR >20% persists for 3+ days"", ""testing_duration_days"": 5, ""monitoring_metric"": ""lunch_tar_12_17_local"", ""rollback_condition"": ""if hypoglycemia increases at 14:00-16:00 window""}"
real_haiku45_50,run_037,5,automation_sensitivity_limits,After meal strategy stabilizes: verify max_iob 25 U can be reduced to 15-17 U to lower overshoot risk,medium,"{""parameter"": ""max_iob_units"", ""current_value_u"": 25, ""candidate_value_u"": 15, ""after_condition"": ""basal verified stable, carb logging active, pre-bolus active for 5+ days"", ""testing_duration_days"": 3, ""monitoring_metric"": ""evening_tbr_18_20_local, post_correction_lows"", ""validation_method"": ""compare IOB accumulation during lunch window before and after change""}"
real_haiku45_50,run_037,6,meal_ecarbs_absorption,"After carb logging: if post-GLP-1 meals show TAR extending >180 min, add e-carbs (duration 2.5-3 hours) to post-GLP-1 meals only",low,"{""parameter"": ""e_carbs_post_glp1_meals"", ""action"": ""enable for meals within 4-6 hours of GLP-1 dose"", ""after_condition"": ""carb logging active, post-GLP-1 meal TAR >20% for 3+ days"", ""duration_hours"": 2.5, ""testing_duration_days"": 5}"
real_haiku45_50,run_038,1,profile_dia,Reduce DIA from 10h to 5-6h,safety,"{""parameter"": ""DIA"", ""current_value"": ""10 h"", ""new_value"": ""5-6 h"", ""rationale"": ""Observed insulin action peaks 60-120min post-bolus; biphasic patterns (rebound at 180-240min) indicate tail is ~4-5h. Predawn low cluster occurs 8-10h post-evening boluses (consistent with DIA 10h), not with DIA 5-6h. Reducing DIA shortens IOB tail, eliminating predawn IOB overlap with overnight fasting period.""}"
real_haiku45_50,run_038,2,profile_meal_absorption,Reduce meal_max_absorption_hours from 7 to 3-4 hours,high,"{""parameter"": ""meal_max_absorption_hours"", ""current_value"": ""7 h"", ""new_value"": ""3-4 h"", ""rationale"": ""Breakfast rise (08:00→10:00) peaks in 2h; lunch rise (12:00→16:00) peaks in 4h (delayed, likely high-fat). Both are less than profile assumption 7h. Reducing window shortens COB suppression (smb_with_cob_enabled=false), allowing SMB reactivation 3-4h post-meal instead of 7h, improving afternoon glucose (hours 14-17 currently 26-32% >180).""}"
real_haiku45_50,run_038,3,profile_cr,Strengthen CR from 13.2 to 11-12 g/U (if sustained hyperglycemia persists after DIA/meal_absorption changes),high,"{""parameter"": ""CR 08:00-13:00 and 16:00-20:00"", ""current_value"": ""13.2 and 12.6 g/U"", ""new_value"": ""11-12 g/U (pending carb log verification)"", ""rationale"": ""If breakfast 30g carbs + CR 13.2g/U = 2.3U bolus, but only <0.5U visible in Nightscout, suggests either carbs pre-logged in AAPS (SMB delivered, not shown) or carbs underestimated. Stronger CR (11-12g/U) would deliver 2.7-2.7U per 30g, improving coverage. Defer this change until carb log is obtained and DIA/meal_max_absorption_hours changes are validated.""}"
real_haiku45_50,run_038,4,profile_isf,Monitor ISF efficacy after DIA/meal_absorption changes; strengthen ISF if moderate-BG corrections remain weak,medium,"{""parameter"": ""ISF 00:00 (flat segment)"", ""current_value"": ""56 mg/dL/U"", ""new_value"": ""40-50 mg/dL/U (conditional on step 1-2 validation and carb log)"", ""rationale"": ""Observed corrections at BG 100-150 are weak (0.2U from 165 → Δ-26 @ 60m, apparent ISF 130 vs profile 56); at BG 200+ responses are very strong (0.65U from 264 → Δ-168 @ 60m, apparent ISF 4). Strengthening ISF to 40-50 would improve moderate-BG corrections. Defer until DIA/meal_absorption changes are tested and carb log is obtained.""}"
real_haiku45_50,run_038,5,automation_meal_absorption,"Keep meal_max_absorption_hours reduction as part of profile change (step 2), not as separate automation change",medium,null
real_haiku45_50,run_038,6,automation_smb_delivery,Consider increasing max_smb_basal_minutes from 15 to 20-25 AFTER profile changes are validated,low,"{""parameter"": ""max_smb_basal_minutes"", ""current_value"": ""15 min"", ""new_value"": ""20-25 min (conditional, pending DIA validation)"", ""rationale"": ""Allows SMB boluses ~0.25-0.35U per interval (vs current 0.175U at 0.7U/h basal), enabling faster correction of moderate hyperglycemia. Risk: may accumulate IOB too fast if DIA is miscalibrated. Only increase after DIA 5-6h is validated (predawn glucose should improve to <5% <70).""}"
real_haiku45_50,run_038,7,automation_sensitivity,Consider reducing dynamic_isf_adjustment_factor_percent from 70% to 50% if overshooting/rebounding is observed post-correction,low,"{""parameter"": ""dynamic_isf_adjustment_factor_percent"", ""current_value"": ""70 %"", ""new_value"": ""50 % (conditional, pending high-BG bolus response assessment)"", ""rationale"": ""70% factor still allows ISF compression to extreme values (1.5-4mg/dL/U) at very high BGs, triggering large boluses (0.65-2.4U) that may overshoot. Reducing to 50% would apply milder compression, reducing correction magnitude and hypoglycemia risk. Test only after profile changes are implemented and if overshooting pattern is observed.""}"
real_haiku45_50,run_038,8,data,"Obtain full AAPS app meal carb log for 2026-08-07 to 2026-08-21 to validate CR, meal absorption timing, and meal-strategy recommendations",high,null
real_haiku45_50,run_039,1,safety,Reduce max IOB to limit afternoon IOB accumulation and evening overcorrection lows,safety,"{""parameter"": ""max_iob_units"", ""current_value"": ""25 U"", ""proposed_value"": ""18 U"", ""rationale"": ""Limits IOB to ~0.9× daily insulin (18/19.7), conservative for closed-loop safety. Conservative estimate accounts for GLP-1 effect (smaller meals) reducing expected insulin demand.""}"
real_haiku45_50,run_039,2,basal,Increase basal in 10:00–16:00 window to address persistent afternoon hyperglycemia,high,"{""parameter"": ""basal 10:00–16:00"", ""current_value"": ""0.7 U/h"", ""proposed_value"": ""0.9 U/h"", ""rationale"": ""Addresses observed temps 2–4 U/h by increasing baseline. Conservative increment (0.2 U/h ≈ 30% increase) reduces overcorrection risk. If afternoon hyperglycemia persists or worsens after 3–5 days, revert and investigate meal strategy.""}"
real_haiku45_50,run_039,3,meal,Log all meals for 5–7 days to clarify bolus strategy and resolve CR adequacy,high,"{""parameter"": ""meal_strategy_clarification"", ""current_value"": ""zero logs, reactive loop-driven bolusing"", ""proposed_value"": ""5–7 days of meal logs (carbs, timing, bolus size, timing)"", ""rationale"": ""Resolves whether afternoon hyperglycemia is basal insufficiency (confirmed via basal test) or CR insufficiency (found via meal logs). Enables decision on whether to increase immediate bolus %, use e-carbs, or accept loop-driven coverage.""}"
real_haiku45_50,run_039,4,sensitivity,"Re-enable Autosens after profile stabilization (5–7 days post-switch, around Aug 20–21) if afternoon hyperglycemia persists",low,"{""parameter"": ""autosens_enabled"", ""current_value"": ""false"", ""proposed_value"": ""true (after ~Aug 20–21, monitor response)"", ""rationale"": ""Enables adaptive learning of ISF/CR if profile changes do not resolve afternoon hyperglycemia. Conservative: re-enable only after data clarification (meal logs, basal response) to avoid conflating basal adjustment with Autosens adaptation.""}"
real_haiku45_50,run_039,5,dia,"Monitor low-cluster pattern after max_iob reduction; if lows persist, consider DIA validation testing (not routine change)",medium,"{""parameter"": ""DIA validation (conditional)"", ""current_value"": ""10 h (unvalidated)"", ""proposed_value"": ""test alternative 6–8 h only if low-cluster pattern persists post-max_iob reduction"", ""rationale"": ""Low-cluster pattern is likely caused primarily by IOB accumulation (addressed by max_iob reduction), not DIA. DIA change is secondary and should only be pursued if evening lows do not improve within 5–7 days of max_iob reduction.""}"
real_haiku45_50,run_040,1,profile,Reduce DIA from 10h to 7.5h to eliminate nocturnal IOB carryover,safety,"{""parameter_key"": ""profile.dia"", ""current_value"": 10, ""suggested_value"": 7.5, ""unit"": ""h"", ""rationale"": ""Reduce evening bolus IOB persistence into sleep; eliminate root cause of nocturnal lows. Conservative midpoint (7.5h) allows first-step validation.""}"
real_haiku45_50,run_040,2,data,Log carb amounts for 3-5 representative meals to validate bolus strategy,high,"{""area"": ""observation"", ""current_value"": ""zero carb entries"", ""suggested_value"": ""3-5 logged meals with carb amounts (estimate ±10g acceptable)"", ""timeline"": ""Parallel to DIA reduction (next 3-5 days); observe meal-to-glucose correspondence""}"
real_haiku45_50,run_040,3,automation,Verify min_5m_carbimpact threshold post-DIA adjustment; consider lowering from 8 to 5-6 mg/dL/5min if meal rises remain <UAM threshold,medium,"{""parameter_key"": ""aaps.core.carb_absorption"", ""component"": ""min_5m_carbimpact"", ""current_value"": ""8 mg/dL/5min"", ""suggested_value"": ""5-6 mg/dL/5min"", ""unit"": ""mg/dL/5min"", ""decision"": ""verify"", ""rationale"": ""Post-DIA adjustment (7-8h) + carb logs (3-5 meals) will clarify whether slow meal detection is the limiting factor. If meal rises remain <UAM threshold, lowering threshold may improve meal coverage and reduce afternoon hyperglycemia. Contingent on prior data collection.""}"
real_haiku45_50,run_040,4,meal_strategy,"Post-DIA adjustment, trial prebolus timing advance (add 10-15 min prebolus) to align insulin peak with carb absorption peak",medium,"{""area"": ""meal_strategy"", ""current_value"": ""Bolus at meal onset (~0-5 min)"", ""suggested_value"": ""Bolus 10-15 min before meal, or at meal start if timing uncertain"", ""rationale"": ""Dilute insulin has slow absorption; advance bolus aligns insulin peak with carb absorption peak, reducing post-meal hyperglycemia duration.""}"
real_haiku45_50,run_041,1,meal_bolus_strategy,Enable post-meal SMB brake to reduce early-morning hypoglycemia,high,"{""parameter"": ""smb_after_carbs_enabled"", ""current"": false, ""suggested"": true, ""rationale"": ""Material safety concern. Aug 13-14 TRW severe lows (47, 56, 61 mg/dL at 120-240m) and systematic hour 1 lows (18.5% below-range every night) indicate post-meal SMB is unbraked. Enabling 2-3h post-meal suppression will reduce overnight IOB tail and prevent lows without disabling meal-time SMB delivery.""}"
real_haiku45_50,run_041,2,carb_logging,Start carb logging for 3-5 typical meals to validate CR and enable meal-bolus optimization,high,"{""action"": ""carb_logging_trial"", ""duration_meals"": ""3-5 typical meals over 3-5 days"", ""target_meals"": [""breakfast"", ""lunch"", ""dinner""], ""data_to_record"": [""carb amount (grams)"", ""meal time (HH:MM)"", ""bolus time (HH:MM)"", ""bolus amount (U)"", ""glucose at bolus time"", ""glucose 120m post-bolus"", ""glucose 240m post-bolus""]}"
real_haiku45_50,run_041,3,basal,Review basal 16:00 reduction (0.5 U/h) after carb logging; consider raise to 0.6-0.7 U/h if afternoon highs persist,medium,"{""parameter"": ""profile.basal.16_00"", ""current"": ""0.5 U/h"", ""suggested"": ""0.6 U/h (pending carb logging validation; re-assess after meal-bolus tuning)"", ""rationale"": ""Counterintuitive basal drop at peak high point. Conservative: defer change until meal bolus is optimized and afternoon highs pattern is re-assessed. If carb logging shows lunch meal is large (>40g), raise basal to 0.6-0.7 U/h to support basal delivery during 2-3h post-meal window.""}"
real_haiku45_50,run_041,4,meal_bolus_strategy,Implement 15-20 min prebolus and increase immediate bolus percentage from ~30% to 60-70% (requires carb logging),high,"{""action"": ""meal_bolus_retuning"", ""prerequisites"": [""carb_logging_trial"", ""cr_validation""], ""steps"": [""From carb logging, calculate bolus = carbs ÷ CR for each meal"", ""Implement 15-20 min prebolus if meal timing is predictable (e.g., regular breakfast at 08:00)"", ""Deliver 60-70% of calculated bolus at meal time; allow SMB/basal to provide 30-40% over 2-3h"", ""Monitor glucose peak time; adjust prebolus lead time if peak occurs >90 min post-bolus"", ""Re-assess hour 1 lows after enabling smb_after_carbs_enabled=true (reduce post-meal IOB accumulation)""]}"
real_haiku45_50,run_041,5,profile_isf,"Profile ISF 56 appears weak; do not change until carb logging clarifies bolus sizing, then re-assess via Dynamic ISF adjustment factor",medium,"{""parameter"": ""profile.isf.00_00 (and dependent dynamic_isf_adjustment_factor_percent)"", ""current"": ""ISF 56 mg/dL/U; Dynamic ISF 70% adjustment"", ""suggested"": ""Keep ISF 56 for now; review after carb logging and CR validation. If CR is confirmed strong (carbs matched to boluses), then ISF may need increase (lower value = more potent insulin, e.g., ISF 45-50); reduce Dynamic ISF adjustment to 50% if ISF is strengthened."", ""rationale"": ""Current setup is compensatory but stable. Changing ISF without carb logging could worsen control. Dynamic ISF 70% is necessary to manage current afternoon highs; do not reduce adjustment factor without ISF profile increase.""}"
real_haiku45_50,run_041,6,e_carbs,"Trial e-carbs for lunch meal if identified as slow-absorbing (high-fat, >40g carbs) during carb logging",low-to-medium,"{""parameter"": ""e_carb_trial"", ""prerequisites"": [""carb_logging for lunch meals"", ""meal_composition identified as slow-absorbing""], ""suggested_values"": {""e_carb_offset_minutes"": ""0-30 (start at meal time or 15 min post-bolus)"", ""e_carb_duration_minutes"": ""120-180 (2-3 hours for high-fat meal)"", ""e_carb_amount_grams"": ""~25% of total meal carbs, split across duration""}, ""rationale"": ""Smooth afternoon glucose rise from 4h to 2-3h; reduce peak height; improve time-in-range. Only effective if meal composition is confirmed slow-absorbing.""}"
real_haiku45_50,run_041,7,automation_smb_tuning,"Do not change SMB interval, max_smb_basal_minutes, or UAM limits until carb logging validates current meal detection",low,"{""action"": ""no_change_pending_validation"", ""rationale"": ""SMB and UAM are functioning; undersized meal boluses are the root problem, not automation. Optimize meal boluses first; then re-assess if SMB tuning is needed.""}"
real_haiku45_50,run_042,1,data_and_meal_documentation,Add one day of carbohydrate entries to resolve meal size and CR validation,high,"{""action"": ""Log carbohydrate entries for one full day (next feasible day) with estimated meal size in grams and meal timestamp. Choose a day with typical meals (not an unusual day). Observe whether loop glucose responses change relative to baseline 14-day pattern. Retain these entries in subsequent analyses.""}"
real_haiku45_50,run_042,2,automation_dynamic_isf,Reduce Dynamic ISF adjustment factor from 70% to 50% to dampen over-correction oscillation,high,"{""parameter_key"": ""aaps.core.sensitivity"", ""component"": ""dynamic_isf_adjustment_factor_percent"", ""current_value"": ""70 %"", ""suggested_value"": ""50 %""}"
real_haiku45_50,run_042,3,meal_strategy,Document prebolus or upfront meal bolus timing to improve meal insulin delivery before glucose peak,medium,"{""action"": ""If user is willing, document intended meal size estimate 5 min before eating on day-1 carb-logging day. This will allow retrospective comparison of estimated vs. actual carbs (via CGM glucose rise) and improve prebolus timing on future meals.""}"
real_haiku45_50,run_042,4,carb_absorption_model,Consider reducing min_5m_carbimpact from 8 to 6 mg/dL/5 min if meal logging is not adopted,low,"{""parameter_key"": ""aaps.core.carb_absorption"", ""component"": ""min_5m_carbimpact"", ""current_value"": ""8 mg/dL/5 min"", ""suggested_value"": ""6 mg/dL/5 min"", ""condition"": ""Only if meal logging is rejected and afternoon high persists after Dynamic ISF adjustment_factor reduction to 50%.""}"
real_haiku45_50,run_043,1,carb_logging,Implement carbohydrate logging for all meals; required to validate CR and meal-bolus strategy,safety,"""Enable carb entry at meal time in AAPS. Log three to five meals per day with carb grams and meal timing. Re-analyze meal-bolus strategy after 7 days of carb data."""
real_haiku45_50,run_043,2,meal_bolus_strategy,Adopt prebolus interval (15–20 min before meal) once carb logging begins; validate immediate-bolus percentage and assess e-carbs for GLP-1 interaction,high,"""Set prebolus interval to 15 min (non-GLP-1 days) and 20 min (GLP-1 days). Deliver meal bolus 15–20 min before eating. Log carbs and monitor 240–360 min rebound glucose; if >180 mg/dL at 240 min, consider e-carbs. Withhold CR/basal/ISF changes until prebolus validation is complete."""
real_haiku45_50,run_043,3,glp1_meal_interaction,"On GLP-1 injection days, adjust meal-bolus timing; consider lowering min_5m_carbimpact threshold if carbs remain unlogged",high,"""On GLP-1 days, set prebolus 20–25 min. After carb logging begins, reassess UAM threshold; if slow-absorption meals (GLP-1 or high-fat) cause hypos post-correction, trial lowering min_5m_carbimpact to 5 mg/dL/5 min (requires prior carb-logging data to tune safely)."""
real_haiku45_50,run_043,4,basal_afternoon,"After carb logging and meal-bolus validation, trial basal increase at 16:00 from 0.5 to 0.6–0.7 U/h; evaluate afternoon pattern change",medium,"""Withhold basal change until carb logging and prebolus validation (minimum 2 weeks) are complete. After validation, if afternoon glucose (14:00–16:00 local) remains 130+ mg/dL despite improved meal bolus, trial basal 16:00 at 0.6 U/h for 3 days and assess TIR change in that window."""
real_haiku45_50,run_043,5,basal_overnight,"After carb logging and meal-strategy changes stabilize, assess early-night low pattern (hour 01, 18.5% <70) and trial basal 00:00 at 0.55 U/h if lows persist",low,"""Defer until carb logging begins. If 7-day carb log shows dinner ends >2 hours before bed and hour 01 lows remain (>15% <70), trial basal 00:00 at 0.55 U/h for 3 days. Monitor overnight TIR and hypo frequency."""
real_haiku45_50,run_044,1,meal_logging,Enable carb logging to unblock COB-gated automation and enable CR/ISF validation.,safety,"{""parameter"": ""carb_logging_enabled"", ""action"": ""declare and enable"", ""rationale"": ""Required to validate CR, enable COB-gated SMB, and distinguish meal bolus from correction bolus. Without carbs, COB=0, smb_with_cob_enabled=false is inactive, and SMB fires uncontrolled.""}"
real_haiku45_50,run_044,2,meal_absorption,Increase meal_max_absorption_hours from 7 to 10 to align with DIA and reduce post-meal IOB tail into evening/overnight.,high,"{""parameter"": ""meal_max_absorption_hours"", ""current_value"": ""7 h"", ""proposed_value"": ""10 h"", ""rationale"": ""Aligns meal absorption assumption with DIA 10h; extends COB window to match insulin kinetics; reduces post-meal IOB tail that contributes to evening/overnight lows.""}"
real_haiku45_50,run_044,3,meal_prebolus,Declare pre-bolus time (5–10 min) or immediate bolus percentage (30–50%) to separate meal bolus from SMB/UAM micro-boluses.,high,"{""parameter"": ""prebolus_strategy"", ""action"": ""declare and implement"", ""rationale"": ""Prevents double-bolus stacking by separating meal-bolus IOB from SMB/UAM micro-boluses. Enables COB-gated SMB suppression (smb_with_cob_enabled=false becomes effective). Reduces afternoon hyperglycemia (TAR 20–32%) and evening/overnight lows (TBR 15.3%/18.5%) by improving meal-coverage timing.""}"
real_haiku45_50,run_044,4,profile_validation,"Monitor overnight and evening lows after carb-logging and meal_max_absorption_hours adjustment, then validate ISF and CR with carb data before tuning further.",medium,"{""parameter"": ""isr_cr_validation_post_logging"", ""action"": ""monitor and validate"", ""rationale"": ""Cannot currently validate ISF/CR without carb entries. After carb logging enabled, therapy response windows will show clear meal-bolus-to-glucose relationship. Then ISF can be tuned if needed (range 50–60 mg/dL/U is reasonable; current 56 is midrange). CR segments can be tuned by meal type (breakfast vs. lunch vs. dinner) after carb logging provides meal-by-meal data.""}"
real_haiku45_50,run_045,1,meal_strategy,"Obtain 3–5 day meal diary with carbohydrate amounts, timing, and macronutrient composition.",safety,"{""action"": ""Patient to log meals with carb amounts (g), meal timing (start time local), macronutrients (fat g, protein g, carbs g) for 3–5 consecutive days, particularly lunch and GLP-1 days. Provide to care team for CR/basal validation."", ""rationale"": ""CR 13.2 g/U is designed for ~100g meals, but inferred lunch meals are 120–150g (based on glucose response 153–162 mg/dL peaks, insulin_req 2.59 U, and 180+ min bolus lag). Cannot confirm whether afternoon overshoots are from CR too loose or basal too low without meal amounts. GLP-1 diet composition unknown; meal rebound at 180 min (Aug 15 example) suggests prolonged absorption, but high-fat content vs. delayed gastric emptying cannot be distinguished without macronutrient data."", ""dependencies"": ""Meal strategy, CR, and basal validations all depend on this data. Do not change profile parameters before obtaining diary.""}"
real_haiku45_50,run_045,2,basal,Assess basal sufficiency in afternoon (08:00–16:00) after meal carbs are confirmed.,high,"{""action"": ""After meal diary confirms CR is correct, increase afternoon basal (08:00–16:00 segment) by 0.1–0.2 U/h increment (e.g., 0.8 → 0.9 or 0.95 U/h) and observe for 2–3 days. If TIR improves and lows do not increase, retain increase; if lows increase (especially hour 1–2), revert. Do NOT increase basal and CR simultaneously."", ""rationale"": ""Sustained afternoon TIR 67–92% and average 135–162 mg/dL despite SMB escalation (temp basal 3.2–4.0 U/h) suggests profile basal is starting point is too low. Loop is compensating with escalated temp basals, but this is reactive, not preventive. Fasting test (skip breakfast) would separate basal drift from meal impact; but requires 4–6 hour undisturbed window and can be high-risk if basal is very low. Safer approach: increase basal incrementally (0.1–0.2 U/h) and observe TIR response; smaller changes allow rapid revert if hypoglycemia risk increases."", ""dependencies"": ""CR validation must complete first. Do not change basal and CR together.""}"
real_haiku45_50,run_045,3,cr,Validate and adjust CR after meal diary is obtained.,high,"{""action"": ""After meal diary: calculate expected bolus for logged carbs using current CR. Compare to observed glucose response. If glucose peaks are higher than expected for bolus size, CR is too loose; tighten by 0.5–1.0 g/U (e.g., 13.2 → 12.2 or 11.5). If glucose response matches expectation, CR is correct; focus basal validation."", ""rationale"": ""Example: If diary shows lunch is 120g carbs, expected bolus at CR 13.2 is 120/13.2 ≈ 9.1 U. But loop delivers ~0.2 U SMB at detection (15 min into meal), then escalates. If total delivered by 120 min is only 3–4 U (from micro-boluses), under-coverage is 5–6 U, and glucose overshoots proportionally. If tightening CR to 11.5 would raise expected bolus to 10.4 U, requiring loop SMB escalation more aggressively, it may not fix issue alone; basal insufficiency may also be present. Both basal and CR may need adjustment. Test one at a time."", ""dependencies"": ""Meal diary must be obtained first. Do not change CR before CR validation. Do not change CR and basal simultaneously.""}"
real_haiku45_50,run_045,4,isf,Consider tightening ISF (56 → 48–52 mg/dL/U) only after basal and CR are validated.,medium,"{""action"": ""After basal and CR are validated and not changing, decrease ISF from 56 to 52 mg/dL/U (0.3 mg/dL/U per point is conservative). Observe 2–3 days for TIR improvement and hypoglycemia risk. If TIR improves without low increase, may continue to 48 mg/dL/U. If lows increase, revert to 56."", ""rationale"": ""Tighter ISF increases micro-bolus aggressiveness mid-meal (smaller ISF denominator = larger bolus for same BG deviation). With UAM detection lag (10–15 min post-meal), larger SMBs would narrow the window of uncovered carb absorption, reducing peak overshoot from 140–170 to 120–150 mg/dL range. But ISF change is dependent on CR being correct first; if CR is too loose, tightening ISF alone will over-deliver and cause lows. Change ISF only after CR/basal are settled."", ""dependencies"": ""CR and basal must be validated first. Do not change ISF if basal or CR are pending change. Change one parameter at a time; minimum 2–3 days observation per change.""}"
real_haiku45_50,run_045,5,meal_strategy,Implement 50% pre-bolus strategy for meals ≥140 g carbs after meal sizes are confirmed.,medium,"{""action"": ""After meal diary confirms meal sizes: for meals expected ≥140g carbs, patient to pre-bolus 50% of expected bolus at meal start, then allow loop to detect carbs and deliver remaining 50% via SMB. Example: 140g at CR 13.2 → expected 10.6 U; pre-bolus 5.3 U, then loop delivers 5.3 U over next 60–90 min via SMB. For meals <140g, continue UAM-only strategy (less risk of under-coverage if meal is smaller than expected)."", ""rationale"": ""Pre-bolus shifts bolus from 100% reactive (10–15 min lag) to 50% proactive + 50% reactive. Glucose rise is slower (rise to 120–130 instead of 150–180 within 60 min); loop SMB ramps up from higher starting bolus and completes faster. IOB peaks lower; evening over-correction lows (hour 18–19, 120–240 min post-meal) are reduced. This requires patient to count carbs for large meals only (not all meals), reducing complexity while targeting worst-case overshoot."", ""dependencies"": ""Meal diary must confirm meal sizes. Patient must be able and willing to count carbs for large meals (training may be needed). Do not implement pre-bolus strategy until basal/CR are validated and stable.""}"
real_haiku45_50,run_045,6,ecarbs,Add extended carbs on GLP-1 injection days to model prolonged absorption.,medium,"{""action"": ""On GLP-1 injection days (day 0, +1, +2 post-injection): after meal diary confirms typical carb amounts, declare 40–50g as 'extended carbs' with 2–3 hour duration offset (start 2–3 hours post-meal, duration 2–3 hours). This signals loop that additional carbs are expected in late absorption phase, extending SMB delivery and delaying bolus termination. Alternatively, use temporary target (110–110 mg/dL or 115–115 mg/dL) for 3–4 hours post-meal to increase loop urgency without manual carb entry."", ""rationale"": ""Extended-carb declaration adds a second carb pulse to COB estimation, allowing loop to maintain SMB delivery through 4–6 hour window instead of stopping at 3–4 hour. This prevents 180+ min glucose rebound. Temp target adjustment is simpler (no carb-counting needed) but less precise; extended carbs are preferred if patient can count 40–50g estimate. GLP-1 effect occurs for 3–7 days post-injection (peak 1–2 days); declaring extended carbs for day 0, +1, +2 post-injection captures likely window without over-declaration."", ""dependencies"": ""Meal diary needed to confirm typical carb amount on GLP-1 days. Do not implement extended carbs until GLP-1 effect is confirmed (meal diary on injection days). Can be implemented independently of basal/CR changes; does not depend on profile validation.""}"
real_haiku45_50,run_045,7,aaps_sensitivity,Do not re-enable Autosens until basal and CR are validated.,medium,"{""action"": ""Keep Autosens off until (1) meal diary obtained, (2) CR validated against meal carbs, (3) basal adjusted if needed and tested for 2–3 days, (4) glucose control stable (TIR >85%, lows <5%). Then: re-enable Autosens (autosens_enabled = true in AAPS settings) and observe for 1–2 weeks. AAPS will calculate Autosens % (typically 80–120%, where <100% means profile is loose and >100% means tight). If Autosens reports <90%, basal or CR may need further adjustment."", ""rationale"": ""Autosens requires stable baseline to learn from. If basal/CR are wrong at start of Autosens period, Autosens will incorrectly adjust based on errors, potentially making things worse. After manual validation, Autosens provides long-term feedback and can catch slow drift (e.g., seasonal sensitivity changes, weight changes). Current period lacks sufficient validated profile to enable Autosens safely."", ""dependencies"": ""Depends on completion of basal_targets and profile_cr_isf_dia stages (meal diary, CR validation, basal testing). Do not re-enable Autosens during active profile adjustment; minimum 2–3 days stable before re-enabling.""}"
real_haiku45_50,run_045,8,automation_smb,No changes to SMB/UAM or sensitivity limits at this time; configuration is appropriate for current strategy.,low,"{""action"": ""No change recommended at this time. If basal/CR are validated and optimized, and afternoon highs persist above 140 mg/dL for >90 min, then consider: (a) increasing smb_basal_minutes from 15 to 20–25 (larger individual SMBs), or (b) decreasing smb_interval_minutes from 3 to 2 (faster escalation). But only after profile is settled; do not change SMB and profile together."", ""rationale"": ""Current SMB configuration allows up to 3.5 U/h sustained delivery (well below 12 U/h max). Afternoon loop decisions show insulin_req up to 2.59 U and temp basal suggestions 3.2–4.0 U/h, indicating system is responsive. If highs persist after basal/CR optimization, SMB may be limiting factor; but test one change at a time."", ""dependencies"": ""Wait for basal_targets and profile_cr_isf_dia to complete. SMB changes are dependent on ISF and CR being correct.""}"
real_haiku45_50,run_046,1,meal_bolus_strategy,Add prebolus delivery to reduce meal-insulin delay and postprandial hyperglycemia,high,"{""prebolus_time_minutes"": 0, ""immediate_bolus_percent"": 75, ""additional_bolus_mechanism"": ""SMB/UAM augmentation for remaining 25%"", ""carb_logging_resume"": true, ""contingency_if_hypos_increase"": ""Reduce prebolus to 1.25 U, or enable Autosens if GLP-1 effect confirmed""}"
real_haiku45_50,run_046,2,automation_sensitivity_limits,Monitor GLP-1 effect on insulin sensitivity; enable Autosens or manually adjust ISF/CR if low clusters recur,high,"{""option_1_autosens_enable"": ""Enable autosens_enabled=true if user accepts algorithmic profile scaling"", ""option_2_manual_adjustment_if_autosens_rejected"": ""Reduce ISF from 56 to 48–50 mg/dL/U and reduce CR by 10–15% in response to observed low clusters post-GLP-1"", ""monitoring_window"": ""3–5 days post-prebolus implementation; reassess if lows recur""}"
real_haiku45_50,run_046,3,basal,Review overnight basal 0.6 U/h if 01:00 local lows persist after meal strategy change and GLP-1 effect monitoring,medium,"{""basal_00_00_current_u_h"": 0.6, ""basal_00_00_suggested_u_h"": ""0.57–0.54 (only if 01:00 lows persist after meal/GLP-1 fixes; test one small change, ~5–10% reduction)"", ""monitoring_condition"": ""After meal strategy and GLP-1 effect are addressed; baseline 01:00 lows should decrease before basal adjustment is considered""}"
real_haiku45_50,run_046,4,automation_smb_uam,"If prebolus is rejected, increase max_smb_basal_minutes from 15 to 25–30 min to accelerate SMB delivery for meal coverage",medium,"{""max_smb_basal_minutes_current"": 15, ""max_smb_basal_minutes_suggested"": ""25–30 (only if prebolus is rejected; increase to 0.29–0.35 U per pulse for faster meal coverage)"", ""caveat"": ""Contingent on prebolus rejection; less preferred than prebolus due to retroactive timing and IOB stacking risk""}"
real_haiku45_50,run_046,5,profile,"Do NOT change CR, ISF, or DIA until meal strategy (prebolus) is implemented and stable (3–5 days). Then reassess if hyperglycemia improves or if further adjustment is needed.",low,"{""action"": ""hold all CR, ISF, DIA changes; implement after meal strategy is stable""}"
real_haiku45_50,run_046,6,carb_logging,Resume carb logging (currently absent) to enable meal bolus validation and carb-ratio tuning,low,"{""carb_logging"": ""resume at meal time, estimated 40–50 g typical; if exact amount unknown, use category (small/medium/large)""}"
real_haiku45_50,run_047,1,automation,Reduce UAM sensitivity threshold to prevent false meal detection and excessive SMB,safety,"{""parameter"": ""min_5m_carbimpact"", ""current_value"": ""8 mg/dL/5 min"", ""suggested_value"": ""12 mg/dL/5 min"", ""unit"": ""mg/dL/5 min"", ""rationale"": ""Increases UAM threshold by 50% to reduce false triggers while maintaining genuine meal detection. Threshold 12 mg/dL/5 min = 144 mg/dL/hr, typical of actual meal glucose rise; below this is likely basal drift or sensor artifact. Expected outcome: TBR remains low (<5%), but lows <70 mg/dL decrease from current 5.1% toward 3-4%.""}"
real_haiku45_50,run_047,2,automation,Reduce SMB strength to lower IOB accumulation rate,safety,"{""parameter"": ""max_smb_basal_minutes"", ""current_value"": ""15 min"", ""suggested_value"": ""10 min"", ""unit"": ""min"", ""rationale"": ""Reduces SMB per-bolus from 0.125-0.175 U (at current 15 min) to 0.083-0.133 U (at 10 min); slows IOB accumulation by ~33%. Combined with min_5m_carbimpact increase, this should reduce daytime peak IOB from current 4.7-6 U toward 2-3 U. Expected outcome: TBR increases slightly from 5.1% (fewer aggressive SMBs), TIR may initially drop slightly, but lows <70 mg/dL should decrease.""}"
real_haiku45_50,run_047,3,profile,Tighten daytime carb ratio to address persistent afternoon hyperglycemia,high,"{""parameter"": ""CR 08:00-15:59"", ""current_value"": ""13.2 g/U"", ""suggested_value"": ""12.5 g/U"", ""unit"": ""g/U"", ""rationale"": ""Increase insulin per carb by ~5% (from 1 U per 13.2 g to 1 U per 12.5 g). For typical 30 g lunch: 30 ÷ 13.2 = 2.27 U vs. 30 ÷ 12.5 = 2.4 U (difference +0.13 U). Small change, proactive. Expected outcome: afternoon peaks (16:00 local) drop from 162.8 mg/dL avg toward 140-150 mg/dL; TIR at 12:00-17:00 local should improve from 67-78% toward 85%+.""}"
real_haiku45_50,run_047,4,meal_strategy,Encourage meal carb logging and prebolus to shift from reactive to proactive bolusing,high,"{""parameter"": ""meal_strategy_declaration"", ""current_value"": ""none_declared (aaps_profile.analysis_context.meal_strategies = [])"", ""suggested_value"": ""log_carbs_when_feasible_and_consider_5_10_min_prebolus"", ""unit"": ""strategy_recommendation"", ""rationale"": ""Shift from 100% reactive (UAM-only) to hybrid (carb logging + UAM + prebolus). Even 3-5 logged meals per week would provide AAPS with carb ground truth and user with data to tune CR. Prebolus requires carb estimate but reduces peak glucose and reduces need for afternoon corrections. Expected outcome: afternoon peaks further reduced, TIR at 12:00-17:00 local toward 90%+, day-to-day variability (CV 32.6%) decreases as meal timing becomes predictable.""}"
real_haiku45_50,run_047,5,automation,Consider re-enabling autosens or increasing dynamic ISF to track GLP-1 effect,medium,"{""parameter"": ""autosens_enabled_or_dynamic_isf_adjustment_factor_percent"", ""current_value"": ""autosens_enabled = false; dynamic_isf_adjustment_factor_percent = 70%"", ""suggested_value"": ""Option A: autosens_enabled = true with ±20% ratio cap; OR Option B: dynamic_isf_adjustment_factor_percent = 90%"", ""unit"": ""strategy_option"", ""rationale"": ""Option A (autosens): Tracks GLP-1 effect over 24 hr, adapts ISF/CR slowly. Requires conservative cap to avoid wild swings. Less risky post-automation/CR changes. Option B (dynamic ISF): Allows larger per-meal ISF variation (50-144 mg/dL/U range at 90% vs. 39-95 at 70%), captures meal-to-meal changes without long-term tracking. Option B simpler (no autosens logic), but Option A better for GLP-1 adaptation. Recommend Option A after 2 weeks observation of automation/CR changes. Expected outcome: day-to-day variability (CV 32.6%) decreases; GLP-1 days (14, 17, 20) have more consistent TIR.""}"
real_haiku45_50,run_048,1,meal_bolus_strategy,Log all meals with estimated carbs; this is the primary change enabling all downstream improvements,safety,"{""action"": ""log_meals_test"", ""duration_days"": 3, ""test_meals"": ""one lunch and one dinner per day, with estimated carbs and actual bolus delivered"", ""observation_goal"": ""Confirm meal carb estimates, validate bolus sizing, review post-meal glucose response and IOB tracking""}"
real_haiku45_50,run_048,2,basal_targets,Flatten basal profile during hours 10:00–16:00 (afternoon peak); keep 0.7–0.8 U/h instead of dropping to 0.5 U/h,high,"{""basal_10_00"": ""0.7 U/h"", ""basal_16_00"": ""0.6 U/h""}"
real_haiku45_50,run_048,3,automation_sensitivity_limits,Verify maxSafeBasal calculation and consider raising max_iob or DIA if afternoon corrections are capped below demand,medium,"{""verification"": ""Confirm source of maxSafeBasal limit (pump firmware vs. max_iob/DIA calculation)"", ""test_parameter"": ""max_iob_units"", ""test_value_range"": ""30–35 U"", ""observation_goal"": ""Monitor peak IOB and afternoon basal rate during high-BG periods; verify maxSafeBasal increases proportionally""}"
real_haiku45_50,run_048,4,automation_sensitivity_limits,"If meals remain unlogged, lower min_5m_carbimpact from 8 to 6–7 mg/dL/5 min to improve UAM detection of slow-absorbed meals",medium,"{""min_5m_carbimpact"": ""6 to 7 mg/dL/5 min"", ""condition"": ""only if meals are not logged""}"
real_haiku45_50,run_048,5,meal_ecarbs_absorption,Extend meal_max_absorption_hours from 7 to 9 hours to match GLP-1 effect when meals are logged,low,"{""meal_max_absorption_hours"": ""9 h"", ""condition"": ""apply after meals are logged consistently"", ""observation_goal"": ""Monitor IOB decay and post-meal (hour 4–6) glucose trends; verify hypo risk does not increase""}"
real_haiku45_50,run_049,1,carbohydrate_logging_and_meal_strategy,"Implement carbohydrate entry for every meal (primary, highest-priority action)",safety,"{""action"": ""log_carbohydrates_daily"", ""duration_days"": 7, ""target_meals"": 3, ""meal_sizes_estimated_grams"": {""breakfast"": ""30–50 g"", ""lunch"": ""50–80 g"", ""dinner"": ""20–40 g""}}"
real_haiku45_50,run_049,2,evening_bolus_timing_and_midnight_dip,Audit evening bolus timing and size; consider basal 00:00 verification,medium,"{""action"": ""audit_then_adjust"", ""step_1"": ""implement_carb_logging"", ""step_2"": ""reduce_evening_bolus_if_overshoot_continues"", ""step_3_optional"": ""reduce_basal_0000_from_0_6_to_0_55_if_midnight_dips_persist"", ""monitoring_duration_days"": 5}"
real_haiku45_50,run_049,3,automation_simplification_post_carb_logging,Reduce Dynamic ISF adjustment factor from 70% to 50% if glucose stabilizes post-carb logging,low,"{""action"": ""reduce_dynamic_isf_adjustment_factor"", ""current_value"": ""70%"", ""suggested_value"": ""50%"", ""condition"": ""only_after_carb_logging_and_confirmed_glucose_stabilization"", ""monitoring_duration_days"": 7}"
real_haiku45_50,run_049,4,profile_validation_post_carb_logging,"Validate and adjust CR, ISF, and basal segments post-carb logging (deferred until carb data available)",medium,"{""action"": ""validate_profile_post_carb_logging"", ""parameters_to_validate"": [""carb_ratio_segments"", ""isf"", ""basal_segments""], ""timeline"": ""after_7–14_days_carb_logging"", ""change_strategy"": ""one_parameter_at_a_time_with_5–7_day_monitoring""}"
real_haiku45_50,run_050,1,basal,Lower basal at 00:00 or raise target at 00:00 to address early-morning hypoglycemia (primary safety issue),safety,"{""option_a"": {""parameter"": ""basal_00_00"", ""current"": ""0.6 U/h"", ""suggested"": ""0.5 U/h"", ""rationale"": ""Reduce basal contribution to overnight hypoglycemia""}, ""option_b"": {""parameter"": ""target_00_00"", ""current"": ""90 mg/dL"", ""suggested"": ""95 mg/dL"", ""rationale"": ""Raise overnight target away from hypoglycemia threshold; safer if basal is appropriate""}}"
real_haiku45_50,run_050,2,cr_and_meal_strategy,"Implement meal logging (carbs, timing) for 3-5 days to validate CR, enable prebolus, and prevent IOB stacking",high,"{""action"": ""User-initiated meal logging"", ""data_needed"": [""Estimated carbs (grams)"", ""Meal start time (closest 15 min)"", ""Macros optional (fat/protein if user can estimate)"", ""3-5 typical days (weekday + weekend mix preferred)""]}"
real_haiku45_50,run_050,3,isf,Verify ISF=56 mg/dL/U with fasting test or structured meals after meal logging begins; consider verification-grade ISF test if outcome variability persists,medium,null
real_haiku45_50,run_050,4,afternoon_basal_and_cr,"After early-morning basal/target stabilizes and meal logging provides data, reassess afternoon basal 0.7 U/h at 10:00 and CR 10.5 g/U at 16:00 as composite",high,null
real_haiku45_50,run_050,5,automation,"No changes recommended to SMB, Dynamic ISF, or safety limits; reassess only after basal/CR changes stabilize",low,null
