experiment,run_id,parameter_key,category,in_inventory,current_value,decision,suggested_value,rationale
real_grok46_50,run_001,profile.basal.00_00,profile,True,0.6 U/h,keep,0.6 U/h,"Evidence: hour 00:00 to 03:00 means near 90 to 106 mg/dL with high time below range, then glucose recovers after 04:00. Uncertainty: leftover UAM or SMB IOB versus a slightly high 0.6 U/h is unresolved. Dependencies: target 90 mg/dL, DIA 10 h, and evening automation; do not change with those."
real_grok46_50,run_001,profile.basal.05_00,profile,True,0.7 U/h,keep,0.7 U/h,Evidence: 05:00 to 06:00 local is stable with high time in range. Uncertainty: few true fasting confirmations. Dependencies: adjacent 00:00 and 06:00 segments already adequate on the overnight hold.
real_grok46_50,run_001,profile.basal.06_00,profile,True,0.8 U/h,keep,0.8 U/h,"Evidence: 06:00 to 08:00 local time in range is 97 to 99 percent with almost no time above range. Uncertainty: later 09:00 rise could be misread as dawn. Dependencies: that rise is meal or UAM shaped, so this segment is not increased."
real_grok46_50,run_001,profile.basal.10_00,profile,True,0.7 U/h,keep,0.7 U/h,Evidence: late-morning time above range sits under unannounced rises and UAM. Uncertainty: no carb timestamps. Dependencies: SMB or UAM and CR 13.2 g/U; withhold a basal change until meals are logged.
real_grok46_50,run_001,profile.basal.16_00,profile,True,0.5 U/h,keep,0.5 U/h,"Evidence: 14:00 to 17:00 highs then 18:00 to 19:00 lows and 41 to 42 mg/dL extremes on days with large evening insulin. Uncertainty: low 0.5 U/h could contribute if truly fasting, but fasting is unproven. Dependencies: UAM, Dynamic ISF, CR 10.5 g/U, and evening corrections; do not raise this with any of those."
real_grok46_50,run_001,profile.basal.18_00,profile,True,0.6 U/h,keep,0.6 U/h,Evidence: hour 18:00 already has 7.7 percent time below range around crash days. Uncertainty: meal end versus basal. Dependencies: safety constraint against more evening insulin.
real_grok46_50,run_001,profile.basal.19_00,profile,True,0.7 U/h,keep,0.7 U/h,Evidence: hour 19:00 local has 15.3 percent time below range. Uncertainty: activity and hypo treatment unlogged. Dependencies: leftover afternoon UAM IOB; increasing this segment is unsupported.
real_grok46_50,run_001,profile.cr.00_00,profile,True,13 g/U,keep,13 g/U,"Evidence: 0 g carbs and COB 0, so this CR was unused. Uncertainty: night snack behavior unknown. Dependencies: UAM path, not wizard CR."
real_grok46_50,run_001,profile.cr.04_00,profile,True,11.1 g/U,keep,11.1 g/U,Evidence: no carb entries in this window. Uncertainty: cannot test the stronger dawn CR. Dependencies: unused meal strategy declaration.
real_grok46_50,run_001,profile.cr.08_00,profile,True,13.2 g/U,keep,13.2 g/U,"Evidence: breakfast-shaped 09:00 to 12:00 rise occurred without announced carbs, so UAM covered it. Uncertainty: true breakfast grams unknown. Dependencies: SMB or UAM always on; do not tighten CR to chase that rise."
real_grok46_50,run_001,profile.cr.16_00,profile,True,10.5 g/U,keep,10.5 g/U,"Evidence: stronger evening CR never received carb input. Uncertainty: same 16:00 to 19:00 pattern has several other explanations. Dependencies: 16:00 basal, Dynamic ISF, and UAM; withhold."
real_grok46_50,run_001,profile.cr.20_00,profile,True,12.6 g/U,keep,12.6 g/U,Evidence: unused with 0 g carbs. Uncertainty: late snacks not logged. Dependencies: overnight time-below-range constraint.
real_grok46_50,run_001,profile.isf.00_00,profile,True,56 mg/dL/U,keep,56 mg/dL/U,"Evidence: enacted variable sensitivity ranged about 28 to 124, so delivered corrections were not this flat 56. Uncertainty: U200 or dilute units make rule-of-thumb ISF comparisons weak. Dependencies: Dynamic ISF 70 percent; do not change ISF and Dynamic ISF together. Dirty correction windows are not an ISF experiment."
real_grok46_50,run_001,profile.target.00_00,profile,True,90 mg/dL,keep,90 mg/dL,"Evidence: overnight mean is near 90 mg/dL while time below range is high, which can reflect leftover IOB rather than a wrong target. Uncertainty: target 90 versus basal 0.6 U/h versus UAM IOB is unresolved. Dependencies: safety_overview; withhold a target raise until evenings with and without meal IOB are compared."
real_grok46_50,run_001,profile.target.08_00,profile,True,100 mg/dL,keep,100 mg/dL,Evidence: daytime highs far exceed 100 mg/dL and align with unannounced rises. Uncertainty: temporary targets of 135 mg/dL mix some daytime means. Dependencies: not a reason to lower the day target or raise basal.
real_grok46_50,run_001,profile.target.23_00,profile,True,90 mg/dL,keep,90 mg/dL,Evidence: hour 23:00 already has about 10 percent time below range. Uncertainty: same unresolved leftover-IOB question as the 00:00 target. Dependencies: keep with 00:00 target and overnight basal; do not change as a pair.
real_grok46_50,run_001,profile.dia,profile,True,10 h,keep,10 h,"Evidence: crashes cluster at 2 to 4 hours, not at a short-DIA tail, while overnight time below range argues against shortening DIA. Uncertainty: insulin type is free_peak_oref and peak is not independently verified. Dependencies: long DIA plus Dynamic ISF plus max IOB 25 U still allowed large IOB; shortening DIA is unsupported."
real_grok46_50,run_001,aaps.core.smb_uam,aaps,True,smb_enabled=true; uam_enabled=true,keep,smb_enabled=true; uam_enabled=true,"Evidence: with 0 g carbs, UAM is the only meal insulin path and statuses show both protection and stacking. Uncertainty: custom UAM boost size is not an inventory switch. Dependencies: no declared meal bolus percent; disabling UAM without carb logging would leave meals uncovered."
real_grok46_50,run_001,aaps.core.smb_activation,aaps,True,smb_always_enabled=true; smb_with_cob_enabled=false; smb_after_carbs_enabled=false; smb_with_temp_target_enabled=true; smb_with_high_temp_target_enabled=false,keep,smb_always_enabled=true; smb_with_cob_enabled=false; smb_after_carbs_enabled=false; smb_with_temp_target_enabled=true; smb_with_high_temp_target_enabled=false,"Evidence: always-on SMB makes COB and after-carb flags inert, matching zero carb entries. High-TT SMB off matches 135 mg/dL temporary targets. Uncertainty: those temporary-target windows should not be read as SMB failure. Dependencies: keep with SMB or UAM enablement; do not retune activation while meals remain unlogged."
real_grok46_50,run_001,aaps.core.smb_delivery,aaps,True,smb_interval_minutes=3 min; max_smb_basal_minutes=15 min; max_uam_smb_basal_minutes=20 min,keep,smb_interval_minutes=3 min; max_smb_basal_minutes=15 min; max_uam_smb_basal_minutes=20 min,"Evidence: 3-minute interval and 15 or 20 minute caps are populated and directionally consistent, but boost and high temps can exceed profile-basal times those minutes. Uncertainty: snapshots are sparse and remaining wait text is not the configured interval. Dependencies: Dynamic ISF and max basal; a later limiter review may pick this group or sensitivity or max IOB, not more than one."
real_grok46_50,run_001,aaps.core.safety_limits,aaps,True,max_basal_u_per_hour=12 U/h; max_iob_units=25 U,keep,max_basal_u_per_hour=12 U/h; max_iob_units=25 U,Evidence: 25 U and 12 U/h are loose versus TDD about 20 U and were not binding; hypos occurred at IOB well below 25 U. Uncertainty: dilute units and multiplier-limited temps near 4 U/h. Dependencies: not a substitute for meal observation; do not tighten limits in the same step as Dynamic ISF or SMB minutes. Verify is not used because no component is null.
real_grok46_50,run_001,aaps.core.sensitivity,aaps,True,autosens_enabled=false; dynamic_sensitivity_enabled=true; autosens_raises_target=false; autosens_lowers_target=false; dynamic_isf_adjustment_factor_percent=70 %,keep,autosens_enabled=false; dynamic_sensitivity_enabled=true; autosens_raises_target=false; autosens_lowers_target=false; dynamic_isf_adjustment_factor_percent=70 %,Evidence: Autosens off with target adjust off is consistent. Dynamic ISF 70 percent compressed ISF at peaks and amplified UAM. A sensitivity_ratio of 1 is not proof of a different Autosens state. Uncertainty: formula details are incomplete. Dependencies: profile ISF 56; do not enable Autosens on top of Dynamic ISF and do not change this group with ISF or SMB delivery now.
real_grok46_50,run_001,aaps.core.carb_absorption,aaps,True,min_5m_carbimpact=8 mg/dL/5 min; meal_max_absorption_hours=7 h,keep,min_5m_carbimpact=8 mg/dL/5 min; meal_max_absorption_hours=7 h,"Evidence: both values are idle with 0 g carbs and COB 0. UAM is not extra COB counting. Uncertainty: if carb logging starts, 7 h plus DIA 10 h would be a future pairing question only. Dependencies: meal_ecarbs_absorption blocked; no e-carb duration was inferred from a null average."
real_grok46_50,run_002,profile.basal.00_00,profile,True,0.6 U/h,keep,0.6 U/h,"Evidence: local 00:00-03:00 time-below-range is high but averages are near 90-105 mg/dL, and 05:00-08:00 with higher basal is stable. Uncertainty: residual UAM IOB and DIA 10 h can mimic over-basal. Dependencies: the 00:00 target review; do not cut this basal in the same step."
real_grok46_50,run_002,profile.basal.05_00,profile,True,0.7 U/h,keep,0.7 U/h,Evidence: local 05:00-06:00 average about 104 mg/dL with high time in range and low time below range. Uncertainty: one 42 mg/dL reading near 07:19 local on 21 Aug is an outlier. Dependencies: overnight target observation first.
real_grok46_50,run_002,profile.basal.06_00,profile,True,0.8 U/h,keep,0.8 U/h,Evidence: local 06:00-08:00 remains in range with averages near 100-110 mg/dL despite this being the highest basal step. Uncertainty: partial last day and sensor change on 21 Aug. Dependencies: not a hypo-driver in the aggregate; hold while target is reviewed.
real_grok46_50,run_002,profile.basal.10_00,profile,True,0.7 U/h,keep,0.7 U/h,"Evidence: late-morning rise and time above range occur with cob 0, which is more consistent with unlogged intake and UAM lag than under-basal. Uncertainty: no meal sizes. Dependencies: meal logging and unchanged UAM before any daytime basal increase."
real_grok46_50,run_002,profile.basal.16_00,profile,True,0.5 U/h,keep,0.5 U/h,"Evidence: local 16:00 is the peak above-range hour, but 18:00-19:00 then crashes, so this lower basal may be protective rather than the cause of the peak. Uncertainty: meals, GLP-1, and UAM overlap this window. Dependencies: do not raise 16:00 basal while evening time-below-range is high."
real_grok46_50,run_002,profile.basal.18_00,profile,True,0.6 U/h,keep,0.6 U/h,Evidence: local 18:00 already has 7.7% time below range and a 42 mg/dL minimum. Uncertainty: this hour mixes residual afternoon SMB with possible evening intake. Dependencies: safety_overview; no evening basal increase.
real_grok46_50,run_002,profile.basal.19_00,profile,True,0.7 U/h,keep,0.7 U/h,"Evidence: local 19:00 has 15.3% time below range and the period minimum of 41 mg/dL, so this step is poorly timed for an increase. Uncertainty: post-meal UAM versus scheduled basal cannot be fully split. Dependencies: hold this segment while target and later SMB questions are sequenced."
real_grok46_50,run_002,profile.cr.00_00,profile,True,13 g/U,keep,13 g/U,"Evidence: zero carb entries and cob 0, so this CR was not used. Uncertainty: actual overnight intake unknown. Dependencies: meal start and gram logs before any CR review."
real_grok46_50,run_002,profile.cr.04_00,profile,True,11.1 g/U,keep,11.1 g/U,Evidence: no carb-linked breakfast or dawn meals to test 11.1 g/U. Uncertainty: unused table versus true need. Dependencies: carb logging; do not change CR with target.
real_grok46_50,run_002,profile.cr.08_00,profile,True,13.2 g/U,keep,13.2 g/U,"Evidence: late-morning highs occurred without announced carbs, so UAM not CR produced the insulin. Uncertainty: meal composition unknown. Dependencies: blocked until grams are logged."
real_grok46_50,run_002,profile.cr.16_00,profile,True,10.5 g/U,keep,10.5 g/U,"Evidence: afternoon peak then evening low is an automation-timing pattern, not a measured CR miss. Uncertainty: GLP-1 may delay absorption. Dependencies: no CR change on top of UAM."
real_grok46_50,run_002,profile.cr.20_00,profile,True,12.6 g/U,keep,12.6 g/U,Evidence: evening is a high time-below-range window with no carb records. Uncertainty: leftover IOB versus any late intake. Dependencies: hypo risk forbids tightening CR here first.
real_grok46_50,run_002,profile.isf.00_00,profile,True,56 mg/dL/U,keep,56 mg/dL/U,"Evidence: Dynamic ISF is on and sampled variable_sens ranged far from 56, including about 28-38 at highs. Uncertainty: apparent strong corrections may be SMB stacking rather than a 56 error. Dependencies: do not retune scheduled ISF while Dynamic ISF, SMB, and the 00:00 target are being sequenced."
real_grok46_50,run_002,profile.target.00_00,profile,True,90 mg/dL,change,100 mg/dL,"Evidence: local 00:00 average 93.3 mg/dL with 11.4% below range and 0% above; local 01:00 average 90.6 mg/dL with 18.5% below range and 0% above, all under this 90 mg/dL segment. Uncertainty: residual afternoon IOB may still cause lows at 100 mg/dL. Dependencies: keep basal, 23:00 target, DIA, SMB, and Dynamic ISF unchanged so this review is interpretable."
real_grok46_50,run_002,profile.target.08_00,profile,True,100 mg/dL,keep,100 mg/dL,"Evidence: this daytime target already provides more buffer than overnight 90 mg/dL and is the destination value for the 00:00 review. Uncertainty: afternoon highs are meal and UAM effects, not proof this target is too high. Dependencies: leave it unchanged while 00:00 is reviewed."
real_grok46_50,run_002,profile.target.23_00,profile,True,90 mg/dL,keep,90 mg/dL,"Evidence: local 23:00 average 105.7 mg/dL with 10.1% below range, but the densest lows are after 00:00. Uncertainty: the 23:00 start of 90 mg/dL may still contribute to the overnight descent. Dependencies: sequential review; revisit only if 23:00-00:00 time-below-range remains after the 00:00 target change."
real_grok46_50,run_002,profile.dia,profile,True,10 h,keep,10 h,"Evidence: 10 h DIA can carry afternoon UAM into 01:00 lows, but 4-6 h correction windows both fall and rebound. Uncertainty: free_peak_oref peak and u200 dilution. Dependencies: changing DIA with target or SMB would confound IOB accounting."
real_grok46_50,run_002,aaps.core.smb_uam,aaps,True,smb_enabled=true; uam_enabled=true,keep,smb_enabled=true; uam_enabled=true,Evidence: zero carbs means UAM is the meal engine; disabling it without a logged-meal path would leave afternoon highs untreated. Uncertainty: boost logic in loop reasons is not stock-simple. Dependencies: meal announcement strategy; not changed with the 00:00 target.
real_grok46_50,run_002,aaps.core.smb_activation,aaps,True,smb_always_enabled=true; smb_with_cob_enabled=false; smb_after_carbs_enabled=false; smb_with_temp_target_enabled=true; smb_with_high_temp_target_enabled=false,keep,smb_always_enabled=true; smb_with_cob_enabled=false; smb_after_carbs_enabled=false; smb_with_temp_target_enabled=true; smb_with_high_temp_target_enabled=false,Evidence: always-on SMB makes unused cob switches consistent; high temporary-target SMB already off matches 135 mg/dL hypo-protective temporary targets. Uncertainty: how often those temporary targets actually suppressed SMB. Dependencies: keep high-TT SMB off while time-below-range is elevated.
real_grok46_50,run_002,aaps.core.smb_delivery,aaps,True,smb_interval_minutes=3 min; max_smb_basal_minutes=15 min; max_uam_smb_basal_minutes=20 min,keep,smb_interval_minutes=3 min; max_smb_basal_minutes=15 min; max_uam_smb_basal_minutes=20 min,Evidence: 3-minute UAM SMBs larger than 15-20 minutes of scheduled basal fit the afternoon rise and 19:00 crash. Uncertainty: non-stock boosts; remaining wait text is not the configured interval. Dependencies: observe the 00:00 target first; do not change delivery with Dynamic ISF or DIA.
real_grok46_50,run_002,aaps.core.safety_limits,aaps,True,max_basal_u_per_hour=12 U/h; max_iob_units=25 U,keep,max_basal_u_per_hour=12 U/h; max_iob_units=25 U,"Evidence: sampled IOB peaked about 4.7-5.9 U, so 25 U did not cause the lows; some high temps clipped near 4 U/h rather than 12 U/h. Uncertainty: 25 U is a wide ceiling on a roughly 20 U/day total, especially with a u200 dilute label. Dependencies: ceiling discussion is separate from the target review and is not treated as the current mechanism."
real_grok46_50,run_002,aaps.core.sensitivity,aaps,True,autosens_enabled=false; dynamic_sensitivity_enabled=true; autosens_raises_target=false; autosens_lowers_target=false; dynamic_isf_adjustment_factor_percent=70 %,keep,autosens_enabled=false; dynamic_sensitivity_enabled=true; autosens_raises_target=false; autosens_lowers_target=false; dynamic_isf_adjustment_factor_percent=70 %,"Evidence: Autosens is disabled by autosens_enabled=false; a sensitivity_ratio of 1 is only a neutral current adjustment. Dynamic ISF at 70% is the live ISF and likely compensates for missing COB. Uncertainty: how much evening overshoot is Dynamic ISF versus SMB frequency. Dependencies: do not change this group with scheduled ISF, SMB minutes, or the 00:00 target."
real_grok46_50,run_002,aaps.core.carb_absorption,aaps,True,min_5m_carbimpact=8 mg/dL/5 min; meal_max_absorption_hours=7 h,keep,min_5m_carbimpact=8 mg/dL/5 min; meal_max_absorption_hours=7 h,"Evidence: no carbs or e-carbs, so these settings did not drive COB. Uncertainty: they may matter only after logging starts, especially with GLP-1. Dependencies: meal records before any absorption-model review."
real_grok46_50,run_003,profile.basal.00_00,profile,True,0.6 U/h,keep,0.6 U/h,"Evidence: 23:00-03:00 local hours sit near 90 mg/dL with excess time below range, especially 18.5% at 01:00. Uncertainty: the same lows can be residual afternoon IOB or always-on SMB rather than this basal. Dependencies: do not cut this basal in the same step as overnight target or SMB changes."
real_grok46_50,run_003,profile.basal.05_00,profile,True,0.7 U/h,keep,0.7 U/h,"Evidence: 05:00 local average is about 104 mg/dL with 4.8% below range and high time in range. Uncertainty: this hour is not a dominant hypo or hyper cluster. Dependencies: overnight 00:00 and target questions remain open, so this adjacent step stays unchanged."
real_grok46_50,run_003,profile.basal.06_00,profile,True,0.8 U/h,keep,0.8 U/h,Evidence: 06:00-07:00 local hours have about 97-99% time in range and low averages near 99-110 mg/dL. Uncertainty: one 42 mg/dL extreme near 07:19 local is isolated and not a fasting series. Dependencies: no dawn-failure pattern that would require more insulin here.
real_grok46_50,run_003,profile.basal.10_00,profile,True,0.7 U/h,keep,0.7 U/h,"Evidence: late-morning local TIR is relatively high at 11:00, then highs grow through the afternoon. Uncertainty: breakfast or UAM is a plausible cause of the 08:00-10:00 rise. Dependencies: meal logging and SMB or Dynamic ISF must be separated before blaming this basal."
real_grok46_50,run_003,profile.basal.16_00,profile,True,0.5 U/h,keep,0.5 U/h,"Evidence: 16:00 local has the highest TAR at 32.1%, coinciding with this 0.7 to 0.5 U/h drop. Uncertainty: zero carbs and active UAM or Dynamic ISF are equally likely. Dependencies: raising this basal while SMB and Dynamic ISF stay aggressive would stack insulin and worsen 19:00 lows."
real_grok46_50,run_003,profile.basal.18_00,profile,True,0.6 U/h,keep,0.6 U/h,"Evidence: glucose is already falling from the afternoon peak through 18:00, with 7.7% below range. Uncertainty: this looks more like an IOB overshoot than a standalone basal defect. Dependencies: afternoon UAM, DIA 10 h, and 19:00 lows must be reviewed before any cut or rise."
real_grok46_50,run_003,profile.basal.19_00,profile,True,0.7 U/h,keep,0.7 U/h,"Evidence: 19:00 local has 15.3% below range and a minimum of 41 mg/dL. Uncertainty: several crash windows follow large afternoon insulin, including post-occlusion dosing, so this basal is not isolated. Dependencies: do not lower this segment in the same step as SMB, Dynamic ISF, or 16:00 basal."
real_grok46_50,run_003,profile.cr.00_00,profile,True,13 g/U,keep,13 g/U,Evidence: no carb entries exist to test 13 g/U. Uncertainty: overnight lows have cob 0 and are not a CR pattern. Dependencies: CR review stays blocked until any meal or e-carb announcement exists.
real_grok46_50,run_003,profile.cr.04_00,profile,True,11.1 g/U,keep,11.1 g/U,Evidence: early-morning hours are stable and carb treatments are zero. Uncertainty: this tighter CR is unused in the sampled loop reasons. Dependencies: cannot change CR while meals remain unannounced.
real_grok46_50,run_003,profile.cr.08_00,profile,True,13.2 g/U,keep,13.2 g/U,"Evidence: the morning rise can be UAM without a carb entry, so 13.2 g/U is not scored. Uncertainty: declared meal strategy is empty, not a conflicting percent. Dependencies: SMB or UAM is the observed breakfast path."
real_grok46_50,run_003,profile.cr.16_00,profile,True,10.5 g/U,keep,10.5 g/U,"Evidence: afternoon TAR occurs with cob 0, so the tighter 10.5 g/U cannot be credited or blamed. Uncertainty: GLP-1 notes and delayed waves are unquantified. Dependencies: keep CR until timed carb logs exist."
real_grok46_50,run_003,profile.cr.20_00,profile,True,12.6 g/U,keep,12.6 g/U,Evidence: evening lows occur without logged carbs. Uncertainty: residual IOB is the stronger competing explanation. Dependencies: evening CR is not a hypo lever on this record.
real_grok46_50,run_003,profile.isf.00_00,profile,True,56 mg/dL/U,keep,56 mg/dL/U,"Evidence: sampled variable_sens ranged about 28-124 mg/dL/U, so Dynamic ISF, not 56, is the working correction gain. Uncertainty: therapy windows mix unlogged intake, extra SMBs, and an occlusion. Dependencies: do not weaken or strengthen seed ISF in the same step as the 70% Dynamic ISF factor."
real_grok46_50,run_003,profile.target.00_00,profile,True,90 mg/dL,keep,90 mg/dL,Evidence: overnight average near 90-101 mg/dL with high TBR at 01:00 makes 90 look tight versus CV 32.6%. Uncertainty: leftover IOB and always-on SMB can create the same lows at a fair target. Dependencies: this is the first future candidate only after low-IOB nights are compared; no change now.
real_grok46_50,run_003,profile.target.08_00,profile,True,100 mg/dL,keep,100 mg/dL,"Evidence: daytime 100 mg/dL is more forgiving and late-morning TIR is better than the afternoon UAM wave. Uncertainty: working status target_bg sometimes differs from 100 because of temporary targets or algorithm display, not this segment alone. Dependencies: afternoon highs are not a reason to lower this target."
real_grok46_50,run_003,profile.target.23_00,profile,True,90 mg/dL,keep,90 mg/dL,Evidence: 23:00 local already has 10.1% below range heading into the overnight 90 mg/dL target. Uncertainty: same IOB-versus-target split as 00:00. Dependencies: keep 23:00 and 00:00 together; do not edit one overnight target without the planned IOB check.
real_grok46_50,run_003,profile.dia,profile,True,10 h,keep,10 h,"Evidence: a 10 h DIA can keep afternoon UAM insulin visible at 19:00 and 01:00, which matches the hypo timing. Uncertainty: insulin peak for free_peak_oref is not numeric in the package, and Dynamic ISF plus SMB can front-load insulin regardless of DIA. Dependencies: changing DIA now would scramble IOB reads needed to judge basal and SMB."
real_grok46_50,run_003,aaps.core.smb_uam,aaps,True,smb_enabled=true; uam_enabled=true,keep,smb_enabled=true; uam_enabled=true,"Evidence: with zero carbs, UAM is the only meal detector and is not a second COB counter. Uncertainty: this path can overshoot after afternoon rises. Dependencies: turning SMB or UAM off together with a basal or CR change is unsupported; no source component is null so verify is not used."
real_grok46_50,run_003,aaps.core.smb_activation,aaps,True,smb_always_enabled=true; smb_with_cob_enabled=false; smb_after_carbs_enabled=false; smb_with_temp_target_enabled=true; smb_with_high_temp_target_enabled=false,keep,smb_always_enabled=true; smb_with_cob_enabled=false; smb_after_carbs_enabled=false; smb_with_temp_target_enabled=true; smb_with_high_temp_target_enabled=false,"Evidence: COB-gated flags off match cob 0, and high-temp-target SMB off matches recurring 135 mg/dL temporary targets. Uncertainty: always-on SMB can still dose small overnight rises toward the 90 mg/dL target. Dependencies: activation changes would confound the planned overnight IOB versus target check."
real_grok46_50,run_003,aaps.core.smb_delivery,aaps,True,smb_interval_minutes=3 min; max_smb_basal_minutes=15 min; max_uam_smb_basal_minutes=20 min,keep,smb_interval_minutes=3 min; max_smb_basal_minutes=15 min; max_uam_smb_basal_minutes=20 min,"Evidence: sampled standard SMB sizes near 0.2-0.3 U fit 15-20 minutes of scheduled basal, while boosts and a 3-minute interval explain larger stacks. Uncertainty: representative statuses cannot count every SMB. Dependencies: do not shorten or lengthen interval in the same step as Dynamic ISF 70% or any basal edit."
real_grok46_50,run_003,aaps.core.safety_limits,aaps,True,max_basal_u_per_hour=12 U/h; max_iob_units=25 U,keep,max_basal_u_per_hour=12 U/h; max_iob_units=25 U,"Evidence: sampled IOB peaked near 5.9 U and one high request was capped near 4 U/h, so 25 U and 12 U/h were unused headroom, not the cause of TBR. Uncertainty: unused high caps are a future risk if UAM boosts grow, but that is not shown as the current mechanism. Dependencies: tightening unused caps would not replace the overnight observation plan."
real_grok46_50,run_003,aaps.core.sensitivity,aaps,True,autosens_enabled=false; dynamic_sensitivity_enabled=true; autosens_raises_target=false; autosens_lowers_target=false; dynamic_isf_adjustment_factor_percent=70 %,keep,autosens_enabled=false; dynamic_sensitivity_enabled=true; autosens_raises_target=false; autosens_lowers_target=false; dynamic_isf_adjustment_factor_percent=70 %,"Evidence: Dynamic ISF is on at 70% and sampled ISF moved from about 28 to 124 mg/dL/U; Autosens is off, so ratio 1 is not a disabled-Autosens diagnosis. Uncertainty: profile notes saying FLAT ISF conflict with the enabled Dynamic ISF flag, but the authoritative setting is Dynamic ISF on. Dependencies: this factor and SMB interval are dependent; neither changes until meals and overnight IOB are separated."
real_grok46_50,run_003,aaps.core.carb_absorption,aaps,True,min_5m_carbimpact=8 mg/dL/5 min; meal_max_absorption_hours=7 h,keep,min_5m_carbimpact=8 mg/dL/5 min; meal_max_absorption_hours=7 h,Evidence: these settings are idle with 0 g carbs and cob 0. Uncertainty: they do not control UAM. Dependencies: absorption edits cannot fix afternoon TAR or evening TBR on this record.
real_grok46_50,run_004,profile.basal.00_00,profile,True,0.6 U/h,keep,0.6 U/h,"Evidence: 00:00-03:00 local averages 90-106 mg/dL with TBR 10-18 percent. Uncertainty: leftover UAM IOB and target 90 mg/dL can cause the same lows. Dependencies: do not change with target, DIA, or SMB delivery."
real_grok46_50,run_004,profile.basal.05_00,profile,True,0.7 U/h,keep,0.7 U/h,Evidence: 05:00-07:00 local TIR 95-99 percent and low TBR aside from one 42 mg/dL incident. Uncertainty: that isolated low is not a repeating 05:00 defect. Dependencies: morning window is not the binding safety problem.
real_grok46_50,run_004,profile.basal.06_00,profile,True,0.8 U/h,keep,0.8 U/h,Evidence: 06:00-08:00 local remains high TIR with almost no TAR. Uncertainty: loop temps still override the schedule. Dependencies: keep unless a fasting no-meal morning set shows a rise or fall attributable to this step only.
real_grok46_50,run_004,profile.basal.10_00,profile,True,0.7 U/h,keep,0.7 U/h,Evidence: 09:00-13:00 local rise and TAR coincide with likely breakfast or lunch plus UAM. Uncertainty: not a clean basal signal. Dependencies: unused CR and always-on SMB can fully explain this window.
real_grok46_50,run_004,profile.basal.16_00,profile,True,0.5 U/h,keep,0.5 U/h,Evidence: this is the lowest basal under the 16:00 local TAR peak of 32.1 percent. Uncertainty: unlogged meals and UAM remain more likely than a basal hole. Dependencies: raising this segment together with SMB or DynISF would increase 19:00 crash risk.
real_grok46_50,run_004,profile.basal.18_00,profile,True,0.6 U/h,keep,0.6 U/h,"Evidence: 18:00 local already has TBR 7.7 percent after the afternoon peak. Uncertainty: activity, GLP-1 notes, and stacked IOB are not coded. Dependencies: any increase conflicts with the 19:00 hypo cluster."
real_grok46_50,run_004,profile.basal.19_00,profile,True,0.7 U/h,keep,0.7 U/h,"Evidence: 19:00 local TBR 15.3 percent and CGM lows of 41 mg/dL. Uncertainty: this is the overshoot window, not a proven under-basal window. Dependencies: withhold change until afternoon UAM IOB is measured."
real_grok46_50,run_004,profile.cr.00_00,profile,True,13 g/U,keep,13 g/U,"Evidence: zero carb treatments, so this CR never fired. Uncertainty: overnight carbs are not shown. Dependencies: CR change is blocked until meals are announced."
real_grok46_50,run_004,profile.cr.04_00,profile,True,11.1 g/U,keep,11.1 g/U,Evidence: no carb entries in the night or dawn window. Uncertainty: the stronger ratio would only matter if overnight carbs appear. Dependencies: unused while cob stays 0.
real_grok46_50,run_004,profile.cr.08_00,profile,True,13.2 g/U,keep,13.2 g/U,Evidence: morning TAR exists but no meal boluses used this CR. Uncertainty: UAM catch-up is the observed tool. Dependencies: do not infer a weaker or stronger CR from unannounced rises.
real_grok46_50,run_004,profile.cr.16_00,profile,True,10.5 g/U,keep,10.5 g/U,"Evidence: strongest CR sits on the same clock as peak TAR and the 18:00-19:00 crash, but it was unused. Uncertainty: if announcement starts, this segment is the most hypo-sensitive. Dependencies: keep until logged meals exist; do not pair a CR change with SMB."
real_grok46_50,run_004,profile.cr.20_00,profile,True,12.6 g/U,keep,12.6 g/U,Evidence: evening TBR with cob 0 is not a CR test. Uncertainty: any future evening carb entry would land on leftover IOB. Dependencies: meal announcement first.
real_grok46_50,run_004,profile.isf.00_00,profile,True,56 mg/dL/U,keep,56 mg/dL/U,"Evidence: delivered sensitivity is DynISF (variable_sens about 28-124), not static 56. Uncertainty: u200 labeling may change the meaning of 56. Dependencies: do not change ISF in the same step as DynISF factor, SMB, or basal."
real_grok46_50,run_004,profile.target.00_00,profile,True,90 mg/dL,keep,90 mg/dL,Evidence: overnight TBR occurs on a 90 mg/dL target and is the most proximal landing setting. Uncertainty: leftover IOB may be sufficient without a target error. Dependencies: changing target together with basal or DIA would hide the IOB-source test.
real_grok46_50,run_004,profile.target.08_00,profile,True,100 mg/dL,keep,100 mg/dL,Evidence: daytime target 100 mg/dL aligns with the safer morning band and some afternoon TTs already go to 135 mg/dL. Uncertainty: afternoon TAR is meal-shaped. Dependencies: not the overnight TBR lever.
real_grok46_50,run_004,profile.target.23_00,profile,True,90 mg/dL,keep,90 mg/dL,Evidence: target returns to 90 mg/dL at 23:00 as glucose is still settling and TBR is 6-10 percent. Uncertainty: same IOB-versus-target confound as 00:00. Dependencies: keep with profile.target.00_00; do not move only one overnight target segment.
real_grok46_50,run_004,profile.dia,profile,True,10 h,keep,10 h,"Evidence: DIA 10 h can keep afternoon SMB active into 23:00-03:00, matching overnight TBR. Uncertainty: no clean no-food IOB decay or insulin peak is available. Dependencies: changing DIA with SMB or ISF would double-count the same IOB story."
real_grok46_50,run_004,aaps.core.smb_uam,aaps,True,smb_enabled=true; uam_enabled=true,keep,smb_enabled=true; uam_enabled=true,Evidence: cob 0 and empty meal plan mean UAM is the meal path. Uncertainty: turning UAM off would leave afternoon TAR without a replacement announcement method. Dependencies: keep while CR stays unused; no source component is null so verify is not used.
real_grok46_50,run_004,aaps.core.smb_activation,aaps,True,smb_always_enabled=true; smb_with_cob_enabled=false; smb_after_carbs_enabled=false; smb_with_temp_target_enabled=true; smb_with_high_temp_target_enabled=false,keep,smb_always_enabled=true; smb_with_cob_enabled=false; smb_after_carbs_enabled=false; smb_with_temp_target_enabled=true; smb_with_high_temp_target_enabled=false,"Evidence: flags match zero COB and allow high-TT lockout, which was already used. Uncertainty: late TTs may be too late for the 19:00 crash. Dependencies: activation is consistent; delivery, not these switches, is the later suspicion."
real_grok46_50,run_004,aaps.core.smb_delivery,aaps,True,smb_interval_minutes=3 min; max_smb_basal_minutes=15 min; max_uam_smb_basal_minutes=20 min,keep,smb_interval_minutes=3 min; max_smb_basal_minutes=15 min; max_uam_smb_basal_minutes=20 min,"Evidence: 3-minute cadence and 15/20-minute windows plus UAM boost can explain large afternoon insulinReq. Uncertainty: custom boost, not the numbered windows alone, produced the 1.6 U SMB. Dependencies: highest-suspicion later single lever, but unsupported now without meal clocks; do not change with DynISF."
real_grok46_50,run_004,aaps.core.safety_limits,aaps,True,max_basal_u_per_hour=12 U/h; max_iob_units=25 U,keep,max_basal_u_per_hour=12 U/h; max_iob_units=25 U,"Evidence: enacted rates were multiplier-capped near 4 U/h and sampled IOB peaked near 6 U, so 12 U/h and 25 U did not bind. Uncertainty: the wide ceiling is a runaway risk, not the 14-day cause. Dependencies: changing limits would not test basal, CR, or meal timing."
real_grok46_50,run_004,aaps.core.sensitivity,aaps,True,autosens_enabled=false; dynamic_sensitivity_enabled=true; autosens_raises_target=false; autosens_lowers_target=false; dynamic_isf_adjustment_factor_percent=70 %,keep,autosens_enabled=false; dynamic_sensitivity_enabled=true; autosens_raises_target=false; autosens_lowers_target=false; dynamic_isf_adjustment_factor_percent=70 %,Evidence: DynISF 70 percent compresses ISF at highs and is part of the chase; Autosens off is appropriate while TBR is 5.1 percent. Uncertainty: factor 70 percent versus UAM timing is not separable. Dependencies: do not enable target lowering or change this with profile ISF or SMB delivery.
real_grok46_50,run_004,aaps.core.carb_absorption,aaps,True,min_5m_carbimpact=8 mg/dL/5 min; meal_max_absorption_hours=7 h,keep,min_5m_carbimpact=8 mg/dL/5 min; meal_max_absorption_hours=7 h,"Evidence: no carbs and cob 0, so these settings had no job and did not create double COB. Uncertainty: they would only matter after announcement. Dependencies: unused; keep rather than verify because values are present."
real_grok46_50,run_005,profile.basal.00_00,profile,True,0.6 U/h,keep,0.6 U/h,"Evidence: local 00:00-03:00 TBR is high, but several nights also show leftover or later-cleared IOB. Uncertainty: cannot separate basal 0.6 from DIA, target 90, and afternoon UAM. Dependencies: safety hypo cluster; do not raise overnight basal while residual IOB remains plausible."
real_grok46_50,run_005,profile.basal.05_00,profile,True,0.7 U/h,keep,0.7 U/h,Evidence: local 05:00-06:00 is mostly in range with low TAR. Uncertainty: partial last day includes a 42 mg/dL near 07:19. Dependencies: leave the dawn step unchanged until fasting mornings are reviewed separately from that isolated low.
real_grok46_50,run_005,profile.basal.06_00,profile,True,0.8 U/h,keep,0.8 U/h,Evidence: local 06:00-08:00 TIR is about 98-99% and is the strongest fasting-like window. Uncertainty: one early-morning extreme on 21 Aug. Dependencies: no increase; this segment is not the afternoon TAR driver.
real_grok46_50,run_005,profile.basal.10_00,profile,True,0.7 U/h,keep,0.7 U/h,Evidence: late-morning and midday rise occurs with COB 0 and UAM activity. Uncertainty: meals versus basal cannot be split. Dependencies: meal labeling and SMB review before any daytime basal change.
real_grok46_50,run_005,profile.basal.16_00,profile,True,0.5 U/h,keep,0.5 U/h,"Evidence: TAR peaks at 14:00-16:00 while this basal is already the lowest segment, but UAM/SMB and zero carbs dominate insulin delivery. Uncertainty: lowering or raising 0.5 U/h would not be a clean test. Dependencies: do not use afternoon TAR as a basal defect until meals are labeled."
real_grok46_50,run_005,profile.basal.18_00,profile,True,0.6 U/h,keep,0.6 U/h,Evidence: local 18:00-19:00 is the crash window after afternoon highs. Uncertainty: more likely delayed IOB than too little basal. Dependencies: hypo constraint forbids adding evening basal on current data.
real_grok46_50,run_005,profile.basal.19_00,profile,True,0.7 U/h,keep,0.7 U/h,Evidence: local 19:00 TBR 15.3% with lows to 41 mg/dL on some days. Uncertainty: occlusion and GLP-1 days mix with typical evenings. Dependencies: keep this segment until evening IOB sources are identified.
real_grok46_50,run_005,profile.cr.00_00,profile,True,13 g/U,keep,13 g/U,Evidence: no carb entries used this CR. Uncertainty: CR effect is untestable. Dependencies: meal announcement required before any CR review.
real_grok46_50,run_005,profile.cr.04_00,profile,True,11.1 g/U,keep,11.1 g/U,Evidence: unused in telemetry. Uncertainty: cannot infer breakfast CR from unlabeled rises. Dependencies: blocked by zero carbs.
real_grok46_50,run_005,profile.cr.08_00,profile,True,13.2 g/U,keep,13.2 g/U,"Evidence: daytime coverage was UAM/SMB, not announced CR boluses. Uncertainty: a declared meal percent does not exist to compare. Dependencies: keep until labeled meals exist."
real_grok46_50,run_005,profile.cr.16_00,profile,True,10.5 g/U,keep,10.5 g/U,"Evidence: afternoon pattern is unannounced intake plus automation, not a measured 10.5 g/U miss. Uncertainty: high. Dependencies: do not tighten CR while evening hypo is active."
real_grok46_50,run_005,profile.cr.20_00,profile,True,12.6 g/U,keep,12.6 g/U,Evidence: unused. Uncertainty: evening lows are better explained by prior IOB. Dependencies: meal logging first.
real_grok46_50,run_005,profile.isf.00_00,profile,True,56 mg/dL/U,keep,56 mg/dL/U,"Evidence: live ISF is Dynamic ISF, sampled far from 56 at highs and lows. Uncertainty: U200 dilute and GLP-1 make 1800/TDD comparisons unreliable. Dependencies: do not strengthen profile ISF while TBR is clustered and DynISF is on."
real_grok46_50,run_005,profile.target.00_00,profile,True,90 mg/dL,keep,90 mg/dL,"Evidence: overnight TBR occurs under target 90, but residual IOB is a competing cause. Uncertainty: some nights sit near 90 with low IOB. Dependencies: isolate fasting nights before reviewing a higher overnight target as a later single change."
real_grok46_50,run_005,profile.target.08_00,profile,True,100 mg/dL,keep,100 mg/dL,Evidence: daytime target 100 is already higher than night 90 and mornings are stable. Uncertainty: afternoon TAR is not a target-setting diagnosis. Dependencies: keep while meal automation is unseparated.
real_grok46_50,run_005,profile.target.23_00,profile,True,90 mg/dL,keep,90 mg/dL,Evidence: target returns to 90 at 23:00 as early-night TBR begins. Uncertainty: amplifier versus primary cause. Dependencies: same as overnight basal and DIA; no target change in this pass.
real_grok46_50,run_005,profile.dia,profile,True,10 h,keep,10 h,"Evidence: long DIA can explain IOB lasting into 00:00-03:00 after afternoon UAM. Uncertainty: no DIA experiment is present. Dependencies: do not shorten DIA in the same step as SMB, ISF, or basal."
real_grok46_50,run_005,aaps.core.smb_uam,aaps,True,smb_enabled=true; uam_enabled=true,keep,smb_enabled=true; uam_enabled=true,Evidence: this pair matches the carb-silent observed meal system. Uncertainty: custom UAM boosts exceed inventory minutes. Dependencies: turning UAM off would require an announced-meal plan that was not declared; keep both on for this review.
real_grok46_50,run_005,aaps.core.smb_activation,aaps,True,smb_always_enabled=true; smb_with_cob_enabled=false; smb_after_carbs_enabled=false; smb_with_temp_target_enabled=true; smb_with_high_temp_target_enabled=false,keep,smb_always_enabled=true; smb_with_cob_enabled=false; smb_after_carbs_enabled=false; smb_with_temp_target_enabled=true; smb_with_high_temp_target_enabled=false,Evidence: always-on SMB is consistent with COB 0; high-TT SMB off matches 135 mg/dL temporary targets. Uncertainty: always-on SMB is also the leading hypo mechanism. Dependencies: do not change activation in the same step as DynISF or basal.
real_grok46_50,run_005,aaps.core.smb_delivery,aaps,True,smb_interval_minutes=3 min; max_smb_basal_minutes=15 min; max_uam_smb_basal_minutes=20 min,keep,smb_interval_minutes=3 min; max_smb_basal_minutes=15 min; max_uam_smb_basal_minutes=20 min,"Evidence: 3-minute UAM is frequent enough to stack afternoon insulin. Uncertainty: live doses sometimes exceed basal-times-minutes, so the listed caps are incomplete. Dependencies: keep until labeled meals show whether frequency, not missing prebolus, is the issue."
real_grok46_50,run_005,aaps.core.safety_limits,aaps,True,max_basal_u_per_hour=12 U/h; max_iob_units=25 U,keep,max_basal_u_per_hour=12 U/h; max_iob_units=25 U,"Evidence: observed IOB stayed near 5-6 U and a lower safe basal clip already bound some temps, so these ceilings were unused headroom rather than the TBR cause. Uncertainty: they are loose versus TDD about 20 U. Dependencies: tightening limits is a later safety discussion, not a first change, and must not be paired with stronger insulin settings."
real_grok46_50,run_005,aaps.core.sensitivity,aaps,True,autosens_enabled=false; dynamic_sensitivity_enabled=true; autosens_raises_target=false; autosens_lowers_target=false; dynamic_isf_adjustment_factor_percent=70 %,keep,autosens_enabled=false; dynamic_sensitivity_enabled=true; autosens_raises_target=false; autosens_lowers_target=false; dynamic_isf_adjustment_factor_percent=70 %,"Evidence: DynISF 70% is the live ISF and can explain peak over-correction. Uncertainty: not isolated from SMB frequency, GLP-1, or unannounced meals. Dependencies: do not change DynISF together with profile ISF or SMB minutes."
real_grok46_50,run_005,aaps.core.carb_absorption,aaps,True,min_5m_carbimpact=8 mg/dL/5 min; meal_max_absorption_hours=7 h,keep,min_5m_carbimpact=8 mg/dL/5 min; meal_max_absorption_hours=7 h,"Evidence: COB remained 0 and no e-carbs were entered, so these values were unused. Uncertainty: cannot validate carb impact. Dependencies: keep until announced carbs exist."
real_grok46_50,run_006,profile.basal.00_00,profile,True,0.6 U/h,keep,0.6 U/h,"Evidence: local 00:00-03:00 time below range with mean glucose near 90 mg/dL. Uncertainty: DIA 10 h and afternoon UAM IOB can still be active, so this is not a clean fasting basal test. Dependencies: overnight target 90 mg/dL and Dynamic ISF or SMB stacking. A downward change is not isolated and an upward change is unsafe while time below range is binding."
real_grok46_50,run_006,profile.basal.05_00,profile,True,0.7 U/h,keep,0.7 U/h,Evidence: local hour 5 mean 104.2 mg/dL with time below range 4.8 percent and no clear dawn rise. Uncertainty: transition hour with possible residual night IOB. Dependencies: 00:00 and 06:00 segments. No isolated defect.
real_grok46_50,run_006,profile.basal.06_00,profile,True,0.8 U/h,keep,0.8 U/h,Evidence: local 06:00-08:00 time in range about 97.5-98.7 percent with almost no time below range except one 21 Aug extreme. Uncertainty: later 09:00-10:00 rise looks meal or UAM shaped. Dependencies: 08:00 target 100 mg/dL and unlogged intake. Not shown as too low or too high.
real_grok46_50,run_006,profile.basal.10_00,profile,True,0.7 U/h,keep,0.7 U/h,"Evidence: late-morning and midday climb with COB 0. Uncertainty: UAM, corrections, and possible meals dominate this window. Dependencies: SMB or UAM and Dynamic ISF. Daytime basal cannot be blamed or raised on this pattern."
real_grok46_50,run_006,profile.basal.16_00,profile,True,0.5 U/h,keep,0.5 U/h,Evidence: hour 16 local has the highest time above range (32.1 percent) but hour 19 has time below range 15.3 percent. Uncertainty: the 0.5 U/h step may already be anti-hypo design. Dependencies: UAM or SMB IOB and 19:00 basal 0.7 U/h. Raising this segment is unsupported.
real_grok46_50,run_006,profile.basal.18_00,profile,True,0.6 U/h,keep,0.6 U/h,"Evidence: local 18:00-19:00 falling glucose and rising time below range. Uncertainty: this is more consistent with prior afternoon insulin than with a unique 18:00 basal error. Dependencies: 16:00 basal, UAM stack, and DIA 10 h."
real_grok46_50,run_006,profile.basal.19_00,profile,True,0.7 U/h,keep,0.7 U/h,"Evidence: basal steps up from 0.5 to 0.7 U/h into the highest evening time-below-range hour. Uncertainty: timing may matter, but leftover UAM IOB is an equally plausible cause. Dependencies: afternoon automation and overnight target. Not isolated enough to change."
real_grok46_50,run_006,profile.cr.00_00,profile,True,13 g/U,keep,13 g/U,"Evidence: zero carb entries and sampled COB 0, so this CR did not drive insulin. Uncertainty: overnight lows are IOB, target, or basal questions, not a carb-ratio test. Dependencies: unused meal logging. Changing CR would be speculative."
real_grok46_50,run_006,profile.cr.04_00,profile,True,11.1 g/U,keep,11.1 g/U,Evidence: no carb treatments in this or any segment. Uncertainty: cannot validate a tighter predawn CR. Dependencies: empty declared meal strategy and UAM workflow.
real_grok46_50,run_006,profile.cr.08_00,profile,True,13.2 g/U,keep,13.2 g/U,"Evidence: morning rise after 08:00 is compatible with unlogged intake covered by UAM, not a measured CR miss. Uncertainty: no carb grams or bolus percent. Dependencies: SMB or UAM activation with COB-based SMB off."
real_grok46_50,run_006,profile.cr.16_00,profile,True,10.5 g/U,keep,10.5 g/U,"Evidence: afternoon is the main high window, but CR is unused when carbs are not entered. Uncertainty: a tighter CR cannot be blamed for UAM-only dosing. Dependencies: UAM, Dynamic ISF, and evening time below range. Do not tighten CR to chase hour-16 highs."
real_grok46_50,run_006,profile.cr.20_00,profile,True,12.6 g/U,keep,12.6 g/U,"Evidence: evening pattern is falling glucose and time below range, not an unused CR failure. Uncertainty: no evening carb log. Dependencies: DIA 10 h and afternoon IOB."
real_grok46_50,run_006,profile.isf.00_00,profile,True,56 mg/dL/U,keep,56 mg/dL/U,"Evidence: flat profile ISF 56 is overridden by Dynamic ISF, with variable_sens about 28-124 mg/dL/U in snapshots. Uncertainty: correction windows mix SMB, temp basal, unlogged intake, and occlusion. Dependencies: aaps.core.sensitivity. Editing 56 would not be identifiable while Dynamic ISF remains on."
real_grok46_50,run_006,profile.target.00_00,profile,True,90 mg/dL,keep,90 mg/dL,"Evidence: overnight mean sits on 90 mg/dL with high time below range, so the target is a plausible contributor and a candidate later single lever. Uncertainty: residual IOB and 00:00 basal are not ruled out. Dependencies: profile.target.23_00, profile.basal.00_00, SMB toward 90 mg/dL, and DIA 10 h. A change is withheld until midnight IOB is observed."
real_grok46_50,run_006,profile.target.08_00,profile,True,100 mg/dL,keep,100 mg/dL,"Evidence: 06:00-08:00 control is strong and later highs occur well above 100 mg/dL with COB 0. Uncertainty: temporary targets of 135 mg/dL were also used some afternoons. Dependencies: UAM and Dynamic ISF, not this daytime target. No isolated target defect."
real_grok46_50,run_006,profile.target.23_00,profile,True,90 mg/dL,keep,90 mg/dL,"Evidence: target returns to 90 mg/dL at 23:00 while hour 23 local already has time below range 10.1 percent. Uncertainty: this is the same overnight-target question as 00:00, not a separate proven error. Dependencies: profile.target.00_00 and leftover IOB. Keep both overnight target rows together rather than editing one."
real_grok46_50,run_006,profile.dia,profile,True,10 h,keep,10 h,"Evidence: 10 h DIA is a credible bridge from afternoon IOB to overnight time below range. Uncertainty: free_peak_oref peak time and u200 dilution are unknown, so a shorter DIA is not validated. Dependencies: UAM or SMB dose timing. Do not shorten DIA in the same step as any insulin-delivery change."
real_grok46_50,run_006,aaps.core.smb_uam,aaps,True,smb_enabled=true; uam_enabled=true,keep,smb_enabled=true; uam_enabled=true,"Evidence: zero carbs and COB 0 mean UAM is the meal insulin path, not duplicate COB counting. Uncertainty: UAM timing likely contributes to evening lows. Dependencies: empty meal declaration and idle CR. Disabling SMB or UAM without a carb-logging alternative is unsupported. No source component is null, so verify is not used."
real_grok46_50,run_006,aaps.core.smb_activation,aaps,True,smb_always_enabled=true; smb_with_cob_enabled=false; smb_after_carbs_enabled=false; smb_with_temp_target_enabled=true; smb_with_high_temp_target_enabled=false,keep,smb_always_enabled=true; smb_with_cob_enabled=false; smb_after_carbs_enabled=false; smb_with_temp_target_enabled=true; smb_with_high_temp_target_enabled=false,Evidence: flags match an unlogged-meal setup. Uncertainty: whether always-on SMB overrides a 135 mg/dL high temp target on this build. Dependencies: observed afternoon temporary targets. The set is consistent and has no null component.
real_grok46_50,run_006,aaps.core.smb_delivery,aaps,True,smb_interval_minutes=3 min; max_smb_basal_minutes=15 min; max_uam_smb_basal_minutes=20 min,keep,smb_interval_minutes=3 min; max_smb_basal_minutes=15 min; max_uam_smb_basal_minutes=20 min,"Evidence: 3 min interval can stack with DIA 10 h; sampled SMB sizes sometimes exceed 15 or 20 min times profile basal because of boost text in loop reasons. Uncertainty: interval versus Dynamic ISF 70 percent is not ranked. Dependencies: aaps.core.sensitivity and overnight TBR. Keep now; if later reviewed, change only this group or sensitivity, not both."
real_grok46_50,run_006,aaps.core.safety_limits,aaps,True,max_basal_u_per_hour=12 U/h; max_iob_units=25 U,keep,max_basal_u_per_hour=12 U/h; max_iob_units=25 U,"Evidence: observed rates were limited near 4 U/h maxSafeBasal and peak sampled IOB about 5.9 U, so 12 U/h and 25 U did not create the time-below-range pattern. Uncertainty: the caps would not stop a future stack. Dependencies: safety multipliers, not profile basal. Tightening them is not the first action and must not be paired with basal or SMB edits."
real_grok46_50,run_006,aaps.core.sensitivity,aaps,True,autosens_enabled=false; dynamic_sensitivity_enabled=true; autosens_raises_target=false; autosens_lowers_target=false; dynamic_isf_adjustment_factor_percent=70 %,keep,autosens_enabled=false; dynamic_sensitivity_enabled=true; autosens_raises_target=false; autosens_lowers_target=false; dynamic_isf_adjustment_factor_percent=70 %,"Evidence: Dynamic ISF is the live ISF and can treat unlogged rises as resistance, then over-correct. Autosens off is consistent with Autosens target flags. Uncertainty: 70 percent versus SMB interval 3 min. Dependencies: flat ISF 56, UAM, and DIA 10 h. Do not enable Autosens on top of Dynamic ISF, and do not change 70 percent in the same step as SMB delivery or profile ISF."
real_grok46_50,run_006,aaps.core.carb_absorption,aaps,True,min_5m_carbimpact=8 mg/dL/5 min; meal_max_absorption_hours=7 h,keep,min_5m_carbimpact=8 mg/dL/5 min; meal_max_absorption_hours=7 h,"Evidence: no carb or e-carb entries, so min_5m_carbimpact and 7 h absorption did not drive COB or SMB. Uncertainty: unused settings cannot be validated. Dependencies: meal logging. Leave unchanged until carbs are entered."
real_grok46_50,run_007,profile.basal.00_00,profile,True,0.6 U/h,keep,0.6 U/h,"Evidence: local 00:00-03:00 TBR is high, but 04:00-08:00 is stable and afternoon insulin plus 10 h DIA can still be active. Uncertainty: no fasting-only nights. Dependencies: overnight target 90, SMB always on, and residual IOB. A cut would stack with those other explanations."
real_grok46_50,run_007,profile.basal.05_00,profile,True,0.7 U/h,keep,0.7 U/h,Evidence: local 05:00-07:00 time in range is 95-99 percent with little TAR. Uncertainty: one 42 mg/dL reading near 07:19 local on 21 Aug. Dependencies: nearby 06:00 basal and overnight IOB. No isolated defect.
real_grok46_50,run_007,profile.basal.06_00,profile,True,0.8 U/h,keep,0.8 U/h,"Evidence: this is the highest basal, yet mornings are the flattest high-TIR window. Uncertainty: it may be leftover dawn coverage, but lowering it is unsupported while 04:00-08:00 is already good. Dependencies: 05:00 and 10:00 segments and morning target 100 from 08:00."
real_grok46_50,run_007,profile.basal.10_00,profile,True,0.7 U/h,keep,0.7 U/h,"Evidence: TAR rises from late morning, with COB 0 and UAM active. Uncertainty: meals versus basal are not separated. Dependencies: CR unused, SMB/UAM, Dynamic ISF. Do not raise this segment as a meal substitute."
real_grok46_50,run_007,profile.basal.16_00,profile,True,0.5 U/h,keep,0.5 U/h,"Evidence: 16:00 has the highest TAR and the lowest basal, but the same hours show unannounced rises and later 19:00 TBR. Uncertainty: raising 0.5 U/h could add to UAM stacks. Dependencies: 18:00 basal, SMB/UAM, DIA 10 h. Keep until meal timing is known."
real_grok46_50,run_007,profile.basal.18_00,profile,True,0.6 U/h,keep,0.6 U/h,"Evidence: local 18:00-19:00 is the crash window after afternoon highs, not a fasting rise. Uncertainty: activity and GLP-1 are unmeasured. Dependencies: prior 16:00 basal, leftover SMB, target 90 later at night. No increase and no isolated cut."
real_grok46_50,run_007,profile.basal.19_00,profile,True,0.7 U/h,keep,0.7 U/h,"Evidence: 19:00 local TBR is 15.3 percent. Uncertainty: this may be IOB, not a 0.7 U/h defect. Dependencies: overnight 00:00 basal and target 90. Changing this together with overnight basal would double-count."
real_grok46_50,run_007,profile.cr.00_00,profile,True,13 g/U,keep,13 g/U,"Evidence: CR was not used; carb entries are 0 and COB is 0. Uncertainty: no meal test. Dependencies: UAM/SMB is the observed controller. An empty meal_strategies list is an absent declaration, not a reason to invent a new CR."
real_grok46_50,run_007,profile.cr.04_00,profile,True,11.1 g/U,keep,11.1 g/U,"Evidence: no carb-linked doses in this segment. Uncertainty: breakfast, if any, is unlogged. Dependencies: morning basal stability and UAM. Keep the existing 11.1 g/U."
real_grok46_50,run_007,profile.cr.08_00,profile,True,13.2 g/U,keep,13.2 g/U,"Evidence: daytime TAR occurs with COB 0, so this CR was not exercised. Uncertainty: cannot call 13.2 g/U too weak or too strong. Dependencies: SMB always on and Dynamic ISF. Keep."
real_grok46_50,run_007,profile.cr.16_00,profile,True,10.5 g/U,keep,10.5 g/U,"Evidence: strongest scheduled CR sits under the highest TAR, which argues against a simple too-weak CR story when carbs are unlogged. Uncertainty: no meal sizes. Dependencies: afternoon UAM and 16:00 basal. Keep."
real_grok46_50,run_007,profile.cr.20_00,profile,True,12.6 g/U,keep,12.6 g/U,"Evidence: evening is a hypoglycemia window, not a missed meal-bolus test of 12.6 g/U. Uncertainty: dinner announcement unknown. Dependencies: DIA 10 h and overnight target. Keep."
real_grok46_50,run_007,profile.isf.00_00,profile,True,56 mg/dL/U,keep,56 mg/dL/U,"Evidence: flat 56 plus Dynamic ISF produced much lower effective sensitivity at peaks, and large late drops followed clustered insulin. Uncertainty: corrections are confounded by unknown carbs and SMB. Dependencies: Dynamic ISF 70 percent, DIA 10 h, TBR gate. Do not weaken or strengthen ISF in the same step as automation."
real_grok46_50,run_007,profile.target.00_00,profile,True,90 mg/dL,keep,90 mg/dL,"Evidence: overnight target 90 coincides with 00:00-03:00 TBR, but leftover IOB is a competing cause. Uncertainty: no low-IOB fasting night set. Dependencies: 23:00 target 90, always-on SMB, 00:00 basal. Keep now; this is a candidate for a later single review only if lows persist without afternoon stacks."
real_grok46_50,run_007,profile.target.08_00,profile,True,100 mg/dL,keep,100 mg/dL,Evidence: daytime target 100 sits over mixed TAR that is more consistent with unannounced intake than with a target that is too high. Uncertainty: temp targets of 135 overlay this segment. Dependencies: SMB-with-high-temp-target false. Keep.
real_grok46_50,run_007,profile.target.23_00,profile,True,90 mg/dL,keep,90 mg/dL,Evidence: 23:00 returns to 90 as late-evening TBR begins. Uncertainty: same IOB confound as the 00:00 target. Dependencies: 00:00 target and overnight basal. Do not change both targets and basal together.
real_grok46_50,run_007,profile.dia,profile,True,10 h,keep,10 h,"Evidence: 10 h DIA can keep afternoon insulin on board into evening lows; shortening it could hide IOB and add insulin. Uncertainty: insulin type is free-peak oref without a numeric peak. Dependencies: ISF, Dynamic ISF, SMB. Keep."
real_grok46_50,run_007,aaps.core.smb_uam,aaps,True,smb_enabled=true; uam_enabled=true,keep,smb_enabled=true; uam_enabled=true,"Evidence: with zero carbs, UAM is the meal detector and turning it off would leave afternoon rises unhandled unless meals are announced. Uncertainty: UAM also contributes to evening stacks. Dependencies: empty meal declaration and CR unused. Keep while collecting meal timing. No source component is null, so verify is not used."
real_grok46_50,run_007,aaps.core.smb_activation,aaps,True,smb_always_enabled=true; smb_with_cob_enabled=false; smb_after_carbs_enabled=false; smb_with_temp_target_enabled=true; smb_with_high_temp_target_enabled=false,keep,smb_always_enabled=true; smb_with_cob_enabled=false; smb_after_carbs_enabled=false; smb_with_temp_target_enabled=true; smb_with_high_temp_target_enabled=false,Evidence: COB and after-carb flags off match cob 0. High-temp-target SMB off matches repeated 135 mg/dL temp targets. Uncertainty: always-on SMB can still dose toward overnight target 90. Dependencies: meal announcement and overnight target. Keep the existing activation set.
real_grok46_50,run_007,aaps.core.smb_delivery,aaps,True,smb_interval_minutes=3 min; max_smb_basal_minutes=15 min; max_uam_smb_basal_minutes=20 min,keep,smb_interval_minutes=3 min; max_smb_basal_minutes=15 min; max_uam_smb_basal_minutes=20 min,"Evidence: 3-minute cadence and UAM boosts can stack on afternoon rises; sampled SMB sometimes exceeded the 15/20 minute inventory story. Uncertainty: Dynamic ISF may be the stronger peak actuator. Dependencies: ISF, DIA, maxSafeBasal. Do not tighten delivery in the same step as a profile change."
real_grok46_50,run_007,aaps.core.safety_limits,aaps,True,max_basal_u_per_hour=12 U/h; max_iob_units=25 U,keep,max_basal_u_per_hour=12 U/h; max_iob_units=25 U,Evidence: 12 U/h and 25 U did not bind; sampled clip was about 4 U/h and peak IOB about 6 U. Uncertainty: lowering unused ceilings may do nothing until actuators change. Dependencies: SMB and Dynamic ISF. Keep these unused limits rather than treating them as the first safety lever.
real_grok46_50,run_007,aaps.core.sensitivity,aaps,True,autosens_enabled=false; dynamic_sensitivity_enabled=true; autosens_raises_target=false; autosens_lowers_target=false; dynamic_isf_adjustment_factor_percent=70 %,keep,autosens_enabled=false; dynamic_sensitivity_enabled=true; autosens_raises_target=false; autosens_lowers_target=false; dynamic_isf_adjustment_factor_percent=70 %,"Evidence: Autosens is off, so a sensitivity_ratio of 1 is not an Autosens diagnosis. Dynamic ISF 70 percent with ISF 56 can explain strong peak dosing. Uncertainty: it may also be compensating for unlogged meals. Dependencies: profile ISF and SMB. Keep; do not enable Autosens or change the 70 percent factor until meals and profile are separated."
real_grok46_50,run_007,aaps.core.carb_absorption,aaps,True,min_5m_carbimpact=8 mg/dL/5 min; meal_max_absorption_hours=7 h,keep,min_5m_carbimpact=8 mg/dL/5 min; meal_max_absorption_hours=7 h,Evidence: both values are inert with 0 g carbs and COB 0. Uncertainty: no absorption curve exists. Dependencies: empty e-carb fields. Keep; do not infer a duration from an average.
real_grok46_50,run_008,profile.basal.00_00,profile,True,0.6 U/h,keep,0.6 U/h,"Evidence: 00:00-03:00 local TBR is high but the loop often already reduces or zeros basal, and highs are rare overnight. Uncertainty: residual DIA 10 h IOB versus true basal excess is not separated. Dependencies: overnight target is the first review; do not lower or raise this basal in the same step."
real_grok46_50,run_008,profile.basal.05_00,profile,True,0.7 U/h,keep,0.7 U/h,Evidence: 05:00-06:00 local averages about 104 mg/dL with TBR 4.8% and no TAR. Uncertainty: small sample of true fasting dawns. Dependencies: no safety signal unique to this hour; leave unchanged while overnight target is reviewed.
real_grok46_50,run_008,profile.basal.06_00,profile,True,0.8 U/h,keep,0.8 U/h,Evidence: 06:00-08:00 local TIR about 97-99% with mean near 100-110 mg/dL. One 42 mg/dL on 21 Aug is not a recurring high. Uncertainty: that isolated low versus dawn need. Dependencies: raising this segment would violate the no-more-insulin-after-hypo lock.
real_grok46_50,run_008,profile.basal.10_00,profile,True,0.7 U/h,keep,0.7 U/h,"Evidence: 10:00-16:00 TAR rises in a non-fasting window with zero COB, so UAM/meals are the plausible driver. Uncertainty: unlogged intake size. Dependencies: CR and UAM not separated; do not increase daytime basal to chase afternoon TAR."
real_grok46_50,run_008,profile.basal.16_00,profile,True,0.5 U/h,keep,0.5 U/h,Evidence: 16:00 has the highest TAR then 18:00-19:00 TBR with minima 41-42 mg/dL. Uncertainty: whether 0.5 U/h is protective or incidental to stacked SMB. Dependencies: raising this cut could worsen evening hypo; keep until meal logging and the target review are done.
real_grok46_50,run_008,profile.basal.18_00,profile,True,0.6 U/h,keep,0.6 U/h,Evidence: 18:00 local TBR 7.7% during the crash window. Uncertainty: activity versus IOB versus basal. Dependencies: safety lock against more evening insulin; not combined with a target change.
real_grok46_50,run_008,profile.basal.19_00,profile,True,0.7 U/h,keep,0.7 U/h,"Evidence: 19:00 local TBR 15.3% is the worst evening hour. Uncertainty: residual afternoon SMB versus this 0.7 U/h step-up. Dependencies: do not raise; lowering is not isolated from target and IOB, so keep for this pass."
real_grok46_50,run_008,profile.cr.00_00,profile,True,13 g/U,keep,13 g/U,"Evidence: zero carb entries, so this ratio was unused. Uncertainty: actual overnight snacks unknown. Dependencies: meal logging required before any CR change."
real_grok46_50,run_008,profile.cr.04_00,profile,True,11.1 g/U,keep,11.1 g/U,Evidence: no carb treatments in this or any segment. Uncertainty: whether 11.1 is used in practice. Dependencies: empty declared meal_strategies; keep.
real_grok46_50,run_008,profile.cr.08_00,profile,True,13.2 g/U,keep,13.2 g/U,"Evidence: morning-to-afternoon TAR occurred with COB 0, not with announced breakfast or lunch. Uncertainty: unlogged meal size. Dependencies: UAM is the observed meal controller; CR change unsupported."
real_grok46_50,run_008,profile.cr.16_00,profile,True,10.5 g/U,keep,10.5 g/U,"Evidence: 16:00 TAR then evening TBR with no carb records, so 10.5 g/U was not measured. Uncertainty: stronger evening CR versus DynISF/SMB. Dependencies: do not tighten CR while hypo risk is binding."
real_grok46_50,run_008,profile.cr.20_00,profile,True,12.6 g/U,keep,12.6 g/U,Evidence: no evening carb entries. Uncertainty: late meals versus UAM. Dependencies: meal strategy undeclared; keep.
real_grok46_50,run_008,profile.isf.00_00,profile,True,56 mg/dL/U,keep,56 mg/dL/U,Evidence: dosing used variable_sens far from 56 on highs (about 28-70) and when low (about 80-124). Uncertainty: how much of that is DynISF 70% versus custom boosts. Dependencies: changing flat ISF together with DynISF or target would confound; keep the nominal ISF.
real_grok46_50,run_008,profile.target.00_00,profile,True,90 mg/dL,change,100 mg/dL,"Evidence: hour 00:00-01:00 local means about 90-93 mg/dL with TBR 11.4% and 18.5%, almost no TAR, and severe lows elsewhere in the period. Uncertainty: residual afternoon IOB may still dominate even at a higher target. Dependencies: change only with the 23:00 target; do not also change basal, ISF, or DynISF."
real_grok46_50,run_008,profile.target.08_00,profile,True,100 mg/dL,keep,100 mg/dL,"Evidence: daytime target is already 100 mg/dL and morning TIR is high. Uncertainty: afternoon TAR is meal/UAM, not this target being too high. Dependencies: overnight segments are the review; leave 08:00 as the reference value."
real_grok46_50,run_008,profile.target.23_00,profile,True,90 mg/dL,change,100 mg/dL,"Evidence: at 23:00 local, TBR is 10.1% as the profile drops from 100 to 90 just when afternoon IOB can still be active. Uncertainty: how often the loop is already at zero temp by then. Dependencies: pair only with 00:00 target 100 mg/dL; hold basal and automation."
real_grok46_50,run_008,profile.dia,profile,True,10 h,keep,10 h,"Evidence: long DIA can explain overnight TBR after afternoon IOB 2-6 U; sampled IOB tails are large, not missing. Uncertainty: free_peak_oref versus this 10 h. Dependencies: shortening DIA would risk more stacking into existing TBR; lengthening is unproven."
real_grok46_50,run_008,aaps.core.smb_uam,aaps,True,smb_enabled=true; uam_enabled=true,keep,smb_enabled=true; uam_enabled=true,"Evidence: with 0 g carbs, UAM is the only meal pathway and sampled reasons show COB 0. Uncertainty: boost size versus the on/off flags. Dependencies: turning UAM off without a carb workflow would leave afternoon rises uncovered; do not pair with the target change."
real_grok46_50,run_008,aaps.core.smb_activation,aaps,True,smb_always_enabled=true; smb_with_cob_enabled=false; smb_after_carbs_enabled=false; smb_with_temp_target_enabled=true; smb_with_high_temp_target_enabled=false,keep,smb_always_enabled=true; smb_with_cob_enabled=false; smb_after_carbs_enabled=false; smb_with_temp_target_enabled=true; smb_with_high_temp_target_enabled=false,Evidence: always-on SMB matches unlogged meals; COB flags are idle; high-TT SMB already off is a useful brake given TTs of 135. Uncertainty: whether those TTs actually muted SMB. Dependencies: activation flags are not the isolated cause versus DynISF and SMB size.
real_grok46_50,run_008,aaps.core.smb_delivery,aaps,True,smb_interval_minutes=3 min; max_smb_basal_minutes=15 min; max_uam_smb_basal_minutes=20 min,keep,smb_interval_minutes=3 min; max_smb_basal_minutes=15 min; max_uam_smb_basal_minutes=20 min,"Evidence: 3-minute interval and UAM 20 minutes can restack, and delivered SMB sometimes exceeded 15-minute profile-basal math. Uncertainty: custom UAM boost versus these minutes. Dependencies: a delivery cut plus overnight target would be two insulin brakes at once; keep for this pass."
real_grok46_50,run_008,aaps.core.safety_limits,aaps,True,max_basal_u_per_hour=12 U/h; max_iob_units=25 U,keep,max_basal_u_per_hour=12 U/h; max_iob_units=25 U,"Evidence: observed IOB peaks about 4.7-5.9 U and enacted rates near 4 U/h, so 12 U/h and 25 U were not the binding cap. Uncertainty: multiplier 6.0 still allows large requests. Dependencies: lowering limits together with target or DynISF is a stacked change; keep unless a later single-limit review is chosen."
real_grok46_50,run_008,aaps.core.sensitivity,aaps,True,autosens_enabled=false; dynamic_sensitivity_enabled=true; autosens_raises_target=false; autosens_lowers_target=false; dynamic_isf_adjustment_factor_percent=70 %,keep,autosens_enabled=false; dynamic_sensitivity_enabled=true; autosens_raises_target=false; autosens_lowers_target=false; dynamic_isf_adjustment_factor_percent=70 %,"Evidence: DynISF 70% is the strongest automation suspect for over-delivery on highs, but sensitivity_ratio 1 is not Autosens. Uncertainty: DynISF versus custom boost share. Dependencies: first profile action is overnight target; hold DynISF so the target review can be interpreted."
real_grok46_50,run_008,aaps.core.carb_absorption,aaps,True,min_5m_carbimpact=8 mg/dL/5 min; meal_max_absorption_hours=7 h,keep,min_5m_carbimpact=8 mg/dL/5 min; meal_max_absorption_hours=7 h,"Evidence: no COB or e-carbs, so these settings did not act. Uncertainty: none for this period. Dependencies: unused until carbs are logged; keep."
real_grok46_50,run_009,profile.basal.00_00,profile,True,0.6 U/h,keep,0.6 U/h,"Evidence: local 00:00-03:00 has excess TBR but 04:00-05:00 is stable. Uncertainty: evening IOB versus this basal is unresolved. Dependencies: target 90 from 23:00, DIA 10 h, and UAM/SMB stacking. Change unsupported."
real_grok46_50,run_009,profile.basal.05_00,profile,True,0.7 U/h,keep,0.7 U/h,Evidence: local 05:00 TIR 95.2% and mean 104.2 mg/dL. Uncertainty: one 42 mg/dL reading at 06:19 on 21 Aug is not the hour pattern. Dependencies: adjacent 06:00 0.8 U/h looks adequate. Change unsupported.
real_grok46_50,run_009,profile.basal.06_00,profile,True,0.8 U/h,keep,0.8 U/h,Evidence: local 06:00-07:00 TIR 97.5-98.7% with almost no TAR. Uncertainty: not a fasting clamp. Dependencies: safety constraint against adding morning insulin. Change unsupported.
real_grok46_50,run_009,profile.basal.10_00,profile,True,0.7 U/h,keep,0.7 U/h,Evidence: late-morning rise occurs with cob 0 and UAM language. Uncertainty: meals versus basal not separated. Dependencies: always-on SMB/UAM would stack if this basal rose. Change unsupported.
real_grok46_50,run_009,profile.basal.16_00,profile,True,0.5 U/h,keep,0.5 U/h,"Evidence: TAR is already high at 14:00-15:00 before this drop, then TBR rises at 18:00-19:00. Uncertainty: the 0.5 U/h step is not the primary afternoon peak. Dependencies: evening hypo risk. Change unsupported."
real_grok46_50,run_009,profile.basal.18_00,profile,True,0.6 U/h,keep,0.6 U/h,"Evidence: local 18:00 mean falls while TBR appears, consistent with delayed insulin rather than under-basal. Uncertainty: GLP-1 and unlogged low intake. Dependencies: prior afternoon UAM/SMB IOB. Change unsupported."
real_grok46_50,run_009,profile.basal.19_00,profile,True,0.7 U/h,keep,0.7 U/h,"Evidence: local 19:00 TBR 15.3% is a safety flag, but this row may only be carrying residual IOB. Uncertainty: basal versus stacked SMB. Dependencies: overnight target 90 and DIA 10 h. No isolated cut is supported."
real_grok46_50,run_009,profile.cr.00_00,profile,True,13 g/U,keep,13 g/U,Evidence: zero carb entries and cob 0 overnight. Uncertainty: CR unused. Dependencies: meal announcement absent. Change unsupported.
real_grok46_50,run_009,profile.cr.04_00,profile,True,11.1 g/U,keep,11.1 g/U,Evidence: no overnight carb treatments. Uncertainty: segment not exercised. Dependencies: empty declared meal strategy. Change unsupported.
real_grok46_50,run_009,profile.cr.08_00,profile,True,13.2 g/U,keep,13.2 g/U,"Evidence: daytime rises align with UAM, not logged grams. Uncertainty: cannot fit CR. Dependencies: smb_always_enabled and uam_enabled. Change unsupported."
real_grok46_50,run_009,profile.cr.16_00,profile,True,10.5 g/U,keep,10.5 g/U,Evidence: afternoon TAR with cob 0; later crashes after corrections. Uncertainty: CR not identifiable. Dependencies: DynISF and UAM. Change unsupported.
real_grok46_50,run_009,profile.cr.20_00,profile,True,12.6 g/U,keep,12.6 g/U,"Evidence: evening pattern is TBR risk, not a measured missed meal bolus. Uncertainty: no dinner carb log. Dependencies: overnight hypo constraint. Change unsupported."
real_grok46_50,run_009,profile.isf.00_00,profile,True,56 mg/dL/U,keep,56 mg/dL/U,"Evidence: effective ISF in loop samples is DynISF (variable_sens about 28-124), not flat 56. Uncertainty: seed versus adapter not isolated. Dependencies: dynamic_isf_adjustment_factor_percent 70. Changing ISF with DynISF on is a paired change. Keep."
real_grok46_50,run_009,profile.target.00_00,profile,True,90 mg/dL,keep,90 mg/dL,"Evidence: 00:00-03:00 TBR is high under this target. Uncertainty: may be IOB arriving at a tight target rather than the number itself. Dependencies: basal 00:00, evening SMB, DIA. A target raise is a later single-step candidate only after quieter-night observation."
real_grok46_50,run_009,profile.target.08_00,profile,True,100 mg/dL,keep,100 mg/dL,Evidence: daytime means sit above 100 with unlogged intake. Uncertainty: target is not shown to cause the afternoon peak. Dependencies: UAM/SMB meal path. Change unsupported.
real_grok46_50,run_009,profile.target.23_00,profile,True,90 mg/dL,keep,90 mg/dL,Evidence: TBR begins in the 23:00 hour and peaks at 01:00. Uncertainty: same competing IOB story as target 00:00. Dependencies: must not change together with overnight basal or SMB. Keep pending night observation.
real_grok46_50,run_009,profile.dia,profile,True,10 h,keep,10 h,Evidence: long DIA can keep afternoon insulin active overnight; sampled high-BG IOB still reached 4.7-5.9 U so DIA did not block delivery. Uncertainty: u200 or free_peak_oref fit not measured. Dependencies: evening stacking interpretation. Change unsupported.
real_grok46_50,run_009,aaps.core.smb_uam,aaps,True,smb_enabled=true; uam_enabled=true,keep,smb_enabled=true; uam_enabled=true,"Evidence: with zero carbs, UAM plus SMB is the observed meal engine and matches empty declared meal_strategies. Uncertainty: cannot score a wizard alternative. Dependencies: activation and interval groups. Turning either off together with other knobs is unsupported."
real_grok46_50,run_009,aaps.core.smb_activation,aaps,True,smb_always_enabled=true; smb_with_cob_enabled=false; smb_after_carbs_enabled=false; smb_with_temp_target_enabled=true; smb_with_high_temp_target_enabled=false,keep,smb_always_enabled=true; smb_with_cob_enabled=false; smb_after_carbs_enabled=false; smb_with_temp_target_enabled=true; smb_with_high_temp_target_enabled=false,Evidence: cob flags are inert while always-on is true; high-TT SMB off matches repeated TT 135. Uncertainty: always-on is a leading overshoot candidate but not isolated from the 3-minute interval or DynISF. Dependencies: do not change always-on with interval or DynISF in one step. Keep.
real_grok46_50,run_009,aaps.core.smb_delivery,aaps,True,smb_interval_minutes=3 min; max_smb_basal_minutes=15 min; max_uam_smb_basal_minutes=20 min,keep,smb_interval_minutes=3 min; max_smb_basal_minutes=15 min; max_uam_smb_basal_minutes=20 min,"Evidence: 3-minute interval is aggressive; sampled SMB sizes sometimes exceed 15-20 minutes of scheduled basal. Uncertainty: boost or DynISF may dominate UAM minutes. Dependencies: always-on SMB and DynISF. No single new interval or minute value is isolated, so keep."
real_grok46_50,run_009,aaps.core.safety_limits,aaps,True,max_basal_u_per_hour=12 U/h; max_iob_units=25 U,keep,max_basal_u_per_hour=12 U/h; max_iob_units=25 U,"Evidence: sampled IOB never approached 25 U; an enacted reason already cited maxSafeBasal 4 U/h versus configured 12. Uncertainty: envelopes are slack, not the hypo mechanism. Dependencies: changing limits with SMB or multipliers would be a bundled safety edit. Keep."
real_grok46_50,run_009,aaps.core.sensitivity,aaps,True,autosens_enabled=false; dynamic_sensitivity_enabled=true; autosens_raises_target=false; autosens_lowers_target=false; dynamic_isf_adjustment_factor_percent=70 %,keep,autosens_enabled=false; dynamic_sensitivity_enabled=true; autosens_raises_target=false; autosens_lowers_target=false; dynamic_isf_adjustment_factor_percent=70 %,"Evidence: Autosens is off by setting, not because sensitivity_ratio is 1. DynISF 70% explains variable_sens far from 56 and can enlarge high-BG dosing. Uncertainty: 70% versus 3-minute UAM not separated. Dependencies: profile ISF seed. Enabling Autosens on top of DynISF or changing 70% now is unsupported."
real_grok46_50,run_009,aaps.core.carb_absorption,aaps,True,min_5m_carbimpact=8 mg/dL/5 min; meal_max_absorption_hours=7 h,keep,min_5m_carbimpact=8 mg/dL/5 min; meal_max_absorption_hours=7 h,"Evidence: no COB or e-carbs to absorb. Uncertainty: unused, not contradictory. Dependencies: UAM is not a second carb pool. Change unsupported."
real_grok46_50,run_010,profile.basal.00_00,profile,True,0.6 U/h,keep,0.6 U/h,"Evidence: local 23:00-03:00 means are near target with a low tail, while 05:00-08:00 is stable. Uncertainty: leftover evening IOB versus a small overnight surplus is unresolved. Dependencies: target 90, always-on SMB, DIA 10 h, and afternoon UAM stacks. A cut is withheld until IOB-stratified nights exist."
real_grok46_50,run_010,profile.basal.05_00,profile,True,0.7 U/h,keep,0.7 U/h,"Evidence: hour 05 local average 104.2 mg/dL, TIR 95.2%, TBR 4.8%. Uncertainty: one 42 mg/dL on a sensor-change morning is an exception. Dependencies: adjacent 00:00 and 06:00 segments. No isolated fasting failure supports a change."
real_grok46_50,run_010,profile.basal.06_00,profile,True,0.8 U/h,keep,0.8 U/h,"Evidence: hours 06-07 local averages 99.5 mg/dL with TIR 97-99% and almost no TAR. Uncertainty: this is the best fasting-like window, not a dawn rise. Dependencies: later 08:00-10:00 rise is meal-timed. Leave this peak basal unchanged."
real_grok46_50,run_010,profile.basal.10_00,profile,True,0.7 U/h,keep,0.7 U/h,Evidence: hour 10 local TAR 20.2% follows a 09:00 rise after a flat fast. Uncertainty: unannounced breakfast plus UAM lag is as likely as under-basal. Dependencies: unused 08:00 CR and always-on UAM. Do not raise basal to chase a meal wave.
real_grok46_50,run_010,profile.basal.16_00,profile,True,0.5 U/h,keep,0.5 U/h,"Evidence: the lowest basal sits under the highest TAR hours, but COB is 0 and later 18:00-19:00 TBR is high. Uncertainty: meal/UAM versus under-basal is not separated. Dependencies: SMB interval, Dynamic ISF, and 19:00 basal. Raising this segment would add insulin into the overshoot window."
real_grok46_50,run_010,profile.basal.18_00,profile,True,0.6 U/h,keep,0.6 U/h,"Evidence: hour 18 local TBR 7.7% as the afternoon wave falls. Uncertainty: this is transition, not a clean fasting segment. Dependencies: prior UAM IOB and the 19:00 step. No isolated support to change 0.6 U/h."
real_grok46_50,run_010,profile.basal.19_00,profile,True,0.7 U/h,keep,0.7 U/h,"Evidence: hour 19 local TBR 15.3% with packaged lows to 41 mg/dL. Uncertainty: the 0.7 U/h step may add to stacked IOB, but UAM/SMB remains the stronger story. Dependencies: 16:00 basal, SMB delivery, and DIA. Withhold a cut until nights and evenings are classified by IOB."
real_grok46_50,run_010,profile.cr.00_00,profile,True,13 g/U,keep,13 g/U,"Evidence: carb_entries 0 and sampled COB 0, so this CR was unused. Uncertainty: no meal-linked residuals. Dependencies: UAM meal path. A CR edit would not change this period."
real_grok46_50,run_010,profile.cr.04_00,profile,True,11.1 g/U,keep,11.1 g/U,Evidence: no carb treatments in the early-morning CR window. Uncertainty: cannot test 11.1 g/U. Dependencies: unused meal announcement. Keep the declared value.
real_grok46_50,run_010,profile.cr.08_00,profile,True,13.2 g/U,keep,13.2 g/U,"Evidence: late-morning rise occurs without carb entries, so UAM not CR 13.2 drove dosing. Uncertainty: breakfast composition unknown. Dependencies: SMB/UAM. Do not strengthen or weaken CR from an unlogged wave."
real_grok46_50,run_010,profile.cr.16_00,profile,True,10.5 g/U,keep,10.5 g/U,Evidence: the strongest CR sits under afternoon TAR but was idle. Uncertainty: using it while UAM stays on would double-cover the same rise. Dependencies: e-carbs unused and SMB always on. Keep 10.5 g/U.
real_grok46_50,run_010,profile.cr.20_00,profile,True,12.6 g/U,keep,12.6 g/U,"Evidence: evening lows follow afternoon stacking, not a logged dinner CR test. Uncertainty: no dinner grams. Dependencies: leftover IOB and overnight target. Keep 12.6 g/U."
real_grok46_50,run_010,profile.isf.00_00,profile,True,56 mg/dL/U,keep,56 mg/dL/U,"Evidence: Dynamic ISF was on and variable_sens ranged far from 56, so correction deltas are not tests of 56. Uncertainty: dilute U200 and free-peak insulin are undeclared in numbers. Dependencies: Dynamic ISF AF 70% and DIA 10 h. Changing flat ISF together with automation is withheld."
real_grok46_50,run_010,profile.target.00_00,profile,True,90 mg/dL,keep,90 mg/dL,"Evidence: overnight target 90 sits under a 10-18% TBR tail. Uncertainty: leftover IOB and always-on SMB can create that tail without the target being the primary defect. Dependencies: basal 00:00, DIA, SMB activation. Raise later only if lows persist at near-zero IOB."
real_grok46_50,run_010,profile.target.08_00,profile,True,100 mg/dL,keep,100 mg/dL,"Evidence: daytime target 100 aligns with safer late-morning hours than overnight 90. Uncertainty: afternoon TAR is meal-timed, not a target miss. Dependencies: SMB with high temp target already false; user TTs of 135 are separate. Keep 100."
real_grok46_50,run_010,profile.target.23_00,profile,True,90 mg/dL,keep,90 mg/dL,Evidence: target returns to 90 at 23:00 as overnight TBR begins. Uncertainty: same IOB-versus-target conflict as 00:00. Dependencies: basal 00:00 and residual UAM. Keep both overnight target segments together and do not edit only one.
real_grok46_50,run_010,profile.dia,profile,True,10 h,keep,10 h,"Evidence: evening crashes and TBR 5.1% argue against shortening insulin action. Uncertainty: free_peak_oref peak is not in the package; 10 h may fit dilute insulin. Dependencies: IOB display, SMB restraint, and Dynamic ISF. Keep 10 h."
real_grok46_50,run_010,aaps.core.smb_uam,aaps,True,smb_enabled=true; uam_enabled=true,keep,smb_enabled=true; uam_enabled=true,Evidence: COB 0 and UAM reasons show this pair is the meal controller. Uncertainty: turning UAM off without carb entry would leave afternoon rises uncovered. Dependencies: empty declared meal strategy and unused CR. Keep both enabled while the workflow stays unannounced.
real_grok46_50,run_010,aaps.core.smb_activation,aaps,True,smb_always_enabled=true; smb_with_cob_enabled=false; smb_after_carbs_enabled=false; smb_with_temp_target_enabled=true; smb_with_high_temp_target_enabled=false,keep,smb_always_enabled=true; smb_with_cob_enabled=false; smb_after_carbs_enabled=false; smb_with_temp_target_enabled=true; smb_with_high_temp_target_enabled=false,Evidence: COB flags are idle because SMB is always on; high-TT SMB already off matches TT 135 use. Uncertainty: always-on SMB can add overnight insulin at target 90. Dependencies: overnight target and leftover IOB. Changing always-on in the same step as basal or DynISF is withheld.
real_grok46_50,run_010,aaps.core.smb_delivery,aaps,True,smb_interval_minutes=3 min; max_smb_basal_minutes=15 min; max_uam_smb_basal_minutes=20 min,keep,smb_interval_minutes=3 min; max_smb_basal_minutes=15 min; max_uam_smb_basal_minutes=20 min,"Evidence: 3-minute UAM SMBs fit afternoon stacking and later lows, but only sampled loop rows exist. Uncertainty: custom boost reasons may exceed stock caps. Dependencies: Dynamic ISF, basal, and meal announcement. This is a later single-lever candidate only after IOB-stratified nights, not a supported change now."
real_grok46_50,run_010,aaps.core.safety_limits,aaps,True,max_basal_u_per_hour=12 U/h; max_iob_units=25 U,keep,max_basal_u_per_hour=12 U/h; max_iob_units=25 U,"Evidence: observed temps clipped near 4 U/h and sampled IOB 4.7-5.9 U never approached 25 U, so these caps did not cause the pattern. Uncertainty: tightening them without first reducing UAM stacking could clip needed corrections after occlusion-like highs. Dependencies: multiplier-derived maxSafeBasal and SMB delivery. Keep the wide envelope."
real_grok46_50,run_010,aaps.core.sensitivity,aaps,True,autosens_enabled=false; dynamic_sensitivity_enabled=true; autosens_raises_target=false; autosens_lowers_target=false; dynamic_isf_adjustment_factor_percent=70 %,keep,autosens_enabled=false; dynamic_sensitivity_enabled=true; autosens_raises_target=false; autosens_lowers_target=false; dynamic_isf_adjustment_factor_percent=70 %,"Evidence: DynISF 70% is the active high-BG ISF and helps explain high-then-low, but it is compensating a flat ISF by design. Uncertainty: AF versus UAM boost versus basal is not separated. Dependencies: profile ISF 56 and TDD used by DynISF. Do not change AF together with basal or SMB."
real_grok46_50,run_010,aaps.core.carb_absorption,aaps,True,min_5m_carbimpact=8 mg/dL/5 min; meal_max_absorption_hours=7 h,keep,min_5m_carbimpact=8 mg/dL/5 min; meal_max_absorption_hours=7 h,"Evidence: no carbs or e-carbs were entered, so these settings had no causal role. Uncertainty: none for current outcomes. Dependencies: empty meal strategy. Keep both values; UAM is not extra COB."
real_grok46_50,run_011,profile.basal.00_00,profile,True,0.6 U/h,keep,0.6 U/h,"01:00 TBR could be target 90, leftover evening IOB, or this basal. 04:00-08:00 stability argues against a globally high night basal. Evidence does not separate those causes. Uncertainty: dilution label and evening IOB. Dependencies: do not cut this basal in the same step as an overnight target review."
real_grok46_50,run_011,profile.basal.05_00,profile,True,0.7 U/h,keep,0.7 U/h,Local 05:00 is high-TIR with low TBR and no TAR. Evidence does not show a basal defect. Uncertainty: one 42 mg/dL reading at 06:19 on 21 Aug is an outlier versus the hourly mean. Dependencies: overnight target review first.
real_grok46_50,run_011,profile.basal.06_00,profile,True,0.8 U/h,keep,0.8 U/h,"06:00-08:00 looks like a stable dawn hold, not under- or over-basal. The later 08:00-10:00 rise is meal-timed. Uncertainty: unlogged breakfast. Dependencies: meal logging before any morning basal edit."
real_grok46_50,run_011,profile.basal.10_00,profile,True,0.7 U/h,keep,0.7 U/h,"Late-morning and midday highs coincide with unlogged intake and UAM, not a fasting basal test. Uncertainty: no carb times. Dependencies: meal strategy and UAM behavior."
real_grok46_50,run_011,profile.basal.16_00,profile,True,0.5 U/h,keep,0.5 U/h,"TAR peaks at 16:00 where basal already drops to 0.5 U/h, but UAM/SMB and DynISF are also chasing unlogged intake, and 19:00 then crashes. Raising this basal would add insulin in the crash window. Uncertainty: meal versus basal cut. Dependencies: meal log and stacked-IOB review before any afternoon basal change."
real_grok46_50,run_011,profile.basal.18_00,profile,True,0.6 U/h,keep,0.6 U/h,"18:00-19:00 is the fall from afternoon IOB, not a clean basal window. Evidence, uncertainty, and the 19:00 TBR cluster all withhold a raise or cut. Dependencies: UAM/SMB and DynISF, not this segment alone."
real_grok46_50,run_011,profile.basal.19_00,profile,True,0.7 U/h,keep,0.7 U/h,"Local 19:00 TBR 15.3 percent makes a basal increase unsafe to infer. A basal decrease is also unseparated from stacked afternoon SMB/UAM. Uncertainty: activity, GLP-1 notes, occlusion days. Dependencies: keep until evening IOB is measured on logged-meal days."
real_grok46_50,run_011,profile.cr.00_00,profile,True,13 g/U,keep,13 g/U,Zero carb entries means this CR was not used. No meal-linked evidence supports a change. Uncertainty: actual overnight intake unknown. Dependencies: a logged meal before any CR review.
real_grok46_50,run_011,profile.cr.04_00,profile,True,11.1 g/U,keep,11.1 g/U,Unused in telemetry. Early-morning glucose is stable without announced carbs. Change unsupported. Dependencies: meal logging.
real_grok46_50,run_011,profile.cr.08_00,profile,True,13.2 g/U,keep,13.2 g/U,"Breakfast-timed rise occurred with COB 0, so UAM not this CR ran the response. Uncertainty: composition unknown. Dependencies: one logged breakfast or afternoon meal."
real_grok46_50,run_011,profile.cr.16_00,profile,True,10.5 g/U,keep,10.5 g/U,Afternoon TAR cannot be assigned to 10.5 g/U because no carbs were entered. Tightening CR would add meal insulin into the 19:00 crash pattern. Dependencies: SMB/UAM and a logged meal.
real_grok46_50,run_011,profile.cr.20_00,profile,True,12.6 g/U,keep,12.6 g/U,"Evening windows include delayed falls after afternoon automation, not CR tests. Change unsupported. Dependencies: DIA, IOB, overnight target."
real_grok46_50,run_011,profile.isf.00_00,profile,True,56 mg/dL/U,keep,56 mg/dL/U,"Enacted sensitivity is Dynamic ISF, with variable_sens far from 56. Correction drops of 50-178 mg/dL after 0.2 U are stacked IOB, not a static ISF proof. Strengthening ISF would increase hypo risk. Do not change ISF with DynISF in the same step. Uncertainty: dilution and custom boosts. Dependencies: aaps.core.sensitivity and overnight target."
real_grok46_50,run_011,profile.target.00_00,profile,True,90 mg/dL,change,100 mg/dL,"Evidence: local 01:00 average 90.6 mg/dL, TBR 18.5 percent, overnight mins often in the 50s, overall TBR 5.1 percent. Candidate 100 mg/dL already exists at 08:00. Uncertainty: leftover evening IOB and DIA 10 h still contribute, and this is review-only. Dependencies: keep all basal, ISF, DIA, SMB, and DynISF unchanged while this single target is evaluated. Overnight loop snapshots were near 86-96, so profile 90 is the relevant overnight lever, unlike some daytime target_bg 80 snapshots."
real_grok46_50,run_011,profile.target.08_00,profile,True,100 mg/dL,keep,100 mg/dL,"Daytime TAR is not explained by a 100 target. Some loop snapshots used 80, which is an automation caveat, not evidence to lower this profile target into the overnight hypo constraint. Dependencies: do not pair a day-target cut with SMB or DynISF changes."
real_grok46_50,run_011,profile.target.23_00,profile,True,90 mg/dL,keep,90 mg/dL,Hour 23 TBR 10.1 percent is milder than 01:00 and still mixed with evening residual IOB. Changing 23:00 together with 00:00 would be two target edits at once. Uncertainty: late meals. Dependencies: complete the 00:00 target review first.
real_grok46_50,run_011,profile.dia,profile,True,10 h,keep,10 h,"Long DIA can leave evening insulin active at 01:00, but changing DIA rewrites IOB for every other setting. Negative IOB in some snapshots shows the model is not uniformly overstating IOB. Uncertainty: free_peak_oref and possible dilute insulin. Dependencies: withhold until target and meal-logging checks are done."
real_grok46_50,run_011,aaps.core.smb_uam,aaps,True,smb_enabled=true; uam_enabled=true,keep,smb_enabled=true; uam_enabled=true,Both switches are present and are the observed meal engine with COB 0. Turning them off would leave unlogged rises without a carb controller. Evidence does not isolate them from missing meal announcements. Uncertainty: custom UAM boosts. Dependencies: do not change with DynISF or CR.
real_grok46_50,run_011,aaps.core.smb_activation,aaps,True,smb_always_enabled=true; smb_with_cob_enabled=false; smb_after_carbs_enabled=false; smb_with_temp_target_enabled=true; smb_with_high_temp_target_enabled=false,keep,smb_always_enabled=true; smb_with_cob_enabled=false; smb_after_carbs_enabled=false; smb_with_temp_target_enabled=true; smb_with_high_temp_target_enabled=false,"Always-on SMB explains meal dosing without carbs and is a tension with overnight TBR, but night examples also withhold on minGuardBG. High-TT SMB-off may be blunted by smb_always; that fork behavior is unverified. Values are present so the decision is keep, not verify. Dependencies: overnight target review and meal logging before any activation change."
real_grok46_50,run_011,aaps.core.smb_delivery,aaps,True,smb_interval_minutes=3 min; max_smb_basal_minutes=15 min; max_uam_smb_basal_minutes=20 min,keep,smb_interval_minutes=3 min; max_smb_basal_minutes=15 min; max_uam_smb_basal_minutes=20 min,"Configured 15/20-minute caps predict small SMBs at 0.5-0.8 U/h basal, but telemetry shows larger custom boosts including 1.6 U. Editing these three knobs would not reliably cap enacted SMB size. Remaining wait time in a reason string is not the 3-minute interval. Dependencies: custom logic outside inventory; do not pair with DynISF."
real_grok46_50,run_011,aaps.core.safety_limits,aaps,True,max_basal_u_per_hour=12 U/h; max_iob_units=25 U,keep,max_basal_u_per_hour=12 U/h; max_iob_units=25 U,"Limits are loose versus TDD about 19.7 U and profile basal 0.5-0.8 U/h, but hypos occurred well below 25 U IOB and enacted basal often stopped near 4 U/h. They did not cause the observed TBR. u200/dilute naming adds uncertainty about unit headroom, yet that is not a first change and must not be paired with SMB or DynISF edits. Dependencies: profile TDD interpretation."
real_grok46_50,run_011,aaps.core.sensitivity,aaps,True,autosens_enabled=false; dynamic_sensitivity_enabled=true; autosens_raises_target=false; autosens_lowers_target=false; dynamic_isf_adjustment_factor_percent=70 %,keep,autosens_enabled=false; dynamic_sensitivity_enabled=true; autosens_raises_target=false; autosens_lowers_target=false; dynamic_isf_adjustment_factor_percent=70 %,Autosens is disabled by flag; a sensitivity_ratio of 1 is only a neutral current adjustment. DynISF 70 percent is compensating for flat ISF 56 and unlogged meals at once. Changing 70 percent together with profile ISF or SMB-always is blocked. Occasional sensitivity_ratio below 1 is not a reason to enable Autosens. Dependencies: profile.isf.00_00 and meal logging.
real_grok46_50,run_011,aaps.core.carb_absorption,aaps,True,min_5m_carbimpact=8 mg/dL/5 min; meal_max_absorption_hours=7 h,keep,min_5m_carbimpact=8 mg/dL/5 min; meal_max_absorption_hours=7 h,Settings are present and unused because no carbs were entered. UAM is not extra COB. No absorption-model inference is supported. Dependencies: none until carbs are logged.
real_grok46_50,run_012,profile.basal.00_00,profile,True,0.6 U/h,keep,0.6 U/h,Evidence: 00:00-03:00 local means near 90-105 mg/dL with 10-18% below range and almost no overnight highs. Uncertainty: leftover dinner/SMB IOB and target 90 mg/dL can cause the same lows; one night low had negative IOB. Dependencies: do not cut this basal in the same step as an overnight target rise. Change is unsupported until IOB-stratified nights exist.
real_grok46_50,run_012,profile.basal.05_00,profile,True,0.7 U/h,keep,0.7 U/h,Evidence: 05:00-06:00 local glucose is stable with high time in range and almost no highs. Uncertainty: this hour is short and may include early waking. Dependencies: not a dawn-failure pattern; no increase while overnight lows remain.
real_grok46_50,run_012,profile.basal.06_00,profile,True,0.8 U/h,keep,0.8 U/h,"Evidence: 06:00-07:00 local time in range is about 98.7% with mean near 99.5 mg/dL. Uncertainty: one 42 mg/dL point near this window is a single event. Dependencies: later 08:00-10:00 rise is meal-timed, not proof this step is low."
real_grok46_50,run_012,profile.basal.10_00,profile,True,0.7 U/h,keep,0.7 U/h,Evidence: late-morning to afternoon highs occur with COB 0 and UAM/SMB active. Uncertainty: unlogged meals and Dynamic ISF dominate this window. Dependencies: do not raise daytime basal to chase TAR that meal automation already treats.
real_grok46_50,run_012,profile.basal.16_00,profile,True,0.5 U/h,keep,0.5 U/h,"Evidence: 16:00 local has the highest TAR (32.1%) but 18:00-19:00 then shows mins 41-42 mg/dL. Uncertainty: CR 10.5, UAM boost, and Dynamic ISF are competing explanations. Dependencies: a basal increase here would stack with afternoon SMB into the evening hypo cluster."
real_grok46_50,run_012,profile.basal.18_00,profile,True,0.6 U/h,keep,0.6 U/h,Evidence: 18:00 local already has 7.7% below range before the 19:00 trough. Uncertainty: this is likely leftover afternoon IOB more than a basal hole. Dependencies: safety veto against adding evening insulin.
real_grok46_50,run_012,profile.basal.19_00,profile,True,0.7 U/h,keep,0.7 U/h,Evidence: 19:00 local time below range is 15.3% with mins 41 mg/dL. Uncertainty: cannot separate this rate from afternoon UAM IOB and DIA 10 h. Dependencies: no evening basal increase; any later cut would still need isolation from IOB.
real_grok46_50,run_012,profile.cr.00_00,profile,True,13 g/U,keep,13 g/U,"Evidence: zero carb entries and COB 0, so this overnight CR is unused in the period. Uncertainty: a CR change would not explain observed UAM behavior. Dependencies: meal logging must exist before any CR review."
real_grok46_50,run_012,profile.cr.04_00,profile,True,11.1 g/U,keep,11.1 g/U,Evidence: no carbs logged in the early-morning CR window. Uncertainty: breakfast-shaped rise starts later under a different CR. Dependencies: unused COB path; withhold.
real_grok46_50,run_012,profile.cr.08_00,profile,True,13.2 g/U,keep,13.2 g/U,"Evidence: 08:00-10:00 local rise exists, but there are no announced breakfast carbs to test 13.2 g/U. Uncertainty: UAM/SMB and tiny corrections can mimic a weak CR. Dependencies: do not change CR with SMB settings in the same step."
real_grok46_50,run_012,profile.cr.16_00,profile,True,10.5 g/U,keep,10.5 g/U,"Evidence: this is the strongest CR next to the afternoon peak and evening crash, but carbs were not entered. Uncertainty: tightening it would likely worsen 19:00 lows if UAM continues. Dependencies: entangled with 16:00 basal, DynISF, and SMB."
real_grok46_50,run_012,profile.cr.20_00,profile,True,12.6 g/U,keep,12.6 g/U,Evidence: evening hours show mixed highs then overnight lows with COB 0. Uncertainty: CR unused. Dependencies: overnight hypo constraint.
real_grok46_50,run_012,profile.isf.00_00,profile,True,56 mg/dL/U,keep,56 mg/dL/U,"Evidence: loop variable_sens often 40-90 and down to 27.8 at high glucose, so profile 56 is not the dose used at peaks. Uncertainty: correction windows include meals, SMB, and high IOB. Dependencies: Dynamic ISF 70% is the same peak-dose lever; do not change both."
real_grok46_50,run_012,profile.target.00_00,profile,True,90 mg/dL,keep,90 mg/dL,"Evidence: overnight mean sits near 90-106 mg/dL with high 01:00 time below range and near-zero overnight TAR, so 90 is aggressive. Uncertainty: residual IOB may be the true driver. Dependencies: a target rise and a 00:00 basal cut are not separated; keep both for this pass."
real_grok46_50,run_012,profile.target.08_00,profile,True,100 mg/dL,keep,100 mg/dL,Evidence: daytime target is already the more conservative segment while afternoon TAR is meal-timed. Uncertainty: high TT 135 mg/dL sometimes overrides this. Dependencies: no daytime target cut while evening lows persist.
real_grok46_50,run_012,profile.target.23_00,profile,True,90 mg/dL,keep,90 mg/dL,Evidence: 23:00 local already has 10.1% below range heading into the overnight 90 target. Uncertainty: same IOB versus target versus basal split as 00:00. Dependencies: keep with profile.target.00_00 rather than moving only one overnight target.
real_grok46_50,run_012,profile.dia,profile,True,10 h,keep,10 h,"Evidence: afternoon stacks can still be IOB at 19:00-01:00, which a long DIA can represent rather than hide. Uncertainty: delayed unlogged appearance and UAM can mimic long insulin action. Dependencies: do not shorten DIA to chase afternoon TAR while lows exist."
real_grok46_50,run_012,aaps.core.smb_uam,aaps,True,smb_enabled=true; uam_enabled=true,keep,smb_enabled=true; uam_enabled=true,"Evidence: with zero carbs, UAM/SMB is the observed meal engine. Uncertainty: it also contributes to evening overshoot. Dependencies: turning these off without a declared meal bolus plan would leave afternoon highs untreated; no source component is null so verify is not used."
real_grok46_50,run_012,aaps.core.smb_activation,aaps,True,smb_always_enabled=true; smb_with_cob_enabled=false; smb_after_carbs_enabled=false; smb_with_temp_target_enabled=true; smb_with_high_temp_target_enabled=false,keep,smb_always_enabled=true; smb_with_cob_enabled=false; smb_after_carbs_enabled=false; smb_with_temp_target_enabled=true; smb_with_high_temp_target_enabled=false,Evidence: COB-gated flags are inert while COB is 0; always-on plus high-TT lockout already matches execution. Uncertainty: high TT was not used on every rise. Dependencies: do not enable extra SMB paths until carbs are logged.
real_grok46_50,run_012,aaps.core.smb_delivery,aaps,True,smb_interval_minutes=3 min; max_smb_basal_minutes=15 min; max_uam_smb_basal_minutes=20 min,keep,smb_interval_minutes=3 min; max_smb_basal_minutes=15 min; max_uam_smb_basal_minutes=20 min,"Evidence: statuses show boosts and insulinReq far above a 0.5-0.8 U/h basal-minute reading, so cutting minutes without isolating DynISF would be guesswork. Uncertainty: custom enhanced UAM path is not fully specified. Dependencies: do not change delivery caps with ISF, DynISF, or afternoon basal."
real_grok46_50,run_012,aaps.core.safety_limits,aaps,True,max_basal_u_per_hour=12 U/h; max_iob_units=25 U,keep,max_basal_u_per_hour=12 U/h; max_iob_units=25 U,"Evidence: observed IOB peaked at 5.935 U and enacted basal clipped near 4 U/h, so 12 U/h and 25 U did not bind these 14 days. Uncertainty: 25 U is large versus TDD near 20 U, but changing an unused rail is not a supported glucose-pattern fix. Dependencies: no source nulls; keep rather than verify."
real_grok46_50,run_012,aaps.core.sensitivity,aaps,True,autosens_enabled=false; dynamic_sensitivity_enabled=true; autosens_raises_target=false; autosens_lowers_target=false; dynamic_isf_adjustment_factor_percent=70 %,keep,autosens_enabled=false; dynamic_sensitivity_enabled=true; autosens_raises_target=false; autosens_lowers_target=false; dynamic_isf_adjustment_factor_percent=70 %,Evidence: Autosens is explicitly off; Dynamic ISF 70% already tightens peak ISF and is a leading explanation for afternoon dose then evening dump. Uncertainty: some sensitivity_ratio values below 1 are not Autosens-on. Dependencies: do not enable Autosens or change DynISF percent in the same step as profile ISF.
real_grok46_50,run_012,aaps.core.carb_absorption,aaps,True,min_5m_carbimpact=8 mg/dL/5 min; meal_max_absorption_hours=7 h,keep,min_5m_carbimpact=8 mg/dL/5 min; meal_max_absorption_hours=7 h,"Evidence: COB stayed 0, so absorption hours did not drive insulin. Uncertainty: min_5m carbimpact can still influence UAM rise detection, but there is no meal-linked absorption series to retune it. Dependencies: withhold until carb or e-carb entries exist."
real_grok46_50,run_013,profile.basal.00_00,profile,True,0.6 U/h,keep,0.6 U/h,"Overnight means are near target but TBR is high, so residual IOB and the 90 mg/dL target remain competing explanations. Evidence does not isolate 00:00 basal as high. Uncertainty is medium. Depends on target review and evening UAM tail before any basal edit."
real_grok46_50,run_013,profile.basal.05_00,profile,True,0.7 U/h,keep,0.7 U/h,Local 04:00-07:00 is the most stable window with low TAR and modest TBR. No fasting defect is isolated. Depends on leaving dawn basal untouched while overnight target is the only review axis.
real_grok46_50,run_013,profile.basal.06_00,profile,True,0.8 U/h,keep,0.8 U/h,Aggregate 06:00-08:00 means stay near 100-110 mg/dL with little above-range time. The isolated Aug 21 42 mg/dL near 07:19 is not the hourly pattern. Change unsupported.
real_grok46_50,run_013,profile.basal.10_00,profile,True,0.7 U/h,keep,0.7 U/h,"Late-morning rise overlaps unannounced intake and UAM, not a fasting basal test. Raising 10:00 basal would add insulin into a high-TBR day. Depends on unresolved meals."
real_grok46_50,run_013,profile.basal.16_00,profile,True,0.5 U/h,keep,0.5 U/h,"Hour 16 has the highest TAR, but UAM is already the afternoon actuator and the following 18:00-19:00 crash argues against adding basal here. Meal and IOB effects are not separated."
real_grok46_50,run_013,profile.basal.18_00,profile,True,0.6 U/h,keep,0.6 U/h,Local 18:00-19:00 includes the steepest fall and 41-42 mg/dL extremes after afternoon IOB. A basal increase is unsafe; a decrease is not separable from UAM tail. Keep pending target observation.
real_grok46_50,run_013,profile.basal.19_00,profile,True,0.7 U/h,keep,0.7 U/h,"Hour 19 TBR 15.3% sits on this segment and on residual afternoon insulin. Evidence does not isolate 0.7 U/h as the cause. Depends on DIA, SMB, and DynISF remaining unchanged in the same step."
real_grok46_50,run_013,profile.cr.00_00,profile,True,13 g/U,keep,13 g/U,Zero carb entries and cob 0 mean this CR is unused. No meal-linked evidence supports a change. Uncertainty is high if logging starts later.
real_grok46_50,run_013,profile.cr.04_00,profile,True,11.1 g/U,keep,11.1 g/U,No carb treatments occur in this segment. Changing an unused CR would not explain current telemetry.
real_grok46_50,run_013,profile.cr.08_00,profile,True,13.2 g/U,keep,13.2 g/U,"Afternoon and late-morning TAR occur without announced carbs, so this is a UAM pattern, not a measured weak 08:00 CR."
real_grok46_50,run_013,profile.cr.16_00,profile,True,10.5 g/U,keep,10.5 g/U,Stronger evening CR could theoretically add to 18:00-19:00 drops only if meal boluses were given. Telemetry shows no carb boluses. Change unsupported.
real_grok46_50,run_013,profile.cr.20_00,profile,True,12.6 g/U,keep,12.6 g/U,Unused with cob 0. Overnight TBR is better explained by target and residual IOB than by this CR.
real_grok46_50,run_013,profile.isf.00_00,profile,True,56 mg/dL/U,keep,56 mg/dL/U,"ISF 56 is stronger than a TDD heuristic and DynISF makes it stronger still when high, but correction windows are stacked with SMB and site events. Changing ISF together with target or DynISF is forbidden. Evidence, uncertainty, and automation dependence all favor keep."
real_grok46_50,run_013,profile.target.00_00,profile,True,90 mg/dL,change,100 mg/dL,"Local 00:00-03:00 TBR is 10-18% while means are already about 90-106 mg/dL. A review candidate of 100 mg/dL matches the existing 08:00 target and loosens overnight insulin without claiming basal is proven high. Uncertainty remains because DIA-tail IOB can contribute. Depends on not changing basal, ISF, or SMB in the same step."
real_grok46_50,run_013,profile.target.08_00,profile,True,100 mg/dL,keep,100 mg/dL,"Daytime 100 mg/dL is already the less aggressive setpoint. Afternoon TAR is meal/UAM, not a low daytime target. Keep as the alignment value for overnight review."
real_grok46_50,run_013,profile.target.23_00,profile,True,90 mg/dL,change,100 mg/dL,"This segment starts the overnight 90 mg/dL window where TBR rises from 23:00. Same review direction as 00:00, one overnight axis only. Depends on observing several nights before any automation edit."
real_grok46_50,run_013,profile.dia,profile,True,10 h,keep,10 h,"A 10 h DIA can explain overnight tail from afternoon UAM, but there is no clean insulin-action study. Changing DIA with target would confound the only selected review. Keep."
real_grok46_50,run_013,aaps.core.smb_uam,aaps,True,smb_enabled=true; uam_enabled=true,keep,smb_enabled=true; uam_enabled=true,"This pair is the actual meal path with cob 0. Turning it off would leave unannounced rises without a declared bolus plan. No source component is null, so verify is not used. Hold until after target observation."
real_grok46_50,run_013,aaps.core.smb_activation,aaps,True,smb_always_enabled=true; smb_with_cob_enabled=false; smb_after_carbs_enabled=false; smb_with_temp_target_enabled=true; smb_with_high_temp_target_enabled=false,keep,smb_always_enabled=true; smb_with_cob_enabled=false; smb_after_carbs_enabled=false; smb_with_temp_target_enabled=true; smb_with_high_temp_target_enabled=false,Flags are consistent for UAM-first therapy. High-TT SMB off already provides a shield. Changing always-on in the same step as overnight target would hide the cause of any TBR change.
real_grok46_50,run_013,aaps.core.smb_delivery,aaps,True,smb_interval_minutes=3 min; max_smb_basal_minutes=15 min; max_uam_smb_basal_minutes=20 min,keep,smb_interval_minutes=3 min; max_smb_basal_minutes=15 min; max_uam_smb_basal_minutes=20 min,"Interval and UAM minutes can stack insulin, but custom boost text means these caps do not fully describe delivered SMB. Change unsupported until meal-start times and a single-axis target review exist. No null components, so keep not verify."
real_grok46_50,run_013,aaps.core.safety_limits,aaps,True,max_basal_u_per_hour=12 U/h; max_iob_units=25 U,keep,max_basal_u_per_hour=12 U/h; max_iob_units=25 U,"Hypos occur well below 25 U IOB and live temps hit about 4 U/h, not 12 U/h. Limits are unused headroom, not the demonstrated cause. Tightening them is not the first safe review."
real_grok46_50,run_013,aaps.core.sensitivity,aaps,True,autosens_enabled=false; dynamic_sensitivity_enabled=true; autosens_raises_target=false; autosens_lowers_target=false; dynamic_isf_adjustment_factor_percent=70 %,keep,autosens_enabled=false; dynamic_sensitivity_enabled=true; autosens_raises_target=false; autosens_lowers_target=false; dynamic_isf_adjustment_factor_percent=70 %,"DynISF 70% likely amplifies afternoon dosing, but it depends on ISF 56 and SMB. Autosens is already off. A sensitivity_ratio of 1 is a neutral current adjustment, not disabled Autosens. Hold this group so the overnight target review stays interpretable."
real_grok46_50,run_013,aaps.core.carb_absorption,aaps,True,min_5m_carbimpact=8 mg/dL/5 min; meal_max_absorption_hours=7 h,keep,min_5m_carbimpact=8 mg/dL/5 min; meal_max_absorption_hours=7 h,"No carb or e-carb entries, so these knobs are idle and are not phantom COB. UAM is a separate path. Change unsupported."
real_grok46_50,run_014,profile.basal.00_00,profile,True,0.6 U/h,keep,0.6 U/h,"Evidence: local 00:00-03:00 TBR 10-18% exists, but it follows the afternoon peak-crash and DIA 10 h IOB. Uncertainty: target 90 mg/dL and residual UAM insulin are competing causes. Dependencies: do not change this basal with overnight target, SMB, or Dynamic ISF."
real_grok46_50,run_014,profile.basal.05_00,profile,True,0.7 U/h,keep,0.7 U/h,Evidence: local 05:00-06:00 TIR is high and averages near 100-104 mg/dL. Uncertainty: isolated 42 mg/dL on 21 Aug is not an hourly pattern. Dependencies: safety_overview does not support adding overnight insulin here.
real_grok46_50,run_014,profile.basal.06_00,profile,True,0.8 U/h,keep,0.8 U/h,Evidence: the highest scheduled basal sits in the best TIR block (local 06:00-08:00 TIR about 98%). Uncertainty: delivered rate may differ under temps. Dependencies: this block should not be cut to compensate for evening lows caused later in the day.
real_grok46_50,run_014,profile.basal.10_00,profile,True,0.7 U/h,keep,0.7 U/h,Evidence: local hour 10 TAR 20.2% is more consistent with unannounced intake and UAM lag than a proven late-morning basal defect. Uncertainty: no meal timestamps. Dependencies: CR unused; UAM is the active meal controller.
real_grok46_50,run_014,profile.basal.16_00,profile,True,0.5 U/h,keep,0.5 U/h,"Evidence: this is the lowest basal under the largest TAR, but hour 19 TBR 15.3% shows later overshoot. Uncertainty: unlogged late intake versus under-basal not separated. Dependencies: must not be raised in the same step as any SMB, UAM, or Dynamic ISF reduction."
real_grok46_50,run_014,profile.basal.18_00,profile,True,0.6 U/h,keep,0.6 U/h,"Evidence: this segment sits in the peak-to-crash handoff. Uncertainty: pattern is dominated by residual IOB, not a clean basal test. Dependencies: safety_overview 19:00 lows."
real_grok46_50,run_014,profile.basal.19_00,profile,True,0.7 U/h,keep,0.7 U/h,Evidence: local 19:00 TBR 15.3% and minima 41 mg/dL. Uncertainty: more consistent with stacked afternoon automation than excess scheduled basal alone. Dependencies: DIA 10 h and UAM IOB.
real_grok46_50,run_014,profile.cr.00_00,profile,True,13 g/U,keep,13 g/U,"Evidence: zero carb entries and cob 0, so this CR is unused. Uncertainty: no overnight meal tests. Dependencies: meal logging must exist before any CR review."
real_grok46_50,run_014,profile.cr.04_00,profile,True,11.1 g/U,keep,11.1 g/U,Evidence: no carb treatments in this segment. Uncertainty: unused setting cannot be validated. Dependencies: meal_bolus_strategy remains observation-only.
real_grok46_50,run_014,profile.cr.08_00,profile,True,13.2 g/U,keep,13.2 g/U,"Evidence: morning rises occur with cob 0, so UAM, not this CR, dosed those events. Uncertainty: no announced breakfast tests. Dependencies: do not change CR with UAM still acting as the full meal bolus."
real_grok46_50,run_014,profile.cr.16_00,profile,True,10.5 g/U,keep,10.5 g/U,Evidence: the main afternoon wave has no carb grams attached. Uncertainty: tighter afternoon CR is untested and would add insulin on top of UAM. Dependencies: hypoglycemia risk at 19:00.
real_grok46_50,run_014,profile.cr.20_00,profile,True,12.6 g/U,keep,12.6 g/U,Evidence: no evening carb entries. Uncertainty: unused. Dependencies: leftover afternoon IOB already present in this window.
real_grok46_50,run_014,profile.isf.00_00,profile,True,56 mg/dL/U,keep,56 mg/dL/U,"Evidence: live variable_sens about 28-124 shows Dynamic ISF, not 56, ran corrections. Uncertainty: listed correction windows mix SMB and meals. Dependencies: do not edit profile ISF while Dynamic ISF 70% remains on."
real_grok46_50,run_014,profile.target.00_00,profile,True,90 mg/dL,keep,90 mg/dL,"Evidence: target 90 sits inside a high-TBR overnight band, but residual meal IOB is not excluded. Uncertainty: a later single-lever review could revisit this target after meal times are logged. Dependencies: keep together with 00:00 basal and automation for this observation period."
real_grok46_50,run_014,profile.target.08_00,profile,True,100 mg/dL,keep,100 mg/dL,Evidence: daytime target 100 is above the stable morning averages and is not the 14:00-17:00 high driver while carbs are unlogged. Uncertainty: none that supports a change. Dependencies: afternoon TAR attributed first to UAM delay.
real_grok46_50,run_014,profile.target.23_00,profile,True,90 mg/dL,keep,90 mg/dL,"Evidence: local hour 23 TBR 10.1% continues the early-night low pattern. Uncertainty: same leftover-IOB confound as 00:00. Dependencies: treat with target 00:00 as one overnight target family, not a separate edit."
real_grok46_50,run_014,profile.dia,profile,True,10 h,keep,10 h,Evidence: evening and 00:00-03:00 lows argue against shortening DIA and hiding IOB. Uncertainty: free_peak_oref peak shape not independently measured. Dependencies: insulin type free_peak_oref; do not shorten DIA to chase afternoon highs.
real_grok46_50,run_014,aaps.core.smb_uam,aaps,True,smb_enabled=true; uam_enabled=true,keep,smb_enabled=true; uam_enabled=true,"Evidence: with zero carbs, SMB plus UAM is the observed meal system and values are present. Uncertainty: boosts can exceed minute caps, but turning UAM off is not separated from DynISF or missed logging. Dependencies: keep unchanged while collecting meal timestamps. Verify not used because no component is null."
real_grok46_50,run_014,aaps.core.smb_activation,aaps,True,smb_always_enabled=true; smb_with_cob_enabled=false; smb_after_carbs_enabled=false; smb_with_temp_target_enabled=true; smb_with_high_temp_target_enabled=false,keep,smb_always_enabled=true; smb_with_cob_enabled=false; smb_after_carbs_enabled=false; smb_with_temp_target_enabled=true; smb_with_high_temp_target_enabled=false,"Evidence: always-on SMB with COB flags off matches cob 0 execution; high-TT SMB off matches 135 mg/dL temporary targets. Uncertainty: always-on is a candidate later single lever, not a current change. Dependencies: same peak-crash family as Dynamic ISF."
real_grok46_50,run_014,aaps.core.smb_delivery,aaps,True,smb_interval_minutes=3 min; max_smb_basal_minutes=15 min; max_uam_smb_basal_minutes=20 min,keep,smb_interval_minutes=3 min; max_smb_basal_minutes=15 min; max_uam_smb_basal_minutes=20 min,"Evidence: settings are complete; CGM cadence can support 3 min SMB, but custom boosts already bypass the 15 and 20 min caps. Uncertainty: representatives are not a full SMB histogram. Dependencies: do not tighten minutes in the same step as Dynamic ISF or basal."
real_grok46_50,run_014,aaps.core.safety_limits,aaps,True,max_basal_u_per_hour=12 U/h; max_iob_units=25 U,keep,max_basal_u_per_hour=12 U/h; max_iob_units=25 U,"Evidence: observed IOB near 6 U and enacted rates near 4 U/h show these caps are not the binding brake. Uncertainty: u200 unit scaling could change apparent looseness. Dependencies: evening TBR occurred inside the caps, so tightening them is not the first review and must not pair with SMB or DynISF edits."
real_grok46_50,run_014,aaps.core.sensitivity,aaps,True,autosens_enabled=false; dynamic_sensitivity_enabled=true; autosens_raises_target=false; autosens_lowers_target=false; dynamic_isf_adjustment_factor_percent=70 %,keep,autosens_enabled=false; dynamic_sensitivity_enabled=true; autosens_raises_target=false; autosens_lowers_target=false; dynamic_isf_adjustment_factor_percent=70 %,Evidence: Autosens off matches unused target-shift flags; Dynamic ISF 70% tracks stronger live ISF when high. Uncertainty: DynISF versus custom twin or accel path. Dependencies: same overshoot as UAM; enabling Autosens would add a second sensitivity layer and is not supported.
real_grok46_50,run_014,aaps.core.carb_absorption,aaps,True,min_5m_carbimpact=8 mg/dL/5 min; meal_max_absorption_hours=7 h,keep,min_5m_carbimpact=8 mg/dL/5 min; meal_max_absorption_hours=7 h,"Evidence: no COB, so these settings had no identified glucose effect. Uncertainty: they become live only after carb logging starts. Dependencies: future e-carb or CR use; not an e-carb duration inference."
real_grok46_50,run_015,profile.basal.00_00,profile,True,0.6 U/h,keep,0.6 U/h,"Evidence: local 00:00-03:00 TBR is high, but sampled nights also carry residual IOB and a 90 mg/dL target. Uncertainty: basal versus IOB versus target is unresolved. Dependencies: safety veto on adding overnight insulin; DIA 10 h and afternoon UAM stacks. A change is unsupported."
real_grok46_50,run_015,profile.basal.05_00,profile,True,0.7 U/h,keep,0.7 U/h,Evidence: local 05:00-07:00 means are near 99-104 mg/dL with TIR about 95-99%. Uncertainty: low for a defect in this row. Dependencies: later 08:00-10:00 rise is meal-timed. No isolated basal change.
real_grok46_50,run_015,profile.basal.06_00,profile,True,0.8 U/h,keep,0.8 U/h,Evidence: local 06:00-08:00 remains in range before the breakfast-like climb. Uncertainty: cannot split dawn basal from the 08:00 target 100 mg/dL. Dependencies: meal and UAM lag after 08:00. Keep.
real_grok46_50,run_015,profile.basal.10_00,profile,True,0.7 U/h,keep,0.7 U/h,"Evidence: late-morning and midday TAR exists, but several windows rise after tiny correction insulin and COB 0, which fits unlogged intake. Uncertainty: high that this basal row is the cause. Dependencies: UAM delay, unused CR, GLP-1 notes. Keep."
real_grok46_50,run_015,profile.basal.16_00,profile,True,0.5 U/h,keep,0.5 U/h,"Evidence: this is the lowest daytime basal under the worst TAR hour, yet local 18:00-19:00 TBR is also the worst evening hypo cluster. Uncertainty: the 0.5 U/h row may already be compensating for crashes. Dependencies: UAM/SMB and DynISF still open. Raising it is unsupported."
real_grok46_50,run_015,profile.basal.18_00,profile,True,0.6 U/h,keep,0.6 U/h,"Evidence: glucose is already falling through local 18:00-19:00 after afternoon stacks. Uncertainty: basal versus residual insulin is not separated. Dependencies: hour-19 TBR, DIA, user corrections. Keep."
real_grok46_50,run_015,profile.basal.19_00,profile,True,0.7 U/h,keep,0.7 U/h,"Evidence: 0.7 U/h starts as local hour 19 TBR reaches 15.3%, but that hour includes 41 mg/dL extremes after prior UAM and corrections. Uncertainty: this row is a weaker explanation than residual IOB. Dependencies: 16:00 basal, SMB/UAM, DynISF. Keep."
real_grok46_50,run_015,profile.cr.00_00,profile,True,13 g/U,keep,13 g/U,"Evidence: carb_entries 0 and loop COB 0, so this CR never ran. Uncertainty: complete for meal effect. Dependencies: empty declared meal strategy and always-on UAM. Changing CR would not explain this dataset."
real_grok46_50,run_015,profile.cr.04_00,profile,True,11.1 g/U,keep,11.1 g/U,Evidence: no carb treatments in this or any segment. Uncertainty: untestable. Dependencies: unused carb-absorption settings. Keep.
real_grok46_50,run_015,profile.cr.08_00,profile,True,13.2 g/U,keep,13.2 g/U,"Evidence: local 08:00-10:00 rise occurs with COB 0, so UAM, not this CR, dosed any meal. Uncertainty: high for any CR number. Dependencies: meal logging absent. Keep."
real_grok46_50,run_015,profile.cr.16_00,profile,True,10.5 g/U,keep,10.5 g/U,Evidence: the tightest CR sits under the afternoon TAR window but had no grams to apply. Uncertainty: unused. Dependencies: UAM/SMB and DynISF explain more of the observed insulin. Keep.
real_grok46_50,run_015,profile.cr.20_00,profile,True,12.6 g/U,keep,12.6 g/U,"Evidence: evening crashes follow already-delivered insulin, not announced dinner carbs. Uncertainty: CR unused. Dependencies: DIA tail and overnight target. Keep."
real_grok46_50,run_015,profile.isf.00_00,profile,True,56 mg/dL/U,keep,56 mg/dL/U,Evidence: flat 56 mg/dL/U while DynISF 70% already moved variable_sens from about 28 to above 100; correction windows are meal-contaminated. Uncertainty: profile ISF versus DynISF versus SMB stack is unresolved. Dependencies: do not change ISF with DynISF or SMB delivery. Keep.
real_grok46_50,run_015,profile.target.00_00,profile,True,90 mg/dL,keep,90 mg/dL,"Evidence: overnight target 90 mg/dL sits under the largest TBR cluster, but residual IOB is an equally strong cause. Uncertainty: medium-high. Dependencies: 23:00 target return to 90, DIA 10 h, evening automation. Tightening is unsafe; raising is still a correlated guess, so keep and verify."
real_grok46_50,run_015,profile.target.08_00,profile,True,100 mg/dL,keep,100 mg/dL,"Evidence: daytime target 100 mg/dL overlaps a meal-like rise, not a fasting overshoot. Uncertainty: target versus breakfast-timed UAM. Dependencies: unused CR. Keep."
real_grok46_50,run_015,profile.target.23_00,profile,True,90 mg/dL,keep,90 mg/dL,Evidence: target returns to 90 mg/dL just before the midnight dip. Uncertainty: same residual-IOB confound as the 00:00 target. Dependencies: evening stacks and 00:00 basal. Keep pending the overnight IOB check.
real_grok46_50,run_015,profile.dia,profile,True,10 h,keep,10 h,"Evidence: long DIA can keep afternoon insulin active at night and also restrain some dosing; observed UAM still built 5-6 U IOB. Uncertainty: high without peak-model and meal-time detail, including any dilute-insulin context. Dependencies: IOB accounting, SMB/UAM, overnight lows. Keep."
real_grok46_50,run_015,aaps.core.smb_uam,aaps,True,smb_enabled=true; uam_enabled=true,keep,smb_enabled=true; uam_enabled=true,"Evidence: with 0 g carbs, SMB and UAM are the only meal controller and match declared empty meal_strategies. Uncertainty: they also likely contribute to evening IOB. Dependencies: activation and delivery groups; turning them off without carb logging has no tested alternative. Keep."
real_grok46_50,run_015,aaps.core.smb_activation,aaps,True,smb_always_enabled=true; smb_with_cob_enabled=false; smb_after_carbs_enabled=false; smb_with_temp_target_enabled=true; smb_with_high_temp_target_enabled=false,keep,smb_always_enabled=true; smb_with_cob_enabled=false; smb_after_carbs_enabled=false; smb_with_temp_target_enabled=true; smb_with_high_temp_target_enabled=false,Evidence: always-on SMB is internally consistent with unused COB switches; high TT false is consistent with 135 mg/dL temporary targets used as a brake. Uncertainty: always-on remains an amplifier when no TT is set. Dependencies: meal logging still absent. A change is unsupported until carbs are announced. Keep.
real_grok46_50,run_015,aaps.core.smb_delivery,aaps,True,smb_interval_minutes=3 min; max_smb_basal_minutes=15 min; max_uam_smb_basal_minutes=20 min,keep,smb_interval_minutes=3 min; max_smb_basal_minutes=15 min; max_uam_smb_basal_minutes=20 min,"Evidence: 3/15/20 minutes plus UAM boosts can front-load insulin, but overnight minGuard often already stops SMB, and DynISF can create the same crash. Uncertainty: delivery versus DynISF versus user corrections. Dependencies: do not change this family with DynISF or ISF. Keep."
real_grok46_50,run_015,aaps.core.safety_limits,aaps,True,max_basal_u_per_hour=12 U/h; max_iob_units=25 U,keep,max_basal_u_per_hour=12 U/h; max_iob_units=25 U,"Evidence: observed IOB near 6 U never approached 25 U, and enacted temps were already clipped near 4 U/h by multipliers, not by the 12 U/h cap. Uncertainty: lowering max IOB would not have blocked the recorded hypos. Dependencies: SMB/DynISF aggressiveness. Keep rather than invent a new unused ceiling."
real_grok46_50,run_015,aaps.core.sensitivity,aaps,True,autosens_enabled=false; dynamic_sensitivity_enabled=true; autosens_raises_target=false; autosens_lowers_target=false; dynamic_isf_adjustment_factor_percent=70 %,keep,autosens_enabled=false; dynamic_sensitivity_enabled=true; autosens_raises_target=false; autosens_lowers_target=false; dynamic_isf_adjustment_factor_percent=70 %,Evidence: Autosens is off and its target flags are unused; DynISF 70% is the active compensator for flat ISF 56 and a leading overshoot candidate. Uncertainty: GLP-1 and unlogged meals still confound. Dependencies: profile ISF and SMB delivery. Enabling Autosens or changing the 70% factor together with ISF is unsupported. Keep.
real_grok46_50,run_015,aaps.core.carb_absorption,aaps,True,min_5m_carbimpact=8 mg/dL/5 min; meal_max_absorption_hours=7 h,keep,min_5m_carbimpact=8 mg/dL/5 min; meal_max_absorption_hours=7 h,"Evidence: no carb entries, so these settings had no operational effect and do not explain UAM or TBR. Uncertainty: none for this period's dosing path. Dependencies: future carb logging only. Keep."
real_grok46_50,run_016,profile.basal.00_00,profile,True,0.6 U/h,keep,0.6 U/h,"Evidence: local 00:00-03:00 means are about 90-105 mg/dL with TBR 10-18.5% and almost no TAR. Uncertainty: leftover evening IOB and always-on SMB are not removed. Dependencies: target 90 mg/dL, DIA 10 h, SMB. A cut or rise is unsupported."
real_grok46_50,run_016,profile.basal.05_00,profile,True,0.7 U/h,keep,0.7 U/h,Evidence: local 04:00-06:00 TIR 95-97.5% with low TAR. Uncertainty: 21 Aug 42 mg/dL near 07:19 is an outlier versus hour-7 TBR 1.3%. Dependencies: 06:00 basal step and overnight IOB. No isolated fasting defect.
real_grok46_50,run_016,profile.basal.06_00,profile,True,0.8 U/h,keep,0.8 U/h,Evidence: local 06:00-08:00 is the most stable block (TIR 98-99%). Uncertainty: sensor change and one isolated low. Dependencies: target still 90 mg/dL until 08:00. Raising this dawn step is unsupported.
real_grok46_50,run_016,profile.basal.10_00,profile,True,0.7 U/h,keep,0.7 U/h,Evidence: late-morning rise and TAR 8-20% occur with cob 0 and active UAM. Uncertainty: meals versus basal. Dependencies: CR 13.2 g/U and SMB. Do not raise basal to chase unlogged intake.
real_grok46_50,run_016,profile.basal.16_00,profile,True,0.5 U/h,keep,0.5 U/h,"Evidence: this is already the lowest basal while 16:00 TAR is 32.1% and sampled temps reached about 4 U/h. Uncertainty: unlogged meals are the leading alternate. Dependencies: 19:00 TBR, UAM or SMB IOB, CR 10.5 g/U. Cutting or raising this segment is unsupported."
real_grok46_50,run_016,profile.basal.18_00,profile,True,0.6 U/h,keep,0.6 U/h,"Evidence: glucose is falling through this hour toward the 19:00 TBR cluster. Uncertainty: delayed afternoon insulin versus this 0.6 U/h step. Dependencies: 16:00 basal, SMB, DynISF. Do not increase evening basal."
real_grok46_50,run_016,profile.basal.19_00,profile,True,0.7 U/h,keep,0.7 U/h,Evidence: local 19:00 TBR 15.3% with lows to 41 mg/dL on some days. Uncertainty: stacked afternoon IOB is more plausible than a large basal excess at only 0.7 U/h. Dependencies: DIA 10 h and SMB. Keep rather than cut without a low-IOB evening subset.
real_grok46_50,run_016,profile.cr.00_00,profile,True,13 g/U,keep,13 g/U,Evidence: carb_entries 0 and no overnight carb treatments. Uncertainty: CR not estimable. Dependencies: UAM-only execution. Change unsupported.
real_grok46_50,run_016,profile.cr.04_00,profile,True,11.1 g/U,keep,11.1 g/U,Evidence: no carb records in this segment. Uncertainty: breakfast composition unknown. Dependencies: 06:00-08:00 stability is not a CR test. Keep.
real_grok46_50,run_016,profile.cr.08_00,profile,True,13.2 g/U,keep,13.2 g/U,Evidence: late-morning TAR with cob 0 and correction-only boluses. Uncertainty: unbolused intake versus CR. Dependencies: UAM and SMB. Keep.
real_grok46_50,run_016,profile.cr.16_00,profile,True,10.5 g/U,keep,10.5 g/U,Evidence: this is already the strongest CR while afternoon TAR persists without logged carbs. Uncertainty: cannot test a ratio with zero grams. Dependencies: 16:00 basal 0.5 U/h and UAM. Do not strengthen CR because of TAR.
real_grok46_50,run_016,profile.cr.20_00,profile,True,12.6 g/U,keep,12.6 g/U,"Evidence: evening pattern is falling glucose and TBR, not missed meal-bolus hyperglycemia. Uncertainty: no dinner carb log. Dependencies: residual afternoon IOB. Keep."
real_grok46_50,run_016,profile.isf.00_00,profile,True,56 mg/dL/U,keep,56 mg/dL/U,"Evidence: flat 56 plus DynISF produced variable_sens near 28-43 at peaks and some large post-correction falls. Uncertainty: those falls also include SMB, unlogged food, and occlusion catch-up. Dependencies: DynISF 70% and SMB. Do not change ISF while DynISF remains the dosing ISF."
real_grok46_50,run_016,profile.target.00_00,profile,True,90 mg/dL,keep,90 mg/dL,"Evidence: overnight mean sits near this 90 mg/dL target with high TBR, so the target is a plausible contributor. Uncertainty: not separated from basal 0.6 U/h or evening IOB. Dependencies: always-on SMB and target 23:00. Withhold change until low-IOB nights are reviewed."
real_grok46_50,run_016,profile.target.08_00,profile,True,100 mg/dL,keep,100 mg/dL,Evidence: daytime means run above 100 mg/dL mainly in meal-shaped afternoon hours with cob 0. Uncertainty: target versus unlogged intake. Dependencies: SMB activation. Tightening this target would add hypo risk.
real_grok46_50,run_016,profile.target.23_00,profile,True,90 mg/dL,keep,90 mg/dL,"Evidence: local 23:00 TBR 10.1% begins the overnight low cluster. Uncertainty: same confounders as target 00:00. Dependencies: must not be changed in the same step as basal, ISF, or SMB. Keep pending the overnight low-IOB check."
real_grok46_50,run_016,profile.dia,profile,True,10 h,keep,10 h,Evidence: 10 h can leave afternoon insulin active at 19:00-01:00. Uncertainty: no clean decay curve. Dependencies: shortening DIA while SMB and DynISF stay active could hide IOB and worsen lows. Keep.
real_grok46_50,run_016,aaps.core.smb_uam,aaps,True,smb_enabled=true; uam_enabled=true,keep,smb_enabled=true; uam_enabled=true,"Evidence: cob 0 and zero carb entries mean UAM is the meal detector; reasons repeatedly use UAMpredBG. Uncertainty: UAM lag versus missed prebolus. Dependencies: empty meal_strategies. Turning UAM off without announced meals is unsupported. No source component is null, so verify is not used."
real_grok46_50,run_016,aaps.core.smb_activation,aaps,True,smb_always_enabled=true; smb_with_cob_enabled=false; smb_after_carbs_enabled=false; smb_with_temp_target_enabled=true; smb_with_high_temp_target_enabled=false,keep,smb_always_enabled=true; smb_with_cob_enabled=false; smb_after_carbs_enabled=false; smb_with_temp_target_enabled=true; smb_with_high_temp_target_enabled=false,Evidence: COB and after-carb flags match the no-carb design. Uncertainty: smb_always_enabled may ignore high temp targets of 135 mg/dL. Dependencies: overnight TBR and target 90 mg/dL. Do not change always-on together with interval or DynISF.
real_grok46_50,run_016,aaps.core.smb_delivery,aaps,True,smb_interval_minutes=3 min; max_smb_basal_minutes=15 min; max_uam_smb_basal_minutes=20 min,keep,smb_interval_minutes=3 min; max_smb_basal_minutes=15 min; max_uam_smb_basal_minutes=20 min,"Evidence: configured 15 and 20 minutes did not bind observed 0.3-1.6 U SMBs or 3.6-4 U/h temps. Uncertainty: custom boost text. Dependencies: DynISF, maxSafeBasal, ISF. Changing interval and UAM minutes together is not supported."
real_grok46_50,run_016,aaps.core.safety_limits,aaps,True,max_basal_u_per_hour=12 U/h; max_iob_units=25 U,keep,max_basal_u_per_hour=12 U/h; max_iob_units=25 U,Evidence: these caps did not constrain the period; maxSafeBasal near 4 U/h and peak IOB near 6 U did. Uncertainty: large unused headroom versus TDD about 20 U. Dependencies: do not lower both caps in one step with basal or SMB minutes. Keep as unused ceilings.
real_grok46_50,run_016,aaps.core.sensitivity,aaps,True,autosens_enabled=false; dynamic_sensitivity_enabled=true; autosens_raises_target=false; autosens_lowers_target=false; dynamic_isf_adjustment_factor_percent=70 %,keep,autosens_enabled=false; dynamic_sensitivity_enabled=true; autosens_raises_target=false; autosens_lowers_target=false; dynamic_isf_adjustment_factor_percent=70 %,Evidence: Autosens is off and target-adjust flags match. DynISF 70% is a leading automation candidate for peak-to-hypo but is not isolated from ISF 56 or SMB. Uncertainty: sampled sensitivity_ratio below 1 is not treated as Autosens. Dependencies: profile ISF. Do not change DynISF and ISF together.
real_grok46_50,run_016,aaps.core.carb_absorption,aaps,True,min_5m_carbimpact=8 mg/dL/5 min; meal_max_absorption_hours=7 h,keep,min_5m_carbimpact=8 mg/dL/5 min; meal_max_absorption_hours=7 h,Evidence: both settings were idle with cob 0 and zero carb treatments. Uncertainty: they would matter only after carb logging starts. Dependencies: empty meal_strategies. UAM is not duplicate COB. Keep.
real_grok46_50,run_017,profile.basal.00_00,profile,True,0.6 U/h,keep,0.6 U/h,Evidence: local 00:00-03:00 TBR is high while average glucose is already near 90 mg/dL. Uncertainty: residual IOB versus basal cannot be fully split. Dependencies: safety TBR and pending overnight target review; do not raise this basal.
real_grok46_50,run_017,profile.basal.05_00,profile,True,0.7 U/h,keep,0.7 U/h,Evidence: local 05:00-06:00 TIR 95.2% and TBR 4.8% with mean 104.2. Uncertainty: one 21 Aug 06:19 value of 42 mg/dL. Dependencies: do not change adjacent night segments together.
real_grok46_50,run_017,profile.basal.06_00,profile,True,0.8 U/h,keep,0.8 U/h,Evidence: local 06:00-08:00 TIR 97.5-98.7% with low TBR. Uncertainty: later 08:00-10:00 rise is meal-timed. Dependencies: unused breakfast carbs; withhold as a dawn-basal increase.
real_grok46_50,run_017,profile.basal.10_00,profile,True,0.7 U/h,keep,0.7 U/h,Evidence: 10:00 TAR 20.2% sits in a likely meal window with COB 0. Uncertainty: UAM versus basal under-delivery. Dependencies: meal logging and SMB/UAM; do not raise daytime basal to chase unlogged peaks.
real_grok46_50,run_017,profile.basal.16_00,profile,True,0.5 U/h,keep,0.5 U/h,"Evidence: 16:00 is the TAR peak and also precedes the 18:00-19:00 crash, so more 16:00 insulin can worsen TBR. Uncertainty: lowest scheduled basal versus stacked UAM. Dependencies: evening hypo cluster and DIA 10 h."
real_grok46_50,run_017,profile.basal.18_00,profile,True,0.6 U/h,keep,0.6 U/h,"Evidence: local 18:00 TBR 7.7% and minima 42 mg/dL. Uncertainty: exercise, GLP-1, or IOB carryover. Dependencies: binding TBR; do not increase this segment."
real_grok46_50,run_017,profile.basal.19_00,profile,True,0.7 U/h,keep,0.7 U/h,Evidence: local 19:00 TBR 15.3% and minima 41 mg/dL. Uncertainty: whether the 0.7 step-up adds to stacked IOB. Dependencies: target and UAM review first; no increase.
real_grok46_50,run_017,profile.cr.00_00,profile,True,13 g/U,keep,13 g/U,Evidence: carb_entries 0 so this CR is unused. Uncertainty: no meal-linked responses. Dependencies: carb logging before any CR review.
real_grok46_50,run_017,profile.cr.04_00,profile,True,11.1 g/U,keep,11.1 g/U,Evidence: no carb treatments in this or any segment. Uncertainty: cannot test 11.1 versus neighboring ratios. Dependencies: empty declared meal strategy and unused wizard.
real_grok46_50,run_017,profile.cr.08_00,profile,True,13.2 g/U,keep,13.2 g/U,"Evidence: late-morning rise occurs with COB 0 and UAM/SMB, not a logged breakfast bolus. Uncertainty: meal size unknown. Dependencies: do not tighten CR while TBR is binding."
real_grok46_50,run_017,profile.cr.16_00,profile,True,10.5 g/U,keep,10.5 g/U,"Evidence: this is the tightest CR and coincides with the worst TAR-to-TBR swing, but no carbs were entered. Uncertainty: unused setting versus real afternoon meals. Dependencies: UAM/SMB already dosing; tightening CR is unsupported."
real_grok46_50,run_017,profile.cr.20_00,profile,True,12.6 g/U,keep,12.6 g/U,Evidence: evening TBR cluster with zero carb entries. Uncertainty: dinner composition unknown. Dependencies: overnight target review and residual IOB.
real_grok46_50,run_017,profile.isf.00_00,profile,True,56 mg/dL/U,keep,56 mg/dL/U,"Evidence: Dynamic ISF 70% produces variable_sens far from 56, and correction windows are confounded by SMB/UAM. Uncertainty: how much of effective ISF is DynISF versus UAM boost. Dependencies: do not change ISF in the same step as DynISF or target."
real_grok46_50,run_017,profile.target.00_00,profile,True,90 mg/dL,change,100 mg/dL,Evidence: local 00:00-03:00 TBR 10-18.5% with averages 90-105 already near 90. Uncertainty: leftover IOB may still cause lows after a higher target. Dependencies: change together with 23:00 only; keep 08:00 at 100; do not change basal or SMB at the same time.
real_grok46_50,run_017,profile.target.08_00,profile,True,100 mg/dL,keep,100 mg/dL,Evidence: daytime target 100 is not the overnight TBR window and is the candidate overnight value. Uncertainty: morning 08:00-10:00 TAR is more meal than target. Dependencies: overnight target change uses this existing value.
real_grok46_50,run_017,profile.target.23_00,profile,True,90 mg/dL,change,100 mg/dL,Evidence: local 23:00 TBR 10.1% begins the overnight 90 mg/dL window. Uncertainty: evening IOB from afternoon UAM. Dependencies: pair only with 00:00 target; withhold basal and automation changes.
real_grok46_50,run_017,profile.dia,profile,True,10 h,keep,10 h,Evidence: long DIA is compatible with delayed evening and night lows but is conservative. Uncertainty: free_peak_oref peak not independently verified. Dependencies: shortening DIA while TBR is high would undercount IOB; keep.
real_grok46_50,run_017,aaps.core.smb_uam,aaps,True,smb_enabled=true; uam_enabled=true,keep,smb_enabled=true; uam_enabled=true,"Evidence: with carb_entries 0, UAM is the meal detector and is not double-counting COB. Uncertainty: UAM false positives cannot be scored without meal marks. Dependencies: profile target review first; disabling UAM and changing target together is unsupported."
real_grok46_50,run_017,aaps.core.smb_activation,aaps,True,smb_always_enabled=true; smb_with_cob_enabled=false; smb_after_carbs_enabled=false; smb_with_temp_target_enabled=true; smb_with_high_temp_target_enabled=false,keep,smb_always_enabled=true; smb_with_cob_enabled=false; smb_after_carbs_enabled=false; smb_with_temp_target_enabled=true; smb_with_high_temp_target_enabled=false,"Evidence: always-on SMB makes COB-gated flags non-operative, not inconsistent; high-TT SMB off matches several 135 mg/dL temporary targets. Uncertainty: always-on SMB likely contributes to afternoon stacking. Dependencies: do not retune activation with delivery or DynISF in the same step."
real_grok46_50,run_017,aaps.core.smb_delivery,aaps,True,smb_interval_minutes=3 min; max_smb_basal_minutes=15 min; max_uam_smb_basal_minutes=20 min,keep,smb_interval_minutes=3 min; max_smb_basal_minutes=15 min; max_uam_smb_basal_minutes=20 min,"Evidence: 3 minute interval is the configured cadence; some large SMBs scaled with high temp basal after occlusion, not with 15-20 minutes times 0.5-0.8 U/h. Uncertainty: delivery versus DynISF versus UAM boost. Dependencies: keep until overnight target effect is observed."
real_grok46_50,run_017,aaps.core.safety_limits,aaps,True,max_basal_u_per_hour=12 U/h; max_iob_units=25 U,keep,max_basal_u_per_hour=12 U/h; max_iob_units=25 U,"Evidence: about 19.7 U/day total insulin; peak sampled IOB 5.935 U; enacted temps already cap near 4 U/h. Uncertainty: 25 U would not stop further stacking if a larger event occurred. Dependencies: limits are hygiene, not the TBR cause; changing them with target is unnecessary."
real_grok46_50,run_017,aaps.core.sensitivity,aaps,True,autosens_enabled=false; dynamic_sensitivity_enabled=true; autosens_raises_target=false; autosens_lowers_target=false; dynamic_isf_adjustment_factor_percent=70 %,keep,autosens_enabled=false; dynamic_sensitivity_enabled=true; autosens_raises_target=false; autosens_lowers_target=false; dynamic_isf_adjustment_factor_percent=70 %,"Evidence: Autosens-off flags match each other; DynISF explains variable_sens 28-124; sensitivity_ratio 1 is neutral, not disabled Autosens. Uncertainty: GLP-1 may change sensitivity outside Autosens. Dependencies: do not change DynISF with ISF 56 or SMB delivery."
real_grok46_50,run_017,aaps.core.carb_absorption,aaps,True,min_5m_carbimpact=8 mg/dL/5 min; meal_max_absorption_hours=7 h,keep,min_5m_carbimpact=8 mg/dL/5 min; meal_max_absorption_hours=7 h,Evidence: absorption model is idle with COB 0 and no e-carbs. Uncertainty: cannot judge 8 mg/dL per 5 min or 7 h without logged carbs. Dependencies: meal logging; not a UAM duplicate-count issue.
real_grok46_50,run_018,profile.basal.00_00,profile,True,0.6 U/h,keep,0.6 U/h,"Evidence: local hours 0-3 are low-biased but 04:00-05:00 recovers without a rise that would prove this rate too low. Uncertainty: leftover dinner or UAM IOB and target 90 are equally plausible. Dependencies: do not change this with 19:00 basal, overnight target, SMB, or DynISF."
real_grok46_50,run_018,profile.basal.05_00,profile,True,0.7 U/h,keep,0.7 U/h,Evidence: hour 5 local TIR 95.2% and mean 104.2 mg/dL. Uncertainty: not a pure fasting tag. Dependencies: linked to the 06:00 dawn step; no isolated defect.
real_grok46_50,run_018,profile.basal.06_00,profile,True,0.8 U/h,keep,0.8 U/h,"Evidence: hours 6-8 local TIR 98-99% and almost no TAR, so dawn basal is not insufficient. Uncertainty: one 42 mg/dL at 06:19Z on a sensor-change morning is not a segment proof. Dependencies: safety veto against adding overnight or dawn insulin."
real_grok46_50,run_018,profile.basal.10_00,profile,True,0.7 U/h,keep,0.7 U/h,"Evidence: late-morning rise aligns with unannounced intake and UAM, not a separable midday basal gap. Uncertainty: zero carb logs. Dependencies: CR and SMB/UAM unexplained; do not raise this to chase TAR."
real_grok46_50,run_018,profile.basal.16_00,profile,True,0.5 U/h,keep,0.5 U/h,Evidence: this is already the lowest basal while hour 16 TAR is 32.1% and evening TBR follows. Uncertainty: overshoot after UAM is the leading alternative. Dependencies: changing this with DynISF or SMB would confound the evening crash.
real_grok46_50,run_018,profile.basal.18_00,profile,True,0.6 U/h,keep,0.6 U/h,Evidence: hours 18-19 hold the worst evening TBR including 41-42 mg/dL. Uncertainty: residual afternoon IOB versus this small step cannot be split. Dependencies: TBR veto; DIA 10 h and SMB stack.
real_grok46_50,run_018,profile.basal.19_00,profile,True,0.7 U/h,keep,0.7 U/h,"Evidence: rate rises into the high-TBR early night, but leftover UAM or SMB IOB is the stronger competing cause. Uncertainty: H-B1 versus leftover IOB unresolved. Dependencies: overnight target 90 and always-on SMB; withhold a paired change."
real_grok46_50,run_018,profile.cr.00_00,profile,True,13 g/U,keep,13 g/U,Evidence: CR exists in the profile but carb_entries are 0 and COB stays 0. Uncertainty: no meal-linked insulin-to-carb pairs. Dependencies: unused until meals are logged; not a missing profile field.
real_grok46_50,run_018,profile.cr.04_00,profile,True,11.1 g/U,keep,11.1 g/U,Evidence: no carb treatments in this window. Uncertainty: numeric CR error cannot be tested. Dependencies: meal logging first.
real_grok46_50,run_018,profile.cr.08_00,profile,True,13.2 g/U,keep,13.2 g/U,"Evidence: late-morning TAR occurs with UAM, not announced carbs, so this CR was not executed. Uncertainty: cannot distinguish late UAM from a CR mismatch. Dependencies: SMB/UAM and empty declared prebolus."
real_grok46_50,run_018,profile.cr.16_00,profile,True,10.5 g/U,keep,10.5 g/U,Evidence: afternoon peak and evening crash have no carb grams attached. Uncertainty: GLP-1 may change absorption independently. Dependencies: do not tighten CR to treat UAM catch-up.
real_grok46_50,run_018,profile.cr.20_00,profile,True,12.6 g/U,keep,12.6 g/U,Evidence: evening window is hypo-biased with unused CR. Uncertainty: no dinner entries. Dependencies: leftover IOB and target 90.
real_grok46_50,run_018,profile.isf.00_00,profile,True,56 mg/dL/U,keep,56 mg/dL/U,"Evidence: Dynamic ISF is on and sampled variable_sens ranged about 28-124, so 56 is a baseline rather than the high-BG dose. Uncertainty: no isolated fasting correction test of 56. Dependencies: DynISF 70% and SMB; do not change ISF and DynISF together."
real_grok46_50,run_018,profile.target.00_00,profile,True,90 mg/dL,keep,90 mg/dL,"Evidence: overnight 90 sits beside TBR 10-18% in hours 23-3, but leftover IOB and always-on SMB are not ruled out. Uncertainty: raising target might help or might only mask automation IOB. Dependencies: withhold until quiet versus high-IOB nights are compared; do not lower this target."
real_grok46_50,run_018,profile.target.08_00,profile,True,100 mg/dL,keep,100 mg/dL,"Evidence: daytime 100 is below afternoon means 140-163, which track unannounced intake more than this target. Uncertainty: high TT 135 overlays some afternoons. Dependencies: not the afternoon TAR driver."
real_grok46_50,run_018,profile.target.23_00,profile,True,90 mg/dL,keep,90 mg/dL,Evidence: the 23:00 step-down to 90 precedes the worst early-night TBR hour. Uncertainty: still mixed with DIA 10 h leftovers. Dependencies: same as target 00:00; no paired basal change.
real_grok46_50,run_018,profile.dia,profile,True,10 h,keep,10 h,"Evidence: 10 h is long enough to connect afternoon UAM or SMB with h18-h03 lows. Uncertainty: free_peak_oref peak is unknown, so a shorter or longer DIA is untested. Dependencies: any basal, ISF, or SMB interpretation; no DIA change in this cycle."
real_grok46_50,run_018,aaps.core.smb_uam,aaps,True,smb_enabled=true; uam_enabled=true,keep,smb_enabled=true; uam_enabled=true,"Evidence: this pair is the observed meal pathway with COB 0 and is not duplicate carb counting. Uncertainty: it also participates in evening overshoot. Dependencies: changing this with DynISF, target, or basal would prevent attribution; no source component is null so verify is not used."
real_grok46_50,run_018,aaps.core.smb_activation,aaps,True,smb_always_enabled=true; smb_with_cob_enabled=false; smb_after_carbs_enabled=false; smb_with_temp_target_enabled=true; smb_with_high_temp_target_enabled=false,keep,smb_always_enabled=true; smb_with_cob_enabled=false; smb_after_carbs_enabled=false; smb_with_temp_target_enabled=true; smb_with_high_temp_target_enabled=false,Evidence: always-on SMB with COB SMB off matches zero carb entries. Uncertainty: high TT 135 may not have blocked SMB. Dependencies: overnight TBR versus leftover IOB not split; keep rather than flip always-on in the same step as target.
real_grok46_50,run_018,aaps.core.smb_delivery,aaps,True,smb_interval_minutes=3 min; max_smb_basal_minutes=15 min; max_uam_smb_basal_minutes=20 min,keep,smb_interval_minutes=3 min; max_smb_basal_minutes=15 min; max_uam_smb_basal_minutes=20 min,"Evidence: configured caps look modest versus 0.5-0.8 U/h basal, while sampled SMB size followed boosts and high temps, not these minutes alone. Uncertainty: custom UAM boost strings are outside this inventory. Dependencies: DynISF and maxSafeBasal behavior; no increase is supported."
real_grok46_50,run_018,aaps.core.safety_limits,aaps,True,max_basal_u_per_hour=12 U/h; max_iob_units=25 U,keep,max_basal_u_per_hour=12 U/h; max_iob_units=25 U,Evidence: these limits did not clip IOB about 4.7-5.9 U; a 4 U/h maxSafeBasal appeared instead. Uncertainty: a tighter cap is a different lever from profile basal and is not isolated as the TBR cause. Dependencies: do not bundle with DynISF or SMB frequency; change unsupported this cycle.
real_grok46_50,run_018,aaps.core.sensitivity,aaps,True,autosens_enabled=false; dynamic_sensitivity_enabled=true; autosens_raises_target=false; autosens_lowers_target=false; dynamic_isf_adjustment_factor_percent=70 %,keep,autosens_enabled=false; dynamic_sensitivity_enabled=true; autosens_raises_target=false; autosens_lowers_target=false; dynamic_isf_adjustment_factor_percent=70 %,Evidence: Autosens is off by flag; DynISF 70% produced the effective ISF at highs and is the leading aggressor with UAM. Uncertainty: lowering DynISF might reduce crashes or worsen unannounced-meal TAR. Dependencies: profile ISF 56 and SMB; do not enable Autosens and change DynISF together.
real_grok46_50,run_018,aaps.core.carb_absorption,aaps,True,min_5m_carbimpact=8 mg/dL/5 min; meal_max_absorption_hours=7 h,keep,min_5m_carbimpact=8 mg/dL/5 min; meal_max_absorption_hours=7 h,Evidence: both settings are idle while COB is 0 and e-carbs are absent. Uncertainty: they cannot proxy UAM meals. Dependencies: not a CR or e-carb substitute.
real_grok46_50,run_019,profile.basal.00_00,profile,True,0.6 U/h,keep,0.6 U/h,"Evidence: 00:00-03:00 local TBR is high while mean glucose is near 90-93 mg/dL. Uncertainty: leftover evening IOB, overnight SMB, and target 90 can produce the same trough. Dependencies: do not lower basal in the same step as target or SMB; no IOB-clean fasting set."
real_grok46_50,run_019,profile.basal.05_00,profile,True,0.7 U/h,keep,0.7 U/h,Evidence: 05:00-07:00 local TIR is 95-99 percent with almost no TAR. Uncertainty: small sample of true fasting mornings. Dependencies: raising this segment is unsupported and would conflict with overnight TBR safety.
real_grok46_50,run_019,profile.basal.06_00,profile,True,0.8 U/h,keep,0.8 U/h,Evidence: 06:00-08:00 local remains stable and is not a high-fasting plateau. Uncertainty: breakfast versus basal after 08:00. Dependencies: daytime TAR after 09:00 is meal-shaped and does not justify a higher 06:00 rate.
real_grok46_50,run_019,profile.basal.10_00,profile,True,0.7 U/h,keep,0.7 U/h,"Evidence: late-morning to afternoon rise aligns with unlogged intake and UAM, not a flat basal-high. Uncertainty: COB always 0. Dependencies: CR unused and SMB always on; do not raise basal to treat UAM-covered meals."
real_grok46_50,run_019,profile.basal.16_00,profile,True,0.5 U/h,keep,0.5 U/h,"Evidence: 16:00 is the highest TAR hour and also the lowest scheduled basal, but the same window feeds 18:00-19:00 TBR. Uncertainty: meal versus under-basal. Dependencies: unresolved UAM and Dynamic ISF chase; changing 16:00 with CR 10.5 would be a paired meal-period move."
real_grok46_50,run_019,profile.basal.18_00,profile,True,0.6 U/h,keep,0.6 U/h,Evidence: mean glucose is already falling from the afternoon peak through 18:00. Uncertainty: activity and GLP-1 not logged. Dependencies: 19:00 TBR and DIA 10 h residual IOB; do not raise this segment to chase leftover afternoon TAR.
real_grok46_50,run_019,profile.basal.19_00,profile,True,0.7 U/h,keep,0.7 U/h,Evidence: 19:00 local TBR 15.3 percent including 41 mg/dL cluster. Uncertainty: delayed afternoon SMB versus this 0.7 U/h step. Dependencies: safety_overview forbids adding evening insulin until IOB timing is clearer.
real_grok46_50,run_019,profile.cr.00_00,profile,True,13 g/U,keep,13 g/U,Evidence: zero carb entries and COB 0 so this CR was not used. Uncertainty: occasional wizard use not uploaded cannot be seen. Dependencies: meal_strategies empty; do not retune CR for UAM outcomes.
real_grok46_50,run_019,profile.cr.04_00,profile,True,11.1 g/U,keep,11.1 g/U,Evidence: no overnight or dawn carb records. Uncertainty: whether 11.1 is leftover and unused. Dependencies: idle CR system; changing it would not affect the observed UAM path.
real_grok46_50,run_019,profile.cr.08_00,profile,True,13.2 g/U,keep,13.2 g/U,"Evidence: daytime highs occurred with no logged carbs, so 13.2 g/U was not tested. Uncertainty: true breakfast size unknown. Dependencies: SMB and UAM, not CR, delivered meal insulin in this file."
real_grok46_50,run_019,profile.cr.16_00,profile,True,10.5 g/U,keep,10.5 g/U,"Evidence: 10.5 is the strongest CR and lines up with both afternoon TAR and evening TBR, but carbs were zero so the segment is untested. Uncertainty: if any unuploaded boluses used it. Dependencies: do not tighten or loosen CR in the same step as 16:00 basal or SMB."
real_grok46_50,run_019,profile.cr.20_00,profile,True,12.6 g/U,keep,12.6 g/U,Evidence: evening TBR with no carb records. Uncertainty: dinner composition unknown. Dependencies: leftover afternoon IOB dominates this window more than CR.
real_grok46_50,run_019,profile.isf.00_00,profile,True,56 mg/dL/U,keep,56 mg/dL/U,"Evidence: sampled variable_sens about 28-124 shows Dynamic ISF, not 56, set enacted sensitivity. Uncertainty: no clean correction-only test of 56. Dependencies: changing ISF together with Dynamic ISF adjustment would double-move the same lever."
real_grok46_50,run_019,profile.target.00_00,profile,True,90 mg/dL,keep,90 mg/dL,Evidence: overnight means sit on 90 mg/dL while TBR is 10-18 percent from 00:00-03:00. Uncertainty: target versus residual IOB versus overnight SMB. Dependencies: this is the preferred next single review item only after low-IOB nights; not changed now and not paired with 00:00 basal.
real_grok46_50,run_019,profile.target.08_00,profile,True,100 mg/dL,keep,100 mg/dL,Evidence: daytime target 100 sits under afternoon means 135-163 mg/dL as expected with unannounced intake. Uncertainty: eating-soon temporary targets of 135 already appear as an event tactic. Dependencies: lowering daytime target would add insulin into the same UAM path that later causes TBR.
real_grok46_50,run_019,profile.target.23_00,profile,True,90 mg/dL,keep,90 mg/dL,Evidence: 23:00 drop from 100 to 90 precedes the 00:00-03:00 trough (23:00 TBR 10.1 percent). Uncertainty: still entangled with evening IOB. Dependencies: keep aligned with 00:00 target; do not change 23:00 and 00:00 as two separate experiments.
real_grok46_50,run_019,profile.dia,profile,True,10 h,keep,10 h,Evidence: late 2-4 hour undershoots and dilute or U200 naming are compatible with a long DIA. Uncertainty: true insulin duration not measured. Dependencies: shortening DIA while SMB and Dynamic ISF stay aggressive would understate IOB; not supported.
real_grok46_50,run_019,aaps.core.smb_uam,aaps,True,smb_enabled=true; uam_enabled=true,keep,smb_enabled=true; uam_enabled=true,Evidence: UAM with SMB matches zero carbs and COB 0 and is the observed meal engine. Uncertainty: custom UAM-boost reasons exceed stock behavior. Dependencies: turning either off together with a CR or e-carb plan would be a bundled meal-strategy change; no declared replacement plan exists.
real_grok46_50,run_019,aaps.core.smb_activation,aaps,True,smb_always_enabled=true; smb_with_cob_enabled=false; smb_after_carbs_enabled=false; smb_with_temp_target_enabled=true; smb_with_high_temp_target_enabled=false,keep,smb_always_enabled=true; smb_with_cob_enabled=false; smb_after_carbs_enabled=false; smb_with_temp_target_enabled=true; smb_with_high_temp_target_enabled=false,Evidence: always-on makes COB and after-carbs flags non-gating and can keep SMB available overnight and during 135 mg/dL temporary targets. Uncertainty: build-specific high-TT behavior. Dependencies: this is a candidate later single switch only after nights and meals are classified; not changed now and not paired with delivery minutes.
real_grok46_50,run_019,aaps.core.smb_delivery,aaps,True,smb_interval_minutes=3 min; max_smb_basal_minutes=15 min; max_uam_smb_basal_minutes=20 min,keep,smb_interval_minutes=3 min; max_smb_basal_minutes=15 min; max_uam_smb_basal_minutes=20 min,Evidence: UAM cap 20 is above SMB cap 15 and interval 3 is the configured floor; remaining time in a waiting message is not that interval. Uncertainty: sampled 0.3-1.6 U pulses follow insulinReq and raised temps more than basal times minutes. Dependencies: do not retune minutes in the same step as Dynamic ISF or max basal.
real_grok46_50,run_019,aaps.core.safety_limits,aaps,True,max_basal_u_per_hour=12 U/h; max_iob_units=25 U,keep,max_basal_u_per_hour=12 U/h; max_iob_units=25 U,"Evidence: sampled IOB peaked near 5.9 U and one reason cited maxSafeBasal about 4 U/h, so 12 U/h and 25 U did not bind and did not cause the pattern. Uncertainty: they also did not stop post-high stacking. Dependencies: tightening caps is not a substitute for reviewing Dynamic ISF or SMB and must not be combined with those reviews."
real_grok46_50,run_019,aaps.core.sensitivity,aaps,True,autosens_enabled=false; dynamic_sensitivity_enabled=true; autosens_raises_target=false; autosens_lowers_target=false; dynamic_isf_adjustment_factor_percent=70 %,keep,autosens_enabled=false; dynamic_sensitivity_enabled=true; autosens_raises_target=false; autosens_lowers_target=false; dynamic_isf_adjustment_factor_percent=70 %,Evidence: Autosens off is consistent with both Autosens target flags false; Dynamic ISF at 70 percent already moved enacted ISF well away from 56 and amplified high-BG insulinReq. Uncertainty: how much of insulinReq is stock Dynamic ISF versus custom boosts. Dependencies: do not enable Autosens on top of Dynamic ISF and do not change the 70 percent factor with profile ISF.
real_grok46_50,run_019,aaps.core.carb_absorption,aaps,True,min_5m_carbimpact=8 mg/dL/5 min; meal_max_absorption_hours=7 h,keep,min_5m_carbimpact=8 mg/dL/5 min; meal_max_absorption_hours=7 h,"Evidence: both settings were idle with 0 g carbs. Uncertainty: if carbs were later logged, 7 h absorption plus DIA 10 h plus UAM could stack. Dependencies: no meal-linked absorption experiment; e-carb fields are null so they are not treated as a declared plan awaiting Nightscout confirmation."
real_grok46_50,run_020,profile.basal.00_00,profile,True,0.6 U/h,keep,0.6 U/h,"Evidence: local 00:00-03:00 time below range is high while mean glucose is near target. Uncertainty: leftover afternoon IOB and DIA 10 h are not separated from this segment. Dependencies: do not change with target 90 mg/dL, DIA, SMB, or Dynamic ISF."
real_grok46_50,run_020,profile.basal.05_00,profile,True,0.7 U/h,keep,0.7 U/h,Evidence: local 05:00-07:00 time in range is 97-99% with little time above range. Uncertainty: residual overnight IOB may still be present. Dependencies: no isolated fasting test; leave unchanged while overnight lows are unresolved.
real_grok46_50,run_020,profile.basal.06_00,profile,True,0.8 U/h,keep,0.8 U/h,Evidence: 06:00-08:00 control is strong and the later 09:00 rise looks prandial rather than dawn basal failure. Uncertainty: unlogged breakfast can hide a small basal error. Dependencies: CR and UAM are confounders after 08:00.
real_grok46_50,run_020,profile.basal.10_00,profile,True,0.7 U/h,keep,0.7 U/h,"Evidence: late-morning and midday rises occur with COB 0 and frequent corrections, not a fasting window. Uncertainty: meals versus basal cannot be split. Dependencies: UAM/SMB and missing carb logs."
real_grok46_50,run_020,profile.basal.16_00,profile,True,0.5 U/h,keep,0.5 U/h,"Evidence: this is the lowest daytime basal during the 14:00-17:00 rise, but 19:00 time below range is already high after stacked insulin. Uncertainty: raising this segment would collide with UAM and Dynamic ISF. Dependencies: safety time-below-range and SMB delivery."
real_grok46_50,run_020,profile.basal.18_00,profile,True,0.6 U/h,keep,0.6 U/h,"Evidence: local 18:00-19:00 is a crash window after afternoon peaks, not a stable basal test. Uncertainty: IOB from earlier SMBs dominates. Dependencies: DIA, UAM, and 19:00 basal."
real_grok46_50,run_020,profile.basal.19_00,profile,True,0.7 U/h,keep,0.7 U/h,"Evidence: local 19:00 time below range is 15.3% as basal steps up to 0.7 U/h. Uncertainty: this may add to leftover IOB rather than prove the segment is independently too high. Dependencies: do not change with 16:00 basal, DIA, or SMB in the same step."
real_grok46_50,run_020,profile.cr.00_00,profile,True,13 g/U,keep,13 g/U,"Evidence: zero carb entries and COB 0 make this segment unused. Uncertainty: overnight lows are insulin-and-IOB questions, not CR. Dependencies: meal logs are required before any CR review."
real_grok46_50,run_020,profile.cr.04_00,profile,True,11.1 g/U,keep,11.1 g/U,Evidence: no carbs were logged in this window. Uncertainty: a stronger early-morning CR cannot be validated or blamed. Dependencies: unused meal declaration and UAM path.
real_grok46_50,run_020,profile.cr.08_00,profile,True,13.2 g/U,keep,13.2 g/U,"Evidence: late-morning rises follow tiny corrections with no announced carbs, so this CR is not identifiable. Uncertainty: unlogged breakfast is the competing explanation. Dependencies: SMB/UAM and missing meal notes."
real_grok46_50,run_020,profile.cr.16_00,profile,True,10.5 g/U,keep,10.5 g/U,"Evidence: the stronger afternoon CR never engaged because total_carbs_g is 0. Uncertainty: afternoon TAR is UAM and Dynamic ISF, not a CR miss. Dependencies: do not strengthen CR while evening hypoglycemia is active."
real_grok46_50,run_020,profile.cr.20_00,profile,True,12.6 g/U,keep,12.6 g/U,"Evidence: evening behavior is dominated by prior IOB and occasional further corrections, not logged carbs. Uncertainty: CR effect is not observable. Dependencies: DIA and leftover afternoon automation."
real_grok46_50,run_020,profile.isf.00_00,profile,True,56 mg/dL/U,keep,56 mg/dL/U,"Evidence: Dynamic ISF is enabled and loop variable_sens is far from 56 during highs and lows. Uncertainty: delivered sensitivity is not the profile ISF. Dependencies: do not change ISF together with Dynamic ISF percent, SMB, or DIA. Dilute-unit scaling is unknown."
real_grok46_50,run_020,profile.target.00_00,profile,True,90 mg/dL,keep,90 mg/dL,Evidence: overnight means are near 90 mg/dL while 00:00-03:00 time below range is high and CV is 32.6%. Uncertainty: leftover IOB may be sufficient without a target issue. Dependencies: do not change with overnight basal in the same step.
real_grok46_50,run_020,profile.target.08_00,profile,True,100 mg/dL,keep,100 mg/dL,Evidence: daytime target 100 mg/dL is not the meal-time control lever; temporary targets of 135 mg/dL were used instead. Uncertainty: afternoon TAR is UAM-related. Dependencies: high temporary-target SMB is already off.
real_grok46_50,run_020,profile.target.23_00,profile,True,90 mg/dL,keep,90 mg/dL,Evidence: this target returns overnight control to 90 mg/dL into the high-TBR hours. Uncertainty: same leftover-IOB confound as the 00:00 target. Dependencies: keep paired with target 00:00 and overnight basal until IOB-clear nights are reviewed.
real_grok46_50,run_020,profile.dia,profile,True,10 h,keep,10 h,"Evidence: a 10 h DIA can keep afternoon UAM and SMB active at 19:00 and overnight, which fits the crash pattern. Uncertainty: no peak-time value or insulin-concentration conversion is supplied, so a DIA edit is not isolated. Dependencies: changing DIA with SMB or Dynamic ISF would mix two insulin-duration effects."
real_grok46_50,run_020,aaps.core.smb_uam,aaps,True,smb_enabled=true; uam_enabled=true,keep,smb_enabled=true; uam_enabled=true,"Evidence: with zero carbs, SMB and UAM are the observed meal path and are consistent with the empty declared meal strategy. Uncertainty: they also coincide with post-peak stacking. Dependencies: do not disable or retune them in the same step as basal, ISF, or Dynamic ISF. No source component is null, so verify is not used."
real_grok46_50,run_020,aaps.core.smb_activation,aaps,True,smb_always_enabled=true; smb_with_cob_enabled=false; smb_after_carbs_enabled=false; smb_with_temp_target_enabled=true; smb_with_high_temp_target_enabled=false,keep,smb_always_enabled=true; smb_with_cob_enabled=false; smb_after_carbs_enabled=false; smb_with_temp_target_enabled=true; smb_with_high_temp_target_enabled=false,"Evidence: always-on SMB makes COB flags inert, which matches COB 0. High temporary-target SMB off is consistent with 135 mg/dL protection targets. Uncertainty: always-on SMB is part of the stacking hypothesis but is not isolated. Dependencies: meal logs and Dynamic ISF. Keep rather than verify because all components have values."
real_grok46_50,run_020,aaps.core.smb_delivery,aaps,True,smb_interval_minutes=3 min; max_smb_basal_minutes=15 min; max_uam_smb_basal_minutes=20 min,keep,smb_interval_minutes=3 min; max_smb_basal_minutes=15 min; max_uam_smb_basal_minutes=20 min,"Evidence: a 3-minute interval can re-dose during a rise before prior SMB has acted, and sampled insulinReq values exceed a simple basal-minute cap when boosts are active. Uncertainty: interval versus Dynamic ISF versus unlogged meals is not separated. Dependencies: do not change with Dynamic ISF percent or profile ISF."
real_grok46_50,run_020,aaps.core.safety_limits,aaps,True,max_basal_u_per_hour=12 U/h; max_iob_units=25 U,keep,max_basal_u_per_hour=12 U/h; max_iob_units=25 U,"Evidence: observed temps near 4 U/h and IOB near 5.9 U never approached 12 U/h or 25 U, so these caps are not the current brake. Uncertainty: lowering them would be a new safety experiment, not a fix supported by a binding-limit pattern. Dependencies: changing limits must not be confused with a basal change."
real_grok46_50,run_020,aaps.core.sensitivity,aaps,True,autosens_enabled=false; dynamic_sensitivity_enabled=true; autosens_raises_target=false; autosens_lowers_target=false; dynamic_isf_adjustment_factor_percent=70 %,keep,autosens_enabled=false; dynamic_sensitivity_enabled=true; autosens_raises_target=false; autosens_lowers_target=false; dynamic_isf_adjustment_factor_percent=70 %,"Evidence: Autosens is off, so sensitivity_ratio near 1 is a neutral current adjustment. Dynamic ISF at 70% already varies effective ISF widely. Uncertainty: afternoon highs look like weak ISF while crashes look like strong effective ISF. Dependencies: profile ISF 56 and SMB delivery; do not change this group with either."
real_grok46_50,run_020,aaps.core.carb_absorption,aaps,True,min_5m_carbimpact=8 mg/dL/5 min; meal_max_absorption_hours=7 h,keep,min_5m_carbimpact=8 mg/dL/5 min; meal_max_absorption_hours=7 h,"Evidence: no carbs or e-carbs were logged, so these settings did not act and UAM is not duplicate COB counting. Uncertainty: absorption shape cannot be inferred from aggregate glucose. Dependencies: unused until meal-linked carb entries exist."
real_grok46_50,run_021,profile.basal.00_00,profile,True,0.6 U/h,keep,0.6 U/h,"Evidence: local hours 23-03 show TBR 10-18.5% with hour-1 mean 90.6 mg/dL. Uncertainty: leftover evening IOB and target 90 mg/dL are competing causes. Dependencies: do not change this with target, DIA, SMB, or DynISF. Change unsupported until low-IOB nights are observed."
real_grok46_50,run_021,profile.basal.05_00,profile,True,0.7 U/h,keep,0.7 U/h,"Evidence: hour 5 mean 104.2 mg/dL, TIR 95.2%, TBR 4.8%. Uncertainty: one 42 mg/dL extreme is later at hour 7 after a sensor change. Dependencies: morning stability also depends on overnight leftover IOB. No isolated 05:00 defect."
real_grok46_50,run_021,profile.basal.06_00,profile,True,0.8 U/h,keep,0.8 U/h,Evidence: hours 6-8 means about 99-110 mg/dL and TIR 98% class. Uncertainty: 21 Aug 06:19 low of 42 mg/dL follows a sensor change. Dependencies: safety_overview forbids using one extreme to raise or cut this segment.
real_grok46_50,run_021,profile.basal.10_00,profile,True,0.7 U/h,keep,0.7 U/h,"Evidence: hours 9-12 rise with TAR up to 20% is compatible with unannounced intake and UAM, not a unique 10:00 basal hole. Uncertainty: no carb timestamps. Dependencies: CR unused; SMB/UAM is the meal engine. Do not raise daytime basal."
real_grok46_50,run_021,profile.basal.16_00,profile,True,0.5 U/h,keep,0.5 U/h,Evidence: hour 16 mean 162.8 mg/dL and TAR 32.1% occur on the already-lowest basal. Uncertainty: UAM delay versus food versus GLP-1. Dependencies: raising 16:00 basal would stack on DynISF/SMB into the 18:00-19:00 TBR cluster.
real_grok46_50,run_021,profile.basal.18_00,profile,True,0.6 U/h,keep,0.6 U/h,Evidence: hour 18 TBR 7.7% after the afternoon peak. Uncertainty: residual SMB/UAM versus this basal. Dependencies: safety_overview and meal stacking. An increase is unsafe; a cut is not separated from automation.
real_grok46_50,run_021,profile.basal.19_00,profile,True,0.7 U/h,keep,0.7 U/h,Evidence: hour 19 TBR 15.3% is the evening crash window. Uncertainty: 0.7 U/h may add to leftover IOB but is not shown as the primary cause. Dependencies: do not change with SMB delivery or DynISF in the same step.
real_grok46_50,run_021,profile.cr.00_00,profile,True,13 g/U,keep,13 g/U,"Evidence: 0 g carbs logged and cob 0 in sampled loop rows, so this CR was unused. Uncertainty: unknown whether overnight snacks occur. Dependencies: meal logging must exist before any CR review."
real_grok46_50,run_021,profile.cr.04_00,profile,True,11.1 g/U,keep,11.1 g/U,Evidence: no carb treatments in this or any segment. Uncertainty: unused setting cannot be validated. Dependencies: UAM-only execution; changing CR would not alter current delivery.
real_grok46_50,run_021,profile.cr.08_00,profile,True,13.2 g/U,keep,13.2 g/U,Evidence: morning rise is UAM/corrections without announced carbs. Uncertainty: breakfast composition unknown. Dependencies: do not pair a CR change with SMB or ISF.
real_grok46_50,run_021,profile.cr.16_00,profile,True,10.5 g/U,keep,10.5 g/U,"Evidence: this is the most aggressive CR but it was unused while hour-16 TAR was highest. Uncertainty: if logging starts, this window would need fresh data. Dependencies: afternoon TBR risk; unused CR is not the current lever."
real_grok46_50,run_021,profile.cr.20_00,profile,True,12.6 g/U,keep,12.6 g/U,Evidence: no evening carb entries; evening issue is TBR after earlier insulin. Uncertainty: dinner logging absent. Dependencies: leftover IOB and DIA 10 h dominate this window.
real_grok46_50,run_021,profile.isf.00_00,profile,True,56 mg/dL/U,keep,56 mg/dL/U,Evidence: flat 56 mg/dL/U with DynISF on and variable_sens about 28-124; correction windows both overshoot and fail. Uncertainty: profile ISF cannot be isolated from DynISF 70%. Dependencies: do not change ISF and DynISF together; overnight TBR also depends on target and IOB.
real_grok46_50,run_021,profile.target.00_00,profile,True,90 mg/dL,keep,90 mg/dL,"Evidence: overnight target 90 sits inside the 23:00-03:00 TBR cluster. Uncertainty: residual IOB may be the true driver. Dependencies: tightening this target is unsafe; raising it is a later single-lever option only after low-IOB nights are reviewed, not a supported change now."
real_grok46_50,run_021,profile.target.08_00,profile,True,100 mg/dL,keep,100 mg/dL,"Evidence: daytime target 100 mg/dL is not aligned with hour-16 TAR 32%. Uncertainty: temporary targets of 135 mg/dL also appear. Dependencies: afternoon highs are UAM/meal-timing issues, not this target."
real_grok46_50,run_021,profile.target.23_00,profile,True,90 mg/dL,keep,90 mg/dL,Evidence: 23:00 returns to 90 mg/dL as TBR rises. Uncertainty: same leftover-IOB confound as 00:00 target. Dependencies: keep with 00:00 target; do not move overnight targets and basal together.
real_grok46_50,run_021,profile.dia,profile,True,10 h,keep,10 h,"Evidence: late crashes after afternoon insulin are compatible with long action or same-day stacking. Uncertainty: no rows show IOB already near zero with unexplained late lows, or the reverse. Dependencies: DIA, ISF, and SMB must not change together."
real_grok46_50,run_021,aaps.core.smb_uam,aaps,True,smb_enabled=true; uam_enabled=true,keep,smb_enabled=true; uam_enabled=true,Evidence: switches match zero-carb telemetry and cob 0. Uncertainty: cannot tell UAM-only-by-design from unlogged meals. Dependencies: meal log first; disabling UAM now would remove the only observed meal delivery without a declared bolus plan. No source component is null so verify is not used.
real_grok46_50,run_021,aaps.core.smb_activation,aaps,True,smb_always_enabled=true; smb_with_cob_enabled=false; smb_after_carbs_enabled=false; smb_with_temp_target_enabled=true; smb_with_high_temp_target_enabled=false,keep,smb_always_enabled=true; smb_with_cob_enabled=false; smb_after_carbs_enabled=false; smb_with_temp_target_enabled=true; smb_with_high_temp_target_enabled=false,Evidence: always-on SMB is what arms delivery; COB flags are idle; high TT SMB-off matches TT 135 events. Uncertainty: always-on plus UAM may over-deliver after unannounced rises. Dependencies: do not change activation with interval or DynISF in one step.
real_grok46_50,run_021,aaps.core.smb_delivery,aaps,True,smb_interval_minutes=3 min; max_smb_basal_minutes=15 min; max_uam_smb_basal_minutes=20 min,keep,smb_interval_minutes=3 min; max_smb_basal_minutes=15 min; max_uam_smb_basal_minutes=20 min,Evidence: 3-minute UAM stacking and sampled SMB 0.3-1.6 U can explain 18:00-19:00 TBR. Uncertainty: DynISF may be the larger amplifier. Dependencies: withhold a frequency change until overnight IOB and meal logs separate causes. Remaining wait text is not this interval.
real_grok46_50,run_021,aaps.core.safety_limits,aaps,True,max_basal_u_per_hour=12 U/h; max_iob_units=25 U,keep,max_basal_u_per_hour=12 U/h; max_iob_units=25 U,"Evidence: observed IOB about 4.7-5.9 U and temps near 4 U/h never approach 25 U or 12 U/h, so caps are non-binding rather than the hypo cause. Uncertainty: lowering caps would be a safety-backstop idea, not a proven fix, and would mix with SMB strength. Dependencies: do not change limits with SMB or DynISF together."
real_grok46_50,run_021,aaps.core.sensitivity,aaps,True,autosens_enabled=false; dynamic_sensitivity_enabled=true; autosens_raises_target=false; autosens_lowers_target=false; dynamic_isf_adjustment_factor_percent=70 %,keep,autosens_enabled=false; dynamic_sensitivity_enabled=true; autosens_raises_target=false; autosens_lowers_target=false; dynamic_isf_adjustment_factor_percent=70 %,Evidence: Autosens is independently false; sensitivity_ratio near 1 is neutral. DynISF 70% with ISF 56 mg/dL/U compresses peak ISF. Uncertainty: cannot quantify how much of the crash is DynISF versus UAM frequency. Dependencies: do not change DynISF and profile ISF together. Keep Autosens off until a profile lever is chosen.
real_grok46_50,run_021,aaps.core.carb_absorption,aaps,True,min_5m_carbimpact=8 mg/dL/5 min; meal_max_absorption_hours=7 h,keep,min_5m_carbimpact=8 mg/dL/5 min; meal_max_absorption_hours=7 h,Evidence: settings are idle with cob 0 and are not UAM double-counting. Uncertainty: they would matter only after carb logging starts. Dependencies: meal_ecarbs_absorption; do not invent e-carb durations from these defaults.
real_grok46_50,run_022,profile.basal.00_00,profile,True,0.6 U/h,keep,0.6 U/h,"Evidence: early-night TBR exists, but 04:00-08:00 is stable and residual IOB is a competing cause. Uncertainty: delivered basal is modified by loop temps. Dependencies: must not change with overnight target 90 mg/dL or DIA."
real_grok46_50,run_022,profile.basal.05_00,profile,True,0.7 U/h,keep,0.7 U/h,Evidence: local 05:00-06:00 TIR is high and average glucose is near 100 mg/dL. Uncertainty: partial last-day 42 mg/dL at 06:19Z is an outlier. Dependencies: no isolated fasting defect in this hour.
real_grok46_50,run_022,profile.basal.06_00,profile,True,0.8 U/h,keep,0.8 U/h,Evidence: 06:00-08:00 local TIR 97-99% with almost no TAR. Uncertainty: the later 09:00 rise is meal-timed. Dependencies: do not raise this segment to chase mid-morning TAR.
real_grok46_50,run_022,profile.basal.10_00,profile,True,0.7 U/h,keep,0.7 U/h,Evidence: late-morning TAR occurs with COB 0 and UAM or SMB active. Uncertainty: meals versus basal are not separated. Dependencies: CR unused; SMB and DynISF already add insulin in this window.
real_grok46_50,run_022,profile.basal.16_00,profile,True,0.5 U/h,keep,0.5 U/h,"Evidence: 16:00 is the highest TAR hour and the lowest basal, but 19:00 TBR follows this window. Uncertainty: unannounced meals and UAM are equally or more plausible. Dependencies: changing this with SMB or UAM would be a double change."
real_grok46_50,run_022,profile.basal.18_00,profile,True,0.6 U/h,keep,0.6 U/h,"Evidence: 18:00-19:00 is a fall from the afternoon peak with rising TBR. Uncertainty: stacked afternoon insulin versus this basal. Dependencies: linked to 16:00 basal, 19:00 basal, and DIA."
real_grok46_50,run_022,profile.basal.19_00,profile,True,0.7 U/h,keep,0.7 U/h,"Evidence: local 19:00 TBR 15.3% with minima of 41 mg/dL after afternoon corrections. Uncertainty: automation stacking is the stronger competing explanation. Dependencies: do not lower this in the same step as SMB, DynISF, or 16:00 basal."
real_grok46_50,run_022,profile.cr.00_00,profile,True,13 g/U,keep,13 g/U,"Evidence: zero carb entries overnight and cob 0. Uncertainty: CR never acted. Dependencies: meal strategy is UAM and SMB, not CR."
real_grok46_50,run_022,profile.cr.04_00,profile,True,11.1 g/U,keep,11.1 g/U,Evidence: no carb treatments in this segment. Uncertainty: unused setting cannot be validated. Dependencies: withhold until carbs are logged.
real_grok46_50,run_022,profile.cr.08_00,profile,True,13.2 g/U,keep,13.2 g/U,Evidence: morning-to-afternoon rise had no announced carbs. Uncertainty: cannot attribute TAR to this CR. Dependencies: UAM is the observed meal controller.
real_grok46_50,run_022,profile.cr.16_00,profile,True,10.5 g/U,keep,10.5 g/U,"Evidence: tightest CR sits under the worst TAR hour, but no carbs were entered so it did not dose meals. Uncertainty: if carbs were entered later this CR would be highly leveraged near evening TBR. Dependencies: do not tighten CR while TBR is binding."
real_grok46_50,run_022,profile.cr.20_00,profile,True,12.6 g/U,keep,12.6 g/U,Evidence: no evening carb entries. Uncertainty: unused. Dependencies: evening TBR is better tied to prior IOB than to this CR.
real_grok46_50,run_022,profile.isf.00_00,profile,True,56 mg/dL/U,keep,56 mg/dL/U,Evidence: enacted variable_sens ranged far from 56 with DynISF AF 70%. Uncertainty: TDD composition could make 56 either plausible or aggressive. Dependencies: must not change with DynISF AF or SMB strength.
real_grok46_50,run_022,profile.target.00_00,profile,True,90 mg/dL,keep,90 mg/dL,Evidence: 00:00-03:00 TBR is high under this target. Uncertainty: residual IOB and 00:00 basal 0.6 U/h are not separated. Dependencies: a later review toward 100 mg/dL should not be paired with a 00:00 basal change.
real_grok46_50,run_022,profile.target.08_00,profile,True,100 mg/dL,keep,100 mg/dL,Evidence: daytime target 100 mg/dL already sits under afternoon TAR that is better explained by unannounced intake. Uncertainty: raising it would hide UAM delay rather than test basal or CR. Dependencies: several TT 135 periods must not be read as this target failing.
real_grok46_50,run_022,profile.target.23_00,profile,True,90 mg/dL,keep,90 mg/dL,Evidence: local 23:00 TBR 10.1% starts the early-night cluster. Uncertainty: same IOB versus target versus basal split as 00:00. Dependencies: keep together with target 00:00; do not change with basal 00:00.
real_grok46_50,run_022,profile.dia,profile,True,10 h,keep,10 h,Evidence: 4-6 hour later lows after afternoon insulin fit a long DIA. Uncertainty: dilute or U200 peak versus free_peak_oref is unknown. Dependencies: shortening DIA could hide active IOB while TBR is already 5.1%.
real_grok46_50,run_022,aaps.core.smb_uam,aaps,True,smb_enabled=true; uam_enabled=true,keep,smb_enabled=true; uam_enabled=true,"Evidence: this pair is the actual meal system while carbs are unlogged. Uncertainty: it also contributes to later TBR. Dependencies: do not disable or strengthen this in the same step as basal 16:00, CR, or DynISF. No component is null so verify is not used."
real_grok46_50,run_022,aaps.core.smb_activation,aaps,True,smb_always_enabled=true; smb_with_cob_enabled=false; smb_after_carbs_enabled=false; smb_with_temp_target_enabled=true; smb_with_high_temp_target_enabled=false,keep,smb_always_enabled=true; smb_with_cob_enabled=false; smb_after_carbs_enabled=false; smb_with_temp_target_enabled=true; smb_with_high_temp_target_enabled=false,Evidence: flags match zero-carb execution and TT 135 use; high-TT SMB off is consistent with those TTs. Uncertainty: always-on SMB plus UAM starts after glucose already rose. Dependencies: COB flags are inert while always-on is true and carbs stay at zero.
real_grok46_50,run_022,aaps.core.smb_delivery,aaps,True,smb_interval_minutes=3 min; max_smb_basal_minutes=15 min; max_uam_smb_basal_minutes=20 min,keep,smb_interval_minutes=3 min; max_smb_basal_minutes=15 min; max_uam_smb_basal_minutes=20 min,"Evidence: 3 minute cadence can stack; observed SMBs sometimes exceeded naive 15-20 minute basal math, including 1.6 U. Uncertainty: custom boost or hold logic makes a minutes change unpredictable. Dependencies: do not change with DynISF AF or afternoon basal."
real_grok46_50,run_022,aaps.core.safety_limits,aaps,True,max_basal_u_per_hour=12 U/h; max_iob_units=25 U,keep,max_basal_u_per_hour=12 U/h; max_iob_units=25 U,"Evidence: observed IOB peaks stayed near 5-6 U so 25 U did not cause or stop the hypos; 12 U/h was not the binding basal clip. Uncertainty: unused headroom on a 16.2 U TDB profile is a safety awareness item. Dependencies: do not pair a limit change with ISF, SMB, or DynISF. No null component."
real_grok46_50,run_022,aaps.core.sensitivity,aaps,True,autosens_enabled=false; dynamic_sensitivity_enabled=true; autosens_raises_target=false; autosens_lowers_target=false; dynamic_isf_adjustment_factor_percent=70 %,keep,autosens_enabled=false; dynamic_sensitivity_enabled=true; autosens_raises_target=false; autosens_lowers_target=false; dynamic_isf_adjustment_factor_percent=70 %,"Evidence: DynISF, not profile ISF 56, produced very low enacted sensitivity at high BG. Uncertainty: AF 70% plus always-SMB can over-correct then crash. Dependencies: do not change AF with profile ISF, target, or SMB minutes. Autosens-off target flags are idle."
real_grok46_50,run_022,aaps.core.carb_absorption,aaps,True,min_5m_carbimpact=8 mg/dL/5 min; meal_max_absorption_hours=7 h,keep,min_5m_carbimpact=8 mg/dL/5 min; meal_max_absorption_hours=7 h,Evidence: settings never acted because total_carbs_g is 0. Uncertainty: they are neither validated nor implicated. Dependencies: UAM is not duplicate COB counting here.
real_grok46_50,run_023,profile.basal.00_00,profile,True,0.6 U/h,keep,0.6 U/h,"Evidence: local hours 0 to 3 have TBR 10 to 18.5% but means near the 90 mg/dL target, while hours 4 to 7 are stable. Uncertainty: residual evening IOB and DIA 10 h are not separated from this rate. Dependencies: overnight target, SMB UAM, and DynISF. Change unsupported."
real_grok46_50,run_023,profile.basal.05_00,profile,True,0.7 U/h,keep,0.7 U/h,Evidence: local hour 5 TIR 95.2% with mean 104.2 mg/dL. Uncertainty: closed-loop temps hide the scheduled rate. Dependencies: 06:00 step and overnight IOB. No isolated dawn under-basal signal.
real_grok46_50,run_023,profile.basal.06_00,profile,True,0.8 U/h,keep,0.8 U/h,Evidence: local hours 6 to 7 TIR 98.7% and 98.2%. The 21 Aug 42 mg/dL near 07:19 is isolated. Uncertainty: not a fasting test. Dependencies: 05:00 step and morning meals. Raising this rate is unsafe; lowering is unsupported.
real_grok46_50,run_023,profile.basal.10_00,profile,True,0.7 U/h,keep,0.7 U/h,Evidence: late-morning rise coincides with breakfast-like hours and target 100. Uncertainty: meals and UAM dominate. Dependencies: unused CR 13.2 g/U and SMB always on. Not a clean basal defect.
real_grok46_50,run_023,profile.basal.16_00,profile,True,0.5 U/h,keep,0.5 U/h,"Evidence: this is the lowest basal during the highest TAR hours, but COB is 0 and UAM is active. Uncertainty: unannounced absorption is the leading alternative. Dependencies: CR 10.5 unused, DynISF, SMB. Do not raise this segment to treat afternoon highs."
real_grok46_50,run_023,profile.basal.18_00,profile,True,0.6 U/h,keep,0.6 U/h,Evidence: local hour 18 already shows TBR 7.7% after the afternoon peak. Uncertainty: stacked IOB versus basal. Dependencies: 16:00 and 19:00 segments plus DIA tail. No supported change.
real_grok46_50,run_023,profile.basal.19_00,profile,True,0.7 U/h,keep,0.7 U/h,"Evidence: local hour 19 TBR 15.3% and lows to 41 mg/dL after daytime highs. This rate is a possible co-factor, not a proven sole cause. Uncertainty: SMB UAM and DynISF stacking. Dependencies: DIA 10 h and overnight target 90. Withhold change until meal and IOB context is recorded."
real_grok46_50,run_023,profile.cr.00_00,profile,True,13 g/U,keep,13 g/U,"Evidence: zero carb entries and cob 0, so this CR was unused. Uncertainty: no meal tests. Dependencies: SMB UAM substituting for announced carbs. Change unsupported."
real_grok46_50,run_023,profile.cr.04_00,profile,True,11.1 g/U,keep,11.1 g/U,Evidence: no carb treatments in this segment. Uncertainty: unused setting. Dependencies: overnight hypo risk if a later meal bolus were added here. Keep.
real_grok46_50,run_023,profile.cr.08_00,profile,True,13.2 g/U,keep,13.2 g/U,Evidence: morning rise is meal-like but no breakfast carbs or meal boluses were logged. Uncertainty: UAM versus CR. Dependencies: SMB always on and target 100. Cannot grade this CR.
real_grok46_50,run_023,profile.cr.16_00,profile,True,10.5 g/U,keep,10.5 g/U,"Evidence: strongest CR sits on the worst TAR clock hour, but carbs were not entered so it did not drive the highs. Uncertainty: if meals are later bolused here, this CR is insulin-heavy beside evening TBR. Dependencies: afternoon UAM and 16:00 basal. Keep until meals are stamped."
real_grok46_50,run_023,profile.cr.20_00,profile,True,12.6 g/U,keep,12.6 g/U,Evidence: unused because total carbs are 0. Uncertainty: evening hypo already present from other insulin. Dependencies: 19:00 basal and overnight target. No CR change.
real_grok46_50,run_023,profile.isf.00_00,profile,True,56 mg/dL/U,keep,56 mg/dL/U,"Evidence: correction windows are not clean ISF tests, and DynISF rewrote sensitivity to about 28 to 124. Uncertainty: u200 labeling may distort unit effect. Dependencies: DynISF 70%, SMB, DIA. Do not strengthen ISF while TBR is 5.1%."
real_grok46_50,run_023,profile.target.00_00,profile,True,90 mg/dL,keep,90 mg/dL,"Evidence: overnight target 90 sits on hours with double-digit TBR. Raising it could be reviewed later but is not separated from IOB tail and SMB. Uncertainty: user intent for a tight overnight target is unknown. Dependencies: 23:00 target, DIA, basal 00:00. Keep for now rather than change a dependent safety setting."
real_grok46_50,run_023,profile.target.08_00,profile,True,100 mg/dL,keep,100 mg/dL,Evidence: daytime target 100 is already higher than overnight 90 and overlaps meal hours. Uncertainty: morning TAR is not proven target error. Dependencies: SMB with temporary targets and unused breakfast CR. Keep.
real_grok46_50,run_023,profile.target.23_00,profile,True,90 mg/dL,keep,90 mg/dL,"Evidence: this target returns to 90 before the high-TBR overnight window. Uncertainty: same confounders as the 00:00 target. Dependencies: evening basal, IOB, and SMB. Keep until overnight lows are linked to meals or IOB."
real_grok46_50,run_023,profile.dia,profile,True,10 h,keep,10 h,"Evidence: a 10 h DIA can leave afternoon and evening insulin active at hours 0 to 3, which fits overnight TBR after daytime highs. Uncertainty: DIA is not testable here and insulin type is free_peak_oref. Dependencies: IOB display, SMB suppression, and overnight basal or target. No supported new value."
real_grok46_50,run_023,aaps.core.smb_uam,aaps,True,smb_enabled=true; uam_enabled=true,keep,smb_enabled=true; uam_enabled=true,"Evidence: with cob 0 this pair is the meal system and also a likely contributor to later lows. Uncertainty: turning either off is a large behavior change without meal stamps. Dependencies: activation flags, 3-minute interval, DynISF, and hypo risk. Change unsupported."
real_grok46_50,run_023,aaps.core.smb_activation,aaps,True,smb_always_enabled=true; smb_with_cob_enabled=false; smb_after_carbs_enabled=false; smb_with_temp_target_enabled=true; smb_with_high_temp_target_enabled=false,keep,smb_always_enabled=true; smb_with_cob_enabled=false; smb_after_carbs_enabled=false; smb_with_temp_target_enabled=true; smb_with_high_temp_target_enabled=false,Evidence: COB gates are idle; smb_always_enabled is the active switch. High temporary targets of 135 already match high-temp SMB off. Uncertainty: no meal announcement trial. Dependencies: UAM and delivery caps. Keep the consistent activation set.
real_grok46_50,run_023,aaps.core.smb_delivery,aaps,True,smb_interval_minutes=3 min; max_smb_basal_minutes=15 min; max_uam_smb_basal_minutes=20 min,keep,smb_interval_minutes=3 min; max_smb_basal_minutes=15 min; max_uam_smb_basal_minutes=20 min,"Evidence: 3-minute SMB is frequent beside TBR 5.1%, and sampled SMB sometimes exceeded a simple 15-minute times basal product. Uncertainty: extra boost logic and incomplete SMB logs. Dependencies: DynISF, max IOB, and profile ISF. Do not change delivery together with sensitivity or basal."
real_grok46_50,run_023,aaps.core.safety_limits,aaps,True,max_basal_u_per_hour=12 U/h; max_iob_units=25 U,keep,max_basal_u_per_hour=12 U/h; max_iob_units=25 U,"Evidence: limits are far above about 19.7 U/day insulin and about 16.2 U/day scheduled basal. Effective temps were nearer 4 U/h, and IOB still reached about 6 U. Uncertainty: slack limits are permissive, not the overnight pattern itself. Dependencies: safety multipliers and SMB. No supported tighter numbers from this pack."
real_grok46_50,run_023,aaps.core.sensitivity,aaps,True,autosens_enabled=false; dynamic_sensitivity_enabled=true; autosens_raises_target=false; autosens_lowers_target=false; dynamic_isf_adjustment_factor_percent=70 %,keep,autosens_enabled=false; dynamic_sensitivity_enabled=true; autosens_raises_target=false; autosens_lowers_target=false; dynamic_isf_adjustment_factor_percent=70 %,"Evidence: Autosens is disabled, so target raise and lower flags are idle. DynISF 70% produced much stronger peak-time sensitivity than ISF 56. A sensitivity_ratio of 1 is a neutral current adjustment, not disabled Autosens. Uncertainty: cannot A/B DynISF versus profile ISF. Dependencies: SMB UAM and hypo cap. Keep rather than make sensitivity more or less aggressive now."
real_grok46_50,run_023,aaps.core.carb_absorption,aaps,True,min_5m_carbimpact=8 mg/dL/5 min; meal_max_absorption_hours=7 h,keep,min_5m_carbimpact=8 mg/dL/5 min; meal_max_absorption_hours=7 h,"Evidence: no COB and no carb entries, so these settings were unused. Uncertainty: UAM must not be treated as COB or e-carbs. Dependencies: empty meal strategy. No absorption change."
real_grok46_50,run_024,profile.basal.00_00,profile,True,0.6 U/h,keep,0.6 U/h,"Early-night TBR exists, but target 90 mg/dL, evening UAM IOB, and DIA 10 h are not separated. Evidence does not show overnight basal is too low. Uncertainty is medium. Depends on safety_overview and automation IOB."
real_grok46_50,run_024,profile.basal.05_00,profile,True,0.7 U/h,keep,0.7 U/h,Local 05:00-06:00 TIR is high and means are near 100 mg/dL. No isolated fasting defect. Uncertainty is low. Depends on basal_targets dawn window.
real_grok46_50,run_024,profile.basal.06_00,profile,True,0.8 U/h,keep,0.8 U/h,Local 06:00-08:00 remains mostly in range. One 42 mg/dL extreme is not a repeating dawn-low pattern. Uncertainty is medium. Depends on safety_overview not generalizing a single low.
real_grok46_50,run_024,profile.basal.10_00,profile,True,0.7 U/h,keep,0.7 U/h,Late-morning rise can be unlogged intake or late UAM. Zero carbs block a basal increase. Uncertainty is high. Depends on meal_bolus_strategy.
real_grok46_50,run_024,profile.basal.16_00,profile,True,0.5 U/h,keep,0.5 U/h,"This cut sits on peak TAR, but raising it would add insulin into the 18:00-19:00 TBR cluster. Meals, UAM, and Dynamic ISF are not excluded. Uncertainty is high. Depends on safety_overview and automation_smb_uam."
real_grok46_50,run_024,profile.basal.18_00,profile,True,0.6 U/h,keep,0.6 U/h,Local 18:00 already has 7.7% TBR and severe lows nearby. Adding basal is blocked. Uncertainty is medium. Depends on the hypo veto.
real_grok46_50,run_024,profile.basal.19_00,profile,True,0.7 U/h,keep,0.7 U/h,Local 19:00 TBR is 15.3% with minima of 41 mg/dL. The pattern fits stacked afternoon insulin more than a need for more 19:00 basal. Uncertainty is medium. Depends on safety_overview and therapy_response_windows.
real_grok46_50,run_024,profile.cr.00_00,profile,True,13 g/U,keep,13 g/U,"No carb entries exist to test this segment. Uncertainty is high. Depends on empty meal telemetry, not on a failed CR."
real_grok46_50,run_024,profile.cr.04_00,profile,True,11.1 g/U,keep,11.1 g/U,Unused while COB stays 0. Uncertainty is high. Depends on meal_bolus_strategy.
real_grok46_50,run_024,profile.cr.08_00,profile,True,13.2 g/U,keep,13.2 g/U,"Morning rises occurred without announced carbs, so this CR was not the dosing path. Uncertainty is high. Depends on UAM replacing announced meals."
real_grok46_50,run_024,profile.cr.16_00,profile,True,10.5 g/U,keep,10.5 g/U,Afternoon TAR cannot be assigned to CR tightness or looseness without carb amounts. Uncertainty is high. Depends on meal_ecarbs_absorption showing no carb rows.
real_grok46_50,run_024,profile.cr.20_00,profile,True,12.6 g/U,keep,12.6 g/U,"Evening risk is hypoglycemia, not an untested CR. Uncertainty is high. Depends on safety_overview."
real_grok46_50,run_024,profile.isf.00_00,profile,True,56 mg/dL/U,keep,56 mg/dL/U,"Sampled variable_sens often differed from 56 while Dynamic ISF was on, and correction windows were mixed with unlogged intake and crashes. Changing profile ISF together with Dynamic ISF is not supported. Uncertainty is high. Depends on automation_sensitivity_limits."
real_grok46_50,run_024,profile.target.00_00,profile,True,90 mg/dL,keep,90 mg/dL,"This target aligns with 00:00-03:00 TBR, but IOB, DIA, and UAM are unresolved. A change would be the first later profile lever only after low-IOB nights still go low. Uncertainty is medium. Depends on safety_overview and DIA."
real_grok46_50,run_024,profile.target.08_00,profile,True,100 mg/dL,keep,100 mg/dL,"Daytime target 100 mg/dL is already less tight than overnight 90, and afternoon TAR persisted anyway. User 135 mg/dL temporary targets also affect this window. Uncertainty is medium. Depends on representative_events temporary targets."
real_grok46_50,run_024,profile.target.23_00,profile,True,90 mg/dL,keep,90 mg/dL,"This returns the target to 90 mg/dL heading into the early-night TBR band. Same IOB/DIA confound as the 00:00 target, so both stay keep together. Uncertainty is medium. Depends on profile.target.00_00."
real_grok46_50,run_024,profile.dia,profile,True,10 h,keep,10 h,"A long DIA can explain leftover evening IOB, but shortening DIA would make the loop more willing to add insulin and conflicts with the hypo veto. Insulin type is not being optimized. Uncertainty is high. Depends on safety_overview and automation IOB."
real_grok46_50,run_024,aaps.core.smb_uam,aaps,True,smb_enabled=true; uam_enabled=true,keep,smb_enabled=true; uam_enabled=true,This pair is the observed meal engine while carbs are unlogged. Turning UAM off is unsupported without a meal-entry plan; leaving it on does not clear the chase-and-crash. No component is null. Uncertainty is medium. Depends on meal_bolus_strategy.
real_grok46_50,run_024,aaps.core.smb_activation,aaps,True,smb_always_enabled=true; smb_with_cob_enabled=false; smb_after_carbs_enabled=false; smb_with_temp_target_enabled=true; smb_with_high_temp_target_enabled=false,keep,smb_always_enabled=true; smb_with_cob_enabled=false; smb_after_carbs_enabled=false; smb_with_temp_target_enabled=true; smb_with_high_temp_target_enabled=false,"Always-on SMB matches COB 0 dosing. High-temp-target SMB is already false, which fits 135 mg/dL temporary targets. Settings are consistent, not isolated as the defect. Uncertainty is medium. Depends on automation_smb_uam."
real_grok46_50,run_024,aaps.core.smb_delivery,aaps,True,smb_interval_minutes=3 min; max_smb_basal_minutes=15 min; max_uam_smb_basal_minutes=20 min,keep,smb_interval_minutes=3 min; max_smb_basal_minutes=15 min; max_uam_smb_basal_minutes=20 min,"Configured minutes exist, but sampled SMB sizes and custom reason text mean stock cap math is uncertain. Remaining temp time is not the 3-minute interval. No new values are supported. Uncertainty is high. Depends on non-stock loop reasons."
real_grok46_50,run_024,aaps.core.safety_limits,aaps,True,max_basal_u_per_hour=12 U/h; max_iob_units=25 U,keep,max_basal_u_per_hour=12 U/h; max_iob_units=25 U,"Limits are far above scheduled basal and observed IOB of about 6 U, so they did not bind and are not too low. No supported tighter number is isolated, and changing limits together with SMB or Dynamic ISF is withheld. Uncertainty is medium. Depends on excessive-IOB review."
real_grok46_50,run_024,aaps.core.sensitivity,aaps,True,autosens_enabled=false; dynamic_sensitivity_enabled=true; autosens_raises_target=false; autosens_lowers_target=false; dynamic_isf_adjustment_factor_percent=70 %,keep,autosens_enabled=false; dynamic_sensitivity_enabled=true; autosens_raises_target=false; autosens_lowers_target=false; dynamic_isf_adjustment_factor_percent=70 %,"Dynamic ISF is the strongest automation suspect for strong ISF at highs then evening lows, but it may also be covering unlogged meals. Autosens is off by setting; a sensitivity_ratio of 1 is not evidence Autosens ran. Do not change this with profile ISF. Uncertainty is high. Depends on profile.isf.00_00 and zero carbs."
real_grok46_50,run_024,aaps.core.carb_absorption,aaps,True,min_5m_carbimpact=8 mg/dL/5 min; meal_max_absorption_hours=7 h,keep,min_5m_carbimpact=8 mg/dL/5 min; meal_max_absorption_hours=7 h,These settings had no announced carbs or e-carbs to absorb. UAM is not extra COB. Uncertainty is low that they caused the observed swing. Depends on carb_treatment_entries being empty.
real_grok46_50,run_025,profile.basal.00_00,profile,True,0.6 U/h,keep,0.6 U/h,"Evidence: 00:00-03:00 local TBR is high while mean glucose is near 90 mg/dL. Uncertainty: residual evening IOB, DIA 10 h, and target 90 are not separated. Dependencies: do not change this with SMB, Dynamic ISF, or overnight target."
real_grok46_50,run_025,profile.basal.05_00,profile,True,0.7 U/h,keep,0.7 U/h,Evidence: 05:00 local TIR is high and average glucose is near 104 mg/dL. Uncertainty: one 42 mg/dL reading on 21 Aug after a sensor change. Dependencies: overnight TBR attribution is still unresolved.
real_grok46_50,run_025,profile.basal.06_00,profile,True,0.8 U/h,keep,0.8 U/h,Evidence: 06:00-08:00 local TIR 98-99 percent with averages about 100-110 mg/dL. Uncertainty: not a formally flagged fasting test. Dependencies: later morning rise is meal-confounded.
real_grok46_50,run_025,profile.basal.10_00,profile,True,0.7 U/h,keep,0.7 U/h,Evidence: late-morning and midday TAR coincide with unannounced-meal-shaped rises and UAM/SMB. Uncertainty: no carb timestamps. Dependencies: CR unused; automation already adding insulin.
real_grok46_50,run_025,profile.basal.16_00,profile,True,0.5 U/h,keep,0.5 U/h,"Evidence: 16:00 is already the lowest basal during the highest local TAR, so this cut is not the afternoon-high cause. Uncertainty: evening crash may still include leftover UAM IOB. Dependencies: do not raise this basal while 19:00 TBR is unexplained."
real_grok46_50,run_025,profile.basal.18_00,profile,True,0.6 U/h,keep,0.6 U/h,"Evidence: 18:00-19:00 local glucose falls and 19:00 TBR is 15.3 percent after afternoon catch-up. Uncertainty: mixed IOB, possible activity, and GLP-1. Dependencies: SMB/UAM and DIA remain competing explanations."
real_grok46_50,run_025,profile.basal.19_00,profile,True,0.7 U/h,keep,0.7 U/h,Evidence: evening recovery is mixed with continued TBR risk into 23:00. Uncertainty: late intake versus leftover IOB. Dependencies: overnight target 90 and DIA 10 h.
real_grok46_50,run_025,profile.cr.00_00,profile,True,13 g/U,keep,13 g/U,"Evidence: zero carb entries and COB 0, so this segment did not run. Uncertainty: night intake cannot be excluded. Dependencies: meal announcement must exist before any CR review."
real_grok46_50,run_025,profile.cr.04_00,profile,True,11.1 g/U,keep,11.1 g/U,Evidence: unused in this file. Uncertainty: breakfast-shaped rise starts later and is unlogged. Dependencies: CR changes are not identifiable while UAM is the prandial method.
real_grok46_50,run_025,profile.cr.08_00,profile,True,13.2 g/U,keep,13.2 g/U,Evidence: 08:00-10:00 local rise occurred with no announced carbs. Uncertainty: composition unknown. Dependencies: SMB/UAM and Dynamic ISF already acted on the rise.
real_grok46_50,run_025,profile.cr.16_00,profile,True,10.5 g/U,keep,10.5 g/U,"Evidence: the tightest CR is idle without carb entries and cannot explain 16:00 TAR. Uncertainty: if carbs were eaten but not entered, UAM still delivered the insulin. Dependencies: do not tighten CR while 19:00 TBR is high."
real_grok46_50,run_025,profile.cr.20_00,profile,True,12.6 g/U,keep,12.6 g/U,Evidence: unused. Uncertainty: late meals not documented. Dependencies: evening hypo risk precedes any stronger meal insulin.
real_grok46_50,run_025,profile.isf.00_00,profile,True,56 mg/dL/U,keep,56 mg/dL/U,"Evidence: Dynamic ISF made effective sensitivity about 28-124, so 56 is only a baseline. Uncertainty: correction windows include UAM, IOB, and possible GLP-1. Dependencies: changing ISF while Dynamic ISF stays on is not separable."
real_grok46_50,run_025,profile.target.00_00,profile,True,90 mg/dL,keep,90 mg/dL,"Evidence: overnight mean sits on 90 with high TBR, but this may be leftover IOB rather than the target alone. Uncertainty: no fasting overnight classification. Dependencies: do not change together with 00:00 basal or SMB."
real_grok46_50,run_025,profile.target.08_00,profile,True,100 mg/dL,keep,100 mg/dL,"Evidence: daytime means exceed 100 mainly in meal-shaped hours. Uncertainty: target 100 may invite SMB during unlogged rises, but that is not isolated. Dependencies: SMB always-on and Dynamic ISF."
real_grok46_50,run_025,profile.target.23_00,profile,True,90 mg/dL,keep,90 mg/dL,Evidence: 23:00 local TBR about 10 percent continues the overnight trough pattern. Uncertainty: same IOB versus target conflict as 00:00. Dependencies: keep paired with overnight basal until classified.
real_grok46_50,run_025,profile.dia,profile,True,10 h,keep,10 h,Evidence: long DIA is a plausible reason afternoon catch-up is still active at 19:00 and overnight. Uncertainty: no DIA experiment. Dependencies: shortening DIA while SMB remains aggressive could hide IOB.
real_grok46_50,run_025,aaps.core.smb_uam,aaps,True,smb_enabled=true; uam_enabled=true,keep,smb_enabled=true; uam_enabled=true,Evidence: this pair is the observed prandial method with COB 0. Uncertainty: turning UAM off is untested and could raise afternoon TAR. Dependencies: meal announcement status unknown; do not pair with CR or basal changes. No source component is null so verify is not used.
real_grok46_50,run_025,aaps.core.smb_activation,aaps,True,smb_always_enabled=true; smb_with_cob_enabled=false; smb_after_carbs_enabled=false; smb_with_temp_target_enabled=true; smb_with_high_temp_target_enabled=false,keep,smb_always_enabled=true; smb_with_cob_enabled=false; smb_after_carbs_enabled=false; smb_with_temp_target_enabled=true; smb_with_high_temp_target_enabled=false,Evidence: always-on SMB with unused COB flags matches zero carbs; high-TT SMB lockout was used at 135. Uncertainty: smb_always_enabled is also the catch-up path into evening lows. Dependencies: keep until meal-start notes exist. No null components.
real_grok46_50,run_025,aaps.core.smb_delivery,aaps,True,smb_interval_minutes=3 min; max_smb_basal_minutes=15 min; max_uam_smb_basal_minutes=20 min,keep,smb_interval_minutes=3 min; max_smb_basal_minutes=15 min; max_uam_smb_basal_minutes=20 min,Evidence: 3-minute cadence and larger UAM cap fit unannounced meals and afternoon catch-up. Uncertainty: stacking versus DynISF versus DIA is not isolated. Dependencies: do not change with max IOB or overnight basal. Remaining temp minutes in reasons are not this interval.
real_grok46_50,run_025,aaps.core.safety_limits,aaps,True,max_basal_u_per_hour=12 U/h; max_iob_units=25 U,keep,max_basal_u_per_hour=12 U/h; max_iob_units=25 U,Evidence: 12 U/h and 25 U never bound; observed stacks reached about 4 U/h and 6 U IOB on a roughly 20 U TDD. Uncertainty: lowering unused caps is a safety-policy choice without a binding event in this file. Dependencies: not the initiating cause versus SMB plus Dynamic ISF.
real_grok46_50,run_025,aaps.core.sensitivity,aaps,True,autosens_enabled=false; dynamic_sensitivity_enabled=true; autosens_raises_target=false; autosens_lowers_target=false; dynamic_isf_adjustment_factor_percent=70 %,keep,autosens_enabled=false; dynamic_sensitivity_enabled=true; autosens_raises_target=false; autosens_lowers_target=false; dynamic_isf_adjustment_factor_percent=70 %,"Evidence: Autosens off is consistent with unused Autosens target shifts; Dynamic ISF 70 percent is the acting ISF. A sensitivity_ratio of 1 is a neutral current adjustment, not disabled Autosens. Uncertainty: no Dynamic-ISF-off contrast. Dependencies: do not change with profile ISF 56."
real_grok46_50,run_025,aaps.core.carb_absorption,aaps,True,min_5m_carbimpact=8 mg/dL/5 min; meal_max_absorption_hours=7 h,keep,min_5m_carbimpact=8 mg/dL/5 min; meal_max_absorption_hours=7 h,"Evidence: both values were idle with COB 0. Uncertainty: they cannot be judged until carbs or e-carbs are entered. Dependencies: meal strategy, not basal or ISF."
real_grok46_50,run_026,profile.basal.00_00,profile,True,0.6 U/h,keep,0.6 U/h,"Evidence: local 23:00-03:00 TBR 10-18 percent with little TAR. Uncertainty: leftover evening UAM or DynISF IOB and DIA 10 h are competing causes. Dependencies: do not cut this basal in the same step as target, SMB, or DynISF."
real_grok46_50,run_026,profile.basal.05_00,profile,True,0.7 U/h,keep,0.7 U/h,Evidence: local 04:00-06:00 TIR 95-97 percent with almost no TAR. Uncertainty: one isolated 42 mg/dL near 06:19 on 21 Aug. Dependencies: overnight TBR review comes first.
real_grok46_50,run_026,profile.basal.06_00,profile,True,0.8 U/h,keep,0.8 U/h,Evidence: local 06:00-08:00 remains high TIR and is not a dawn-high pattern. Uncertainty: single early low should not drive an increase. Dependencies: safety_overview forbids adding morning insulin to treat one extreme.
real_grok46_50,run_026,profile.basal.10_00,profile,True,0.7 U/h,keep,0.7 U/h,Evidence: late-morning rise is meal-clock shaped after the 08:00 target change. Uncertainty: unlogged intake versus basal. Dependencies: meal logging before any daytime basal change.
real_grok46_50,run_026,profile.basal.16_00,profile,True,0.5 U/h,keep,0.5 U/h,"Evidence: hour 16 has the highest TAR, but 18:00-19:00 TBR follows the same insulin. Uncertainty: unlogged meals, GLP-1 delay, and UAM lag. Dependencies: CR 16:00, SMB or UAM, and DIA must stay unchanged in the same step."
real_grok46_50,run_026,profile.basal.18_00,profile,True,0.6 U/h,keep,0.6 U/h,Evidence: local 18:00 already has 7.7 percent TBR after the afternoon peak. Uncertainty: residual IOB versus this basal step. Dependencies: evening hypo brake from safety_overview.
real_grok46_50,run_026,profile.basal.19_00,profile,True,0.7 U/h,keep,0.7 U/h,Evidence: local 19:00 TBR 15.3 percent with minima 41 mg/dL. Uncertainty: delayed afternoon insulin rather than this 0.7 U/h step. Dependencies: do not raise this segment while 18:00-19:00 lows persist.
real_grok46_50,run_026,profile.cr.00_00,profile,True,13 g/U,keep,13 g/U,"Evidence: zero carb entries, so this ratio was unused. Uncertainty: cannot estimate meal response. Dependencies: meal announcement data."
real_grok46_50,run_026,profile.cr.04_00,profile,True,11.1 g/U,keep,11.1 g/U,Evidence: no overnight or dawn carb treatments. Uncertainty: segment may be unused. Dependencies: carb logging.
real_grok46_50,run_026,profile.cr.08_00,profile,True,13.2 g/U,keep,13.2 g/U,"Evidence: morning rise occurred with cob 0, so UAM not CR delivered insulin. Uncertainty: unlogged breakfast versus CR. Dependencies: meal_bolus_strategy."
real_grok46_50,run_026,profile.cr.16_00,profile,True,10.5 g/U,keep,10.5 g/U,"Evidence: strongest CR coincides with peak TAR and later TBR, but no carbs were logged. Uncertainty: UAM substitution versus an unused strong CR. Dependencies: do not change with 16:00 basal or SMB delivery."
real_grok46_50,run_026,profile.cr.20_00,profile,True,12.6 g/U,keep,12.6 g/U,Evidence: evening windows are correction or UAM only. Uncertainty: no meal-linked CR test. Dependencies: evening hypo risk and DIA.
real_grok46_50,run_026,profile.isf.00_00,profile,True,56 mg/dL/U,keep,56 mg/dL/U,"Evidence: static 56 is not aggressive for TDI about 20 U, while variable_sens often ran 28-54 when high. Uncertainty: corrections are mixed with SMB, DynISF, site issues, and unlogged carbs. Dependencies: keep DynISF unchanged in the same step."
real_grok46_50,run_026,profile.target.00_00,profile,True,90 mg/dL,keep,90 mg/dL,"Evidence: overnight means hug 90 mg/dL while TBR is high. Uncertainty: leftover IOB may be the driver, so a target change is not yet isolated. Dependencies: basal 00:00 and evening automation."
real_grok46_50,run_026,profile.target.08_00,profile,True,100 mg/dL,keep,100 mg/dL,Evidence: daytime target 100 mg/dL sits below afternoon means that look meal-driven. Uncertainty: tightening it would add UAM exposure into the evening crash. Dependencies: SMB always-on and hypo brake.
real_grok46_50,run_026,profile.target.23_00,profile,True,90 mg/dL,keep,90 mg/dL,Evidence: local 23:00 already has about 10 percent TBR. Uncertainty: same leftover-IOB versus target question as 00:00. Dependencies: keep with overnight basal; do not tighten.
real_grok46_50,run_026,profile.dia,profile,True,10 h,keep,10 h,"Evidence: long DIA can connect afternoon UAM to 18:00-03:00 lows. Uncertainty: insulin peak is not given and dilution is unconfirmed, so shortening DIA is unsupported. Dependencies: ISF, SMB, and overnight basal interpretation."
real_grok46_50,run_026,aaps.core.smb_uam,aaps,True,smb_enabled=true; uam_enabled=true,keep,smb_enabled=true; uam_enabled=true,"Evidence: this pair matches zero COB and is the observed meal path. Uncertainty: UAM likely contributes to late lows, but turning it off would be a second meal algorithm without carb data. Dependencies: activation and delivery groups."
real_grok46_50,run_026,aaps.core.smb_activation,aaps,True,smb_always_enabled=true; smb_with_cob_enabled=false; smb_after_carbs_enabled=false; smb_with_temp_target_enabled=true; smb_with_high_temp_target_enabled=false,keep,smb_always_enabled=true; smb_with_cob_enabled=false; smb_after_carbs_enabled=false; smb_with_temp_target_enabled=true; smb_with_high_temp_target_enabled=false,"Evidence: always-SMB with COB SMB off is consistent with cob 0 and high-TT SMB already off. Uncertainty: always-SMB may over-deliver on unannounced rises, but disabling it is not isolated from DynISF. Dependencies: meal logging before any activation change."
real_grok46_50,run_026,aaps.core.smb_delivery,aaps,True,smb_interval_minutes=3 min; max_smb_basal_minutes=15 min; max_uam_smb_basal_minutes=20 min,keep,smb_interval_minutes=3 min; max_smb_basal_minutes=15 min; max_uam_smb_basal_minutes=20 min,"Evidence: UAM 20 min and a 3 min interval can restack through afternoon rises; more delivery is unsupported. Uncertainty: cannot size a reduction separately from DynISF. Dependencies: do not change with DynISF, ISF 56, or 16:00 basal."
real_grok46_50,run_026,aaps.core.safety_limits,aaps,True,max_basal_u_per_hour=12 U/h; max_iob_units=25 U,keep,max_basal_u_per_hour=12 U/h; max_iob_units=25 U,Evidence: ceilings exceed TDI about 20 U and sampled IOB about 5.9 U; enacted basal already near 4 U/h. Uncertainty: lowering them would not have changed most of this curve and needs a later single-item review. Dependencies: profile and SMB or DynISF stay first; do not bundle a limit change with insulin-profile edits.
real_grok46_50,run_026,aaps.core.sensitivity,aaps,True,autosens_enabled=false; dynamic_sensitivity_enabled=true; autosens_raises_target=false; autosens_lowers_target=false; dynamic_isf_adjustment_factor_percent=70 %,keep,autosens_enabled=false; dynamic_sensitivity_enabled=true; autosens_raises_target=false; autosens_lowers_target=false; dynamic_isf_adjustment_factor_percent=70 %,Evidence: DynISF 70 percent already varies effective ISF widely and can create both afternoon catch-up and later lows. Uncertainty: enabling Autosens would add a second sensitivity layer. Dependencies: keep profile ISF and SMB delivery unchanged in the same step.
real_grok46_50,run_026,aaps.core.carb_absorption,aaps,True,min_5m_carbimpact=8 mg/dL/5 min; meal_max_absorption_hours=7 h,keep,min_5m_carbimpact=8 mg/dL/5 min; meal_max_absorption_hours=7 h,Evidence: both values were idle with zero COB. Uncertainty: no meal-linked absorption to test. Dependencies: e-carb and CR review require carb entries first.
real_grok46_50,run_027,profile.basal.00_00,profile,True,0.6 U/h,keep,0.6 U/h,"Evidence: 23:00-03:00 local TBR is 10-18.5% with little TAR, so overnight insulin may be high. Uncertainty: residual afternoon UAM IOB, target 90 mg/dL, GLP-1, and dilution are competing causes. Dependencies: must not be changed with overnight target or SMB/Dynamic ISF. Change unsupported until those are separated."
real_grok46_50,run_027,profile.basal.05_00,profile,True,0.7 U/h,keep,0.7 U/h,"Evidence: 04:00-06:00 local TIR is about 95-97.5% with low TBR. Uncertainty: one 42 mg/dL point near 06:19 UTC on 21 Aug is an outlier, not a repeated dawn pattern. Dependencies: morning basal is independent of the afternoon UAM story. No supported change."
real_grok46_50,run_027,profile.basal.06_00,profile,True,0.8 U/h,keep,0.8 U/h,Evidence: 06:00-08:00 local averages near 100-110 mg/dL with TIR 98% and almost no TAR. Uncertainty: the single early-morning low does not map to this step. Dependencies: later 09:00-10:00 rise is meal-timed. Keep.
real_grok46_50,run_027,profile.basal.10_00,profile,True,0.7 U/h,keep,0.7 U/h,"Evidence: late-morning and midday TAR exist, but loop temps already far exceed 0.7 U/h via UAM. Uncertainty: unannounced intake is the leading explanation. Dependencies: raising this basal would stack on SMB/UAM and could worsen 19:00 TBR. Keep."
real_grok46_50,run_027,profile.basal.16_00,profile,True,0.5 U/h,keep,0.5 U/h,"Evidence: 16:00 local TAR 32.1% coincides with the lowest daytime basal, but COB is 0 and UAM is active. Uncertainty: this cut may be protective against the 19:00 crash. Dependencies: cannot raise afternoon basal while evening TBR is unexplained. Keep."
real_grok46_50,run_027,profile.basal.18_00,profile,True,0.6 U/h,keep,0.6 U/h,Evidence: 18:00 local average 124.2 mg/dL with mixed TAR and rising TBR. Uncertainty: this hour is the transition from afternoon UAM IOB into the evening drop. Dependencies: coupled to 16:00 and 19:00 segments and to DIA 10 h. Keep.
real_grok46_50,run_027,profile.basal.19_00,profile,True,0.7 U/h,keep,0.7 U/h,Evidence: 19:00 local TBR 15.3% and lows to 41 mg/dL occur as basal steps up to 0.7 U/h. Uncertainty: falling UAM or Dynamic ISF IOB can cause the same crash without this basal being too high. Dependencies: do not change together with SMB delivery or overnight target. Keep until IOB-separated nights are reviewed.
real_grok46_50,run_027,profile.cr.00_00,profile,True,13 g/U,keep,13 g/U,"Evidence: carb_entries 0 and COB 0, so this CR did not dose meals. Uncertainty: overnight TBR is an insulin-amount problem, not a carb-ratio test. Dependencies: CR review requires logged carbs. Keep."
real_grok46_50,run_027,profile.cr.04_00,profile,True,11.1 g/U,keep,11.1 g/U,Evidence: no carb treatments in this window; 04:00-08:00 glucose is already stable. Uncertainty: none that supports a CR edit. Dependencies: idle until meals are announced. Keep.
real_grok46_50,run_027,profile.cr.08_00,profile,True,13.2 g/U,keep,13.2 g/U,"Evidence: 09:00-10:00 local rise occurs with COB 0, so UAM, not this CR, supplied insulin. Uncertainty: meal size unknown. Dependencies: do not treat morning TAR as weak CR. Keep."
real_grok46_50,run_027,profile.cr.16_00,profile,True,10.5 g/U,keep,10.5 g/U,"Evidence: strongest CR sits under the worst TAR hour, which argues against blaming a weak ratio when carbs were not entered. Uncertainty: if meals were eaten and unlogged, UAM replaced CR. Dependencies: meal logging first. Keep."
real_grok46_50,run_027,profile.cr.20_00,profile,True,12.6 g/U,keep,12.6 g/U,"Evidence: evening hours show mixed TBR, not a CR-testable meal response. Uncertainty: leftover IOB dominates. Dependencies: idle CR system. Keep."
real_grok46_50,run_027,profile.isf.00_00,profile,True,56 mg/dL/U,keep,56 mg/dL/U,"Evidence: Dynamic ISF on at 70% produced variable_sens far from 56, including about 28-43 mg/dL/U when high. Therapy windows are not isolated ISF tests. Uncertainty: TDD scale and dilution are unknown, so rule-of-thumb checks are weak. Dependencies: must not lower profile ISF because Dynamic ISF already compresses it, and must not change with the 70% factor. Keep."
real_grok46_50,run_027,profile.target.00_00,profile,True,90 mg/dL,keep,90 mg/dL,"Evidence: overnight mean is near 90 mg/dL while TBR is high, so margin is thin. Uncertainty: leftover IOB can pull glucose through a correct target. Dependencies: changing this with overnight basal or SMB-always would confound the next check. Keep pending the afternoon-logging observation."
real_grok46_50,run_027,profile.target.08_00,profile,True,100 mg/dL,keep,100 mg/dL,"Evidence: daytime mean is meal-driven and sits above 100 mg/dL because of afternoon TAR, not a clean fasting bias. Uncertainty: temporary targets of 135 mg/dL already raise the effective target at times. Dependencies: daytime target is not the overnight TBR lever. Keep."
real_grok46_50,run_027,profile.target.23_00,profile,True,90 mg/dL,keep,90 mg/dL,"Evidence: this segment restores the 90 mg/dL overnight target at 23:00, when TBR is already 10.1% and then worsens at 01:00. Uncertainty: same three-way split as midnight basal versus residual IOB versus target. Dependencies: same keep as profile.target.00_00; do not edit both as a pair later either. Keep."
real_grok46_50,run_027,profile.dia,profile,True,10 h,keep,10 h,"Evidence: DIA 10 h should overstate IOB and reduce stacking, yet severe lows still occurred, so shortening DIA is not supported. Uncertainty: if dilute or U200 action exceeds 10 h, nights can still look unexplained. Dependencies: DIA, Dynamic ISF, and SMB IOB are one system. Keep."
real_grok46_50,run_027,aaps.core.smb_uam,aaps,True,smb_enabled=true; uam_enabled=true,keep,smb_enabled=true; uam_enabled=true,"Evidence: with zero carbs, UAM plus SMB is the observed meal engine and a leading cause of later TBR. Uncertainty: turning UAM off without announcing carbs would leave afternoon TAR unhandled and is not isolated from Dynamic ISF. Dependencies: do not change with DynISF 70% or overnight target. Values are present, so verify is not used. Keep."
real_grok46_50,run_027,aaps.core.smb_activation,aaps,True,smb_always_enabled=true; smb_with_cob_enabled=false; smb_after_carbs_enabled=false; smb_with_temp_target_enabled=true; smb_with_high_temp_target_enabled=false,keep,smb_always_enabled=true; smb_with_cob_enabled=false; smb_after_carbs_enabled=false; smb_with_temp_target_enabled=true; smb_with_high_temp_target_enabled=false,"Evidence: always-on SMB matches COB 0; COB and after-carb flags are idle, not inconsistent. High-TT SMB off matches frequent 135 mg/dL temporary targets. Uncertainty: highs during those temporary targets can look like weak basal if SMB was suppressed. Dependencies: activation and delivery should not be edited together. Keep."
real_grok46_50,run_027,aaps.core.smb_delivery,aaps,True,smb_interval_minutes=3 min; max_smb_basal_minutes=15 min; max_uam_smb_basal_minutes=20 min,keep,smb_interval_minutes=3 min; max_smb_basal_minutes=15 min; max_uam_smb_basal_minutes=20 min,Evidence: 15/20 minutes are modest versus profile basal but not modest versus loop maxSafeBasal near 4 U/h and UAM boosts. Uncertainty: only sampled loop rows exist; remaining wait text is not the 3 minute interval. Dependencies: size is amplified by Dynamic ISF. Interval-only change unsupported. Keep.
real_grok46_50,run_027,aaps.core.safety_limits,aaps,True,max_basal_u_per_hour=12 U/h; max_iob_units=25 U,keep,max_basal_u_per_hour=12 U/h; max_iob_units=25 U,"Evidence: observed IOB reached about 5.9 U and enacted rates hit about 4 U/h, so 12 U/h and 25 U did not bind. Uncertainty: slack caps did not create hypos by themselves. Dependencies: multipliers that set maxSafeBasal are outside this inventory pair and are not routine optimization targets. Keep."
real_grok46_50,run_027,aaps.core.sensitivity,aaps,True,autosens_enabled=false; dynamic_sensitivity_enabled=true; autosens_raises_target=false; autosens_lowers_target=false; dynamic_isf_adjustment_factor_percent=70 %,keep,autosens_enabled=false; dynamic_sensitivity_enabled=true; autosens_raises_target=false; autosens_lowers_target=false; dynamic_isf_adjustment_factor_percent=70 %,Evidence: Autosens is off by configuration; target raise/lower flags match that. Dynamic ISF 70% is active and can over-correct after unannounced rises. Uncertainty: no 70% versus off comparison. Dependencies: do not change this factor with profile ISF or SMB-always. Keep.
real_grok46_50,run_027,aaps.core.carb_absorption,aaps,True,min_5m_carbimpact=8 mg/dL/5 min; meal_max_absorption_hours=7 h,keep,min_5m_carbimpact=8 mg/dL/5 min; meal_max_absorption_hours=7 h,"Evidence: no carb or e-carb entries, so these settings did not dose. Uncertainty: they cannot be judged right or wrong on this extract. Dependencies: become relevant only after carbs are logged. Keep."
real_grok46_50,run_028,profile.basal.00_00,profile,True,0.6 U/h,keep,0.6 U/h,"Evidence: local 23:00-03:00 averages 90-106 mg/dL with high TBR and almost no TAR. Uncertainty: evening UAM IOB and DIA 10 h can cause the same lows. Dependencies: do not change with overnight target, DIA, SMB delivery, or Dynamic ISF until bedtime IOB is compared on high versus quiet afternoons."
real_grok46_50,run_028,profile.basal.05_00,profile,True,0.7 U/h,keep,0.7 U/h,"Evidence: local 05:00 TIR 95.2 percent, TBR 4.8 percent, average 104.2 mg/dL. Uncertainty: one later 42 mg/dL reading is in the 07:00 hour, not this segment. Dependencies: morning stability argues against using this segment to fix afternoon highs."
real_grok46_50,run_028,profile.basal.06_00,profile,True,0.8 U/h,keep,0.8 U/h,Evidence: local 06:00-07:00 TIR 97.5-98.7 percent with very low TAR. Uncertainty: isolated 21 Aug low does not define the hour. Dependencies: this is the strongest fasting-like keep; not linked to 14:00-17:00 TAR.
real_grok46_50,run_028,profile.basal.10_00,profile,True,0.7 U/h,keep,0.7 U/h,Evidence: late-morning rise overlaps likely unlogged intake and UAM with COB 0. Uncertainty: meals versus basal cannot be split. Dependencies: raising this basal would stack with SMB-always and Dynamic ISF and increase evening hypo risk.
real_grok46_50,run_028,profile.basal.16_00,profile,True,0.5 U/h,keep,0.5 U/h,Evidence: this drop sits under peak TAR but is followed by local 18:00-19:00 TBR 7.7-15.3 percent. Uncertainty: UAM lag versus under-basal versus later overshoot. Dependencies: changing this together with SMB or Dynamic ISF is unsafe; afternoon highs are not a supported basal defect.
real_grok46_50,run_028,profile.basal.18_00,profile,True,0.6 U/h,keep,0.6 U/h,"Evidence: local 18:00 average 124.2 mg/dL with mixed TAR and TBR, then 19:00 TBR 15.3 percent and 41 mg/dL extremes. Uncertainty: delayed afternoon insulin versus this basal. Dependencies: safety_overview forbids increasing evening basal to treat leftover afternoon highs."
real_grok46_50,run_028,profile.basal.19_00,profile,True,0.7 U/h,keep,0.7 U/h,"Evidence: hour-19 is a hypo cluster, not an under-insulin hour. Uncertainty: activity and dinner-without-carbs remain possible. Dependencies: any later evening insulin review belongs to IOB and SMB, not a basal increase."
real_grok46_50,run_028,profile.cr.00_00,profile,True,13 g/U,keep,13 g/U,"Evidence: zero carb entries, so this CR is unused. Uncertainty: no overnight meal tests. Dependencies: CR changes cannot be validated until carbs are logged; UAM is the live meal path."
real_grok46_50,run_028,profile.cr.04_00,profile,True,11.1 g/U,keep,11.1 g/U,Evidence: no carb-linked breakfast or dawn meals in the extract. Uncertainty: unused CR. Dependencies: do not infer a stronger breakfast CR from UAM rises.
real_grok46_50,run_028,profile.cr.08_00,profile,True,13.2 g/U,keep,13.2 g/U,Evidence: daytime highs occur with COB 0 and correction-only windows that often continue rising. Uncertainty: unlogged intake versus UAM delay. Dependencies: a CR edit would not change current UAM-first execution.
real_grok46_50,run_028,profile.cr.16_00,profile,True,10.5 g/U,keep,10.5 g/U,Evidence: the strongest TAR hours have no carb amounts to test 10.5 g/U. Uncertainty: this is the tightest CR on paper but unused. Dependencies: changing CR while Dynamic ISF and UAM already chase the same rise would stack insulin.
real_grok46_50,run_028,profile.cr.20_00,profile,True,12.6 g/U,keep,12.6 g/U,"Evidence: evening is TBR-heavy, not a missed meal-bolus pattern in the log. Uncertainty: no dinner carb records. Dependencies: hypo risk overnight; keep until announced meals exist."
real_grok46_50,run_028,profile.isf.00_00,profile,True,56 mg/dL/U,keep,56 mg/dL/U,"Evidence: live sensitivity in samples is about 28-124 mg/dL/U under Dynamic ISF 70 percent, so 56 is a midpoint, not the delivered ISF. Uncertainty: correction responses are mixed with SMB and UAM. Dependencies: do not change profile ISF in the same step as Dynamic ISF, SMB minutes, or basal."
real_grok46_50,run_028,profile.target.00_00,profile,True,90 mg/dL,keep,90 mg/dL,"Evidence: overnight averages hug 90 while hour-01 TBR is 18.5 percent, so the target is tight but not proven to be the cause versus IOB tail. Uncertainty: target versus basal 0.6 versus DIA and UAM. Dependencies: withheld until the bedtime-IOB check; do not change with 00:00 basal."
real_grok46_50,run_028,profile.target.08_00,profile,True,100 mg/dL,keep,100 mg/dL,"Evidence: daytime target 100 sits under afternoon TAR that is better explained by unlogged intake. Uncertainty: user TT 135 is already used when a higher target is wanted. Dependencies: high-TT SMB is off, so raising the profile daytime target is not required to recreate that brake."
real_grok46_50,run_028,profile.target.23_00,profile,True,90 mg/dL,keep,90 mg/dL,Evidence: 23:00 TBR 10.1 percent with average 105.7 mg/dL and no TAR. Uncertainty: same competing overnight explanations as target 00:00. Dependencies: keep paired with overnight basal; one later review only if lows persist at near-zero IOB.
real_grok46_50,run_028,profile.dia,profile,True,10 h,keep,10 h,Evidence: 4-6 hour and later lows after afternoon UAM and listed corrections are compatible with a long tail. Uncertainty: model DIA versus true duration is not measured; insulin type is free_peak_oref. Dependencies: shortening DIA could hide IOB and increase later SMB; do not change with SMB or ISF.
real_grok46_50,run_028,aaps.core.smb_uam,aaps,True,smb_enabled=true; uam_enabled=true,keep,smb_enabled=true; uam_enabled=true,"Evidence: carbs are 0 g and COB is 0, so UAM is the meal engine. Uncertainty: some spikes may be non-meal. Dependencies: disabling UAM without announced carbs leaves no meal insulin; not changed with delivery or Dynamic ISF."
real_grok46_50,run_028,aaps.core.smb_activation,aaps,True,smb_always_enabled=true; smb_with_cob_enabled=false; smb_after_carbs_enabled=false; smb_with_temp_target_enabled=true; smb_with_high_temp_target_enabled=false,keep,smb_always_enabled=true; smb_with_cob_enabled=false; smb_after_carbs_enabled=false; smb_with_temp_target_enabled=true; smb_with_high_temp_target_enabled=false,Evidence: SMB-always matches carb-blind use; COB and after-carb flags are inert without carbs; high-TT SMB off matches TT 135 as a brake. Uncertainty: meals without TT still get full UAM. Dependencies: turning on COB-gated SMB would not change current behavior until carbs are logged.
real_grok46_50,run_028,aaps.core.smb_delivery,aaps,True,smb_interval_minutes=3 min; max_smb_basal_minutes=15 min; max_uam_smb_basal_minutes=20 min,keep,smb_interval_minutes=3 min; max_smb_basal_minutes=15 min; max_uam_smb_basal_minutes=20 min,"Evidence: 3-minute SMBs and boosts can build 2-6 U IOB, but sampled SMB size also follows high temps and custom boost text, not only 15/20-minute caps. Uncertainty: changing minutes alone may do little while UAM High Boost and Dynamic ISF remain. Dependencies: if later reviewed, change only this group or only Dynamic ISF factor, not both, and only after the overnight IOB check."
real_grok46_50,run_028,aaps.core.safety_limits,aaps,True,max_basal_u_per_hour=12 U/h; max_iob_units=25 U,keep,max_basal_u_per_hour=12 U/h; max_iob_units=25 U,"Evidence: about 19.7 U/day and peak sampled IOB near 6 U never approach 25 U; reasons clip near 4 U/h, not 12 U/h. Uncertainty: a tighter cap value is not in the package and is not invented. Dependencies: these limits did not cause hypos; tightening them is a later safety review, not paired with SMB or Dynamic ISF changes."
real_grok46_50,run_028,aaps.core.sensitivity,aaps,True,autosens_enabled=false; dynamic_sensitivity_enabled=true; autosens_raises_target=false; autosens_lowers_target=false; dynamic_isf_adjustment_factor_percent=70 %,keep,autosens_enabled=false; dynamic_sensitivity_enabled=true; autosens_raises_target=false; autosens_lowers_target=false; dynamic_isf_adjustment_factor_percent=70 %,Evidence: Dynamic ISF is the live ISF and can both treat afternoon rises and feed evening overshoot; Autosens is already off. Uncertainty: 70 percent versus boosts versus SMB interval is not isolated. Dependencies: do not enable Autosens on top of Dynamic ISF; do not change the 70 percent factor with profile ISF or SMB delivery.
real_grok46_50,run_028,aaps.core.carb_absorption,aaps,True,min_5m_carbimpact=8 mg/dL/5 min; meal_max_absorption_hours=7 h,keep,min_5m_carbimpact=8 mg/dL/5 min; meal_max_absorption_hours=7 h,"Evidence: no COB, no e-carbs, no carb impact to fit. Uncertainty: absorption shape unknown. Dependencies: UAM is not duplicate COB counting; these settings stay unused until carbs are announced."
real_grok46_50,run_029,profile.basal.00_00,profile,True,0.6 U/h,keep,0.6 U/h,Evidence: local 00:00-03:00 TBR 10-18% with means near 90-105 mg/dL. Uncertainty: leftover evening UAM/SMB and DIA 10 h are equally plausible. Dependencies: do not raise or lower this segment until overnight IOB is logged; changing it with target or SMB would confound the test.
real_grok46_50,run_029,profile.basal.05_00,profile,True,0.7 U/h,keep,0.7 U/h,"Evidence: local 05:00 mean 104.2 mg/dL, TIR 95.2%, low TBR. Uncertainty: one 42 mg/dL on 21 Aug may be sensor-related. Dependencies: this dawn step should stay while overnight IOB versus 00:00 basal is still unresolved."
real_grok46_50,run_029,profile.basal.06_00,profile,True,0.8 U/h,keep,0.8 U/h,Evidence: local 06:00-07:00 TIR 97.5-98.7% with means about 99.5 mg/dL. Uncertainty: not a multi-week fasting series. Dependencies: keep with the adjacent 05:00 and 10:00 segments rather than editing the dawn block alone.
real_grok46_50,run_029,profile.basal.10_00,profile,True,0.7 U/h,keep,0.7 U/h,"Evidence: local 10:00-15:00 rise and TAR coincide with unannounced-meal hours and UAM. Uncertainty: meals, GLP-1, and temporary targets are not separated. Dependencies: raising this basal to chase TAR would likely worsen 18:00-19:00 TBR and overlaps CR/SMB/DynISF explanations."
real_grok46_50,run_029,profile.basal.16_00,profile,True,0.5 U/h,keep,0.5 U/h,"Evidence: hour 16 has the highest TAR, then hours 18-19 have TBR 7.7-15.3% and 41-42 mg/dL lows; this is already the lowest basal. Uncertainty: the 0.5 U/h cut may be protective rather than the cause of the peak. Dependencies: do not raise 16:00 basal while evening crash risk and stacked SMB remain open."
real_grok46_50,run_029,profile.basal.18_00,profile,True,0.6 U/h,keep,0.6 U/h,"Evidence: local 18:00 mean 124.2 mg/dL with mixed TAR and TBR as the afternoon stack lands. Uncertainty: corrections and UAM dominate this hour. Dependencies: tied to 16:00 basal, DIA, and SMB; no isolated fasting signal."
real_grok46_50,run_029,profile.basal.19_00,profile,True,0.7 U/h,keep,0.7 U/h,"Evidence: local 19:00 TBR 15.3% with minimum 41 mg/dL. Uncertainty: this looks like overshoot after hour 16, not basal insufficiency. Dependencies: withhold any increase because it would add insulin into the highest evening hypo window."
real_grok46_50,run_029,profile.cr.00_00,profile,True,13 g/U,keep,13 g/U,"Evidence: zero carb entries and COB 0, so this CR was unused. Uncertainty: no overnight meal tests. Dependencies: CR cannot be judged until carbs are announced; do not pair a CR edit with SMB or DynISF."
real_grok46_50,run_029,profile.cr.04_00,profile,True,11.1 g/U,keep,11.1 g/U,Evidence: no announced carbs in this window. Uncertainty: breakfast versus dawn effect not separable. Dependencies: unused CR and stable 05:00-08:00 glucose argue against a change.
real_grok46_50,run_029,profile.cr.08_00,profile,True,13.2 g/U,keep,13.2 g/U,"Evidence: daytime TAR occurred with UAM-only delivery, not announced CR boluses. Uncertainty: 13.2 versus missed bolus versus UAM lag is the open fork. Dependencies: wait for 3-5 logged afternoon intakes before any CR review."
real_grok46_50,run_029,profile.cr.16_00,profile,True,10.5 g/U,keep,10.5 g/U,"Evidence: this stronger CR was idle while hour 16 TAR and later lows still occurred via UAM/SMB. Uncertainty: cannot tell if 10.5 is strong, weak, or unused. Dependencies: evening TBR vetoes tightening meal insulin here without announcement data."
real_grok46_50,run_029,profile.cr.20_00,profile,True,12.6 g/U,keep,12.6 g/U,Evidence: no carb treatments after 20:00. Uncertainty: late-snack versus IOB cannot be split. Dependencies: overnight TBR and target 90 mg/dL make a stronger evening CR unsupported.
real_grok46_50,run_029,profile.isf.00_00,profile,True,56 mg/dL/U,keep,56 mg/dL/U,"Evidence: loop variable_sens ranged about 28-124, so live corrections were not using 56 alone; large 120-minute drops followed stacked SMB rather than isolated ISF tests. Uncertainty: DynISF 70% and custom boosts dominate. Dependencies: do not change profile ISF in the same step as DynISF, SMB, or DIA."
real_grok46_50,run_029,profile.target.00_00,profile,True,90 mg/dL,keep,90 mg/dL,"Evidence: overnight target 90 mg/dL sits in a high-TBR band, but lows may be residual IOB rather than the target number. Uncertainty: raising target is untested and would be a separate later review. Dependencies: always-on SMB plus this target is a safety overlay; do not lower the target and do not change it with basal tonight."
real_grok46_50,run_029,profile.target.08_00,profile,True,100 mg/dL,keep,100 mg/dL,"Evidence: daytime highs look prandial/UAM, not a target that is too high; several 135 mg/dL temporary targets already lift some days. Uncertainty: target versus UAM timing not separated. Dependencies: keep daytime target while meal announcement is still unknown."
real_grok46_50,run_029,profile.target.23_00,profile,True,90 mg/dL,keep,90 mg/dL,Evidence: the 23:00 drop back to 90 mg/dL precedes the 00:00-03:00 TBR cluster. Uncertainty: IOB carryover remains the competing cause. Dependencies: same withhold as target 00:00 and basal 00:00; one overnight IOB log should be read before any target discussion.
real_grok46_50,run_029,profile.dia,profile,True,10 h,keep,10 h,"Evidence: 10 h DIA is compatible with late IOB into 00:00-03:00 and with GLP-1 delayed absorption, but there is no insulin-action curve. Uncertainty: shortening DIA could hide IOB and worsen lows. Dependencies: DIA, DynISF, and SMB must not be edited together."
real_grok46_50,run_029,aaps.core.smb_uam,aaps,True,smb_enabled=true; uam_enabled=true,keep,smb_enabled=true; uam_enabled=true,"Evidence: observed strategy is UAM-first with COB always 0. Uncertainty: disabling UAM without announced meals would leave afternoon TAR uncovered. Dependencies: empty meal_strategies; keep UAM until intakes are logged. No source component is null, so verify is not used."
real_grok46_50,run_029,aaps.core.smb_activation,aaps,True,smb_always_enabled=true; smb_with_cob_enabled=false; smb_after_carbs_enabled=false; smb_with_temp_target_enabled=true; smb_with_high_temp_target_enabled=false,keep,smb_always_enabled=true; smb_with_cob_enabled=false; smb_after_carbs_enabled=false; smb_with_temp_target_enabled=true; smb_with_high_temp_target_enabled=false,"Evidence: cob/after-carbs false matches zero announced carbs; high-TT false matches 135 mg/dL temporary targets. Uncertainty: always-on SMB plus overnight target 90 mg/dL may add night insulin, but that is not proof the flags are mis-set. Dependencies: activation should stay while the meal pathway is UAM-only."
real_grok46_50,run_029,aaps.core.smb_delivery,aaps,True,smb_interval_minutes=3 min; max_smb_basal_minutes=15 min; max_uam_smb_basal_minutes=20 min,keep,smb_interval_minutes=3 min; max_smb_basal_minutes=15 min; max_uam_smb_basal_minutes=20 min,"Evidence: listed 15/20 min caps imply small SMBs, but reasons show larger custom microboluses and UAM boosts. Uncertainty: editing these minutes may not change live doses. Dependencies: custom loop logic; do not change delivery together with DynISF or ISF. Remaining temp time in reasons is not the 3 min interval."
real_grok46_50,run_029,aaps.core.safety_limits,aaps,True,max_basal_u_per_hour=12 U/h; max_iob_units=25 U,keep,max_basal_u_per_hour=12 U/h; max_iob_units=25 U,"Evidence: observed delivery was gated near 4 U/h maxSafeBasal and sampled IOB peaked near 5.9 U, so 12 U/h and 25 U were not binding causes. Uncertainty: lowering unused ceilings would not rewrite 10:00-19:00 behavior. Dependencies: not a substitute for basal or ISF review; keep unless later IOB climbs toward the cap."
real_grok46_50,run_029,aaps.core.sensitivity,aaps,True,autosens_enabled=false; dynamic_sensitivity_enabled=true; autosens_raises_target=false; autosens_lowers_target=false; dynamic_isf_adjustment_factor_percent=70 %,keep,autosens_enabled=false; dynamic_sensitivity_enabled=true; autosens_raises_target=false; autosens_lowers_target=false; dynamic_isf_adjustment_factor_percent=70 %,"Evidence: Autosens is off; DynISF 70% produced variable_sens about 28-43 at peaks and is implicated in post-peak crashes. Uncertainty: DynISF is not separated from UAM boosts and missed meal boluses, so a factor change is unsupported. Dependencies: do not change DynISF with profile ISF or SMB. A sensitivity_ratio of 1 is not disabled Autosens."
real_grok46_50,run_029,aaps.core.carb_absorption,aaps,True,min_5m_carbimpact=8 mg/dL/5 min; meal_max_absorption_hours=7 h,keep,min_5m_carbimpact=8 mg/dL/5 min; meal_max_absorption_hours=7 h,Evidence: both settings were idle with 0 g carbs and COB 0. Uncertainty: they cannot explain this fortnight. Dependencies: only relevant after meals are announced; e-carbs were not used and are not an extended bolus.
real_grok46_50,run_030,profile.basal.00_00,profile,True,0.6 U/h,keep,0.6 U/h,"Evidence: local 00:00-01:00 means 93 and 91 mg/dL with TBR 11.4% and 18.5% at target 90. Uncertainty: leftover IOB and always-on SMB are competing causes. Dependencies: night target 90, DIA 10 h, SMB always enabled. Change withheld until IOB-separated nights are reviewed."
real_grok46_50,run_030,profile.basal.05_00,profile,True,0.7 U/h,keep,0.7 U/h,"Evidence: local 05:00 mean 104.2 mg/dL, TIR 95.2%, TAR 0%. Uncertainty: one later 42 mg/dL sits in the following hour on a single day. Dependencies: 06:00 basal and overnight IOB. No isolated fasting defect."
real_grok46_50,run_030,profile.basal.06_00,profile,True,0.8 U/h,keep,0.8 U/h,Evidence: local 06:00-08:00 remains in range with TIR 97.5-98.7% and means near 100-110 mg/dL. Uncertainty: isolated August 21 06:19 reading of 42 mg/dL. Dependencies: dawn target still 90 until 08:00. One extreme does not define the segment.
real_grok46_50,run_030,profile.basal.10_00,profile,True,0.7 U/h,keep,0.7 U/h,"Evidence: local 10:00 mean 148 mg/dL and TAR 20.2% while carbs are unlogged and UAM is active. Uncertainty: meal versus basal cannot be split. Dependencies: CR unused, SMB/UAM, daytime target 100. Not labeled a low-basal defect."
real_grok46_50,run_030,profile.basal.16_00,profile,True,0.5 U/h,keep,0.5 U/h,"Evidence: this is already the lowest basal while 16:00 mean is 162.8 mg/dL and TAR is 32.1%, then 18:00-19:00 TBR appears. Uncertainty: UAM stacking and DynISF explain peak-then-crash at least as well. Dependencies: 18:00-19:00 basal step-up, SMB interval 3 min, hypo risk. Cutting further is unsupported."
real_grok46_50,run_030,profile.basal.18_00,profile,True,0.6 U/h,keep,0.6 U/h,"Evidence: local 18:00 mean 124.2 mg/dL with TBR 7.7% during the post-peak fall. Uncertainty: afternoon IOB versus this 0.1 U/h step. Dependencies: 16:00 0.5 U/h, 19:00 0.7 U/h, GLP-1 notes. No isolated basal change."
real_grok46_50,run_030,profile.basal.19_00,profile,True,0.7 U/h,keep,0.7 U/h,"Evidence: local 19:00 TBR 15.3% and mean 105.4 mg/dL after the afternoon peak. Uncertainty: this segment overlaps residual UAM/SMB IOB more than a true fasting basal test. Dependencies: 16:00-18:00 pattern, DIA 10 h, night target 90. Keep until evenings with low IOB are seen."
real_grok46_50,run_030,profile.cr.00_00,profile,True,13 g/U,keep,13 g/U,Evidence: no carb treatments in the period. Uncertainty: CR is unused in observed execution. Dependencies: empty declared meal_strategies and UAM-first automation. No meal-linked change is supported.
real_grok46_50,run_030,profile.cr.04_00,profile,True,11.1 g/U,keep,11.1 g/U,Evidence: carb_entries=0 and no overnight meal boluses. Uncertainty: cannot test a 04:00 CR. Dependencies: unused carb log. Keep the declared value.
real_grok46_50,run_030,profile.cr.08_00,profile,True,13.2 g/U,keep,13.2 g/U,"Evidence: late-morning rise occurs with COB 0, so UAM, not this CR, delivered insulin. Uncertainty: unannounced breakfast versus CR mismatch. Dependencies: meal logging, SMB/UAM. Change withheld."
real_grok46_50,run_030,profile.cr.16_00,profile,True,10.5 g/U,keep,10.5 g/U,Evidence: afternoon TAR exists but no grams were entered against this stronger CR. Uncertainty: unused CR cannot explain or fix the peak. Dependencies: UAM/DynISF and evening hypo risk. Keep.
real_grok46_50,run_030,profile.cr.20_00,profile,True,12.6 g/U,keep,12.6 g/U,Evidence: evening TBR and night drift occur with COB 0. Uncertainty: no dinner carb tests. Dependencies: residual IOB and night target. Keep.
real_grok46_50,run_030,profile.isf.00_00,profile,True,56 mg/dL/U,keep,56 mg/dL/U,"Evidence: snapshots show variable_sens from about 28 to 124 mg/dL/U while profile ISF stays 56, and correction windows are contaminated by SMB and temp basal. Uncertainty: DynISF 70% blocks a static ISF read. Dependencies: automation_sensitivity_limits, DIA, hypo clusters. Strengthening or weakening ISF is unsupported."
real_grok46_50,run_030,profile.target.00_00,profile,True,90 mg/dL,keep,90 mg/dL,"Evidence: overnight TBR occurs at this 90 mg/dL target with SMB always on. Uncertainty: target versus basal versus IOB is unresolved. Dependencies: profile.target.23_00, aaps.core.smb_activation, overnight basal. Do not raise target in the same step as a basal or SMB change."
real_grok46_50,run_030,profile.target.08_00,profile,True,100 mg/dL,keep,100 mg/dL,Evidence: daytime target is already higher than night while afternoon TAR is meal-and-UAM timed. Uncertainty: whether 100 mg/dL is protective or simply unused during UAM boosts. Dependencies: SMB always on and missing carbs. Keep.
real_grok46_50,run_030,profile.target.23_00,profile,True,90 mg/dL,keep,90 mg/dL,"Evidence: local 23:00 TBR 10.1% begins the overnight down-drift. Uncertainty: same three-way tie as 00:00 target and 00:00 basal. Dependencies: SMB always enabled, evening IOB, DIA 10 h. Keep until the overnight check is done."
real_grok46_50,run_030,profile.dia,profile,True,10 h,keep,10 h,"Evidence: insulin type is free_peak_oref and afternoon insulin can still be active in the 23:00-03:00 TBR window. Uncertainty: no clean decay study. Dependencies: ISF, SMB, overnight lows. Shortening DIA would hide IOB and is unsupported."
real_grok46_50,run_030,aaps.core.smb_uam,aaps,True,smb_enabled=true; uam_enabled=true,keep,smb_enabled=true; uam_enabled=true,"Evidence: COB is 0 in sampled statuses and UAM boosts appear during unlogged daytime rises. Uncertainty: turning UAM down would leave unannounced meals uncovered, while leaving it on continues evening overshoot risk. Dependencies: empty carb log, night TBR, profile ISF. Values are present so the decision is keep, not verify."
real_grok46_50,run_030,aaps.core.smb_activation,aaps,True,smb_always_enabled=true; smb_with_cob_enabled=false; smb_after_carbs_enabled=false; smb_with_temp_target_enabled=true; smb_with_high_temp_target_enabled=false,keep,smb_always_enabled=true; smb_with_cob_enabled=false; smb_after_carbs_enabled=false; smb_with_temp_target_enabled=true; smb_with_high_temp_target_enabled=false,Evidence: smb_always_enabled makes COB activation flags idle and allows overnight SMB at target 90; high-TT 135 events match high-TT SMB off. Uncertainty: always-on SMB is a competing overnight hypo cause. Dependencies: night targets and basal. Do not change activation with basal or target.
real_grok46_50,run_030,aaps.core.smb_delivery,aaps,True,smb_interval_minutes=3 min; max_smb_basal_minutes=15 min; max_uam_smb_basal_minutes=20 min,keep,smb_interval_minutes=3 min; max_smb_basal_minutes=15 min; max_uam_smb_basal_minutes=20 min,"Evidence: configured interval is 3 minutes; remaining minutes in reason strings are not that interval. Observed SMB sometimes exceeds a simple 15-20 minute basal cap because of other reason-string boosts. Uncertainty: custom logic versus these three fields. Dependencies: DynISF, hypo risk after peaks. No isolated delivery-field change."
real_grok46_50,run_030,aaps.core.safety_limits,aaps,True,max_basal_u_per_hour=12 U/h; max_iob_units=25 U,keep,max_basal_u_per_hour=12 U/h; max_iob_units=25 U,"Evidence: observed IOB peaked near 4.7-5.9 U and enacted temps hit an internal ceiling near 4 U/h, so 12 U/h and 25 U did not bind. Uncertainty: dilute-insulin labeling makes large unit caps hard to interpret. Dependencies: not a substitute for profile or SMB review. Headroom is unused; no supported numeric change."
real_grok46_50,run_030,aaps.core.sensitivity,aaps,True,autosens_enabled=false; dynamic_sensitivity_enabled=true; autosens_raises_target=false; autosens_lowers_target=false; dynamic_isf_adjustment_factor_percent=70 %,keep,autosens_enabled=false; dynamic_sensitivity_enabled=true; autosens_raises_target=false; autosens_lowers_target=false; dynamic_isf_adjustment_factor_percent=70 %,"Evidence: Autosens is off; DynISF 70% produced variable_sens far from 56 and a sensitivity_ratio of 1 is only a neutral reading. Uncertainty: DynISF may both cover unlogged meals and worsen 14:00-19:00 peak-crash. Dependencies: profile ISF 56, SMB/UAM, TBR. Do not change DynISF in the same step as ISF or SMB."
real_grok46_50,run_030,aaps.core.carb_absorption,aaps,True,min_5m_carbimpact=8 mg/dL/5 min; meal_max_absorption_hours=7 h,keep,min_5m_carbimpact=8 mg/dL/5 min; meal_max_absorption_hours=7 h,"Evidence: COB stayed 0 and there were no e-carb or regular carb entries, so these fields were idle. Uncertainty: they cannot be validated or blamed. Dependencies: meal logging. Keep until carb entries exist."
real_grok46_50,run_031,profile.basal.00_00,profile,True,0.6 U/h,keep,0.6 U/h,"Evidence: local hours 00:00-03:00 show time below range about 10-18% with means near the 90 mg/dL target. Uncertainty: sampled loop rows often already reduce basal at the trough, so residual IOB may dominate. Dependencies: overnight target, DIA, evening UAM. Change withheld because the fork is unresolved."
real_grok46_50,run_031,profile.basal.05_00,profile,True,0.7 U/h,keep,0.7 U/h,Evidence: hours 05:00-06:00 are mostly in range with low time below range. Uncertainty: one 42 mg/dL reading near 07:19 local on 21 Aug is an outlier. Dependencies: adjacent 06:00 basal and overnight IOB. No isolated fasting rise or fall supports a change.
real_grok46_50,run_031,profile.basal.06_00,profile,True,0.8 U/h,keep,0.8 U/h,Evidence: hours 06:00-08:00 have time in range 98-99% and means about 99-110 mg/dL. Uncertainty: later morning rise from 09:00 is more consistent with intake or UAM than with this segment. Dependencies: 08:00 target step and unlogged breakfast. Change unsupported.
real_grok46_50,run_031,profile.basal.10_00,profile,True,0.7 U/h,keep,0.7 U/h,Evidence: late-morning and midday time above range occurs with COB 0 and UAM language in loop reasons. Uncertainty: meals versus basal cannot be split. Dependencies: SMB/UAM and Dynamic ISF. Afternoon highs are not labeled a 10:00 basal defect.
real_grok46_50,run_031,profile.basal.16_00,profile,True,0.5 U/h,keep,0.5 U/h,"Evidence: hour 16:00 is the highest mean and time-above-range hour and coincides with this basal cut. Uncertainty: this is also the strongest unannounced-meal window. Dependencies: UAM, DynISF, and missing carb diary. Raising this basal remains the weakest competing explanation."
real_grok46_50,run_031,profile.basal.18_00,profile,True,0.6 U/h,keep,0.6 U/h,"Evidence: hour 18:00 already mixes time above and below range as afternoon IOB arrives. Uncertainty: not a clean fasting segment. Dependencies: 16:00 and 19:00 basal, DIA, SMB. No isolated drift supports a change."
real_grok46_50,run_031,profile.basal.19_00,profile,True,0.7 U/h,keep,0.7 U/h,"Evidence: hour 19:00 local has 15.3% time below range and 41 mg/dL extremes on 14 Aug after afternoon highs. Uncertainty: boosted UAM IOB and the basal step are not separated. Dependencies: afternoon SMB/DynISF, DIA 10 h, night target. Highest-interest segment, but change is unsupported until the planned evening IOB check."
real_grok46_50,run_031,profile.cr.00_00,profile,True,13 g/U,keep,13 g/U,"Evidence: zero carb entries and COB 0, so this CR was idle in telemetry. Uncertainty: hidden bolus-calculator use is possible but unseen. Dependencies: declared meal_strategies empty. No meal-linked dose-fit is available."
real_grok46_50,run_031,profile.cr.04_00,profile,True,11.1 g/U,keep,11.1 g/U,Evidence: no overnight or dawn carb treatments. Uncertainty: CR cannot be validated. Dependencies: empty meal declaration. Keep the listed value rather than inventing a fit.
real_grok46_50,run_031,profile.cr.08_00,profile,True,13.2 g/U,keep,13.2 g/U,Evidence: morning rise occurs without carb records; coverage looks like late UAM. Uncertainty: if wizard boluses were used they are not in Nightscout. Dependencies: SMB/UAM. Change unsupported.
real_grok46_50,run_031,profile.cr.16_00,profile,True,10.5 g/U,keep,10.5 g/U,"Evidence: stronger afternoon CR would matter only if meals were carb-bolused; they were not recorded. Uncertainty: evening lows can be misread as a CR effect. Dependencies: UAM, DynISF, 19:00 basal. Idle CR is not adjusted."
real_grok46_50,run_031,profile.cr.20_00,profile,True,12.6 g/U,keep,12.6 g/U,Evidence: no evening carb entries. Uncertainty: residual UAM IOB dominates this clock window. Dependencies: DIA and night target. No meal-linked evidence for a CR change.
real_grok46_50,run_031,profile.isf.00_00,profile,True,56 mg/dL/U,keep,56 mg/dL/U,"Evidence: delivered variable_sens ranged about 28-124 with Dynamic ISF 70%, so 56 is a center point, not the enacted sensitivity. Uncertainty: rule-of-thumb 1800/TDD is not a test and dilution is unknown. Dependencies: DynISF, SMB, DIA. Profile ISF and DynISF must not be changed together; neither is changed."
real_grok46_50,run_031,profile.target.00_00,profile,True,90 mg/dL,keep,90 mg/dL,"Evidence: overnight means sit on 90 mg/dL while time below range is high, so the target is aggressive relative to observed minima. Uncertainty: residual dinner IOB may still cause lows if the target were higher. Dependencies: basal 00:00, always-on SMB, DIA. Safety lock is do not lower this target; raising it is also withheld until IOB is observed."
real_grok46_50,run_031,profile.target.08_00,profile,True,100 mg/dL,keep,100 mg/dL,"Evidence: daytime target 100 mg/dL is only a modest buffer and does not match 14:00-17:00 peaks, which look meal or UAM timed. Uncertainty: temporary targets to 135 mg/dL already appear on some high days. Dependencies: SMB activation with temporary targets. No isolated daytime target defect."
real_grok46_50,run_031,profile.target.23_00,profile,True,90 mg/dL,keep,90 mg/dL,Evidence: this segment returns the night target to 90 mg/dL as overnight time below range begins. Uncertainty: same residual-IOB fork as target 00:00. Dependencies: evening basal and UAM. Kept with the rest of the night target; not lowered.
real_grok46_50,run_031,profile.dia,profile,True,10 h,keep,10 h,"Evidence: long DIA can keep afternoon UAM on the IOB books into hour 19, matching fork C. Uncertainty: the loop may also overstate remaining insulin, and free-peak peak time is unknown. Dependencies: ISF, DynISF, SMB. DIA is not changed with those settings."
real_grok46_50,run_031,aaps.core.smb_uam,aaps,True,smb_enabled=true; uam_enabled=true,keep,smb_enabled=true; uam_enabled=true,"Evidence: zero COB and UAM reason strings show this pair is the meal system. Uncertainty: boosts can overshoot. Dependencies: profile basal, DynISF, evening hypo lock. Disabling either would be a second meal-insulin redesign, not a supported isolated fix. No source component is null, so verify is not used."
real_grok46_50,run_031,aaps.core.smb_activation,aaps,True,smb_always_enabled=true; smb_with_cob_enabled=false; smb_after_carbs_enabled=false; smb_with_temp_target_enabled=true; smb_with_high_temp_target_enabled=false,keep,smb_always_enabled=true; smb_with_cob_enabled=false; smb_after_carbs_enabled=false; smb_with_temp_target_enabled=true; smb_with_high_temp_target_enabled=false,Evidence: SMB always on makes the COB and after-carbs flags idle and matches unannounced meals. High temporary target SMB off is consistent with 135 mg/dL temporary targets. Uncertainty: always-on SMB can nibble overnight near target 90. Dependencies: targets and UAM. Internally consistent; change unsupported.
real_grok46_50,run_031,aaps.core.smb_delivery,aaps,True,smb_interval_minutes=3 min; max_smb_basal_minutes=15 min; max_uam_smb_basal_minutes=20 min,keep,smb_interval_minutes=3 min; max_smb_basal_minutes=15 min; max_uam_smb_basal_minutes=20 min,"Evidence: configured minutes are not the full delivered policy because sampled reasons show UAM boosts larger than 15-20 minutes of profile basal. Uncertainty: custom fork logic is only partly visible. Dependencies: max basal, DynISF, profile basal. Remaining time in a reason string is not the 3 minute interval. The inventory trio is kept rather than retuned around an unseen booster."
real_grok46_50,run_031,aaps.core.safety_limits,aaps,True,max_basal_u_per_hour=12 U/h; max_iob_units=25 U,keep,max_basal_u_per_hour=12 U/h; max_iob_units=25 U,"Evidence: observed IOB peaks near 6 U never approached 25 U, and one enactment clipped near 4 U/h rather than 12 U/h. Uncertainty: unused headroom did not prevent 41-42 mg/dL lows. Dependencies: SMB boosts and DynISF. These caps are not the demonstrated binding constraint, so they are not changed as a substitute for the evening observation."
real_grok46_50,run_031,aaps.core.sensitivity,aaps,True,autosens_enabled=false; dynamic_sensitivity_enabled=true; autosens_raises_target=false; autosens_lowers_target=false; dynamic_isf_adjustment_factor_percent=70 %,keep,autosens_enabled=false; dynamic_sensitivity_enabled=true; autosens_raises_target=false; autosens_lowers_target=false; dynamic_isf_adjustment_factor_percent=70 %,"Evidence: Autosens is off while variable_sens still swung widely, so Dynamic ISF 70% is the active high-BG lever. A sensitivity_ratio of 1 is neutral, not disabled Autosens. Uncertainty: DynISF and profile ISF 56 are dependent. Dependencies: SMB/UAM and afternoon highs. Neither DynISF nor ISF is changed in this pass."
real_grok46_50,run_031,aaps.core.carb_absorption,aaps,True,min_5m_carbimpact=8 mg/dL/5 min; meal_max_absorption_hours=7 h,keep,min_5m_carbimpact=8 mg/dL/5 min; meal_max_absorption_hours=7 h,Evidence: with carb_entries 0 and COB 0 these settings are idle and do not create UAM. Uncertainty: they would matter only after announced carbs or e-carbs exist. Dependencies: empty meal_strategies. No meal-linked absorption evidence supports a change.
real_grok46_50,run_032,profile.basal.00_00,profile,True,0.6 U/h,keep,0.6 U/h,"Evidence: local 00:00-03:00 TBR is high but means sit near 90-106 mg/dL and the loop already zeros basal when predicted low. Uncertainty: leftover evening IOB versus this rate is not split. Dependencies: target 90, DIA 10 h, and afternoon SMB/UAM; do not lower this rate in the same step as those."
real_grok46_50,run_032,profile.basal.05_00,profile,True,0.7 U/h,keep,0.7 U/h,Evidence: 05:00 local TBR is 4.8 percent with mean 104.2 mg/dL. Uncertainty: single 21 Aug 06:19 low is nearby but later. Dependencies: 00:00 and 06:00 segments; no isolated fasting test supports a change.
real_grok46_50,run_032,profile.basal.06_00,profile,True,0.8 U/h,keep,0.8 U/h,Evidence: 06:00-07:00 TIR is 97.5-98.7 percent. Uncertainty: one 42 mg/dL point on 21 Aug 06:19 is not a repeated dawn defect. Dependencies: morning rise after 08:00 is more meal/UAM than this step.
real_grok46_50,run_032,profile.basal.10_00,profile,True,0.7 U/h,keep,0.7 U/h,Evidence: 10:00 TAR 20.2 percent occurs with COB 0 and likely breakfast; basal is already falling from 0.8. Uncertainty: meal versus basal not separable. Dependencies: unused CR 13.2 and always-on UAM.
real_grok46_50,run_032,profile.basal.16_00,profile,True,0.5 U/h,keep,0.5 U/h,"Evidence: 16:00 is the highest TAR hour while this is the lowest basal, opposite a too-low-basal story. Uncertainty: unlogged meals dominate. Dependencies: afternoon SMB/UAM and 16:00 CR 10.5, which was not used."
real_grok46_50,run_032,profile.basal.18_00,profile,True,0.6 U/h,keep,0.6 U/h,"Evidence: 18:00 TBR 7.7 percent with min 42 mg/dL follows 14:00-17:00 insulin, not a high basal step. Uncertainty: activity and GLP-1 unmeasured. Dependencies: DIA/IOB tail and SMB delivery; do not cut this with SMB changes."
real_grok46_50,run_032,profile.basal.19_00,profile,True,0.7 U/h,keep,0.7 U/h,Evidence: 19:00 TBR 15.3 percent is the evening crash window after afternoon stacking. Uncertainty: rate 0.7 versus incoming IOB not isolated. Dependencies: 16:00-18:00 basal already lower; automation and corrections are the leading alternate.
real_grok46_50,run_032,profile.cr.00_00,profile,True,13 g/U,keep,13 g/U,"Evidence: zero carb entries, so this CR did not set meal insulin. Uncertainty: overnight eating cannot be excluded. Dependencies: UAM path; changing CR would not explain this fortnight."
real_grok46_50,run_032,profile.cr.04_00,profile,True,11.1 g/U,keep,11.1 g/U,Evidence: no carbs logged in this window; 04:00-08:00 is not a TAR cluster. Uncertainty: unused strong CR is theoretical only. Dependencies: meal diary before any CR edit.
real_grok46_50,run_032,profile.cr.08_00,profile,True,13.2 g/U,keep,13.2 g/U,"Evidence: 08:00-10:00 rise exists but COB stayed 0, so UAM/SMB delivered the meal insulin. Uncertainty: true breakfast size unknown. Dependencies: do not add a full CR bolus on top of always-on UAM without new logs."
real_grok46_50,run_032,profile.cr.16_00,profile,True,10.5 g/U,keep,10.5 g/U,Evidence: strongest CR covers the peak-and-crash window but received no carb input. Uncertainty: if any unlogged user bolus used this CR it could worsen 18:00-19:00 TBR. Dependencies: afternoon SMB/UAM and hypo constraint.
real_grok46_50,run_032,profile.cr.20_00,profile,True,12.6 g/U,keep,12.6 g/U,Evidence: unused without carb entries; 20:00-22:00 is not the primary TAR block. Uncertainty: late snacks not documented. Dependencies: evening IOB already high from earlier automation.
real_grok46_50,run_032,profile.isf.00_00,profile,True,56 mg/dL/U,keep,56 mg/dL/U,"Evidence: delivered variable_sens ranged about 28-124 while DynISF 70 percent was on, so 56 was not the acting ISF. Uncertainty: U200 units and stacked SMB confound correction windows. Dependencies: aaps.core.sensitivity; do not change profile ISF while DynISF stays on."
real_grok46_50,run_032,profile.target.00_00,profile,True,90 mg/dL,keep,90 mg/dL,"Evidence: 01:00 mean 90.6 mg/dL with TBR 18.5 percent shows a thin buffer, but lows also match IOB tail. Uncertainty: target versus basal versus DIA not separated. Dependencies: profile.target.23_00, 00:00 basal, SMB/DynISF; raising target remains a later single-lever buffer, not a supported change now."
real_grok46_50,run_032,profile.target.08_00,profile,True,100 mg/dL,keep,100 mg/dL,Evidence: daytime 100 is modest and does not explain 14:00-16:00 means 148-163. Uncertainty: none material for this segment. Dependencies: not implicated in overnight TBR.
real_grok46_50,run_032,profile.target.23_00,profile,True,90 mg/dL,keep,90 mg/dL,Evidence: 23:00 TBR 10.1 percent and mean 105.7 mg/dL; this target hands off to 00:00 at 90. Uncertainty: same IOB-tail competition as overnight. Dependencies: must not change with 00:00 target or basal in one step.
real_grok46_50,run_032,profile.dia,profile,True,10 h,keep,10 h,Evidence: 10 h can keep afternoon insulin active at 00:00-03:00 and matches free_peak_oref remaining IOB in sampled statuses. Uncertainty: peak timing not independently tested. Dependencies: shortening DIA would hide IOB and is not supported while overnight TBR is unexplained.
real_grok46_50,run_032,aaps.core.smb_uam,aaps,True,smb_enabled=true; uam_enabled=true,keep,smb_enabled=true; uam_enabled=true,Evidence: with COB 0 this pair is the only closed-loop meal path and also the likely afternoon stacker. Uncertainty: disabling UAM without announced carbs would leave no meal response. Dependencies: smb_activation always-on; meal diary first.
real_grok46_50,run_032,aaps.core.smb_activation,aaps,True,smb_always_enabled=true; smb_with_cob_enabled=false; smb_after_carbs_enabled=false; smb_with_temp_target_enabled=true; smb_with_high_temp_target_enabled=false,keep,smb_always_enabled=true; smb_with_cob_enabled=false; smb_after_carbs_enabled=false; smb_with_temp_target_enabled=true; smb_with_high_temp_target_enabled=false,"Evidence: always-on plus COB-off is internally consistent and matches UAM-only execution; high TT 135 aligns with high-TT SMB false. Uncertainty: turning always-on off would leave SMB only with temp targets. Dependencies: do not flip always-on in the same step as interval, DynISF, or new carb announcements."
real_grok46_50,run_032,aaps.core.smb_delivery,aaps,True,smb_interval_minutes=3 min; max_smb_basal_minutes=15 min; max_uam_smb_basal_minutes=20 min,keep,smb_interval_minutes=3 min; max_smb_basal_minutes=15 min; max_uam_smb_basal_minutes=20 min,"Evidence: 3-minute interval and sampled boosts can stack into evening IOB, but stock 15/20 minute caps already understate delivered SMB size on this fork. Uncertainty: a numeric cap change may not bind UAM High Boost. Dependencies: DynISF and always-on UAM; not a first change."
real_grok46_50,run_032,aaps.core.safety_limits,aaps,True,max_basal_u_per_hour=12 U/h; max_iob_units=25 U,keep,max_basal_u_per_hour=12 U/h; max_iob_units=25 U,"Evidence: observed cap was maxSafeBasal about 4 U/h, not 12; harm occurred near 5-6 U IOB, well below 25. Uncertainty: a lower IOB cap would be a future guard, not an explanation of this fortnight. Dependencies: multipliers and TDD; do not pair a limit edit with SMB or DynISF."
real_grok46_50,run_032,aaps.core.sensitivity,aaps,True,autosens_enabled=false; dynamic_sensitivity_enabled=true; autosens_raises_target=false; autosens_lowers_target=false; dynamic_isf_adjustment_factor_percent=70 %,keep,autosens_enabled=false; dynamic_sensitivity_enabled=true; autosens_raises_target=false; autosens_lowers_target=false; dynamic_isf_adjustment_factor_percent=70 %,"Evidence: DynISF is the acting ISF (variable_sens far from 56) and can both flatten highs and overshoot. Autosens is already off; sensitivity_ratio 1 is neutral, not a hidden Autosens-off proof. Uncertainty: 70 percent versus GLP-1 effect not split. Dependencies: profile ISF and SMB; keep until overnight IOB is observed."
real_grok46_50,run_032,aaps.core.carb_absorption,aaps,True,min_5m_carbimpact=8 mg/dL/5 min; meal_max_absorption_hours=7 h,keep,min_5m_carbimpact=8 mg/dL/5 min; meal_max_absorption_hours=7 h,"Evidence: settings were idle at COB 0 and did not double-count carbs. Uncertainty: if carbs are entered later with UAM still on, 7 h absorption could stack. Dependencies: empty meal_strategies and unused CR; no e-carb duration exists to infer."
real_grok46_50,run_033,profile.basal.00_00,profile,True,0.6 U/h,keep,0.6 U/h,"Overnight TBR exists, but mean glucose is near the 90 mg/dL target rather than clearly below it, so basal excess is not separated from target and DIA IOB. Evidence: local 00:00-03:00 averages 90-106 mg/dL. Uncertainty: u200 note and evening IOB. Dependency: complete the overnight-target review first."
real_grok46_50,run_033,profile.basal.05_00,profile,True,0.7 U/h,keep,0.7 U/h,Local 05:00-06:00 TIR is about 95-97% with low TAR. Evidence: hourly_glucose_local hours 5-6. Uncertainty: one 42 mg/dL near 07:19 local on 21 Aug. Dependency: not a first safety lever.
real_grok46_50,run_033,profile.basal.06_00,profile,True,0.8 U/h,keep,0.8 U/h,06:00-08:00 is the most stable clock block (TIR about 98-99%). Morning later TAR starts after this window and is meal/UAM-like. Evidence: hourly_glucose_local hours 6-8. Uncertainty: no formal fasting test. Dependency: do not raise this segment to treat 09:00-10:00 TAR.
real_grok46_50,run_033,profile.basal.10_00,profile,True,0.7 U/h,keep,0.7 U/h,"Late-morning TAR occurs with cob 0 and UAM/SMB active, so a basal defect is not established. Evidence: hour 10 TAR 20.2% after a flat 06:00-08:00. Uncertainty: unlogged intake and GLP-1. Dependency: meal and SMB stages."
real_grok46_50,run_033,profile.basal.16_00,profile,True,0.5 U/h,keep,0.5 U/h,"This is the lowest basal, yet 16:00 has the highest TAR, then 19:00 has high TBR. Raising it would likely add IOB into the crash. Evidence: hour 16 TAR 32.1% and hour 19 TBR 15.3%. Uncertainty: unlogged meals. Dependency: UAM/SMB/DynISF already chasing this rise."
real_grok46_50,run_033,profile.basal.18_00,profile,True,0.6 U/h,keep,0.6 U/h,"18:00-19:00 is a fall into hypo after afternoon insulin, not an under-basal plateau. Evidence: averages fall from 163 at 16:00 to 105 at 19:00 with min 41. Uncertainty: mixed IOB sources. Dependency: withhold until overnight target and later SMB/DynISF are reviewed separately."
real_grok46_50,run_033,profile.basal.19_00,profile,True,0.7 U/h,keep,0.7 U/h,19:00 TBR is better explained by stacked afternoon IOB than by this 0.7 U/h segment alone. Cutting it now would confound the target experiment. Evidence: therapy windows with large 120-minute falls after afternoon insulin. Uncertainty: occlusion day 19 Aug. Dependency: DIA 10 h and SMB/UAM.
real_grok46_50,run_033,profile.cr.00_00,profile,True,13 g/U,keep,13 g/U,No carb entries exist to test CR. Evidence: total_carbs_g 0 and cob 0. Uncertainty: high. Dependency: meals are UAM-driven.
real_grok46_50,run_033,profile.cr.04_00,profile,True,11.1 g/U,keep,11.1 g/U,Unused in this dataset. Evidence: empty carb_treatment_entries. Uncertainty: high. Dependency: do not use CR to treat overnight TBR.
real_grok46_50,run_033,profile.cr.08_00,profile,True,13.2 g/U,keep,13.2 g/U,Morning TAR is unannounced and not a logged-carb miss. Evidence: cob 0 in daytime loop frames. Uncertainty: high. Dependency: UAM/SMB.
real_grok46_50,run_033,profile.cr.16_00,profile,True,10.5 g/U,keep,10.5 g/U,Strongest CR coincides with both peak TAR and later crash; without carb logs it is not actionable and should not be tightened. Evidence: CR 10.5 from 16:00 versus hour 16-19 oscillator. Uncertainty: high. Dependency: DynISF and UAM already over-deliver.
real_grok46_50,run_033,profile.cr.20_00,profile,True,12.6 g/U,keep,12.6 g/U,No evening carb tests. Evidence: zero carb entries. Uncertainty: high. Dependency: leftover IOB and target review first.
real_grok46_50,run_033,profile.isf.00_00,profile,True,56 mg/dL/U,keep,56 mg/dL/U,"Enacted sensitivity is DynISF, not flat 56. Strengthening ISF would add risk on top of variable_sens about 28-43 at highs. Evidence: loop variable_sens range about 28-124; autosens off and DynISF on. Uncertainty: fork boost text. Dependency: do not change ISF while DynISF remains on."
real_grok46_50,run_033,profile.target.00_00,profile,True,90 mg/dL,change,100 mg/dL,01:00 local average 90.6 mg/dL with TBR 18.5% and no TAR shows the distribution straddling hypo around a 90 target. A 100 mg/dL candidate matches the daytime target and is one insulin-reducing experiment. Evidence: hourly_glucose_local hours 0-3; overnight target 90. Uncertainty: residual evening IOB and 13 Aug profile note. Dependency: keep 00:00 basal unchanged during this review.
real_grok46_50,run_033,profile.target.08_00,profile,True,100 mg/dL,keep,100 mg/dL,"Daytime target 100 is not the overnight hypo driver and is not too high as a basal problem. Evidence: daytime TAR clusters with UAM, not with this target. Uncertainty: TT 135 overlays. Dependency: overnight target change only."
real_grok46_50,run_033,profile.target.23_00,profile,True,90 mg/dL,change,100 mg/dL,"The 23:00 segment starts the same overnight 90 mg/dL policy that runs into 00:00-03:00 TBR. Changing it together with 00:00 is one overnight-target review, not a second experiment. Evidence: hour 23 TBR 10.1% then rising TBR after midnight. Uncertainty: DIA carryover. Dependency: do not also cut 00:00 basal."
real_grok46_50,run_033,profile.dia,profile,True,10 h,keep,10 h,Late 19:00 and overnight lows after afternoon insulin fit a long action curve. Shortening DIA could understate IOB and worsen TBR. Evidence: dia_hours 10; free_peak_oref; evening crashes after afternoon IOB. Uncertainty: u200/dilute note. Dependency: no insulin-type change.
real_grok46_50,run_033,aaps.core.smb_uam,aaps,True,smb_enabled=true; uam_enabled=true,keep,smb_enabled=true; uam_enabled=true,This pair matches the observed no-carb workflow. Disabling it now would be a meal-strategy change stacked on a target change. Evidence: cob 0 and unannounced rises. Uncertainty: fork boost sizes. Dependency: target review first.
real_grok46_50,run_033,aaps.core.smb_activation,aaps,True,smb_always_enabled=true; smb_with_cob_enabled=false; smb_after_carbs_enabled=false; smb_with_temp_target_enabled=true; smb_with_high_temp_target_enabled=false,keep,smb_always_enabled=true; smb_with_cob_enabled=false; smb_after_carbs_enabled=false; smb_with_temp_target_enabled=true; smb_with_high_temp_target_enabled=false,Always-on SMB is hypo-relevant but is the same phenotype as DynISF; high-TT SMB is already off. No isolated activation flip is supported in the same step as the overnight target. Evidence: smb_always_enabled true; TT 135 events; night frames often already throttle. Uncertainty: medium. Dependency: safety_overview and target change.
real_grok46_50,run_033,aaps.core.smb_delivery,aaps,True,smb_interval_minutes=3 min; max_smb_basal_minutes=15 min; max_uam_smb_basal_minutes=20 min,keep,smb_interval_minutes=3 min; max_smb_basal_minutes=15 min; max_uam_smb_basal_minutes=20 min,"Configured caps look modest, but enacted SMBs can be larger per reason-string boosts. Changing interval and both caps together is unsupported, and any later single-lever review must wait. Evidence: 3/15/20 settings versus Microbolusing 0.3-0.4 U and SMB equals 1.6. Uncertainty: non-stock boost logic. Dependency: do not combine with DynISF or target in one step."
real_grok46_50,run_033,aaps.core.safety_limits,aaps,True,max_basal_u_per_hour=12 U/h; max_iob_units=25 U,keep,max_basal_u_per_hour=12 U/h; max_iob_units=25 U,"25 U max IOB and 12 U/h max basal are disproportionate to about 20 U/day and observed IOB about 6 U, but they did not bind this fortnight and must not change in the same step as overnight target. Keep now; review max_iob later as the next single automation item. Evidence: max_iob 25; peak snapshot IOB 5.935 U; enacted maxSafeBasal about 4 U/h. Uncertainty: u200 scaling. Dependency: finish target observation first."
real_grok46_50,run_033,aaps.core.sensitivity,aaps,True,autosens_enabled=false; dynamic_sensitivity_enabled=true; autosens_raises_target=false; autosens_lowers_target=false; dynamic_isf_adjustment_factor_percent=70 %,keep,autosens_enabled=false; dynamic_sensitivity_enabled=true; autosens_raises_target=false; autosens_lowers_target=false; dynamic_isf_adjustment_factor_percent=70 %,"Autosens is already off. DynISF 70% likely amplifies afternoon overshoot but shares one phenotype with always-on SMB, so it is not changed while the overnight target is reviewed. Evidence: variable_sens 28-43 at highs; autosens_enabled false. Uncertainty: how much is 70% versus fork extras. Dependency: profile ISF kept; SMB kept."
real_grok46_50,run_033,aaps.core.carb_absorption,aaps,True,min_5m_carbimpact=8 mg/dL/5 min; meal_max_absorption_hours=7 h,keep,min_5m_carbimpact=8 mg/dL/5 min; meal_max_absorption_hours=7 h,"COB never leaves 0, so these settings did not drive TBR or TAR. Evidence: carb_entries 0; cob 0. Uncertainty: not testable. Dependency: no e-carb introduction in this step."
real_grok46_50,run_034,profile.basal.00_00,profile,True,0.6 U/h,keep,0.6 U/h,"Evidence: local 00:00-03:00 means are near target but TBR is 10-18.5 percent. Uncertainty: leftover afternoon IOB, Dynamic ISF, SMB, and target 90 mg/dL are not separated. Dependencies: safety TBR brake and automation stack. A basal increase is unsupported."
real_grok46_50,run_034,profile.basal.05_00,profile,True,0.7 U/h,keep,0.7 U/h,Evidence: local 05:00-06:00 TIR is about 95-98 percent with little TAR. Uncertainty: true fasting nights are not labeled. Dependencies: adjacent 06:00 step already looks stable. No isolated defect.
real_grok46_50,run_034,profile.basal.06_00,profile,True,0.8 U/h,keep,0.8 U/h,Evidence: local 06:00-08:00 is the most stable window. Uncertainty: the 0.8 U/h step may be masking a small dawn rise or may be slightly high. Dependencies: later breakfast UAM. Changing this first is poorly supported.
real_grok46_50,run_034,profile.basal.10_00,profile,True,0.7 U/h,keep,0.7 U/h,"Evidence: late-morning rise occurs with COB 0 and no carb entries. Uncertainty: meals, TT 135, and UAM lag remain plausible. Dependencies: unused CR 13.2 g/U and always-on SMB. Not labeled a basal defect."
real_grok46_50,run_034,profile.basal.16_00,profile,True,0.5 U/h,keep,0.5 U/h,"Evidence: local hour 16 has the worst TAR, and high temps already compensate. Uncertainty: unlogged meals, GLP-1 delay, occlusion, and UAM lag co-explain the peak. Dependencies: evening TBR and SMB or Dynamic ISF. Raising this with automation would double-count."
real_grok46_50,run_034,profile.basal.18_00,profile,True,0.6 U/h,keep,0.6 U/h,Evidence: local 18:00 already shows falling means and rising TBR. Uncertainty: this may be residual IOB rather than scheduled basal. Dependencies: 16:00 and 19:00 segments plus UAM stack. No isolated change.
real_grok46_50,run_034,profile.basal.19_00,profile,True,0.7 U/h,keep,0.7 U/h,Evidence: local 19:00 TBR 15.3 percent with minima 41 mg/dL coincides with a basal increase. Uncertainty: the step versus leftover afternoon insulin is not separated. Dependencies: safety_overview and SMB or Dynamic ISF. Withhold a decrease until IOB-only nights are reviewed so a later rebound high is not created blindly.
real_grok46_50,run_034,profile.cr.00_00,profile,True,13 g/U,keep,13 g/U,Evidence: no carb treatments in this window. Uncertainty: CR is unused while UAM runs. Dependencies: empty meal declaration. Change is evidence-blocked.
real_grok46_50,run_034,profile.cr.04_00,profile,True,11.1 g/U,keep,11.1 g/U,Evidence: zero carb entries and COB 0. Uncertainty: cannot test 11.1 g/U. Dependencies: meal announcement. Keep the declared value.
real_grok46_50,run_034,profile.cr.08_00,profile,True,13.2 g/U,keep,13.2 g/U,"Evidence: late-morning TAR occurs without carb records, so it is not a CR measurement. Uncertainty: TT 135 and UAM delay. Dependencies: meal_bolus_strategy. Do not pre-empt a CR change."
real_grok46_50,run_034,profile.cr.16_00,profile,True,10.5 g/U,keep,10.5 g/U,Evidence: afternoon highs have no meal-linked carb grams. Uncertainty: GLP-1 and prolonged appearance. Dependencies: e-carbs unused and UAM on. Keep.
real_grok46_50,run_034,profile.cr.20_00,profile,True,12.6 g/U,keep,12.6 g/U,"Evidence: evening pattern is crash and residual TBR, not an announced-dinner CR miss. Uncertainty: leftover IOB. Dependencies: DIA, SMB, and night target. Keep."
real_grok46_50,run_034,profile.isf.00_00,profile,True,56 mg/dL/U,keep,56 mg/dL/U,"Evidence: Dynamic ISF is on and snapshot sensitivity ranges about 28-124, so correction deltas do not isolate 56. Uncertainty: custom dosing-sensitivity text. Dependencies: aaps.core.sensitivity and hypo risk. Changing ISF with Dynamic ISF is unsupported."
real_grok46_50,run_034,profile.target.00_00,profile,True,90 mg/dL,keep,90 mg/dL,"Evidence: overnight means hug 90 mg/dL while TBR is high, so tightness is a plausible amplifier. Uncertainty: some loop snapshots show a tighter effective target without a matching declared TT, and leftover IOB may be sufficient. Dependencies: SMB always on and 23:00 target. A change is conservative in spirit but not isolated, so the value is kept pending the quiet-night check."
real_grok46_50,run_034,profile.target.08_00,profile,True,100 mg/dL,keep,100 mg/dL,Evidence: daytime TAR is concentrated after late morning and is not a failure of the 100 mg/dL day target alone. Uncertainty: TT 135 overlays some hours. Dependencies: UAM meal handling. Keep.
real_grok46_50,run_034,profile.target.23_00,profile,True,90 mg/dL,keep,90 mg/dL,Evidence: target returns to 90 mg/dL while glucose is still drifting down into 00:00-01:00 TBR. Uncertainty: same leftover-IOB confound as the overnight target. Dependencies: profile.target.00_00 and evening basal. Keep both night targets together rather than editing one.
real_grok46_50,run_034,profile.dia,profile,True,10 h,keep,10 h,"Evidence: 4-8 h crashes after afternoon stacks are compatible with a long IOB tail plus Dynamic ISF, not a unique DIA error. Uncertainty: free_peak_oref peak is not independently shown. Dependencies: ISF and SMB. Keep."
real_grok46_50,run_034,aaps.core.smb_uam,aaps,True,smb_enabled=true; uam_enabled=true,keep,smb_enabled=true; uam_enabled=true,"Evidence: UAM is the only meal path while COB is 0, and disabling it without announced carbs would leave afternoon TAR unexplained. Uncertainty: custom boost language. Dependencies: delivery interval and Dynamic ISF. Values exist, so verify is not used. Keep."
real_grok46_50,run_034,aaps.core.smb_activation,aaps,True,smb_always_enabled=true; smb_with_cob_enabled=false; smb_after_carbs_enabled=false; smb_with_temp_target_enabled=true; smb_with_high_temp_target_enabled=false,keep,smb_always_enabled=true; smb_with_cob_enabled=false; smb_after_carbs_enabled=false; smb_with_temp_target_enabled=true; smb_with_high_temp_target_enabled=false,Evidence: always-on matches unannounced intake; COB flags are idle; high-TT lock is consistent with repeated TT 135. Uncertainty: whether each TT actually muted SMB. Dependencies: meal observation before turning more SMB on during highs. Keep.
real_grok46_50,run_034,aaps.core.smb_delivery,aaps,True,smb_interval_minutes=3 min; max_smb_basal_minutes=15 min; max_uam_smb_basal_minutes=20 min,keep,smb_interval_minutes=3 min; max_smb_basal_minutes=15 min; max_uam_smb_basal_minutes=20 min,"Evidence: 3 min frequency plus UAM 20 min can stack IOB, but sampled SMB sizes also exceed a simple 0.5-0.8 U/h times 20 min model, so interval is not the only size driver. Uncertainty: custom boosts and maxSafeBasal reference. Dependencies: Dynamic ISF and afternoon basal. No isolated interval change."
real_grok46_50,run_034,aaps.core.safety_limits,aaps,True,max_basal_u_per_hour=12 U/h; max_iob_units=25 U,keep,max_basal_u_per_hour=12 U/h; max_iob_units=25 U,"Evidence: observed temps clamp near 4 U/h and IOB samples stay near 6 U, so 12 U/h and 25 U are not the binding hypo brake. Uncertainty: tightening max IOB could interact with SMB size if SMB is referenced off max basal. Dependencies: not a substitute for leftover-IOB review. Keep rather than retune unused headroom."
real_grok46_50,run_034,aaps.core.sensitivity,aaps,True,autosens_enabled=false; dynamic_sensitivity_enabled=true; autosens_raises_target=false; autosens_lowers_target=false; dynamic_isf_adjustment_factor_percent=70 %,keep,autosens_enabled=false; dynamic_sensitivity_enabled=true; autosens_raises_target=false; autosens_lowers_target=false; dynamic_isf_adjustment_factor_percent=70 %,Evidence: Dynamic ISF on at 70 percent tracks the high-to-low pendulum better than profile ISF 56. Uncertainty: 70 percent versus always-on SMB versus unlogged meals. Dependencies: do not move Dynamic ISF with SMB delivery or ISF in one step. Autosens stays off as declared. Keep.
real_grok46_50,run_034,aaps.core.carb_absorption,aaps,True,min_5m_carbimpact=8 mg/dL/5 min; meal_max_absorption_hours=7 h,keep,min_5m_carbimpact=8 mg/dL/5 min; meal_max_absorption_hours=7 h,Evidence: both settings are inert while carb_entries are 0 and COB is 0. Uncertainty: they cannot be validated or blamed. Dependencies: meal announcement. Keep the existing values.
real_grok46_50,run_035,profile.basal.00_00,profile,True,0.6 U/h,keep,0.6 U/h,"This segment overlaps the overnight hypo window, but leftover afternoon UAM IOB and target 90 remain competing causes. Evidence is the 00:00-03:00 TBR cluster plus night temps above 0.6 U/h. Uncertainty is high without a labeled fasting night. Dependency: do not cut basal in the same step as the 00:00 target change."
real_grok46_50,run_035,profile.basal.05_00,profile,True,0.7 U/h,keep,0.7 U/h,Local 05:00-06:00 is stable with high time in range and little hyperglycemia. Evidence is hourly_glucose_local TIR 95-97 percent. Uncertainty is residual IOB rather than basal deficit. Dependency: morning stability argues against using this segment to fix overnight lows.
real_grok46_50,run_035,profile.basal.06_00,profile,True,0.8 U/h,keep,0.8 U/h,"Local 06:00-08:00 remains the strongest fasting-like window. Evidence is TIR 98-99 percent and almost no TAR. Uncertainty is the isolated 08-21 early low near a sensor-change day. Dependency: no increase, because overnight TBR is the binding constraint."
real_grok46_50,run_035,profile.basal.10_00,profile,True,0.7 U/h,keep,0.7 U/h,"Late-morning rise is more consistent with unannounced intake and late UAM than with a 10:00 basal defect. Evidence is 09:00-12:00 TAR with COB 0 and rising post-correction windows. Uncertainty is meal timing. Dependency: CR and UAM are not separated, so basal stays unchanged."
real_grok46_50,run_035,profile.basal.16_00,profile,True,0.5 U/h,keep,0.5 U/h,"The lowest basal sits under the highest afternoon glucose, but unannounced carbs and UAM/DynISF chase are equally plausible. Evidence is 14:00-17:00 TAR then 19:00 TBR. Uncertainty is meal composition. Dependency: raising this rate would add insulin into the evening crash and conflicts with the overnight-first order."
real_grok46_50,run_035,profile.basal.18_00,profile,True,0.6 U/h,keep,0.6 U/h,"18:00 is the start of the crash window, not a proven under-basal. Evidence is local 18:00 TBR 7.7 percent after the 16:00 peak. Uncertainty is stacked IOB versus activity. Dependency: safety_overview forbids adding late-evening insulin."
real_grok46_50,run_035,profile.basal.19_00,profile,True,0.7 U/h,keep,0.7 U/h,Basal increases into the worst evening TBR hour. That may add to leftover UAM IOB rather than fix a hole. Evidence is 19:00 TBR 15.3 percent and lows to 41 mg/dL. Uncertainty includes GLP-1 notes and possible activity. Dependency: keep until nights and meal logs separate IOB from basal.
real_grok46_50,run_035,profile.cr.00_00,profile,True,13 g/U,keep,13 g/U,"No carb entries use this ratio. Evidence is treatment_summary carb_entries 0 and loop COB 0. Uncertainty is complete for the numeric value. Dependency: meal strategy is UAM, so CR is idle."
real_grok46_50,run_035,profile.cr.04_00,profile,True,11.1 g/U,keep,11.1 g/U,Unused during the period. Evidence is zero carb treatments. Uncertainty is high for any CR number. Dependency: do not change CR to compensate for UAM timing.
real_grok46_50,run_035,profile.cr.08_00,profile,True,13.2 g/U,keep,13.2 g/U,"Daytime rise happened with COB 0, so this CR was not tested. Evidence is late-morning therapy windows that rise after tiny corrections. Uncertainty is meal size. Dependency: hold CR until carbs are logged."
real_grok46_50,run_035,profile.cr.16_00,profile,True,10.5 g/U,keep,10.5 g/U,"Afternoon peak and crash occurred without announced carbs, so 10.5 g/U is not implicated. Evidence is empty carb_treatment_entries. Uncertainty is high. Dependency: UAM/DynISF, not CR, dosed those hours."
real_grok46_50,run_035,profile.cr.20_00,profile,True,12.6 g/U,keep,12.6 g/U,"Evening hypos followed unannounced-afternoon dosing, not a logged dinner CR. Evidence is COB 0 and 19:00-23:00 TBR. Uncertainty is leftover IOB. Dependency: keep CR while the first change is overnight target."
real_grok46_50,run_035,profile.isf.00_00,profile,True,56 mg/dL/U,keep,56 mg/dL/U,"Operational ISF is Dynamic ISF, with sample variable_sens far from 56. Therapy windows are not clean ISF tests. Evidence is dynamic_sensitivity_enabled true and mixed correction outcomes. Uncertainty is high for the flat 56 number. Dependency: changing ISF and DynISF would explain the same pattern; change neither with the target."
real_grok46_50,run_035,profile.target.00_00,profile,True,90 mg/dL,change,100 mg/dL,"Overnight means hug 90 mg/dL while 00:00-03:00 TBR is 10-18 percent and night loop rows still raise insulin toward that target. A move to 100 mg/dL matches the existing daytime target and adds buffer without adding basal. Evidence is hourly_glucose_local and night loop statuses. Uncertainty: 04:00-08:00 is already stable, so this also lifts target in a good window; residual IOB may still cause lows. Dependency: do not also change 00:00 basal, 23:00 target, SMB, or DynISF in the same step."
real_grok46_50,run_035,profile.target.08_00,profile,True,100 mg/dL,keep,100 mg/dL,"Daytime target is already 100 mg/dL. Afternoon means are higher, but meals and UAM are the likelier drivers. Evidence is 08:00 target segment and 10:00-17:00 TAR with COB 0. Uncertainty is meal timing. Dependency: lowering daytime target would add insulin and conflict with evening TBR."
real_grok46_50,run_035,profile.target.23_00,profile,True,90 mg/dL,keep,90 mg/dL,"This segment lasts only until 00:00. 23:00 TBR is present but weaker than 01:00, and one-parameter sequencing prefers changing only 00:00 now. Evidence is 23:00 local TBR 10.1 percent versus 01:00 TBR 18.5 percent. Uncertainty is leftover evening IOB. Dependency: revisit only if 23:00-00:00 lows persist after the 00:00 target change."
real_grok46_50,run_035,profile.dia,profile,True,10 h,keep,10 h,"Long DIA can keep afternoon UAM active overnight, but peak, dilution, and free_peak_oref are unvalidated. Evidence is 2-4 hour crashes after afternoon dosing plus DIA 10 h. Uncertainty is high. Dependency: DIA, SMB frequency, and DynISF are not separable; keep DIA."
real_grok46_50,run_035,aaps.core.smb_uam,aaps,True,smb_enabled=true; uam_enabled=true,keep,smb_enabled=true; uam_enabled=true,"Observed meals were unannounced, so UAM is the meal path. Turning UAM off without a carb or bolus plan would leave the afternoon rise unhandled. Evidence is COB 0 and smb/uam both true. Uncertainty is boost size. Dependency: meal strategy still relies on UAM."
real_grok46_50,run_035,aaps.core.smb_activation,aaps,True,smb_always_enabled=true; smb_with_cob_enabled=false; smb_after_carbs_enabled=false; smb_with_temp_target_enabled=true; smb_with_high_temp_target_enabled=false,keep,smb_always_enabled=true; smb_with_cob_enabled=false; smb_after_carbs_enabled=false; smb_with_temp_target_enabled=true; smb_with_high_temp_target_enabled=false,"Always-on SMB is consistent with zero COB. High temp-target SMB off is protective and matches 135 mg/dL temp targets. Evidence is activation flags and representative Temporary Target events. Uncertainty is how often high TT was used. Dependency: do not loosen activation while evening TBR is high. No component is null, so verify is not used."
real_grok46_50,run_035,aaps.core.smb_delivery,aaps,True,smb_interval_minutes=3 min; max_smb_basal_minutes=15 min; max_uam_smb_basal_minutes=20 min,keep,smb_interval_minutes=3 min; max_smb_basal_minutes=15 min; max_uam_smb_basal_minutes=20 min,"3-minute UAM delivery and boost-sized SMBs are a leading explanation of the 16:00-19:00 overshoot, but this family is dependent with DynISF and is second to the overnight target. Evidence is interval 3 min, UAM 20 min, and sample SMB equals 0.4-1.6. Uncertainty is boost frequency. Dependency: do not change delivery in the same step as the target."
real_grok46_50,run_035,aaps.core.safety_limits,aaps,True,max_basal_u_per_hour=12 U/h; max_iob_units=25 U,keep,max_basal_u_per_hour=12 U/h; max_iob_units=25 U,"These caps are loose versus about 19.7 U/day insulin and did not bind observed IOB near 5-6 U, so tightening them would not treat the current overnight lows and is not the first family. Evidence is max_iob 25, max_basal 12, enacted temps near 4 U/h. Uncertainty is how SMB caps reference max versus profile basal. Dependency: limits are brakes, not a substitute for the target change. No null component."
real_grok46_50,run_035,aaps.core.sensitivity,aaps,True,autosens_enabled=false; dynamic_sensitivity_enabled=true; autosens_raises_target=false; autosens_lowers_target=false; dynamic_isf_adjustment_factor_percent=70 %,keep,autosens_enabled=false; dynamic_sensitivity_enabled=true; autosens_raises_target=false; autosens_lowers_target=false; dynamic_isf_adjustment_factor_percent=70 %,"Autosens off is consistent. DynISF 70 percent is the operational ISF and likely contributes to high-BG stacking, but it is not separable from UAM delivery or profile ISF in this step. Evidence is DynISF on, variable_sens 28-124, Autosens false. A sensitivity_ratio of 1 is only a neutral snapshot. Dependency: hold DynISF while changing overnight target. No null component."
real_grok46_50,run_035,aaps.core.carb_absorption,aaps,True,min_5m_carbimpact=8 mg/dL/5 min; meal_max_absorption_hours=7 h,keep,min_5m_carbimpact=8 mg/dL/5 min; meal_max_absorption_hours=7 h,Carb-absorption settings were idle with zero carbs and COB 0. UAM deviation is not carb-impact evidence. Evidence is empty carb entries and unused COB. Uncertainty is complete for these numbers. Dependency: do not retune absorption to model unannounced meals.
real_grok46_50,run_036,profile.basal.00_00,profile,True,0.6 U/h,keep,0.6 U/h,"Evidence: local hours 0-3 sit near 90-104 mg/dL with 10-18.5% time below range and about 0% time above range, so this segment is not too low. Uncertainty: residual evening IOB versus a slightly high basal is unresolved. Dependencies: safety_overview forbids adding overnight insulin; do not cut this basal in the same step as target or Dynamic ISF."
real_grok46_50,run_036,profile.basal.05_00,profile,True,0.7 U/h,keep,0.7 U/h,"Evidence: local hours 5-6 have 95-97% time in range and low time below range. Uncertainty: the isolated 42 mg/dL point is later, at local hour 7. Dependencies: this is the cleanest window and should stay unchanged while overnight and afternoon questions are tested."
real_grok46_50,run_036,profile.basal.06_00,profile,True,0.8 U/h,keep,0.8 U/h,"Evidence: local hours 6-8 remain high time in range with means about 99-110 mg/dL. Uncertainty: one severe low on 21 Aug 06:19Z is an outlier, not the hourly pattern. Dependencies: do not raise this dawn segment to chase later daytime highs that coincide with UAM."
real_grok46_50,run_036,profile.basal.10_00,profile,True,0.7 U/h,keep,0.7 U/h,"Evidence: rising means and time above range after 10:00 occur with COB 0 and UAM reasons, not a fasting basal test. Uncertainty: unlogged meals and GLP-1 delay are plausible. Dependencies: meal_bolus_strategy and automation_smb_uam block treating this as a basal defect."
real_grok46_50,run_036,profile.basal.16_00,profile,True,0.5 U/h,keep,0.5 U/h,"Evidence: this is the lowest scheduled basal while local hour 16 has the highest mean and 32.1% time above range, so it does not explain the peak. Uncertainty: the later crash is more consistent with stacked afternoon insulin. Dependencies: do not raise this segment to treat UAM-detected rises."
real_grok46_50,run_036,profile.basal.18_00,profile,True,0.6 U/h,keep,0.6 U/h,Evidence: local hour 18 still has mixed highs and a 7.7% time-below-range start to the crash. Uncertainty: IOB tail versus this 0.6 U/h value is not isolated. Dependencies: wait for labeled afternoon events and one automation review before touching this step.
real_grok46_50,run_036,profile.basal.19_00,profile,True,0.7 U/h,keep,0.7 U/h,"Evidence: local hour 19 has 15.3% time below range and minima of 41 mg/dL after afternoon insulin. Uncertainty: the 19:00 increase may aggravate an already falling trajectory, but that is not separated from UAM/SMB IOB. Dependencies: do not cut this together with overnight target, DIA, or Dynamic ISF."
real_grok46_50,run_036,profile.cr.00_00,profile,True,13 g/U,keep,13 g/U,"Evidence: carb_entries 0 and COB 0, so this ratio was not used in visible meals. Uncertainty: no overnight carb tests exist. Dependencies: CR changes require announced meals and must not be paired with SMB or Dynamic ISF edits."
real_grok46_50,run_036,profile.cr.04_00,profile,True,11.1 g/U,keep,11.1 g/U,Evidence: no carb treatments in this window. Uncertainty: a stronger early CR cannot be confirmed or refuted. Dependencies: blocked by empty meal telemetry and empty meal_strategies.
real_grok46_50,run_036,profile.cr.08_00,profile,True,13.2 g/U,keep,13.2 g/U,Evidence: morning time in range is already high without logged carbs. Uncertainty: breakfast composition is unknown. Dependencies: unused CR must stay unchanged until meals are recorded.
real_grok46_50,run_036,profile.cr.16_00,profile,True,10.5 g/U,keep,10.5 g/U,"Evidence: this is the strongest CR by clock time, but no carbs were entered against it; the afternoon rise-then-fall is UAM and correction driven. Uncertainty: clock alignment alone is not a CR error. Dependencies: do not tighten CR to chase unannounced highs."
real_grok46_50,run_036,profile.cr.20_00,profile,True,12.6 g/U,keep,12.6 g/U,"Evidence: evening risk is hypoglycemia after prior insulin, not unused late CR. Uncertainty: no dinner carb amounts. Dependencies: meal announcement is required before any CR review."
real_grok46_50,run_036,profile.isf.00_00,profile,True,56 mg/dL/U,keep,56 mg/dL/U,"Evidence: flat 56 mg/dL/U matches the FLAT ISF note; overnight problem is lows, not uncorrected highs. Uncertainty: therapy windows are not clean ISF tests because SMB, UAM, and Dynamic ISF stack. Dependencies: profile ISF cannot be retuned while Dynamic ISF 70% is the active amplifier."
real_grok46_50,run_036,profile.target.00_00,profile,True,90 mg/dL,keep,90 mg/dL,"Evidence: overnight means are already on this target with high time below range, so the target is aggressive relative to observed lows. Uncertainty: afternoon IOB tail may be the larger cause. Dependencies: this is the first profile lever to re-review after low-IOB nights, but not a supported change until that check, and not in the same step as basal."
real_grok46_50,run_036,profile.target.08_00,profile,True,100 mg/dL,keep,100 mg/dL,"Evidence: daytime means above 100 mg/dL cluster in meal-shaped afternoon hours, not as a uniform daytime target miss. Uncertainty: 135 mg/dL temporary targets already raise the effective target at times. Dependencies: do not lower the daytime target while evening hypoglycemia is binding."
real_grok46_50,run_036,profile.target.23_00,profile,True,90 mg/dL,keep,90 mg/dL,"Evidence: local hour 23 already has 10.1% time below range as the overnight 90 mg/dL target begins. Uncertainty: same IOB-tail versus target overlap as 00:00. Dependencies: keep paired with profile.target.00_00; any later review must be one target change, not a basal change at the same time."
real_grok46_50,run_036,profile.dia,profile,True,10 h,keep,10 h,"Evidence: evening and overnight lows occur despite a long DIA, so shortening DIA would count less IOB and is not supported. Uncertainty: free_peak_oref and noted u200 dilution add PK uncertainty. Dependencies: DIA should stay fixed while SMB frequency or Dynamic ISF is the open automation question."
real_grok46_50,run_036,aaps.core.smb_uam,aaps,True,smb_enabled=true; uam_enabled=true,keep,smb_enabled=true; uam_enabled=true,"Evidence: with 0 g carbs, UAM is the only meal detector and is not duplicate COB counting. Uncertainty: disabling UAM without a carb workflow would leave the afternoon rise untreated. Dependencies: keep this pair on until a declared meal strategy exists; do not combine an off-switch with CR or e-carb invention."
real_grok46_50,run_036,aaps.core.smb_activation,aaps,True,smb_always_enabled=true; smb_with_cob_enabled=false; smb_after_carbs_enabled=false; smb_with_temp_target_enabled=true; smb_with_high_temp_target_enabled=false,keep,smb_always_enabled=true; smb_with_cob_enabled=false; smb_after_carbs_enabled=false; smb_with_temp_target_enabled=true; smb_with_high_temp_target_enabled=false,"Evidence: flags are internally consistent with carb-silent looping and with 135 mg/dL temporary targets. Uncertainty: overnight lows are not shown to be caused by these gates. Dependencies: no source component is null, so verify is not available; leave activation unchanged while delivery frequency is the later review."
real_grok46_50,run_036,aaps.core.smb_delivery,aaps,True,smb_interval_minutes=3 min; max_smb_basal_minutes=15 min; max_uam_smb_basal_minutes=20 min,keep,smb_interval_minutes=3 min; max_smb_basal_minutes=15 min; max_uam_smb_basal_minutes=20 min,"Evidence: 3-minute SMB plus fork boosts can exceed 15/20-minute basal math and precedes evening crashes, but remaining low-temp time is not the configured interval. Uncertainty: no safe new interval is isolated from Dynamic ISF. Dependencies: a later frequency review must not occur in the same step as Dynamic ISF or ISF; change is unsupported now."
real_grok46_50,run_036,aaps.core.safety_limits,aaps,True,max_basal_u_per_hour=12 U/h; max_iob_units=25 U,keep,max_basal_u_per_hour=12 U/h; max_iob_units=25 U,"Evidence: observed IOB of 4.73-5.94 U never approached 25 U, and enacted basal was clipped near 4 U/h by multipliers, not by 12 U/h. Uncertainty: 25 U is slack relative to about 20 U/day total but is not the cause of the traces. Dependencies: default multipliers are not inventory items and are not routine optimization targets."
real_grok46_50,run_036,aaps.core.sensitivity,aaps,True,autosens_enabled=false; dynamic_sensitivity_enabled=true; autosens_raises_target=false; autosens_lowers_target=false; dynamic_isf_adjustment_factor_percent=70 %,keep,autosens_enabled=false; dynamic_sensitivity_enabled=true; autosens_raises_target=false; autosens_lowers_target=false; dynamic_isf_adjustment_factor_percent=70 %,"Evidence: Autosens is already false; Dynamic ISF 70% moves variable_sens far from 56 mg/dL/U and fits high-BG overshoot. Uncertainty: 70% versus SMB frequency versus unlabeled meals is not fully separated, so a new factor number is not supported. Dependencies: any later Dynamic ISF review excludes same-step ISF or SMB-interval changes."
real_grok46_50,run_036,aaps.core.carb_absorption,aaps,True,min_5m_carbimpact=8 mg/dL/5 min; meal_max_absorption_hours=7 h,keep,min_5m_carbimpact=8 mg/dL/5 min; meal_max_absorption_hours=7 h,Evidence: these settings are idle with 0 g carbs and COB 0. Uncertainty: they cannot be fitted to absorption without meal-linked carbs. Dependencies: e-carbs are not an extended bolus and were not used; do not invent a duration from a null average.
real_grok46_50,run_037,profile.basal.00_00,profile,True,0.6 U/h,keep,0.6 U/h,"Evidence: 00:00-03:00 local means near 90-105 mg/dL with TBR 10-18.5%. Uncertainty: residual evening IOB and DIA 10 h are equally plausible. Dependencies: target 90, SMB-always, DynISF. Change withheld until low-IOB nights are seen."
real_grok46_50,run_037,profile.basal.05_00,profile,True,0.7 U/h,keep,0.7 U/h,Evidence: 05:00-06:00 local TIR is high and TBR is low. Uncertainty: closed-loop temps obscure delivered basal. Dependencies: overnight IOB tail from earlier segments. No isolated defect.
real_grok46_50,run_037,profile.basal.06_00,profile,True,0.8 U/h,keep,0.8 U/h,Evidence: 07:00-08:00 local is excellent; rise starts 09:00-10:00. Uncertainty: dawn versus breakfast UAM is not separable. Dependencies: meal announcement gap and SMB/UAM. Do not raise or cut this segment on mixed morning data.
real_grok46_50,run_037,profile.basal.10_00,profile,True,0.7 U/h,keep,0.7 U/h,Evidence: late-morning TAR exists but therapy windows after small corrections still rise for hours with cob 0. Uncertainty: unannounced intake. Dependencies: UAM/SMB and unused CR. Not a clean basal window.
real_grok46_50,run_037,profile.basal.16_00,profile,True,0.5 U/h,keep,0.5 U/h,"Evidence: 16:00 local has the highest TAR then 18:00-19:00 TBR. Uncertainty: meals, DynISF, and UAM dominate this clock time. Dependencies: safety limiter on evening hypo. Raising this basal would stack with UAM and is unsupported."
real_grok46_50,run_037,profile.basal.18_00,profile,True,0.6 U/h,keep,0.6 U/h,Evidence: 18:00-19:00 local already carries TBR 7.7-15.3% and nadirs of 41-42 mg/dL. Uncertainty: post-UAM stack versus basal. Dependencies: afternoon SMB/DynISF and DIA. No increase is supportable.
real_grok46_50,run_037,profile.basal.19_00,profile,True,0.7 U/h,keep,0.7 U/h,Evidence: evening TBR argues against reading 0.7 U/h as too low. Uncertainty: IOB from 14:00-17:00 dosing. Dependencies: safety_overview and automation_smb_uam. Keep unchanged.
real_grok46_50,run_037,profile.cr.00_00,profile,True,13 g/U,keep,13 g/U,"Evidence: zero carb entries and cob 0, so this CR was unused. Uncertainty: no meal-linked response. Dependencies: UAM meal path. Keep the declared value rather than inventing a new ratio."
real_grok46_50,run_037,profile.cr.04_00,profile,True,11.1 g/U,keep,11.1 g/U,Evidence: no carbs logged in this segment. Uncertainty: unused controller path. Dependencies: empty meal_strategies. Change unsupported.
real_grok46_50,run_037,profile.cr.08_00,profile,True,13.2 g/U,keep,13.2 g/U,"Evidence: 09:00-11:00 rises occurred with cob 0 and small corrections, not announced CR boluses. Uncertainty: intake time unknown. Dependencies: SMB/UAM. Do not tighten CR to chase unannounced peaks."
real_grok46_50,run_037,profile.cr.16_00,profile,True,10.5 g/U,keep,10.5 g/U,"Evidence: afternoon pattern is UAM plus later hypo, not a measured carb bolus miss. Uncertainty: GLP-1 notes on some days. Dependencies: evening TBR safety. Keep."
real_grok46_50,run_037,profile.cr.20_00,profile,True,12.6 g/U,keep,12.6 g/U,Evidence: evening hours show hypo risk more than uncovered announced meals. Uncertainty: unused CR. Dependencies: DIA and IOB tail. Keep.
real_grok46_50,run_037,profile.isf.00_00,profile,True,56 mg/dL/U,keep,56 mg/dL/U,"Evidence: loop variable_sens ranged about 28-124 with DynISF on, so 56 is only a baseline. Uncertainty: correction windows include ongoing SMB. Dependencies: aaps.core.sensitivity. Do not change ISF and DynISF together."
real_grok46_50,run_037,profile.target.00_00,profile,True,90 mg/dL,keep,90 mg/dL,"Evidence: overnight TBR is highest at this target, but SMB-always and leftover IOB are unresolved. Uncertainty: B1 basal versus IOB tail versus target. Dependencies: profile.basal.00_00 and SMB activation. Keep pending the low-IOB overnight check."
real_grok46_50,run_037,profile.target.08_00,profile,True,100 mg/dL,keep,100 mg/dL,"Evidence: daytime target 100 did not prevent 14:00-17:00 TAR, which is better tied to unannounced UAM. Uncertainty: meals versus target. Dependencies: SMB/UAM. No isolated daytime target defect."
real_grok46_50,run_037,profile.target.23_00,profile,True,90 mg/dL,keep,90 mg/dL,Evidence: 23:00 local TBR 10.1% continues the overnight low bias. Uncertainty: same IOB-tail confound as 00:00. Dependencies: target 00:00 and DIA. Keep both overnight targets together rather than editing one.
real_grok46_50,run_037,profile.dia,profile,True,10 h,keep,10 h,Evidence: 10 h matches the U200 dilute and free_peak_oref context and can explain late lows. Uncertainty: evening crashes also fit 2-3 hour SMB stacking. Dependencies: IOB display and UAM. No standalone DIA defect.
real_grok46_50,run_037,aaps.core.smb_uam,aaps,True,smb_enabled=true; uam_enabled=true,keep,smb_enabled=true; uam_enabled=true,"Evidence: with 0 g carbs, UAM is the only meal path and is internally consistent. Uncertainty: it also contributes to evening stack. Dependencies: meal logging not yet available. Turning UAM off would mix meal coverage and safety and is not isolated. Components are non-null so verify is not used."
real_grok46_50,run_037,aaps.core.smb_activation,aaps,True,smb_always_enabled=true; smb_with_cob_enabled=false; smb_after_carbs_enabled=false; smb_with_temp_target_enabled=true; smb_with_high_temp_target_enabled=false,keep,smb_always_enabled=true; smb_with_cob_enabled=false; smb_after_carbs_enabled=false; smb_with_temp_target_enabled=true; smb_with_high_temp_target_enabled=false,Evidence: COB flags are idle; high TT 135 matches smb_with_high_temp_target false. Uncertainty: not every TT window was fully audited. Dependencies: overnight TBR and meal strategy. Keep current activation rather than pairing a change with target or basal.
real_grok46_50,run_037,aaps.core.smb_delivery,aaps,True,smb_interval_minutes=3 min; max_smb_basal_minutes=15 min; max_uam_smb_basal_minutes=20 min,keep,smb_interval_minutes=3 min; max_smb_basal_minutes=15 min; max_uam_smb_basal_minutes=20 min,Evidence: actual SMB sizes in reasons exceed a simple 15/20-minute reading because of UAM boost and DynISF. Uncertainty: changing minutes may not change outcomes. Dependencies: sensitivity settings. Keep until meals are timestamped.
real_grok46_50,run_037,aaps.core.safety_limits,aaps,True,max_basal_u_per_hour=12 U/h; max_iob_units=25 U,keep,max_basal_u_per_hour=12 U/h; max_iob_units=25 U,"Evidence: 12 U/h and 25 U did not bind; enacted ceiling was nearer 4 U/h and IOB about 5-6 U already coexisted with extremes. Uncertainty: a tighter IOB cap would be a new chosen number, not an observed threshold. Dependencies: multipliers and U200 units. Keep rather than invent a replacement limit."
real_grok46_50,run_037,aaps.core.sensitivity,aaps,True,autosens_enabled=false; dynamic_sensitivity_enabled=true; autosens_raises_target=false; autosens_lowers_target=false; dynamic_isf_adjustment_factor_percent=70 %,keep,autosens_enabled=false; dynamic_sensitivity_enabled=true; autosens_raises_target=false; autosens_lowers_target=false; dynamic_isf_adjustment_factor_percent=70 %,"Evidence: DynISF is the live ISF and likely amplified afternoon dosing. Uncertainty: cannot separate DynISF from UAM boost. Dependencies: profile ISF 56. Do not enable Autosens from a sensitivity_ratio of 1, and do not edit DynISF with ISF at the same time."
real_grok46_50,run_037,aaps.core.carb_absorption,aaps,True,min_5m_carbimpact=8 mg/dL/5 min; meal_max_absorption_hours=7 h,keep,min_5m_carbimpact=8 mg/dL/5 min; meal_max_absorption_hours=7 h,Evidence: settings had no job with 0 g carbs. Uncertainty: no meal-linked absorption curve. Dependencies: empty carb_treatment_entries. Keep declared values.
real_grok46_50,run_038,profile.basal.00_00,profile,True,0.6 U/h,keep,0.6 U/h,"Evidence: local 00:00-03:00 TBR is high, but sampled nights also show residual IOB and an aggressive 90 mg/dL target. Uncertainty: cannot separate basal 0.6 U/h from leftover UAM IOB. Dependencies: change the 00:00 target first; do not cut overnight basal in the same step."
real_grok46_50,run_038,profile.basal.05_00,profile,True,0.7 U/h,keep,0.7 U/h,Evidence: local 05:00 TIR 95.2% and mean 104.2 mg/dL. Uncertainty: mixed era after 13 Aug. Dependencies: no safety case to add or cut this segment while mornings are the most stable window.
real_grok46_50,run_038,profile.basal.06_00,profile,True,0.8 U/h,keep,0.8 U/h,Evidence: local 06:00-08:00 TIR 97-99% with means near 100-110 mg/dL and no untreated dawn rise. Uncertainty: one 42 mg/dL reading at 21 Aug 07:19. Dependencies: keep this step-up until a fasting test says otherwise.
real_grok46_50,run_038,profile.basal.10_00,profile,True,0.7 U/h,keep,0.7 U/h,"Evidence: late-morning rise (local 09:00-10:00 means 133-148) coincides with this 0.8 to 0.7 cut, but COB is 0 so breakfast/UAM is equally likely. Uncertainty: no meal timestamps. Dependencies: do not raise late-morning basal while UAM is the meal system."
real_grok46_50,run_038,profile.basal.16_00,profile,True,0.5 U/h,keep,0.5 U/h,"Evidence: lowest basal overlaps highest TAR, but zero carbs, DynISF ramp, and UAM lag are competing explanations. Uncertainty: high. Dependencies: meal logging and automation hold; raising 16:00 basal now would conflict with evening hypo risk."
real_grok46_50,run_038,profile.basal.18_00,profile,True,0.6 U/h,keep,0.6 U/h,Evidence: local 18:00 TBR 7.7% with min 42 mg/dL after afternoon peaks. Uncertainty: stacked correction IOB versus this 0.5 to 0.6 step. Dependencies: do not cut 18:00 basal in the same step as a target or SMB change.
real_grok46_50,run_038,profile.basal.19_00,profile,True,0.7 U/h,keep,0.7 U/h,"Evidence: local 19:00 TBR 15.3% and clustered 41 mg/dL lows, but response windows show large 2-4 h drops after already-high IOB. Uncertainty: basal 0.7 U/h is at most secondary. Dependencies: hold until UAM/DynISF stack is observed with IOB notes."
real_grok46_50,run_038,profile.cr.00_00,profile,True,13 g/U,keep,13 g/U,"Evidence: 0 carb entries and COB 0, so this CR was unused. Uncertainty: cannot validate. Dependencies: carb logging before any CR edit."
real_grok46_50,run_038,profile.cr.04_00,profile,True,11.1 g/U,keep,11.1 g/U,Evidence: unused wizard CR with no overnight carb treatments. Uncertainty: high. Dependencies: meal-linked data; not a lever for 01:00 TBR.
real_grok46_50,run_038,profile.cr.08_00,profile,True,13.2 g/U,keep,13.2 g/U,"Evidence: morning rises occurred with COB 0 and UAM, not a CR bolus. Uncertainty: food versus UAM lag. Dependencies: log breakfast carbs before touching this segment."
real_grok46_50,run_038,profile.cr.16_00,profile,True,10.5 g/U,keep,10.5 g/U,Evidence: afternoon TAR cannot be assigned to 10.5 g/U without carb amounts. Uncertainty: high. Dependencies: unused CR must not be strengthened while evening TBR is active.
real_grok46_50,run_038,profile.cr.20_00,profile,True,12.6 g/U,keep,12.6 g/U,Evidence: no evening carb entries; evening pattern is IOB decay and TBR. Uncertainty: high. Dependencies: keep until meals are logged.
real_grok46_50,run_038,profile.isf.00_00,profile,True,56 mg/dL/U,keep,56 mg/dL/U,"Evidence: enacted variable_sens ranged about 28-124 mg/dL/U under DynISF 70%, so 56 was not the delivered ISF. Uncertainty: static ISF cannot be isolated from SMB and temps. Dependencies: do not strengthen or weaken ISF 56 while DynISF remains on and TBR is 5.1%."
real_grok46_50,run_038,profile.target.00_00,profile,True,90 mg/dL,change,100 mg/dL,"Evidence: local 00:00 TBR 11.4%, 01:00 TBR 18.5% with mean 90.6, 02:00-03:00 TBR about 10%; this segment runs until 08:00 and is the overnight target actually occupied by those lows. Uncertainty: leftover evening IOB still competes, and 05:00-08:00 is already excellent. Dependencies: change only this target; keep 23:00 target, 00:00 basal, SMB, and DynISF fixed for the review window."
real_grok46_50,run_038,profile.target.08_00,profile,True,100 mg/dL,keep,100 mg/dL,"Evidence: daytime 100 mg/dL is less aggressive than overnight 90 and aligns with stable late-morning guardrails. Uncertainty: afternoon TAR is not a target defect. Dependencies: the 00:00 candidate of 100 mg/dL is meant to match this existing value, not retune it."
real_grok46_50,run_038,profile.target.23_00,profile,True,90 mg/dL,keep,90 mg/dL,"Evidence: local 23:00 mean 105.7 mg/dL with TBR 10.1% and min 53, which fits incoming evening IOB more than a whole-hour sit on 90. Uncertainty: some 23:00 dips may still be target-related. Dependencies: do not change 23:00 together with 00:00; revisit only if 23:00-00:00 TBR stays high after the 00:00 target review."
real_grok46_50,run_038,profile.dia,profile,True,10 h,keep,10 h,"Evidence: IOB still climbed to about 6 U and evening hypos occurred 3-6 h after peaks, which fits stacked SMB action rather than a short DIA. Uncertainty: 10 h may be intentional for dilute insulin and is not separable here. Dependencies: leave DIA unchanged while DynISF and SMB are untested."
real_grok46_50,run_038,aaps.core.smb_uam,aaps,True,smb_enabled=true; uam_enabled=true,keep,smb_enabled=true; uam_enabled=true,Evidence: with 0 g carbs this pair is the observed meal system and matches the empty declared meal strategy. Uncertainty: boosted SMB sizes are a safety concern but turning UAM off without carb logging would leave afternoon rises unhandled. Dependencies: hold this group while the 00:00 target is reviewed.
real_grok46_50,run_038,aaps.core.smb_activation,aaps,True,smb_always_enabled=true; smb_with_cob_enabled=false; smb_after_carbs_enabled=false; smb_with_temp_target_enabled=true; smb_with_high_temp_target_enabled=false,keep,smb_always_enabled=true; smb_with_cob_enabled=false; smb_after_carbs_enabled=false; smb_with_temp_target_enabled=true; smb_with_high_temp_target_enabled=false,Evidence: flags are internally consistent (always-SMB without COB; high TT 135 should block SMB). Uncertainty: always-on SMB contributes to stacking. Dependencies: do not flip activation in the same step as target or DynISF; no null component so verify is not used.
real_grok46_50,run_038,aaps.core.smb_delivery,aaps,True,smb_interval_minutes=3 min; max_smb_basal_minutes=15 min; max_uam_smb_basal_minutes=20 min,keep,smb_interval_minutes=3 min; max_smb_basal_minutes=15 min; max_uam_smb_basal_minutes=20 min,"Evidence: 3 min interval can speed the afternoon stack; 20 min UAM cap is greater than the 15 min SMB cap as expected. Uncertainty: sampled 0.3-1.6 U SMBs exceed simple basal-minute arithmetic, so the listed caps may not be the true size limit. Dependencies: coupled to DynISF and max IOB; keep all three until after the target observation."
real_grok46_50,run_038,aaps.core.safety_limits,aaps,True,max_basal_u_per_hour=12 U/h; max_iob_units=25 U,keep,max_basal_u_per_hour=12 U/h; max_iob_units=25 U,Evidence: about 19.7 U/day total insulin; observed IOB peaked near 6 U so max IOB 25 U never bound; max basal 12 U/h also did not bind versus maxSafeBasal about 4 U/h. Uncertainty: a lower max IOB could cap future stacks but the right number is not supported from this package. Dependencies: do not retune limits together with target or DynISF.
real_grok46_50,run_038,aaps.core.sensitivity,aaps,True,autosens_enabled=false; dynamic_sensitivity_enabled=true; autosens_raises_target=false; autosens_lowers_target=false; dynamic_isf_adjustment_factor_percent=70 %,keep,autosens_enabled=false; dynamic_sensitivity_enabled=true; autosens_raises_target=false; autosens_lowers_target=false; dynamic_isf_adjustment_factor_percent=70 %,"Evidence: Autosens off plus DynISF on is coherent; high-BG variable_sens about 28-42 mg/dL/U matches late catch-up then overshoot. Uncertainty: 70% may be too aggressive at peaks, but lowering it now would confound the overnight target test and could worsen afternoon TAR. Dependencies: first profile target review, then consider this group alone if evening TBR persists."
real_grok46_50,run_038,aaps.core.carb_absorption,aaps,True,min_5m_carbimpact=8 mg/dL/5 min; meal_max_absorption_hours=7 h,keep,min_5m_carbimpact=8 mg/dL/5 min; meal_max_absorption_hours=7 h,Evidence: both knobs unused with 0 carb entries and smb_with_cob false. Uncertainty: none for a value change. Dependencies: keep until COB actually exists; do not invent e-carb duration from averages.
real_grok46_50,run_039,profile.basal.00_00,profile,True,0.6 U/h,keep,0.6 U/h,"Evidence: local glucose falls from 23:00 into 01:00 then partly rebounds, which can be leftover IOB or this segment. Uncertainty: no fasting overlays and DIA plus afternoon UAM still active after midnight. Dependencies: do not change this with overnight target or SMB delivery until those nights are separated."
real_grok46_50,run_039,profile.basal.05_00,profile,True,0.7 U/h,keep,0.7 U/h,Evidence: local 05:00-06:00 averages about 99-104 mg/dL with TIR 95-97% and low TBR. Uncertainty: one 42 mg/dL near 07:19 on 21 Aug is near a sensor change and is not a repeating dawn pattern. Dependencies: no isolated basal signal after safety_overview.
real_grok46_50,run_039,profile.basal.06_00,profile,True,0.8 U/h,keep,0.8 U/h,"Evidence: 06:00-08:00 stays near 99-110 mg/dL with TIR 98% and no recurring dawn rise, so this peak basal is not shown as too low or clearly too high. Uncertainty: u200 dilute and GLP-1 days. Dependencies: withhold any dawn basal experiment until overnight IOB is clearer."
real_grok46_50,run_039,profile.basal.10_00,profile,True,0.7 U/h,keep,0.7 U/h,"Evidence: late-morning rise is meal-timed and carbs are unlogged, so this is not a demonstrated basal defect. Uncertainty: UAM may be covering any small basal miss. Dependencies: meal strategy and SMB/UAM must stay unresolved before a 10:00 basal edit."
real_grok46_50,run_039,profile.basal.16_00,profile,True,0.5 U/h,keep,0.5 U/h,"Evidence: this is the lowest basal under the highest TAR block, but the same hours are the main unannounced-meal window and UAM later overshoots. Uncertainty: a small basal miss could add lag, yet that is not separated from meals. Dependencies: do not raise 16:00 basal in the same step as SMB or DynISF."
real_grok46_50,run_039,profile.basal.18_00,profile,True,0.6 U/h,keep,0.6 U/h,"Evidence: 18:00 local TBR 7.7% with minimum 42 mg/dL after afternoon peaks, which fits insulin still acting rather than too little basal. Uncertainty: activity and temporary targets not fully logged. Dependencies: safety_overview forbids using this segment to chase afternoon TAR."
real_grok46_50,run_039,profile.basal.19_00,profile,True,0.7 U/h,keep,0.7 U/h,"Evidence: 19:00 local TBR 15.3% and the 41 mg/dL cluster sit here, so a raise would add insulin into the crash. Uncertainty: some evenings follow occlusion or large corrections. Dependencies: leftover UAM IOB and DIA 10 h remain the leading explanations."
real_grok46_50,run_039,profile.cr.00_00,profile,True,13 g/U,keep,13 g/U,"Evidence: 0 g carbs logged and COB 0, so this CR is unused. Uncertainty: intended overnight snacks are unknown. Dependencies: meal announcement must exist before any CR test."
real_grok46_50,run_039,profile.cr.04_00,profile,True,11.1 g/U,keep,11.1 g/U,Evidence: no carb treatments in this segment. Uncertainty: a stronger early-morning CR cannot be validated or blamed. Dependencies: empty declared meal strategy and idle bolus wizard.
real_grok46_50,run_039,profile.cr.08_00,profile,True,13.2 g/U,keep,13.2 g/U,"Evidence: daytime meals appear only as UAM and correction pulses, not CR boluses. Uncertainty: actual breakfast composition unknown. Dependencies: do not change CR while SMB always-on is the meal engine."
real_grok46_50,run_039,profile.cr.16_00,profile,True,10.5 g/U,keep,10.5 g/U,"Evidence: the strongest afternoon CR is unused because carbs were not entered, so it does not explain 16:00 TAR. Uncertainty: if announcements start, this segment would need a separate check. Dependencies: meal_bolus_strategy and UAM."
real_grok46_50,run_039,profile.cr.20_00,profile,True,12.6 g/U,keep,12.6 g/U,"Evidence: evening hypos follow afternoon automation IOB, not a measured CR mismatch. Uncertainty: no dinner carb amounts. Dependencies: withhold CR edits until announcements exist."
real_grok46_50,run_039,profile.isf.00_00,profile,True,56 mg/dL/U,keep,56 mg/dL/U,"Evidence: Dynamic ISF is on at 70%, and sampled variable_sens ranges about 28-124, so corrections are not using flat 56. Uncertainty: stacked SMB, unlogged carbs, and DIA 10 h contaminate every correction window. Dependencies: do not change profile ISF together with DynISF or SMB minutes."
real_grok46_50,run_039,profile.target.00_00,profile,True,90 mg/dL,keep,90 mg/dL,"Evidence: 01:00 average 90.6 mg/dL with TBR 18.5% shows the target sitting on the overnight mean, but leftover IOB is an equally strong cause. Uncertainty: raising the target might reduce TBR or only mask afternoon stacking. Dependencies: keep this until nights with low late IOB are observed; do not pair a target raise with a basal cut."
real_grok46_50,run_039,profile.target.08_00,profile,True,100 mg/dL,keep,100 mg/dL,"Evidence: daytime means of 135-163 mg/dL are far above 100 mg/dL, so this target is not the driver of afternoon TAR. Uncertainty: temporary targets of 135 mg/dL on some days add noise. Dependencies: meal and UAM review first."
real_grok46_50,run_039,profile.target.23_00,profile,True,90 mg/dL,keep,90 mg/dL,Evidence: 23:00 local TBR about 10% begins the early-night low cluster on the same 90 mg/dL target. Uncertainty: still not separated from residual UAM IOB. Dependencies: same keep as target 00:00; do not change both targets and 00:00 basal together.
real_grok46_50,run_039,profile.dia,profile,True,10 h,keep,10 h,"Evidence: long DIA can leave IOB visible into the night and may be protective against stacking, but sampled falling traces can also be extra SMB. Uncertainty: free_peak_oref, u200 dilute, and DynISF all change apparent insulin tail. Dependencies: no DIA edit while SMB and ISF remain entangled."
real_grok46_50,run_039,aaps.core.smb_uam,aaps,True,smb_enabled=true; uam_enabled=true,keep,smb_enabled=true; uam_enabled=true,Evidence: with 0 g carbs this pair is the actual meal engine and afternoon highs would be unexplained if UAM were removed without announcements. Uncertainty: it also supplies the insulin that later crashes. Dependencies: meal strategy first; do not disable UAM in the same step as a CR or basal change. Verify is not used because both components have values.
real_grok46_50,run_039,aaps.core.smb_activation,aaps,True,smb_always_enabled=true; smb_with_cob_enabled=false; smb_after_carbs_enabled=false; smb_with_temp_target_enabled=true; smb_with_high_temp_target_enabled=false,keep,smb_always_enabled=true; smb_with_cob_enabled=false; smb_after_carbs_enabled=false; smb_with_temp_target_enabled=true; smb_with_high_temp_target_enabled=false,"Evidence: always-on SMB makes COB and after-carb flags idle, which matches COB 0. High-temp-target lockout is consistent with TT 135 use. Uncertainty: 18 Aug still had high TBR, so TT is not a complete hypo shield. Dependencies: no isolated activation-flag defect. All source components are non-null."
real_grok46_50,run_039,aaps.core.smb_delivery,aaps,True,smb_interval_minutes=3 min; max_smb_basal_minutes=15 min; max_uam_smb_basal_minutes=20 min,keep,smb_interval_minutes=3 min; max_smb_basal_minutes=15 min; max_uam_smb_basal_minutes=20 min,"Evidence: 20 minutes of UAM SMB on roughly 4.8 U/h max-safe basal can deliver about 1.6 U per pulse, and 3-minute cadence can stack that into evening IOB. Uncertainty: this may be compensating for unlogged meals and DynISF, so a cut is not isolated. Dependencies: withhold any delivery change until meal timing is logged and do not combine it with DynISF or basal. Remaining wait text is not this interval."
real_grok46_50,run_039,aaps.core.safety_limits,aaps,True,max_basal_u_per_hour=12 U/h; max_iob_units=25 U,keep,max_basal_u_per_hour=12 U/h; max_iob_units=25 U,"Evidence: enacted max-safe basal near 4 U/h and peak IOB about 6 U never hit 12 U/h or 25 U, so these prefs are slack rather than the cause of highs or lows. Uncertainty: tightening them would be a guardrail discussion, not a pattern diagnosis. Dependencies: multipliers and form limits were audited only for this safety mismatch and are not being optimized."
real_grok46_50,run_039,aaps.core.sensitivity,aaps,True,autosens_enabled=false; dynamic_sensitivity_enabled=true; autosens_raises_target=false; autosens_lowers_target=false; dynamic_isf_adjustment_factor_percent=70 %,keep,autosens_enabled=false; dynamic_sensitivity_enabled=true; autosens_raises_target=false; autosens_lowers_target=false; dynamic_isf_adjustment_factor_percent=70 %,"Evidence: DynISF 70% replaces time-segmented ISF and shrinks ISF at peaks, which can enlarge UAM. Autosens off is consistent with the raise and lower flags. Uncertainty: some sensitivity_ratio values differ from 1 even with Autosens off and should be read as a live overlay, not disabled Autosens. Dependencies: do not flip Autosens and DynISF together or pair a DynISF factor change with SMB minutes."
real_grok46_50,run_039,aaps.core.carb_absorption,aaps,True,min_5m_carbimpact=8 mg/dL/5 min; meal_max_absorption_hours=7 h,keep,min_5m_carbimpact=8 mg/dL/5 min; meal_max_absorption_hours=7 h,"Evidence: both settings are idle with 0 g carbs and COB 0, and UAM is not treated as duplicate COB. Uncertainty: they cannot be validated until announcements exist. Dependencies: meal_ecarbs_absorption found no e-carb schedule to compare."
real_grok46_50,run_040,profile.basal.00_00,profile,True,0.6 U/h,keep,0.6 U/h,"Evidence: local 00:00-03:00 drifts down with high time below range, but loop statuses also show leftover IOB and zero temps. Uncertainty: cannot separate 0.6 U/h from target 90, DIA 10 h, and afternoon UAM. Dependencies: safety_overview and unresolved automation IOB. Change unsupported."
real_grok46_50,run_040,profile.basal.05_00,profile,True,0.7 U/h,keep,0.7 U/h,Evidence: local 05:00-06:00 averages near 100 mg/dL with high time in range. Uncertainty: 21 Aug 06:19 reading of 42 mg/dL looks incidental. Dependencies: fasting-like window in basal_targets. No increase or decrease supported.
real_grok46_50,run_040,profile.basal.06_00,profile,True,0.8 U/h,keep,0.8 U/h,Evidence: local 06:00-08:00 is the strongest in-range band. Uncertainty: later 09:00 rise is meal-like. Dependencies: do not treat the morning rise as a 06:00 basal defect until carbs are logged.
real_grok46_50,run_040,profile.basal.10_00,profile,True,0.7 U/h,keep,0.7 U/h,"Evidence: local 09:00-12:00 rise occurs with COB 0 and UAM active. Uncertainty: meals, SMB, and basal are not separated. Dependencies: meal_bolus_strategy. Change unsupported."
real_grok46_50,run_040,profile.basal.16_00,profile,True,0.5 U/h,keep,0.5 U/h,"Evidence: hour 16 has the highest average and 32.1 percent time above range, coinciding with this lower basal. Uncertainty: unannounced intake and UAM lag are at least as likely. Dependencies: safety_overview evening lows; raising this basal could worsen 19:00 hypos. Keep."
real_grok46_50,run_040,profile.basal.18_00,profile,True,0.6 U/h,keep,0.6 U/h,"Evidence: glucose falls through 18:00 as afternoon IOB arrives. Uncertainty: this segment is a spectator to delayed insulin more than a proven basal error. Dependencies: DIA, SMB, and DynISF. No added evening basal."
real_grok46_50,run_040,profile.basal.19_00,profile,True,0.7 U/h,keep,0.7 U/h,Evidence: local 19:00 time below range is 15.3 percent with minima near 41 mg/dL. Uncertainty: stacked corrections versus this 0.7 U/h are not isolated. Dependencies: safety_overview. Increasing this rate is unsupported; decreasing it is also unsupported without a near-zero-IOB test.
real_grok46_50,run_040,profile.cr.00_00,profile,True,13 g/U,keep,13 g/U,"Evidence: CR values are present in the profile but carb_entries are 0, so this segment was idle. Uncertainty: no meal-linked validation. Dependencies: meal logging. The value is not missing; change is unsupported."
real_grok46_50,run_040,profile.cr.04_00,profile,True,11.1 g/U,keep,11.1 g/U,Evidence: no carb treatments in this window. Uncertainty: unused CR cannot be judged strong or weak. Dependencies: empty meal_strategies and COB 0. Keep the declared value.
real_grok46_50,run_040,profile.cr.08_00,profile,True,13.2 g/U,keep,13.2 g/U,Evidence: morning rise is UAM-shaped with no grams logged. Uncertainty: this CR was not used as a bolus tool. Dependencies: meal_bolus_strategy. Keep.
real_grok46_50,run_040,profile.cr.16_00,profile,True,10.5 g/U,keep,10.5 g/U,"Evidence: this is the most aggressive CR, but it was idle while afternoon UAM ran. Uncertainty: tightening or loosening it would not explain this file. Dependencies: do not change CR with SMB or DynISF. Keep."
real_grok46_50,run_040,profile.cr.20_00,profile,True,12.6 g/U,keep,12.6 g/U,"Evidence: evening pattern is hypo-weighted IOB, not an unused CR miss. Uncertainty: no evening carb announcements. Dependencies: safety_overview. Keep."
real_grok46_50,run_040,profile.isf.00_00,profile,True,56 mg/dL/U,keep,56 mg/dL/U,Evidence: profile ISF is flat 56 while loop variable_sens ranged about 28 to 124 under DynISF. Observed large drops after small corrections include stacked SMB and temp basal. Uncertainty: isolated ISF is not measured. Dependencies: automation_sensitivity_limits. Do not strengthen ISF while time below range is high.
real_grok46_50,run_040,profile.target.00_00,profile,True,90 mg/dL,keep,90 mg/dL,"Evidence: overnight target 90 sits inside the highest time-below-range band. Uncertainty: residual IOB may be the driver rather than the target number. Dependencies: basal 00:00 and DIA. Raising target is a possible later review, but not a supported change until the near-zero-IOB night test is seen."
real_grok46_50,run_040,profile.target.08_00,profile,True,100 mg/dL,keep,100 mg/dL,Evidence: daytime target 100 is already above the overnight 90 and high temporary targets of 135 were used as brakes. Uncertainty: afternoon highs are not shown to be a target error. Dependencies: UAM meal path. Keep.
real_grok46_50,run_040,profile.target.23_00,profile,True,90 mg/dL,keep,90 mg/dL,Evidence: the 23:00 return to 90 precedes the overnight below-range cluster. Uncertainty: same confounders as target 00:00. Dependencies: residual IOB test. Keep both night target rows together rather than changing one.
real_grok46_50,run_040,profile.dia,profile,True,10 h,keep,10 h,"Evidence: 10 h DIA can keep afternoon UAM active at 19:00-01:00 and is consistent with the named free-peak setup. Uncertainty: true duration of insulin action is not measured, including U200 dilute effects. Dependencies: SMB, DynISF, and overnight target. Shortening DIA while lows are present is unsupported."
real_grok46_50,run_040,aaps.core.smb_uam,aaps,True,smb_enabled=true; uam_enabled=true,keep,smb_enabled=true; uam_enabled=true,"Evidence: this pair is the actual meal path while COB is 0. Uncertainty: turning UAM off without announced carbs could leave afternoon highs untreated; leaving it aggressive can stack overnight IOB. Dependencies: empty meal declaration. Current values exist, so verify is not eligible. Keep."
real_grok46_50,run_040,aaps.core.smb_activation,aaps,True,smb_always_enabled=true; smb_with_cob_enabled=false; smb_after_carbs_enabled=false; smb_with_temp_target_enabled=true; smb_with_high_temp_target_enabled=false,keep,smb_always_enabled=true; smb_with_cob_enabled=false; smb_after_carbs_enabled=false; smb_with_temp_target_enabled=true; smb_with_high_temp_target_enabled=false,Evidence: activation matches UAM-only use and high temporary targets should suppress SMB. Uncertainty: always-on SMB can chase unannounced rises quickly. Dependencies: meal logging before any activation review. Keep; do not enable high-temp-target SMB.
real_grok46_50,run_040,aaps.core.smb_delivery,aaps,True,smb_interval_minutes=3 min; max_smb_basal_minutes=15 min; max_uam_smb_basal_minutes=20 min,keep,smb_interval_minutes=3 min; max_smb_basal_minutes=15 min; max_uam_smb_basal_minutes=20 min,"Evidence: 3-minute always-on SMB can stack, and custom boosts already exceeded the 15 or 20 minute inventory story. Uncertainty: tightening minutes alone may not cap this build. Dependencies: must not change with DynISF or basal on the same day. Keep."
real_grok46_50,run_040,aaps.core.safety_limits,aaps,True,max_basal_u_per_hour=12 U/h; max_iob_units=25 U,keep,max_basal_u_per_hour=12 U/h; max_iob_units=25 U,"Evidence: enacted high temps stopped near 4 U/h and observed IOB reached about 4.7-5.9 U, so 12 U/h and 25 U were not the active constraint. Uncertainty: these ceilings would not have blocked the already-overshooting IOB. Dependencies: form and safety ceilings are not routine optimization targets. Keep."
real_grok46_50,run_040,aaps.core.sensitivity,aaps,True,autosens_enabled=false; dynamic_sensitivity_enabled=true; autosens_raises_target=false; autosens_lowers_target=false; dynamic_isf_adjustment_factor_percent=70 %,keep,autosens_enabled=false; dynamic_sensitivity_enabled=true; autosens_raises_target=false; autosens_lowers_target=false; dynamic_isf_adjustment_factor_percent=70 %,"Evidence: DynISF 70 percent is a leading settings-side contributor to high-BG ISF compression, and Autosens is already off. A sensitivity_ratio of 1 is a neutral current adjustment, not proof Autosens is running. Uncertainty: turning Autosens on or changing DynISF now is not separable from UAM and missing meals. Dependencies: safety_overview and meal logging. Keep; do not enable target lowering."
real_grok46_50,run_040,aaps.core.carb_absorption,aaps,True,min_5m_carbimpact=8 mg/dL/5 min; meal_max_absorption_hours=7 h,keep,min_5m_carbimpact=8 mg/dL/5 min; meal_max_absorption_hours=7 h,Evidence: both fields are present and idle because COB stayed 0. Uncertainty: they cannot be judged until carbs exist. Dependencies: meal_ecarbs_absorption. Keep rather than verify because no source component is null.
real_grok46_50,run_041,profile.basal.00_00,profile,True,0.6 U/h,keep,0.6 U/h,Evidence: local 00:00-03:00 TBR 10-18 percent under 0.6 U/h and target 90. Uncertainty: DIA 10 h and afternoon IOB can cause the same lows. Dependencies: do not edit with night target or SMB-always. Change unsupported.
real_grok46_50,run_041,profile.basal.05_00,profile,True,0.7 U/h,keep,0.7 U/h,"Evidence: local 05:00-06:00 TIR 97.5 percent, mean 99.5. Uncertainty: one 42 mg/dL at 06:19 on 21-Aug is not a repeated 05:00 pattern. Dependencies: overnight TBR question is earlier in the night. Change unsupported."
real_grok46_50,run_041,profile.basal.06_00,profile,True,0.8 U/h,keep,0.8 U/h,Evidence: local 06:00-08:00 remains high TIR with little TAR. Uncertainty: breakfast UAM begins after 08:00. Dependencies: morning CR unused. Change unsupported.
real_grok46_50,run_041,profile.basal.10_00,profile,True,0.7 U/h,keep,0.7 U/h,Evidence: late-morning rise coincides with likely unannounced intake and COB 0. Uncertainty: cannot split basal from UAM. Dependencies: meal logging and SMB review first. Change unsupported.
real_grok46_50,run_041,profile.basal.16_00,profile,True,0.5 U/h,keep,0.5 U/h,"Evidence: hour 16 TAR 32 percent occurs after basal is already cut to 0.5 U/h, then hour 19 TBR rises. Uncertainty: meals versus UAM lag. Dependencies: raising this segment would conflict with evening hypo safety. Change unsupported."
real_grok46_50,run_041,profile.basal.18_00,profile,True,0.6 U/h,keep,0.6 U/h,"Evidence: local 18:00-19:00 is a fall into TBR after afternoon stacks, not a stable fasting excess. Uncertainty: residual IOB versus basal. Dependencies: DIA 10 h and SMB delivery. Change unsupported."
real_grok46_50,run_041,profile.basal.19_00,profile,True,0.7 U/h,keep,0.7 U/h,"Evidence: hour 19 TBR 15.3 percent and CGM 41-42 sit after large afternoon insulin, including 13-Aug and 14-Aug extremes. Uncertainty: evening basal may be incidental. Dependencies: do not cut together with UAM minutes. Change unsupported."
real_grok46_50,run_041,profile.cr.00_00,profile,True,13 g/U,keep,13 g/U,"Evidence: zero carb entries and COB 0, so overnight CR is unused. Uncertainty: cannot test ratio. Dependencies: carb logging required before any CR edit."
real_grok46_50,run_041,profile.cr.04_00,profile,True,11.1 g/U,keep,11.1 g/U,Evidence: no carbs entered in this slot; 04:00-08:00 glucose is mostly stable without meal signals. Uncertainty: unused setting. Dependencies: meal announcement. Change unsupported.
real_grok46_50,run_041,profile.cr.08_00,profile,True,13.2 g/U,keep,13.2 g/U,"Evidence: 09:00-10:00 rise occurs with COB 0, so UAM not CR is the executed path. Uncertainty: no prebolus or carb grams. Dependencies: empty declared meal_strategies. Change unsupported."
real_grok46_50,run_041,profile.cr.16_00,profile,True,10.5 g/U,keep,10.5 g/U,"Evidence: this is already the strongest CR under the worst TAR, and carbs were not entered. Uncertainty: leftover highs are UAM or DynISF more than a weak CR. Dependencies: evening hypo risk. Change unsupported."
real_grok46_50,run_041,profile.cr.20_00,profile,True,12.6 g/U,keep,12.6 g/U,Evidence: evening TBR and unused COB; CR not shown to act. Uncertainty: possible late unannounced intake at hour 22. Dependencies: carb logging. Change unsupported.
real_grok46_50,run_041,profile.isf.00_00,profile,True,56 mg/dL/U,keep,56 mg/dL/U,"Evidence: DynISF on with variable_sens about 28-124, so 56 is a seed not delivered ISF. Correction windows are mixed with IOB and SMB. Uncertainty: cannot isolate scheduled ISF. Dependencies: do not change with DynISF AF. Change unsupported."
real_grok46_50,run_041,profile.target.00_00,profile,True,90 mg/dL,keep,90 mg/dL,Evidence: night target 90 sits on overnight means and always-on SMB can still request insulin near 90. Uncertainty: equal competing carryover-IOB explanation. Dependencies: primary observation before any target edit. Change unsupported.
real_grok46_50,run_041,profile.target.08_00,profile,True,100 mg/dL,keep,100 mg/dL,Evidence: daytime 100 matches higher daytime means; some 135 high TTs already suppress SMB. Uncertainty: not the main leak for hour-16 TAR. Dependencies: meal UAM path. Change unsupported.
real_grok46_50,run_041,profile.target.23_00,profile,True,90 mg/dL,keep,90 mg/dL,Evidence: 23:00 returns to 90 as TBR reappears overnight. Uncertainty: same split as 00:00 target versus residual IOB. Dependencies: keep paired with profile.target.00_00. Change unsupported.
real_grok46_50,run_041,profile.dia,profile,True,10 h,keep,10 h,Evidence: 10 h is long and can link afternoon UAM to hour-19 and night TBR; profile name indicates u200 dilute. Uncertainty: no PK study in the package. Dependencies: shortening DIA while leaving UAM boosts unchanged could hide IOB. Change unsupported.
real_grok46_50,run_041,aaps.core.smb_uam,aaps,True,smb_enabled=true; uam_enabled=true,keep,smb_enabled=true; uam_enabled=true,"Evidence: with 0 g carbs, UAM is the only meal path. Uncertainty: hypo risk is dose size and timing not mere enablement. Dependencies: activation and delivery groups. Components are non-null so verify is not used."
real_grok46_50,run_041,aaps.core.smb_activation,aaps,True,smb_always_enabled=true; smb_with_cob_enabled=false; smb_after_carbs_enabled=false; smb_with_temp_target_enabled=true; smb_with_high_temp_target_enabled=false,keep,smb_always_enabled=true; smb_with_cob_enabled=false; smb_after_carbs_enabled=false; smb_with_temp_target_enabled=true; smb_with_high_temp_target_enabled=false,Evidence: always-on SMB can nibble overnight at target 90 and dose unannounced meals; high-TT lockout is internally consistent. Uncertainty: cannot prove turning always-on off would fix TBR without increasing afternoon TAR. Dependencies: night target observation first. No null components.
real_grok46_50,run_041,aaps.core.smb_delivery,aaps,True,smb_interval_minutes=3 min; max_smb_basal_minutes=15 min; max_uam_smb_basal_minutes=20 min,keep,smb_interval_minutes=3 min; max_smb_basal_minutes=15 min; max_uam_smb_basal_minutes=20 min,Evidence: configured 15/20 min understates sampled UAM boosts including 1.6 U SMB. Uncertainty: fork boost logic is not fully specified; remaining-time text is not the 3 min interval. Dependencies: do not retune with DynISF or max IOB. No null components.
real_grok46_50,run_041,aaps.core.safety_limits,aaps,True,max_basal_u_per_hour=12 U/h; max_iob_units=25 U,keep,max_basal_u_per_hour=12 U/h; max_iob_units=25 U,"Evidence: 12 U/h and 25 U did not bind; sampled temps cited maxSafeBasal 4 and IOB stayed near 5-6 U beside lows. Uncertainty: no supported replacement number without inventing a cap. Dependencies: review only after night observation, not with basal or ISF. No null components."
real_grok46_50,run_041,aaps.core.sensitivity,aaps,True,autosens_enabled=false; dynamic_sensitivity_enabled=true; autosens_raises_target=false; autosens_lowers_target=false; dynamic_isf_adjustment_factor_percent=70 %,keep,autosens_enabled=false; dynamic_sensitivity_enabled=true; autosens_raises_target=false; autosens_lowers_target=false; dynamic_isf_adjustment_factor_percent=70 %,Evidence: Autosens off matches raise or lower false; DynISF 70 percent explains effective ISF far from 56. Uncertainty: afternoon resistance readings may be unannounced carbs. Dependencies: do not change AF with scheduled ISF. sensitivity_ratio near 1 is not Autosens-on. No null components.
real_grok46_50,run_041,aaps.core.carb_absorption,aaps,True,min_5m_carbimpact=8 mg/dL/5 min; meal_max_absorption_hours=7 h,keep,min_5m_carbimpact=8 mg/dL/5 min; meal_max_absorption_hours=7 h,Evidence: settings are idle because COB stayed 0 and e-carbs were unused. Uncertainty: they cannot explain current TBR or TAR. Dependencies: become relevant only after carb entries exist. No null components.
real_grok46_50,run_042,profile.basal.00_00,profile,True,0.6 U/h,keep,0.6 U/h,"Evidence: hour 00-03 TBR is high while scheduled basal is only 0.6 U/h and sampled loop suspends also occur. Uncertainty: leftover evening IOB, night SMB, and target 90 mg/dL are not separated. Dependencies: do not cut this basal in the same step as target or SMB."
real_grok46_50,run_042,profile.basal.05_00,profile,True,0.7 U/h,keep,0.7 U/h,"Evidence: local hour 05 averages 104.2 mg/dL with TIR 95.2 percent. Uncertainty: one 21 Aug low near 07:00 is not the hourly pattern. Dependencies: dawn 0.8 U/h block is also stable, so no adjacent basal change."
real_grok46_50,run_042,profile.basal.06_00,profile,True,0.8 U/h,keep,0.8 U/h,Evidence: local 06:00-08:00 sits near 99-110 mg/dL with almost no TAR or TBR. Uncertainty: later 09:00-10:00 rise can be breakfast UAM. Dependencies: do not raise this segment to chase mid-morning TAR.
real_grok46_50,run_042,profile.basal.10_00,profile,True,0.7 U/h,keep,0.7 U/h,Evidence: late-morning and afternoon TAR occur with COB 0 and active UAM. Uncertainty: unannounced carbs remain the leading alternative. Dependencies: a basal increase here would add IOB into the 18:00-19:00 crash.
real_grok46_50,run_042,profile.basal.16_00,profile,True,0.5 U/h,keep,0.5 U/h,"Evidence: hour 16 has the highest TAR, but this is the same window as UAM catch-up, not a fasting basal test. Uncertainty: the 0.5 U/h cut may be protective before evening lows. Dependencies: do not raise 16:00 basal with SMB or DynISF unchanged."
real_grok46_50,run_042,profile.basal.18_00,profile,True,0.6 U/h,keep,0.6 U/h,Evidence: local hour 18 already has TBR 7.7 percent and minima in the low 40s. Uncertainty: most insulin in this hour is likely residual SMB or UAM IOB. Dependencies: safety veto on adding evening basal.
real_grok46_50,run_042,profile.basal.19_00,profile,True,0.7 U/h,keep,0.7 U/h,"Evidence: hour 19 TBR 15.3 percent coincides with this step-up, but also with afternoon catch-up IOB. Uncertainty: B4 versus A1 is unresolved. Dependencies: do not change 19:00 basal together with SMB minutes or DynISF."
real_grok46_50,run_042,profile.cr.00_00,profile,True,13 g/U,keep,13 g/U,"Evidence: zero carb entries and COB 0, so this CR did not dose meals. Uncertainty: true overnight carb need is unknown. Dependencies: CR review requires announced carbs."
real_grok46_50,run_042,profile.cr.04_00,profile,True,11.1 g/U,keep,11.1 g/U,Evidence: no carb treatments in this segment. Uncertainty: unused clock CR cannot be judged strong or weak. Dependencies: meal logging first.
real_grok46_50,run_042,profile.cr.08_00,profile,True,13.2 g/U,keep,13.2 g/U,"Evidence: mid-morning TAR is UAM-shaped, not a wizard bolus miss. Uncertainty: if breakfast is eaten and unlogged, CR is not the actuator. Dependencies: do not tighten CR while always-on SMB is catching those rises."
real_grok46_50,run_042,profile.cr.16_00,profile,True,10.5 g/U,keep,10.5 g/U,"Evidence: the strongest afternoon highs and later crashes occurred with no carb entry, so 10.5 g/U was idle. Uncertainty: a future announced dinner would interact with DIA 10 h and UAM. Dependencies: keep until carbs exist."
real_grok46_50,run_042,profile.cr.20_00,profile,True,12.6 g/U,keep,12.6 g/U,Evidence: evening TBR with COB 0 is not a CR under-bolus. Uncertainty: night eating cannot be excluded. Dependencies: carb timestamps before any CR change.
real_grok46_50,run_042,profile.isf.00_00,profile,True,56 mg/dL/U,keep,56 mg/dL/U,"Evidence: Dynamic ISF is on and sampled variable_sens ranged about 28-124 mg/dL/U, so 56 is not the delivered ISF. Uncertainty: mixed correction windows cannot test the table value. Dependencies: do not change profile ISF while DynISF 70 percent remains on."
real_grok46_50,run_042,profile.target.00_00,profile,True,90 mg/dL,keep,90 mg/dL,"Evidence: 00:00-03:00 TBR is elevated at target 90 mg/dL, but 04:00-08:00 is excellent at the same target. Uncertainty: leftover IOB versus target versus night SMB is unresolved. Dependencies: do not raise this target in the same step as a basal cut or SMB change."
real_grok46_50,run_042,profile.target.08_00,profile,True,100 mg/dL,keep,100 mg/dL,"Evidence: daytime target 100 mg/dL already covers the 18:00-19:00 crash window, so that crash is not a low-target defect. Uncertainty: afternoon TAR may still be meal UAM. Dependencies: keep this target while reviewing unannounced meals."
real_grok46_50,run_042,profile.target.23_00,profile,True,90 mg/dL,keep,90 mg/dL,Evidence: hour 23 TBR 10.1 percent starts this overnight 90 mg/dL block. Uncertainty: some of that TBR may be carry-over from evening IOB. Dependencies: same as target 00:00; do not change both overnight targets plus basal together.
real_grok46_50,run_042,profile.dia,profile,True,10 h,keep,10 h,"Evidence: late lows after afternoon dosing fit residual activity or stacking, not a DIA that is too short. Uncertainty: dilute U200 and free_peak_oref make an exact hour untestable here. Dependencies: shortening DIA would under-count IOB and is not supported."
real_grok46_50,run_042,aaps.core.smb_uam,aaps,True,smb_enabled=true; uam_enabled=true,keep,smb_enabled=true; uam_enabled=true,"Evidence: with 0 g carbs, UAM plus SMB is the observed meal method and is not duplicate COB counting. Uncertainty: this pair likely contributes to evening IOB, but disabling it was not isolated from DynISF. Dependencies: do not turn SMB or UAM off in the same step as a basal or ISF change."
real_grok46_50,run_042,aaps.core.smb_activation,aaps,True,smb_always_enabled=true; smb_with_cob_enabled=false; smb_after_carbs_enabled=false; smb_with_temp_target_enabled=true; smb_with_high_temp_target_enabled=false,keep,smb_always_enabled=true; smb_with_cob_enabled=false; smb_after_carbs_enabled=false; smb_with_temp_target_enabled=true; smb_with_high_temp_target_enabled=false,Evidence: always-on SMB with COB SMB off matches zero carb entries; high-TT SMB off matches TT 135 use. Uncertainty: always-on SMB may dose into the 90-110 mg/dL overnight band. Dependencies: activation flags stay with the current unannounced-meal pattern.
real_grok46_50,run_042,aaps.core.smb_delivery,aaps,True,smb_interval_minutes=3 min; max_smb_basal_minutes=15 min; max_uam_smb_basal_minutes=20 min,keep,smb_interval_minutes=3 min; max_smb_basal_minutes=15 min; max_uam_smb_basal_minutes=20 min,"Evidence: 3 minutes is the configured interval, not leftover low-temp text; UAM 20 minutes exceeds SMB 15 minutes and fits unannounced rises. Uncertainty: boost paths can exceed basal times minutes, but the caps themselves were not shown as the single fault. Dependencies: do not change interval and UAM minutes together or with DynISF."
real_grok46_50,run_042,aaps.core.safety_limits,aaps,True,max_basal_u_per_hour=12 U/h; max_iob_units=25 U,keep,max_basal_u_per_hour=12 U/h; max_iob_units=25 U,"Evidence: observed high temps bound near 4 U/h and peak sampled IOB was 5.9 U, so 12 U/h and 25 U did not actuate this trace. Uncertainty: the unused 25 U ceiling is slack relative to about 19.7 U/day, but a replacement cap is not isolated. Dependencies: do not tighten caps in the same step as SMB or DynISF."
real_grok46_50,run_042,aaps.core.sensitivity,aaps,True,autosens_enabled=false; dynamic_sensitivity_enabled=true; autosens_raises_target=false; autosens_lowers_target=false; dynamic_isf_adjustment_factor_percent=70 %,keep,autosens_enabled=false; dynamic_sensitivity_enabled=true; autosens_raises_target=false; autosens_lowers_target=false; dynamic_isf_adjustment_factor_percent=70 %,"Evidence: Autosens off matches no target shift; a sensitivity_ratio of 1 is a neutral current adjustment, not a sign Autosens is enabled. DynISF 70 percent explains strong high-BG dosing then later hypos. Uncertainty: factor 70 percent versus profile ISF 56 is not separable. Dependencies: do not change DynISF and profile ISF together."
real_grok46_50,run_042,aaps.core.carb_absorption,aaps,True,min_5m_carbimpact=8 mg/dL/5 min; meal_max_absorption_hours=7 h,keep,min_5m_carbimpact=8 mg/dL/5 min; meal_max_absorption_hours=7 h,Evidence: both settings were idle with 0 g carbs and no e-carbs. Uncertainty: they would matter only after carb entry starts. Dependencies: keep until meal logging exists; do not infer duration from an unused 7 h default.
real_grok46_50,run_043,profile.basal.00_00,profile,True,0.6 U/h,keep,0.6 U/h,"Early-night TBR exists, but residual afternoon IOB, target 90 mg/dL, and Dynamic ISF are competing causes. Evidence does not isolate this segment. Uncertainty is medium. Depends on overnight IOB observation and no same-step SMB or ISF change."
real_grok46_50,run_043,profile.basal.05_00,profile,True,0.7 U/h,keep,0.7 U/h,Local hours 5 to 7 are mostly in range with low TBR aside from one 42 mg/dL outlier. No isolated fasting under- or over-basal signal. Uncertainty is low to medium. Depends on confirming that hour is not dominated by leftover IOB.
real_grok46_50,run_043,profile.basal.06_00,profile,True,0.8 U/h,keep,0.8 U/h,The later-night and early-morning window is the cleanest basal-like period and does not show a required dawn increase. Morning rise after 08:00 may be unlogged intake. Uncertainty is medium. Depends on meal-timing observation.
real_grok46_50,run_043,profile.basal.10_00,profile,True,0.7 U/h,keep,0.7 U/h,Late-morning and midday TAR is compatible with UAM lag and unused CR. Changing this basal would compensate for unannounced intake. Uncertainty is high. Depends on meal announcement versus UAM intent.
real_grok46_50,run_043,profile.basal.16_00,profile,True,0.5 U/h,keep,0.5 U/h,"This lowest basal sits under the 16:00 TAR peak but precedes the worst evening TBR. A raise could worsen hour-19 lows if the peak is meal or UAM catch-up. Uncertainty is high. Depends on meal logs, IOB at 16:00-19:00, and unchanged SMB."
real_grok46_50,run_043,profile.basal.18_00,profile,True,0.6 U/h,keep,0.6 U/h,Glucose is already falling into hour-19 hypos. Increasing this segment is unsafe to infer; decreasing it is also unproven versus SMB tails. Uncertainty is high. Depends on safety_overview and automation IOB.
real_grok46_50,run_043,profile.basal.19_00,profile,True,0.7 U/h,keep,0.7 U/h,"Hour 19 has 15.3 percent TBR and extreme lows in the package. The rise from 0.5 to 0.7 U/h may stack with prior SMB, but the data do not isolate basal as the primary lever. Uncertainty is high. Depends on DIA, UAM, and hypo review first."
real_grok46_50,run_043,profile.cr.00_00,profile,True,13 g/U,keep,13 g/U,"No carb entries exist, so this CR is unused. Evidence cannot support a new value. Uncertainty is high. Depends on future announced overnight carbs, which were not declared."
real_grok46_50,run_043,profile.cr.04_00,profile,True,11.1 g/U,keep,11.1 g/U,No carb treatments validate this segment. Keep the declared value. Uncertainty is high. Depends on meal logging before any CR review.
real_grok46_50,run_043,profile.cr.08_00,profile,True,13.2 g/U,keep,13.2 g/U,"Morning rise occurs with cob 0, so UAM rather than this CR is the observed meal dose. Changing CR would not alter this dataset. Uncertainty is high. Depends on whether breakfast is announced."
real_grok46_50,run_043,profile.cr.16_00,profile,True,10.5 g/U,keep,10.5 g/U,Afternoon TAR cannot be attributed to this stronger CR while carbs are unlogged. Uncertainty is high. Depends on meal announcement and not changing UAM in the same step.
real_grok46_50,run_043,profile.cr.20_00,profile,True,12.6 g/U,keep,12.6 g/U,Evening hypos are more consistent with IOB tails than with this unused CR. Uncertainty is high. Depends on safety constraint and meal strategy confirmation.
real_grok46_50,run_043,profile.isf.00_00,profile,True,56 mg/dL/U,keep,56 mg/dL/U,"Dosing ISF is Dynamic ISF, with sampled variable_sens far from 56. Correction windows are confounded. A profile ISF change cannot be isolated from AF 70 percent or SMB. Uncertainty is high. Depends on turning or holding DynISF steady before any ISF experiment."
real_grok46_50,run_043,profile.target.00_00,profile,True,90 mg/dL,keep,90 mg/dL,"Overnight TBR hugs 90 mg/dL, but leftover IOB and some operational targets near 80 mg/dL are unresolved. Raising or lowering this target now would hide those causes. Uncertainty is medium. Depends on the overnight IOB check in profile_recommendation."
real_grok46_50,run_043,profile.target.08_00,profile,True,100 mg/dL,keep,100 mg/dL,Daytime target 100 mg/dL is already above overnight 90. Afternoon TAR is not shown to be a target error versus unlogged meals. Uncertainty is medium. Depends on meal and UAM review.
real_grok46_50,run_043,profile.target.23_00,profile,True,90 mg/dL,keep,90 mg/dL,This target starts the overnight 90 mg/dL band where TBR rises. Same entanglement as 00:00 target plus DIA tails. Uncertainty is medium. Depends on IOB at 23:00 and no concurrent basal change.
real_grok46_50,run_043,profile.dia,profile,True,10 h,keep,10 h,"Long DIA is a plausible evening and overnight IOB explanation, but insulin type is free_peak_oref and no isolated DIA test exists. Changing DIA with SMB or ISF would confound IOB accounting. Uncertainty is high. Depends on later care-team review after meal and overnight observation."
real_grok46_50,run_043,aaps.core.smb_uam,aaps,True,smb_enabled=true; uam_enabled=true,keep,smb_enabled=true; uam_enabled=true,The pair matches zero carbs and UAM-driven reasons. Disabling it is unsupported without a declared meal-bolus replacement. Uncertainty is medium. Depends on user-declared UAM-only intent versus future carb logging.
real_grok46_50,run_043,aaps.core.smb_activation,aaps,True,smb_always_enabled=true; smb_with_cob_enabled=false; smb_after_carbs_enabled=false; smb_with_temp_target_enabled=true; smb_with_high_temp_target_enabled=false,keep,smb_always_enabled=true; smb_with_cob_enabled=false; smb_after_carbs_enabled=false; smb_with_temp_target_enabled=true; smb_with_high_temp_target_enabled=false,"Always-on SMB makes the false COB flags unused, not inconsistent. High temporary targets of 135 mg/dL are a recurring hold pattern. No component is null so verify is not used. Uncertainty is medium. Depends on not adding carb logging in the same step."
real_grok46_50,run_043,aaps.core.smb_delivery,aaps,True,smb_interval_minutes=3 min; max_smb_basal_minutes=15 min; max_uam_smb_basal_minutes=20 min,keep,smb_interval_minutes=3 min; max_smb_basal_minutes=15 min; max_uam_smb_basal_minutes=20 min,"Observed SMB size including 1.6 U may come from a custom boost path, so the 15 and 20 minute fields are not shown as the binding cap. Changing them now is unsupported. Uncertainty is high. Depends on understanding the fork before any delivery-cap review."
real_grok46_50,run_043,aaps.core.safety_limits,aaps,True,max_basal_u_per_hour=12 U/h; max_iob_units=25 U,keep,max_basal_u_per_hour=12 U/h; max_iob_units=25 U,"Sampled IOB peaked near 6 U, so 25 U was not the clamp. A reason string used maxSafeBasal 4 U/h. These rails are unused rather than proven misfit, and changing them with SMB or ISF would mix effects. Uncertainty is medium. Depends on later safety-rail discussion only after profile observation."
real_grok46_50,run_043,aaps.core.sensitivity,aaps,True,autosens_enabled=false; dynamic_sensitivity_enabled=true; autosens_raises_target=false; autosens_lowers_target=false; dynamic_isf_adjustment_factor_percent=70 %,keep,autosens_enabled=false; dynamic_sensitivity_enabled=true; autosens_raises_target=false; autosens_lowers_target=false; dynamic_isf_adjustment_factor_percent=70 %,"Autosens is off; sensitivity_ratio near 1 is not disabled Autosens. Dynamic ISF at 70 percent is likely compensating for unused CR and flat ISF, and may also overshoot. AF, profile ISF, and SMB must not change together. Uncertainty is high. Depends on isolating UAM meals first."
real_grok46_50,run_043,aaps.core.carb_absorption,aaps,True,min_5m_carbimpact=8 mg/dL/5 min; meal_max_absorption_hours=7 h,keep,min_5m_carbimpact=8 mg/dL/5 min; meal_max_absorption_hours=7 h,Settings are idle while cob remains 0. UAM is not COB. No absorption defect is visible. Uncertainty is low for the current dataset. Depends on any future carb or e-carb logging remaining separate from SMB changes.
real_grok46_50,run_044,profile.basal.00_00,profile,True,0.6 U/h,keep,0.6 U/h,"Evidence: local hour 0-1 averages 90-93 mg/dL with 11-18% TBR, but this window follows afternoon-evening UAM and sampled IOB up to about 6 U. Uncertainty: leftover insulin versus scheduled 0.6 U/h is not split. Dependencies: SMB or UAM cluster, DIA 10 h, night target 90 mg/dL. A lower or higher midnight rate is unsupported."
real_grok46_50,run_044,profile.basal.05_00,profile,True,0.7 U/h,keep,0.7 U/h,"Evidence: local 05:00 average 104.2 mg/dL, TAR 0%, TBR 4.8%. Uncertainty: residual overnight IOB can still be present. Dependencies: prior 00:00 basal and night target. No isolated under- or over-basal signal."
real_grok46_50,run_044,profile.basal.06_00,profile,True,0.8 U/h,keep,0.8 U/h,"Evidence: local 06:00-07:00 averages 99.5 mg/dL with TBR 1.3-2.5% and almost no TAR, so a strong dawn basal defect is not shown. Uncertainty: 21 Aug 06:19 local 42 mg/dL is a single extreme. Dependencies: 05:00 step and morning meals after 08:00. Keep 0.8 U/h."
real_grok46_50,run_044,profile.basal.10_00,profile,True,0.7 U/h,keep,0.7 U/h,"Evidence: local 10:00 average 148 mg/dL and 20.2% TAR, but this follows the 08:00-09:00 rise with no carb records. Uncertainty: breakfast UAM is the competing explanation. Dependencies: unused CR 13.2 g/U, always-on SMB, target 100 mg/dL from 08:00. Not labeled a basal hole."
real_grok46_50,run_044,profile.basal.16_00,profile,True,0.5 U/h,keep,0.5 U/h,"Evidence: this is the lowest basal during the highest TAR hour (local 16:00 average 162.8 mg/dL, 32.1% TAR) and sits before hour 19 TBR 15.3% and lows of 41 mg/dL. Uncertainty: the valley may already be protecting against evening crashes. Dependencies: UAM or SMB on the afternoon rise, 16:00 CR unused, dynISF. Raising this rate would add insulin in a hypo-adjacent window."
real_grok46_50,run_044,profile.basal.18_00,profile,True,0.6 U/h,keep,0.6 U/h,"Evidence: local 18:00 average 124.2 mg/dL with mixed 11.9% TAR and 7.7% TBR. Uncertainty: this hour is a transition after afternoon IOB, not a fasting test. Dependencies: 16:00 basal 0.5 U/h and SMB cluster. No isolated change."
real_grok46_50,run_044,profile.basal.19_00,profile,True,0.7 U/h,keep,0.7 U/h,"Evidence: local 19:00 has the second-worst TBR at 15.3% and clustered 41-48 mg/dL readings. Uncertainty: 0.7 U/h may contribute, but afternoon UAM, corrections, and DIA 10 h remain plausible. Dependencies: safety veto against more evening insulin and against changing basal with SMB at the same time. Keep until low-IOB evenings are observed."
real_grok46_50,run_044,profile.cr.00_00,profile,True,13 g/U,keep,13 g/U,"Evidence: zero carb treatments and loop COB 0, so this ratio was not used. Uncertainty: night snacks cannot be confirmed or denied. Dependencies: UAM path, not wizard CR. Changing an unused ratio would not explain this dataset."
real_grok46_50,run_044,profile.cr.04_00,profile,True,11.1 g/U,keep,11.1 g/U,"Evidence: no carb entries in this segment. Early-morning glucose is the stable basal window, not a CR test. Uncertainty: unused setting. Dependencies: meal logging. Keep."
real_grok46_50,run_044,profile.cr.08_00,profile,True,13.2 g/U,keep,13.2 g/U,"Evidence: 08:00-10:00 rise occurs with no meal bolus and COB 0, so UAM, not 13.2 g/U, delivered meal insulin. Uncertainty: actual breakfast grams unknown. Dependencies: SMB always-on. Keep until carbs are logged."
real_grok46_50,run_044,profile.cr.16_00,profile,True,10.5 g/U,keep,10.5 g/U,"Evidence: this is the strongest CR on paper but was unused while afternoon TAR and evening TBR were driven by corrections and UAM. Uncertainty: if meals were eaten, composition is unknown. Dependencies: 16:00 basal 0.5 U/h and dynISF. Keep."
real_grok46_50,run_044,profile.cr.20_00,profile,True,12.6 g/U,keep,12.6 g/U,"Evidence: evening TBR with no carb records is an IOB and basal-target problem, not a CR test. Uncertainty: unused ratio. Dependencies: night target and leftover SMB. Keep."
real_grok46_50,run_044,profile.isf.00_00,profile,True,56 mg/dL/U,keep,56 mg/dL/U,"Evidence: dynISF 70% produced variable_sens about 28-124, so live dosing did not use 56 alone. Correction windows both over- and under-fell. Uncertainty: u200 dilute blocks 1800-rule comparisons. Dependencies: dynISF, SMB, DIA. Changing ISF together with dynISF is not allowed; neither is isolated."
real_grok46_50,run_044,profile.target.00_00,profile,True,90 mg/dL,keep,90 mg/dL,"Evidence: overnight TBR is high under a 90 mg/dL target. Uncertainty: leftover IOB can create the same lows at a higher target, so this is not a proven target defect. Dependencies: safety veto against a tighter night target; SMB always-on. Raising the target is a possible later safety discussion, not a supported change from this file."
real_grok46_50,run_044,profile.target.08_00,profile,True,100 mg/dL,keep,100 mg/dL,"Evidence: daytime target 100 mg/dL coincides with afternoon TAR that is better explained by unlogged meals and UAM. Uncertainty: a lower daytime target would likely increase SMB, which conflicts with evening hypo risk. Dependencies: smb_always_enabled. Keep."
real_grok46_50,run_044,profile.target.23_00,profile,True,90 mg/dL,keep,90 mg/dL,"Evidence: local 23:00 TBR 10.1% as glucose falls into the night. Uncertainty: same IOB confound as the 00:00 target. Dependencies: 19:00 basal, DIA, SMB cluster. Keep pending the overnight IOB split."
real_grok46_50,run_044,profile.dia,profile,True,10 h,keep,10 h,"Evidence: 2-6 hour crashes after afternoon UAM or corrections, plus lows of 41-42 mg/dL, fit a long insulin tail. Uncertainty: free_peak_oref peak shape is not independently measured. Dependencies: high evening IOB. Shortening DIA is unsupported and would hide active insulin."
real_grok46_50,run_044,aaps.core.smb_uam,aaps,True,smb_enabled=true; uam_enabled=true,keep,smb_enabled=true; uam_enabled=true,"Evidence: zero carbs and COB 0 mean UAM is the only observed meal path; disabling it would leave the 08:00-17:00 rises without a logged-carb alternative. Uncertainty: how much of TBR is UAM versus dynISF is unsplit. Dependencies: empty meal declaration and unused CR. Both source values are present, so verify is not used. Keep the pair together rather than inventing a one-sided switch."
real_grok46_50,run_044,aaps.core.smb_activation,aaps,True,smb_always_enabled=true; smb_with_cob_enabled=false; smb_after_carbs_enabled=false; smb_with_temp_target_enabled=true; smb_with_high_temp_target_enabled=false,keep,smb_always_enabled=true; smb_with_cob_enabled=false; smb_after_carbs_enabled=false; smb_with_temp_target_enabled=true; smb_with_high_temp_target_enabled=false,Evidence: activation flags match unannounced meals and the 135 mg/dL high-TT SMB-off behavior. Uncertainty: always-on SMB is part of the aggression cluster. Dependencies: no carb logging yet. Source components are non-null. Keep rather than flip always-on without a meal-entry plan.
real_grok46_50,run_044,aaps.core.smb_delivery,aaps,True,smb_interval_minutes=3 min; max_smb_basal_minutes=15 min; max_uam_smb_basal_minutes=20 min,keep,smb_interval_minutes=3 min; max_smb_basal_minutes=15 min; max_uam_smb_basal_minutes=20 min,"Evidence: 3-minute interval and UAM 20 minutes, plus custom boost text, produced SMBs larger than 15-20 minutes times 0.5-0.8 U/h basal and high IOB. Uncertainty: no isolated test of interval versus UAM minutes versus dynISF. Dependencies: do not change delivery limits with ISF or basal in the same step. No new minute values are supported. Keep."
real_grok46_50,run_044,aaps.core.safety_limits,aaps,True,max_basal_u_per_hour=12 U/h; max_iob_units=25 U,keep,max_basal_u_per_hour=12 U/h; max_iob_units=25 U,"Evidence: observed TDD about 19.7 U/day pump units and peak sampled IOB about 6 U, so 25 U and 12 U/h were not binding; one path already clipped near 4 U/h. Uncertainty: unused headroom is a safety concern if stacking increases, but a specific tighter cap is not measured. Dependencies: dynISF and SMB, not current TBR cause. Keep; do not invent a new cap."
real_grok46_50,run_044,aaps.core.sensitivity,aaps,True,autosens_enabled=false; dynamic_sensitivity_enabled=true; autosens_raises_target=false; autosens_lowers_target=false; dynamic_isf_adjustment_factor_percent=70 %,keep,autosens_enabled=false; dynamic_sensitivity_enabled=true; autosens_raises_target=false; autosens_lowers_target=false; dynamic_isf_adjustment_factor_percent=70 %,"Evidence: dynISF 70% rewrote ISF at highs and is entangled with afternoon overshoot then night TBR. Autosens is off; sensitivity_ratio 1 is neutral, not disabled-Autosens proof. Uncertainty: 70% versus profile ISF 56 cannot be separated. Dependencies: do not change dynISF with profile ISF. Enabling Autosens target lowering would fight nocturnal TBR. Keep all listed components."
real_grok46_50,run_044,aaps.core.carb_absorption,aaps,True,min_5m_carbimpact=8 mg/dL/5 min; meal_max_absorption_hours=7 h,keep,min_5m_carbimpact=8 mg/dL/5 min; meal_max_absorption_hours=7 h,Evidence: both settings are idle with 0 g logged and COB 0. UAM rises are not COB double-counting. Uncertainty: absorption shape unknown. Dependencies: meal logging and unused CR. Keep.
real_grok46_50,run_045,profile.basal.00_00,profile,True,0.6 U/h,keep,0.6 U/h,"Overnight means are near 90-106 mg/dL with TBR, not hyperglycemia. Evidence does not show under-basal. Uncertainty: leftover UAM IOB versus this rate. Dependencies: overnight target 90 mg/dL and DIA 10 h must stay unchanged if this basal is later reviewed."
real_grok46_50,run_045,profile.basal.05_00,profile,True,0.7 U/h,keep,0.7 U/h,Local 05:00-06:00 TIR is high with little TAR. Evidence supports adequacy. Uncertainty: one 42 mg/dL point at 07:19 on 21 Aug is not an hourly pattern. Dependencies: adjacent 06:00 step.
real_grok46_50,run_045,profile.basal.06_00,profile,True,0.8 U/h,keep,0.8 U/h,05:00-08:00 is the most stable fasting-like block (TIR about 95-99%). A dawn increase is not indicated. Uncertainty: unannounced breakfast after 08:00. Dependencies: 08:00 target rise to 100 mg/dL.
real_grok46_50,run_045,profile.basal.10_00,profile,True,0.7 U/h,keep,0.7 U/h,Late-morning rise is meal-shaped with UAM and COB 0. Not a separable basal defect. Uncertainty: no meal timestamps. Dependencies: SMB/UAM and unused CR.
real_grok46_50,run_045,profile.basal.16_00,profile,True,0.5 U/h,keep,0.5 U/h,"This low step sits on the worst TAR hour and the evening crash hours. Raising it would add insulin where 41-42 mg/dL lows already occur. Uncertainty: it may already be hypo protection. Dependencies: UAM, DynISF, and 18:00-19:00 basal."
real_grok46_50,run_045,profile.basal.18_00,profile,True,0.6 U/h,keep,0.6 U/h,Local 18:00 already has TBR 7.7% after afternoon stacking. Evidence does not support more basal. Uncertainty: mixed late meals versus IOB. Dependencies: 16:00 and 19:00 segments.
real_grok46_50,run_045,profile.basal.19_00,profile,True,0.7 U/h,keep,0.7 U/h,Local 19:00 TBR is 15.3% with the 41 mg/dL cluster. Timing may be imperfect but a change is premature until afternoon IOB is observed. Uncertainty: SMB versus this rate. Dependencies: safety veto on evening insulin increases.
real_grok46_50,run_045,profile.cr.00_00,profile,True,13 g/U,keep,13 g/U,No carb entries test this segment. Changing unused CR would be speculation. Uncertainty: overnight is not a meal window. Dependencies: UAM remains the meal path.
real_grok46_50,run_045,profile.cr.04_00,profile,True,11.1 g/U,keep,11.1 g/U,Unused with COB 0. Early-morning TIR is already high. Uncertainty: no breakfast logs. Dependencies: UAM/SMB.
real_grok46_50,run_045,profile.cr.08_00,profile,True,13.2 g/U,keep,13.2 g/U,"Daytime highs occur without announced carbs, so UAM not CR is the delivery path. Uncertainty: unknown meal size. Dependencies: smb_always_enabled and uam_enabled."
real_grok46_50,run_045,profile.cr.16_00,profile,True,10.5 g/U,keep,10.5 g/U,"Strongest CR sits on the worst TAR hour only if meals were entered; they were not. Tightening CR would not address UAM stacking and could worsen evening lows if logging starts later. Uncertainty: still no meal amounts. Dependencies: afternoon basal, SMB, DynISF."
real_grok46_50,run_045,profile.cr.20_00,profile,True,12.6 g/U,keep,12.6 g/U,"Unused. Evening issue is TBR, not missed CR. Uncertainty: possible late unannounced intake. Dependencies: DIA and leftover IOB."
real_grok46_50,run_045,profile.isf.00_00,profile,True,56 mg/dL/U,keep,56 mg/dL/U,"Flat ISF is not isolated from DynISF 70%, which already drives variable_sens well below 56 at high BG. Correction windows are not clean ISF tests. u200 dilute units lower confidence in TDD rule-of-thumb comparisons. Dependencies: do not change ISF in the same step as DynISF or SMB."
real_grok46_50,run_045,profile.target.00_00,profile,True,90 mg/dL,keep,90 mg/dL,"Target 90 mg/dL is a leading competing cause of hour-01 TBR but leftover IOB is not ruled out. Raising it remains a later one-knob review after IOB-at-low notes, not a supported change in this pass. Uncertainty: mid-period GLP-1. Dependencies: 23:00 target and 00:00 basal."
real_grok46_50,run_045,profile.target.08_00,profile,True,100 mg/dL,keep,100 mg/dL,"Daytime target is already higher than overnight and daytime TBR is lower except the evening crash, which is IOB after UAM rather than this target. Uncertainty: meal confounding after 08:00. Dependencies: SMB with temp targets."
real_grok46_50,run_045,profile.target.23_00,profile,True,90 mg/dL,keep,90 mg/dL,Same unresolved cluster as 00:00 target 90 mg/dL. Keep both overnight target rows together. Uncertainty: IOB tail versus target. Dependencies: profile.target.00_00.
real_grok46_50,run_045,profile.dia,profile,True,10 h,keep,10 h,Long DIA is consistent with late lows after afternoon insulin and is not shown to be too short. Shortening DIA could hide IOB while UAM and DynISF remain aggressive. Uncertainty: free_peak_oref peak not separately quantified. Dependencies: SMB/UAM and max IOB.
real_grok46_50,run_045,aaps.core.smb_uam,aaps,True,smb_enabled=true; uam_enabled=true,keep,smb_enabled=true; uam_enabled=true,"Observed meals are unannounced. Turning UAM off without a logged-meal plan would leave unused CR in charge of unlogged food. Evidence supports describing this as the current meal path, not changing it. Uncertainty: fork boost magnitude. Dependencies: empty declared meal strategy."
real_grok46_50,run_045,aaps.core.smb_activation,aaps,True,smb_always_enabled=true; smb_with_cob_enabled=false; smb_after_carbs_enabled=false; smb_with_temp_target_enabled=true; smb_with_high_temp_target_enabled=false,keep,smb_always_enabled=true; smb_with_cob_enabled=false; smb_after_carbs_enabled=false; smb_with_temp_target_enabled=true; smb_with_high_temp_target_enabled=false,"Activation matches COB 0 and the used high TT 135 brake. COB switches are idle, not inconsistent. No source component is null so this is keep not verify. Dependencies: meal logging still absent."
real_grok46_50,run_045,aaps.core.smb_delivery,aaps,True,smb_interval_minutes=3 min; max_smb_basal_minutes=15 min; max_uam_smb_basal_minutes=20 min,keep,smb_interval_minutes=3 min; max_smb_basal_minutes=15 min; max_uam_smb_basal_minutes=20 min,"Caps are internally consistent, but enacted SMB can exceed standardMaxBolus via boosts, so the 15/20 min fields are not the proven overshoot source. Changing delivery together with DynISF is blocked. Uncertainty: incomplete SMB trace. Dependencies: aaps.core.sensitivity and profile ISF."
real_grok46_50,run_045,aaps.core.safety_limits,aaps,True,max_basal_u_per_hour=12 U/h; max_iob_units=25 U,keep,max_basal_u_per_hour=12 U/h; max_iob_units=25 U,"These ceilings did not bind (enacted maxSafeBasal near 4 U/h, peak sampled IOB about 5.9 U). Hypos occurred well below max IOB, so lowering these fields would not be a demonstrated fix and is not required to keep the profile stable for the next observation. Uncertainty: fork may still use the high headroom on other days. Dependencies: not paired with DynISF or SMB changes."
real_grok46_50,run_045,aaps.core.sensitivity,aaps,True,autosens_enabled=false; dynamic_sensitivity_enabled=true; autosens_raises_target=false; autosens_lowers_target=false; dynamic_isf_adjustment_factor_percent=70 %,keep,autosens_enabled=false; dynamic_sensitivity_enabled=true; autosens_raises_target=false; autosens_lowers_target=false; dynamic_isf_adjustment_factor_percent=70 %,"DynISF is a leading afternoon-overshoot hypothesis, but it is dependent with ISF, SMB, and unannounced meals. Autosens is already off and a ratio of 1 is the expected unused state. A sensitivity change is deferred until meal start and IOB-at-low notes exist. Dependencies: profile.isf.00_00 and aaps.core.smb_delivery."
real_grok46_50,run_045,aaps.core.carb_absorption,aaps,True,min_5m_carbimpact=8 mg/dL/5 min; meal_max_absorption_hours=7 h,keep,min_5m_carbimpact=8 mg/dL/5 min; meal_max_absorption_hours=7 h,Settings are present and idle because COB stayed 0. They do not explain TAR or TBR. No e-carb durations exist to retune absorption. Dependencies: empty carb_treatment_entries.
real_grok46_50,run_046,profile.basal.00_00,profile,True,0.6 U/h,keep,0.6 U/h,"Evidence: local 00:00-03:00 means are near target with high time below range, which can be target tightness or residual IOB rather than a proven 0.6 U/h excess. Uncertainty: nights are not fasting-classified. Dependencies: do not cut basal in the same step as an overnight target review."
real_grok46_50,run_046,profile.basal.05_00,profile,True,0.7 U/h,keep,0.7 U/h,Evidence: local 05:00 time in range 95.2 percent and average 104.2 mg/dL. Uncertainty: residual night IOB may still be falling. Dependencies: early-morning stability argues against using this segment to fix 01:00 lows.
real_grok46_50,run_046,profile.basal.06_00,profile,True,0.8 U/h,keep,0.8 U/h,Evidence: local 06:00-08:00 averages about 100-110 mg/dL with time in range 98-99 percent and almost no time below range. Uncertainty: one 21 Aug 06:19 low is not the hourly pattern. Dependencies: no dawn-rise basal increase is supported.
real_grok46_50,run_046,profile.basal.10_00,profile,True,0.7 U/h,keep,0.7 U/h,"Evidence: late-morning rise coincides with likely intake and UAM, not a fasting basal test. Uncertainty: zero carb labels. Dependencies: meal and SMB explanations are not separated, so this segment stays unchanged."
real_grok46_50,run_046,profile.basal.16_00,profile,True,0.5 U/h,keep,0.5 U/h,"Evidence: local 16:00 is the peak time-above-range hour, but 18:00-19:00 time below range follows the same afternoons. Uncertainty: the 0.5 U/h cut may be protective or may leave peaks to UAM. Dependencies: raising this basal would add insulin before evening hypo cause is split from automation."
real_grok46_50,run_046,profile.basal.18_00,profile,True,0.6 U/h,keep,0.6 U/h,Evidence: local 18:00 average 124.2 mg/dL with mixed time above and below range after afternoon insulin. Uncertainty: activity and IOB unmeasured. Dependencies: evening crashes track stacked automation more than this 1-hour rate.
real_grok46_50,run_046,profile.basal.19_00,profile,True,0.7 U/h,keep,0.7 U/h,"Evidence: local 19:00 time below range 15.3 percent with average still 105.4 mg/dL, a crash-from-high pattern. Uncertainty: reducing 0.7 U/h could blunt recovery from afternoon peaks. Dependencies: treat as IOB and target first, not a standalone basal cut."
real_grok46_50,run_046,profile.cr.00_00,profile,True,13 g/U,keep,13 g/U,"Evidence: zero announced carbs and COB 0, so this CR is unused. Uncertainty: actual night intake unknown. Dependencies: CR edits are blocked until meals are declared."
real_grok46_50,run_046,profile.cr.04_00,profile,True,11.1 g/U,keep,11.1 g/U,Evidence: no carb entries in this window. Uncertainty: cannot test 11.1 versus 13. Dependencies: meal_bolus_strategy empty.
real_grok46_50,run_046,profile.cr.08_00,profile,True,13.2 g/U,keep,13.2 g/U,"Evidence: morning rise is handled by UAM, not logged carb boluses. Uncertainty: breakfast size unknown. Dependencies: do not tighten CR while always-on UAM remains the meal path."
real_grok46_50,run_046,profile.cr.16_00,profile,True,10.5 g/U,keep,10.5 g/U,"Evidence: afternoon peaks lack carb records, so 10.5 g/U is not validated and is not the delivered insulin path. Uncertainty: high. Dependencies: Dynamic ISF and UAM dominate this clock."
real_grok46_50,run_046,profile.cr.20_00,profile,True,12.6 g/U,keep,12.6 g/U,"Evidence: evening telemetry is corrections and temps, not carb boluses. Uncertainty: leftover afternoon IOB confounds any CR read. Dependencies: DIA 10 h and overnight target review first."
real_grok46_50,run_046,profile.isf.00_00,profile,True,56 mg/dL/U,keep,56 mg/dL/U,"Evidence: Dynamic ISF is on, so effective high-BG ISF is far stronger than 56 and correction windows are not ISF tests. Uncertainty: changing 56 while the 70 percent factor stays would not isolate the cause. Dependencies: withhold static ISF until automation is reviewed separately later."
real_grok46_50,run_046,profile.target.00_00,profile,True,90 mg/dL,change,100 mg/dL,"Evidence: after 00:00 the local average is about 90-105 mg/dL with time below range 10-18 percent through 03:00, worst at 01:00. Uncertainty: residual UAM IOB versus basal is unresolved, which is why the move is a target lift to the existing daytime 100 mg/dL rather than a basal cut. Dependencies: change together with 23:00 as one overnight alignment and do not change basal, ISF, SMB, or Dynamic ISF simultaneously."
real_grok46_50,run_046,profile.target.08_00,profile,True,100 mg/dL,keep,100 mg/dL,"Evidence: daytime target 100 mg/dL already sits under the afternoon high pattern, which is not a low-target problem. Uncertainty: some 135 mg/dL temporary targets were used. Dependencies: overnight alignment uses this same 100 mg/dL value; do not raise daytime target in the same step."
real_grok46_50,run_046,profile.target.23_00,profile,True,90 mg/dL,change,100 mg/dL,"Evidence: local 23:00 already shows 10.1 percent time below range before midnight, then worse after 00:00 under the same 90 mg/dL target. Uncertainty: evening IOB may start the undershoot. Dependencies: must move with 00:00 or midnight would drop target from 100 to 90; keep 19:00 basal unchanged."
real_grok46_50,run_046,profile.dia,profile,True,10 h,keep,10 h,Evidence: long DIA is conservative and can correctly keep afternoon insulin on the overnight IOB books. Uncertainty: shortening DIA would hide residual IOB rather than prove a shorter action curve. Dependencies: overnight target review first; insulin type is free_peak_oref and is not being retuned here.
real_grok46_50,run_046,aaps.core.smb_uam,aaps,True,smb_enabled=true; uam_enabled=true,keep,smb_enabled=true; uam_enabled=true,"Evidence: with zero carb entries, UAM is the only observed meal path. Uncertainty: disabling SMB or UAM without a meal plan would likely worsen afternoon time above range. Dependencies: keep on while target is reviewed; this is not a meal-bolus substitute to turn off now."
real_grok46_50,run_046,aaps.core.smb_activation,aaps,True,smb_always_enabled=true; smb_with_cob_enabled=false; smb_after_carbs_enabled=false; smb_with_temp_target_enabled=true; smb_with_high_temp_target_enabled=false,keep,smb_always_enabled=true; smb_with_cob_enabled=false; smb_after_carbs_enabled=false; smb_with_temp_target_enabled=true; smb_with_high_temp_target_enabled=false,Evidence: always-on with COB SMB off matches COB 0; high-temp-target SMB already false is protective around 135 mg/dL temporary targets. Uncertainty: always-on still allows night SMB at target 90. Dependencies: overnight target lift is the first way to ease night SMB without flipping these flags.
real_grok46_50,run_046,aaps.core.smb_delivery,aaps,True,smb_interval_minutes=3 min; max_smb_basal_minutes=15 min; max_uam_smb_basal_minutes=20 min,keep,smb_interval_minutes=3 min; max_smb_basal_minutes=15 min; max_uam_smb_basal_minutes=20 min,"Evidence: 3-minute cadence and UAM boosts can stack after afternoon rises, but leftover 30-minute temp text is not the interval and custom boosts already exceed a simple basal-minute cap. Uncertainty: interval versus Dynamic ISF is not separated. Dependencies: do not change delivery in the same step as overnight target."
real_grok46_50,run_046,aaps.core.safety_limits,aaps,True,max_basal_u_per_hour=12 U/h; max_iob_units=25 U,keep,max_basal_u_per_hour=12 U/h; max_iob_units=25 U,"Evidence: observed IOB peaked near 5.9 U and enacted temps near 3-4 U/h, so 25 U and 12 U/h did not bind. Uncertainty: u200 dilute makes large numeric caps hard to interpret. Dependencies: cap hygiene is not first-line pattern control and must not accompany the target review."
real_grok46_50,run_046,aaps.core.sensitivity,aaps,True,autosens_enabled=false; dynamic_sensitivity_enabled=true; autosens_raises_target=false; autosens_lowers_target=false; dynamic_isf_adjustment_factor_percent=70 %,keep,autosens_enabled=false; dynamic_sensitivity_enabled=true; autosens_raises_target=false; autosens_lowers_target=false; dynamic_isf_adjustment_factor_percent=70 %,"Evidence: Autosens off is consistent; sensitivity_ratio 1 is neutral, not disabled Autosens; Dynamic ISF 70 percent strongly compresses high-BG ISF and likely contributes to peak-then-crash. Uncertainty: AF versus UAM frequency remains entangled. Dependencies: keep the whole sensitivity group unchanged while overnight target is the only profile move."
real_grok46_50,run_046,aaps.core.carb_absorption,aaps,True,min_5m_carbimpact=8 mg/dL/5 min; meal_max_absorption_hours=7 h,keep,min_5m_carbimpact=8 mg/dL/5 min; meal_max_absorption_hours=7 h,"Evidence: no COB and no e-carbs, so these settings did not act. Uncertainty: unused model parameters cannot be tuned from UAM shapes. Dependencies: same block as CR and e-carb strategy."
real_grok46_50,run_047,profile.basal.00_00,profile,True,0.6 U/h,keep,0.6 U/h,"Evidence: local 23:00-03:00 has high TBR and almost no TAR, so a basal increase is unsupported. Uncertainty: lows may be residual IOB rather than 0.6 U/h. Dependencies: target 90, DIA 10 h, and afternoon SMB; do not cut this basal in the same step as those."
real_grok46_50,run_047,profile.basal.05_00,profile,True,0.7 U/h,keep,0.7 U/h,Evidence: local 04:00-08:00 TIR is 95-99% with low TBR. Uncertainty: the 21 Aug 42 mg/dL near 07:19 local is an outlier. Dependencies: adjacent 06:00 basal already 0.8 U/h; no dawn increase or decrease is supported.
real_grok46_50,run_047,profile.basal.06_00,profile,True,0.8 U/h,keep,0.8 U/h,Evidence: this is the strongest scheduled basal and sits in the most stable fasting-like window. Uncertainty: loop temps still overwrite native basal. Dependencies: do not change with SMB or DynISF.
real_grok46_50,run_047,profile.basal.10_00,profile,True,0.7 U/h,keep,0.7 U/h,Evidence: late-morning to afternoon TAR is meal-shaped with COB 0 and UAM reasons. Uncertainty: unlogged intake remains the leading explanation. Dependencies: CR unused and SMB/UAM active; a basal rise would stack with UAM.
real_grok46_50,run_047,profile.basal.16_00,profile,True,0.5 U/h,keep,0.5 U/h,Evidence: this is already the lowest basal and precedes the 19:00 hypo cluster. Uncertainty: it may be compensating for afternoon IOB. Dependencies: raising it would fight evening TBR unless SMB/DynISF are addressed first and separately.
real_grok46_50,run_047,profile.basal.18_00,profile,True,0.6 U/h,keep,0.6 U/h,Evidence: local 18:00-19:00 shows falling means and 19:00 TBR 15.3% with minima of 41. Uncertainty: crash after afternoon insulin versus evening basal. Dependencies: DIA and afternoon IOB; do not raise evening basal now.
real_grok46_50,run_047,profile.basal.19_00,profile,True,0.7 U/h,keep,0.7 U/h,"Evidence: 19:00 is a crash hour, not a basal hole. Uncertainty: later evening means recover toward 117-128. Dependencies: overnight target 90 and residual IOB."
real_grok46_50,run_047,profile.cr.00_00,profile,True,13 g/U,keep,13 g/U,"Evidence: zero carb entries and empty meal_strategies, so this CR was not used. Uncertainty: nighttime snacks cannot be tested. Dependencies: UAM/SMB replaced CR; no numeric CR edit is supported."
real_grok46_50,run_047,profile.cr.04_00,profile,True,11.1 g/U,keep,11.1 g/U,Evidence: no announced breakfast or dawn carbs. Uncertainty: 04:00 CR never engaged. Dependencies: meal announcement would be required before any CR review.
real_grok46_50,run_047,profile.cr.08_00,profile,True,13.2 g/U,keep,13.2 g/U,"Evidence: daytime rises occurred with COB 0, so this CR did not dose those meals. Uncertainty: whether 13.2 is weak or unused. Dependencies: keep until dated carb grams exist."
real_grok46_50,run_047,profile.cr.16_00,profile,True,10.5 g/U,keep,10.5 g/U,"Evidence: 16:00 TAR peak coincides with unused CR and active UAM, not a measured carb ratio miss. Uncertainty: afternoon composition unknown. Dependencies: do not tighten CR while always-on SMB continues."
real_grok46_50,run_047,profile.cr.20_00,profile,True,12.6 g/U,keep,12.6 g/U,"Evidence: evening pattern is hypo-biased after afternoon insulin, not an unused-CR high. Uncertainty: no dinner log. Dependencies: hypo risk binds any stronger evening CR."
real_grok46_50,run_047,profile.isf.00_00,profile,True,56 mg/dL/U,keep,56 mg/dL/U,"Evidence: DynISF on made variable_sens about 28-124, so 56 was not the dosed ISF. Correction windows mix SMB, unlogged carbs, and 10 h IOB. Uncertainty: night sensitivity may be near 56 while daytime effective ISF is stronger. Dependencies: do not change profile ISF in the same step as DynISF 70%."
real_grok46_50,run_047,profile.target.00_00,profile,True,90 mg/dL,keep,90 mg/dL,"Evidence: 00:00-01:00 TBR is high around a 90 target, but leftover IOB is not excluded. Uncertainty: a later single target review could be considered only after lows with documented low IOB. Dependencies: 00:00 basal, DIA, and SMB; withheld to avoid a dependent change now."
real_grok46_50,run_047,profile.target.08_00,profile,True,100 mg/dL,keep,100 mg/dL,"Evidence: daytime means are meal-confounded and already use 100. Uncertainty: highs are not shown to be a target problem. Dependencies: high TT 135 is a manual overlay, not a reason to change this profile target."
real_grok46_50,run_047,profile.target.23_00,profile,True,90 mg/dL,keep,90 mg/dL,"Evidence: local 23:00 TBR 10.1% begins the overnight low-bias, with the same IOB-versus-target conflict as 00:00. Uncertainty: not isolated from afternoon SMB tail. Dependencies: keep together with 00:00 target; do not edit both plus basal at once."
real_grok46_50,run_047,profile.dia,profile,True,10 h,keep,10 h,Evidence: delayed 19:00-01:00 lows after afternoon dosing argue DIA is not obviously too short. Uncertainty: whether 10 h is slightly long versus true action is unproven without a fasting decay check. Dependencies: free-peak model and DynISF/SMB front-loading; do not shorten DIA while UAM still stacks.
real_grok46_50,run_047,aaps.core.smb_uam,aaps,True,smb_enabled=true; uam_enabled=true,keep,smb_enabled=true; uam_enabled=true,Evidence: this pair is the observed meal engine with COB 0 and matches the empty meal declaration. Uncertainty: it also creates afternoon IOB that later goes low. Dependencies: activation and delivery groups; no component is null so verify is not used. Weakening would be a later single automation step only after the overnight IOB check.
real_grok46_50,run_047,aaps.core.smb_activation,aaps,True,smb_always_enabled=true; smb_with_cob_enabled=false; smb_after_carbs_enabled=false; smb_with_temp_target_enabled=true; smb_with_high_temp_target_enabled=false,keep,smb_always_enabled=true; smb_with_cob_enabled=false; smb_after_carbs_enabled=false; smb_with_temp_target_enabled=true; smb_with_high_temp_target_enabled=false,Evidence: COB and after-carb flags false are consistent with zero carbs. High TT 135 already can suppress SMB. Uncertainty: always-on SMB is a lead hypo mechanism but is not isolated from DynISF. Dependencies: do not change activation with delivery minutes or DynISF together.
real_grok46_50,run_047,aaps.core.smb_delivery,aaps,True,smb_interval_minutes=3 min; max_smb_basal_minutes=15 min; max_uam_smb_basal_minutes=20 min,keep,smb_interval_minutes=3 min; max_smb_basal_minutes=15 min; max_uam_smb_basal_minutes=20 min,"Evidence: observed SMB size exceeded 15-20 min times profile basal, so these labels were not the binding cap. Uncertainty: fork or maxSafeBasal path likely sized SMBs. Dependencies: safety limits and DynISF; changing minutes now would not be a clean test."
real_grok46_50,run_047,aaps.core.safety_limits,aaps,True,max_basal_u_per_hour=12 U/h; max_iob_units=25 U,keep,max_basal_u_per_hour=12 U/h; max_iob_units=25 U,"Evidence: 12 U/h and 25 U did not bind at IOB 4.7-5.9 U on about 20 U/day. Uncertainty: a later guardrail review could be considered after profile observation, but a new cap is not isolated or required to explain glucose patterns. Dependencies: current maxSafeBasal near 4 U/h already limited some temps; do not change caps with SMB or DynISF now."
real_grok46_50,run_047,aaps.core.sensitivity,aaps,True,autosens_enabled=false; dynamic_sensitivity_enabled=true; autosens_raises_target=false; autosens_lowers_target=false; dynamic_isf_adjustment_factor_percent=70 %,keep,autosens_enabled=false; dynamic_sensitivity_enabled=true; autosens_raises_target=false; autosens_lowers_target=false; dynamic_isf_adjustment_factor_percent=70 %,Evidence: Autosens off matches unused target raise/lower flags. DynISF 70% compressed ISF at highs and is a competing explanation with profile ISF 56. Uncertainty: GLP-1 notes may also change sensitivity. Dependencies: withhold with profile ISF and SMB; sensitivity_ratio 1 is not Autosens.
real_grok46_50,run_047,aaps.core.carb_absorption,aaps,True,min_5m_carbimpact=8 mg/dL/5 min; meal_max_absorption_hours=7 h,keep,min_5m_carbimpact=8 mg/dL/5 min; meal_max_absorption_hours=7 h,"Evidence: both settings were idle with COB 0 and no e-carbs. Uncertainty: if carbs are announced later, 7 h absorption plus 10 h DIA plus UAM could stack. Dependencies: meal strategy last; do not retune an unused absorption model now."
real_grok46_50,run_048,profile.basal.00_00,profile,True,0.6 U/h,keep,0.6 U/h,Evidence: local 00:00-03:00 averages sit near target with TBR 10-18%. Uncertainty: evening UAM/SMB IOB and DIA 10 h are not excluded. Dependencies: overnight target 90 and automation stacking. A basal cut or rise is unsupported until low-IOB nights are reviewed.
real_grok46_50,run_048,profile.basal.05_00,profile,True,0.7 U/h,keep,0.7 U/h,Evidence: local 05:00 TIR 95.2% and average 104.2 mg/dL. Uncertainty: one later morning 42 mg/dL exists but is not a recurring 05:00 pattern. Dependencies: 06:00 step and overnight IOB. No isolated 05:00 defect.
real_grok46_50,run_048,profile.basal.06_00,profile,True,0.8 U/h,keep,0.8 U/h,"Evidence: local 06:00-08:00 is the most stable fasting-like window (TIR 98-99%, averages about 100-110). Uncertainty: 06:00 0.8 U/h is not obviously low and may be slightly strong after overnight exposure. Dependencies: safety limit against adding morning insulin. Keep."
real_grok46_50,run_048,profile.basal.10_00,profile,True,0.7 U/h,keep,0.7 U/h,"Evidence: late-morning rise into the 130s can be breakfast, target 100, or UAM lag. Uncertainty: no carb entries. Dependencies: CR 13.2 g/U and SMB/UAM. Not labeled a basal defect."
real_grok46_50,run_048,profile.basal.16_00,profile,True,0.5 U/h,keep,0.5 U/h,"Evidence: 16:00 is the worst TAR hour, but 19:00 has TBR 15.3% after this lower basal. Uncertainty: unlogged afternoon carbs and UAM chase are at least as likely as a low basal. Dependencies: CR 16:00, SMB/UAM, and evening hypo risk. Do not raise this segment on current data."
real_grok46_50,run_048,profile.basal.18_00,profile,True,0.6 U/h,keep,0.6 U/h,"Evidence: mean glucose is already falling from the afternoon peak into the evening. Uncertainty: crash timing matches stacked IOB more than a basal hole. Dependencies: 16:00 basal, 19:00 basal, and DIA. Keep."
real_grok46_50,run_048,profile.basal.19_00,profile,True,0.7 U/h,keep,0.7 U/h,Evidence: local 19:00 TBR 15.3% with documented 41 mg/dL cluster. Uncertainty: adding 19:00 basal would work against the binding hypo constraint. Dependencies: afternoon UAM IOB and target returning toward 90 at 23:00. Keep.
real_grok46_50,run_048,profile.cr.00_00,profile,True,13 g/U,keep,13 g/U,"Evidence: zero carb treatments, so this CR was not used. Uncertainty: overnight carbs are not documented. Dependencies: unused CR cannot explain TBR. Keep."
real_grok46_50,run_048,profile.cr.04_00,profile,True,11.1 g/U,keep,11.1 g/U,"Evidence: no overnight or dawn carb entries. Uncertainty: a stronger predawn CR is irrelevant without meals. Dependencies: basal/target overnight, not CR. Keep."
real_grok46_50,run_048,profile.cr.08_00,profile,True,13.2 g/U,keep,13.2 g/U,"Evidence: morning rise exists, but COB stayed 0 and UAM supplied insulin. Uncertainty: cannot test 13.2 g/U. Dependencies: SMB/UAM and missing breakfast logs. Keep."
real_grok46_50,run_048,profile.cr.16_00,profile,True,10.5 g/U,keep,10.5 g/U,"Evidence: clock-aligned afternoon highs with the strongest CR, which argues against a weak CR as the primary cause. Uncertainty: unbolused food remains possible. Dependencies: 16:00 basal and UAM. Keep until carbs are logged."
real_grok46_50,run_048,profile.cr.20_00,profile,True,12.6 g/U,keep,12.6 g/U,"Evidence: evening pattern is dominated by falling glucose and TBR, not missed meal boluses with a known carb amount. Uncertainty: CR unused. Dependencies: 19:00 hypo risk. Keep."
real_grok46_50,run_048,profile.isf.00_00,profile,True,56 mg/dL/U,keep,56 mg/dL/U,"Evidence: delivered sensitivity is Dynamic ISF, with variable_sens far from 56 at highs and lows. Uncertainty: changing 56 would also retune Dynamic ISF. Dependencies: AF 70%, SMB, and DIA. Keep the anchor until a fasting low-IOB correction can be reviewed."
real_grok46_50,run_048,profile.target.00_00,profile,True,90 mg/dL,keep,90 mg/dL,"Evidence: overnight target 90 sits inside the worst TBR window. Uncertainty: residual IOB may be the main driver, so a target rise is not yet isolated. Dependencies: basal 00:00 and SMB/UAM. Keep and use low-IOB nights as the next check rather than edit now."
real_grok46_50,run_048,profile.target.08_00,profile,True,100 mg/dL,keep,100 mg/dL,Evidence: daytime target 100 is already higher than overnight 90 and aligns with better late-morning TIR than afternoon TAR. Uncertainty: afternoon highs are meal/UAM-shaped. Dependencies: SMB with temporary targets. Keep.
real_grok46_50,run_048,profile.target.23_00,profile,True,90 mg/dL,keep,90 mg/dL,"Evidence: local 23:00 TBR 10.1% as target returns to 90. Uncertainty: same IOB-versus-target confound as 00:00. Dependencies: profile.target.00_00. Do not change one overnight target without the other, and do not change either yet."
real_grok46_50,run_048,profile.dia,profile,True,10 h,keep,10 h,"Evidence: some 3-6 hour falls fit a long IOB tail, but meals and SMB stacking contaminate the windows. Uncertainty: shortening DIA could hide insulin and raise hypo risk. Dependencies: SMB interval and Dynamic ISF. Keep."
real_grok46_50,run_048,aaps.core.smb_uam,aaps,True,smb_enabled=true; uam_enabled=true,keep,smb_enabled=true; uam_enabled=true,"Evidence: with zero logged carbs, disabling UAM would remove the only observed meal-dosing path. Uncertainty: the same path stacks into lows. Dependencies: activation flags and delivery limits. Keep enabled; do not pair a disable with a profile edit."
real_grok46_50,run_048,aaps.core.smb_activation,aaps,True,smb_always_enabled=true; smb_with_cob_enabled=false; smb_after_carbs_enabled=false; smb_with_temp_target_enabled=true; smb_with_high_temp_target_enabled=false,keep,smb_always_enabled=true; smb_with_cob_enabled=false; smb_after_carbs_enabled=false; smb_with_temp_target_enabled=true; smb_with_high_temp_target_enabled=false,"Evidence: always-on SMB makes COB flags idle, matching COB 0. High-TT SMB off matches 135 mg/dL temporary targets. Uncertainty: turning always-on off without carb logging would leave meals unannounced. Dependencies: empty meal strategy. Keep."
real_grok46_50,run_048,aaps.core.smb_delivery,aaps,True,smb_interval_minutes=3 min; max_smb_basal_minutes=15 min; max_uam_smb_basal_minutes=20 min,keep,smb_interval_minutes=3 min; max_smb_basal_minutes=15 min; max_uam_smb_basal_minutes=20 min,"Evidence: 3-minute UAM dosing can explain peak IOB and later 19:00/01:00 lows. Uncertainty: not separated from Dynamic ISF, DIA, and unlogged meals. Dependencies: do not change delivery in the same step as ISF, DIA, basal, or target. Keep until meals are logged."
real_grok46_50,run_048,aaps.core.safety_limits,aaps,True,max_basal_u_per_hour=12 U/h; max_iob_units=25 U,keep,max_basal_u_per_hour=12 U/h; max_iob_units=25 U,"Evidence: caps are far above TDD about 19.7 U and peak sampled IOB about 5.9 U; enacted hourly safety was about 4 U/h from multipliers, not 12. Uncertainty: dilute/U200 labeling makes a specific tighter number unsafe to invent. Dependencies: profile first, then one later limit review if desired. Keep for this pass."
real_grok46_50,run_048,aaps.core.sensitivity,aaps,True,autosens_enabled=false; dynamic_sensitivity_enabled=true; autosens_raises_target=false; autosens_lowers_target=false; dynamic_isf_adjustment_factor_percent=70 %,keep,autosens_enabled=false; dynamic_sensitivity_enabled=true; autosens_raises_target=false; autosens_lowers_target=false; dynamic_isf_adjustment_factor_percent=70 %,"Evidence: Dynamic ISF is the live ISF; Autosens is off and target toggles match that. A sensitivity_ratio of 1 is a neutral current adjustment, not disabled Autosens. Uncertainty: AF 70% may over-correct highs. Dependencies: flat ISF 56 and SMB. Do not add Autosens on top of Dynamic ISF or change AF with ISF in one step."
real_grok46_50,run_048,aaps.core.carb_absorption,aaps,True,min_5m_carbimpact=8 mg/dL/5 min; meal_max_absorption_hours=7 h,keep,min_5m_carbimpact=8 mg/dL/5 min; meal_max_absorption_hours=7 h,"Evidence: no carb or e-carb entries, so these settings were idle. Uncertainty: no meal-linked absorption curve. Dependencies: empty carb telemetry. Keep."
real_grok46_50,run_049,profile.basal.00_00,profile,True,0.6 U/h,keep,0.6 U/h,"Evidence: local 00:00 to 01:00 averages fall toward 90.6 mg/dL with hour-1 time below range 18.5%, which can look like overnight insulin pressure. Uncertainty: the same window is the landing zone for evening UAM, corrections, and DIA 10 h. Dependencies: do not lower this basal in the same cycle as target, ISF, DynISF, or SMB changes; a fasting low-IOB night is required first."
real_grok46_50,run_049,profile.basal.05_00,profile,True,0.7 U/h,keep,0.7 U/h,"Evidence: local 04:00 to 07:00 averages are about 99 to 106 mg/dL with high time in range and low time below range. Uncertainty: partial last and first days and site or sensor changes can still affect single mornings. Dependencies: this segment is not the 08:00 to 10:00 rise, which is more consistent with unannounced intake than a basal defect."
real_grok46_50,run_049,profile.basal.06_00,profile,True,0.8 U/h,keep,0.8 U/h,Evidence: local 06:00 to 08:00 stays near 99 to 110 mg/dL with very high time in range before the later morning rise. Uncertainty: no fasting basal test isolates this 0.8 U/h step from breakfast-timed intake. Dependencies: changing 06:00 basal would confound the 08:00 target step and morning UAM review.
real_grok46_50,run_049,profile.basal.10_00,profile,True,0.7 U/h,keep,0.7 U/h,"Evidence: local 10:00 to 15:00 shows rising averages and more time above range while cob is 0 in sampled loop rows. Uncertainty: meals, temporary targets, and UAM lag remain plausible. Dependencies: this segment cannot be raised while the 18:00 to 19:00 low cluster is unexplained."
real_grok46_50,run_049,profile.basal.16_00,profile,True,0.5 U/h,keep,0.5 U/h,Evidence: this is already the lowest basal under the highest afternoon averages and 32.1% time above range at local 16:00. Uncertainty: unlogged intake and late UAM are equally able to create that rise. Dependencies: raising 16:00 basal would stack on DynISF-boosted SMBs and points at the 18:00 to 19:00 time-below-range cluster.
real_grok46_50,run_049,profile.basal.18_00,profile,True,0.6 U/h,keep,0.6 U/h,"Evidence: local 18:00 average 124.2 mg/dL already includes 7.7% time below range as glucose is falling. Uncertainty: this looks more like arriving IOB than a unique basal step defect. Dependencies: linked to 16:00 UAM catch-up, DIA 10 h, and the following 19:00 basal step."
real_grok46_50,run_049,profile.basal.19_00,profile,True,0.7 U/h,keep,0.7 U/h,"Evidence: local 19:00 has 15.3% time below range and extremes of 41 to 42 mg/dL, but basal is only stepping from 0.6 to 0.7 U/h. Uncertainty: residual afternoon insulin, unknown activity, and GLP-1 notes are competing causes. Dependencies: do not increase this segment while evening hypoglycemia is the binding safety issue."
real_grok46_50,run_049,profile.cr.00_00,profile,True,13 g/U,keep,13 g/U,"Evidence: treatment_summary shows 0 g carbs and sampled loop rows show cob 0, so this CR was unused. Uncertainty: overnight lows cannot be attributed to CR. Dependencies: CR review requires timestamped carb entries and must not be combined with SMB or DynISF changes."
real_grok46_50,run_049,profile.cr.04_00,profile,True,11.1 g/U,keep,11.1 g/U,Evidence: no carb treatments exist in this window; early-morning glucose is relatively stable. Uncertainty: a stronger dawn CR cannot be validated without breakfast logs. Dependencies: unused CR plus UAM means any future announcement would stack on automation.
real_grok46_50,run_049,profile.cr.08_00,profile,True,13.2 g/U,keep,13.2 g/U,"Evidence: the 08:00 to 10:00 rise occurs with cob 0, so this CR did not dose those events. Uncertainty: whether that rise is breakfast remains unproven. Dependencies: do not tighten CR to chase an unannounced pattern while evening hypoglycemia risk is high."
real_grok46_50,run_049,profile.cr.16_00,profile,True,10.5 g/U,keep,10.5 g/U,"Evidence: this is the strongest CR, but it was idle; afternoon highs were followed by 18:00 to 19:00 lows after UAM and corrections. Uncertainty: if carbs were later entered here, 10.5 g/U plus DynISF and UAM could overfill IOB. Dependencies: meal announcement and this CR must not be introduced together with more SMB strength."
real_grok46_50,run_049,profile.cr.20_00,profile,True,12.6 g/U,keep,12.6 g/U,Evidence: evening time below range is already elevated and no evening carbs were logged. Uncertainty: leftover afternoon IOB versus any late snack cannot be split. Dependencies: overnight target 90 mg/dL and DIA 10 h make extra evening meal insulin a hypo risk.
real_grok46_50,run_049,profile.isf.00_00,profile,True,56 mg/dL/U,keep,56 mg/dL/U,"Evidence: flat ISF 56 mg/dL/U with Dynamic ISF 70% produced variable_sens far from 56, and some corrections dropped 100 to 180 mg/dL. Uncertainty: afternoon highs still occur, so weakening or strengthening ISF both remain plausible until meals are logged. Dependencies: ISF, DynISF 70%, SMB size, and DIA are one cluster and must not change together."
real_grok46_50,run_049,profile.target.00_00,profile,True,90 mg/dL,keep,90 mg/dL,Evidence: overnight target 90 mg/dL sits under the 01:00 low cluster. Uncertainty: leftover evening IOB may be the driver rather than the target number itself. Dependencies: this is the first later review lever only after low-IOB nights are observed; do not change it with basal or ISF in the same step.
real_grok46_50,run_049,profile.target.08_00,profile,True,100 mg/dL,keep,100 mg/dL,Evidence: daytime target 100 mg/dL already sits above the overnight 90 mg/dL target while afternoon time above range continues. Uncertainty: some 135 mg/dL temporary targets may have held SMB. Dependencies: lowering this target would add insulin pressure against the evening low pattern.
real_grok46_50,run_049,profile.target.23_00,profile,True,90 mg/dL,keep,90 mg/dL,Evidence: local 23:00 already has 10.1% time below range before the 01:00 trough. Uncertainty: this may reflect arriving IOB from the evening rather than the 23:00 target step alone. Dependencies: keep aligned with target 00:00; any later overnight target review should treat 23:00 and 00:00 as one night block.
real_grok46_50,run_049,profile.dia,profile,True,10 h,keep,10 h,"Evidence: DIA 10 h can keep afternoon and evening insulin active into 00:00 to 03:00, matching the late low pattern. Uncertainty: insulin_type is free_peak_oref and a u200 dilute note exists, so true action duration is not measured. Dependencies: shortening DIA would change IOB accounting for SMB and corrections and must not be paired with ISF or DynISF edits."
real_grok46_50,run_049,aaps.core.smb_uam,aaps,True,smb_enabled=true; uam_enabled=true,keep,smb_enabled=true; uam_enabled=true,"Evidence: with 0 g carbs, SMB plus UAM was the meal engine and cob remained 0, so UAM was not double-counting COB. Uncertainty: the same pair also explains late IOB. Dependencies: disabling or strengthening this pair would confound CR, ISF, and target interpretation; no source component is null so verify is not used."
real_grok46_50,run_049,aaps.core.smb_activation,aaps,True,smb_always_enabled=true; smb_with_cob_enabled=false; smb_after_carbs_enabled=false; smb_with_temp_target_enabled=true; smb_with_high_temp_target_enabled=false,keep,smb_always_enabled=true; smb_with_cob_enabled=false; smb_after_carbs_enabled=false; smb_with_temp_target_enabled=true; smb_with_high_temp_target_enabled=false,"Evidence: always-on SMB makes COB gates idle, which matches zero carb entries; high-temp SMB off is consistent with 135 mg/dL temporary targets acting as a brake. Uncertainty: that brake may also contribute to some midday time above range. Dependencies: do not enable more SMB paths while time below range is 5.1%."
real_grok46_50,run_049,aaps.core.smb_delivery,aaps,True,smb_interval_minutes=3 min; max_smb_basal_minutes=15 min; max_uam_smb_basal_minutes=20 min,keep,smb_interval_minutes=3 min; max_smb_basal_minutes=15 min; max_uam_smb_basal_minutes=20 min,"Evidence: configured 3, 15, and 20 minutes look modest versus 0.5 to 0.8 U/h basal, but reason strings show larger custom UAM boosts and SMBs. Uncertainty: changing inventory minutes may not change the custom boost path. Dependencies: SMB size, DynISF, and ISF must not be edited together."
real_grok46_50,run_049,aaps.core.safety_limits,aaps,True,max_basal_u_per_hour=12 U/h; max_iob_units=25 U,keep,max_basal_u_per_hour=12 U/h; max_iob_units=25 U,"Evidence: sampled IOB of about 4.7 to 5.9 U and requested rates around 3 to 4 U/h show these caps were not binding and did not create the lows. Uncertainty: they also did not prevent high IOB from custom boosts. Dependencies: tightening limits would be a later guardrail discussion, not a fix for unlogged meals or DynISF, and is not isolated enough to change now."
real_grok46_50,run_049,aaps.core.sensitivity,aaps,True,autosens_enabled=false; dynamic_sensitivity_enabled=true; autosens_raises_target=false; autosens_lowers_target=false; dynamic_isf_adjustment_factor_percent=70 %,keep,autosens_enabled=false; dynamic_sensitivity_enabled=true; autosens_raises_target=false; autosens_lowers_target=false; dynamic_isf_adjustment_factor_percent=70 %,"Evidence: Autosens is declared false; a sensitivity_ratio of 1 is a neutral current adjustment, not enabled Autosens. Dynamic ISF 70% compressed effective ISF when high and is a leading overshoot amplifier. Uncertainty: afternoon time above range still occurs, so more DynISF is unsupported and less DynISF is not isolated from unlogged meals. Dependencies: do not change DynISF in the same step as profile ISF, SMB minutes, or target."
real_grok46_50,run_049,aaps.core.carb_absorption,aaps,True,min_5m_carbimpact=8 mg/dL/5 min; meal_max_absorption_hours=7 h,keep,min_5m_carbimpact=8 mg/dL/5 min; meal_max_absorption_hours=7 h,Evidence: these settings were idle because no carbs and no e-carbs were entered. Uncertainty: they cannot be blamed for time above or below range. Dependencies: absorption model review only becomes relevant after carb entries exist; e-carbs are not an extended bolus and should not be added on top of full UAM now.
real_grok46_50,run_050,profile.basal.00_00,profile,True,0.6 U/h,keep,0.6 U/h,"Overnight TBR is high, so this rate is not low, but lows may be residual UAM IOB and target 90 rather than scheduled 0.6 U/h. Evidence is local 23:00-03:00 TBR with little TAR. Uncertainty is incomplete night insulin allocation. Dependency: do not lower basal in the same step as an overnight-target review."
real_grok46_50,run_050,profile.basal.05_00,profile,True,0.7 U/h,keep,0.7 U/h,Local 04:00-06:00 is mostly in range with low TBR and no TAR. Evidence is hourly_glucose_local stability. Uncertainty is partial last-day data. Dependency: morning rise after 08:00 is more consistent with unlogged intake than this segment.
real_grok46_50,run_050,profile.basal.06_00,profile,True,0.8 U/h,keep,0.8 U/h,"This is the highest basal and sits beside a stable 06:00-08:00 window plus an 08-21 low near 07:00 local, so an increase is unsupported and a decrease is not separated from sensor-change and residual-IOB effects. Dependency: safety-overview hypo-first rule."
real_grok46_50,run_050,profile.basal.10_00,profile,True,0.7 U/h,keep,0.7 U/h,"Late-morning and midday TAR coincides with unannounced-rise correction windows and UAM, not a demonstrated basal hole. Evidence is 09:00-13:00 local TAR plus COB 0. Uncertainty is unlabeled meals. Dependency: CR and UAM are competing explanations."
real_grok46_50,run_050,profile.basal.16_00,profile,True,0.5 U/h,keep,0.5 U/h,"Afternoon TAR is highest while this already-lowest basal is active, and the following 18:00-19:00 TBR argues against adding afternoon basal. Evidence is local 14:00-17:00 TAR then 19:00 TBR. Dependency: UAM/DynISF already supply the afternoon insulin."
real_grok46_50,run_050,profile.basal.18_00,profile,True,0.6 U/h,keep,0.6 U/h,"Local 18:00-19:00 is a crash window after afternoon peaks and extra corrections, so this segment is not shown to be too low. Uncertainty includes activity and GLP-1. Dependency: stacked IOB and DIA 10 h."
real_grok46_50,run_050,profile.basal.19_00,profile,True,0.7 U/h,keep,0.7 U/h,Evening into overnight TBR is already the safety problem. Raising this rate is unsafe on current evidence; lowering it is not separable from residual SMB IOB. Dependency: overnight-target review first.
real_grok46_50,run_050,profile.cr.00_00,profile,True,13 g/U,keep,13 g/U,"No carb entries exist and COB is 0, so this CR is operationally untested. Declared meal strategy does not supply a substitute value. Dependency: UAM-as-bolus workflow."
real_grok46_50,run_050,profile.cr.04_00,profile,True,11.1 g/U,keep,11.1 g/U,No meal-linked carb evidence in this segment. A stronger dawn CR cannot be inferred from unlabeled rises. Dependency: keep CR idle until one labeled meal exists.
real_grok46_50,run_050,profile.cr.08_00,profile,True,13.2 g/U,keep,13.2 g/U,"Late-morning 2-hour rises after tiny corrections look like unannounced intake and UAM lag, not a measured weak CR. Uncertainty is empty declaration and zero carbs. Dependency: do not tighten CR while UAM remains the meal dose."
real_grok46_50,run_050,profile.cr.16_00,profile,True,10.5 g/U,keep,10.5 g/U,"Afternoon strength in the data comes from UAM and Dynamic ISF, not an entered 10.5 g/U meal bolus. Changing CR would not describe this period and could later double-count if carbs are started. Dependency: automation and meal-announcement hold."
real_grok46_50,run_050,profile.cr.20_00,profile,True,12.6 g/U,keep,12.6 g/U,"Evening is a hypo-stack window, not a CR-test window. No carb grams are available. Dependency: overnight safety constraint."
real_grok46_50,run_050,profile.isf.00_00,profile,True,56 mg/dL/U,keep,56 mg/dL/U,"Live variable_sens is about 28-124 while Dynamic ISF is on, so 56 is not the factor that dosed highs. Therapy-response windows are contaminated by UAM, meals, and SMB. U200/dilute naming also makes unit-scaled ISF math uncertain. Dependency: do not change profile ISF with Dynamic ISF still varying."
real_grok46_50,run_050,profile.target.00_00,profile,True,90 mg/dL,change,100 mg/dL,"Evidence: local 00:00-03:00 means near or below 90 mg/dL, TBR 10-18.5%, TAR about 0. Candidate 100 mg/dL already exists from 08:00. Uncertainty: residual evening IOB and GLP-1 may still cause lows even at 100. Dependency: change 23:00 to the same 100 mg/dL as one overnight-target step and change nothing else in that window."
real_grok46_50,run_050,profile.target.08_00,profile,True,100 mg/dL,keep,100 mg/dL,Daytime target 100 is the reference already used and is not the overnight hypo setter. Afternoon TAR is not a reason to lower it while evening TBR is high. Dependency: keep this value while overnight targets are reviewed toward 100.
real_grok46_50,run_050,profile.target.23_00,profile,True,90 mg/dL,change,100 mg/dL,"This segment starts the overnight 90 mg/dL band where TBR is already high and TAR is near zero. Aligning it with 00:00 to 100 mg/dL is one overnight-target review, not a second independent insulin change. Uncertainty remains around bedtime IOB. Dependency: paired only with profile.target.00_00."
real_grok46_50,run_050,profile.dia,profile,True,10 h,keep,10 h,"A 10 h DIA can explain 3-6 hour falls after afternoon UAM, but there is no clean fasting IOB-decay test. Changing DIA together with target or SMB would confound the next nights. Dependency: interpret overnight TBR after the target review first."
real_grok46_50,run_050,aaps.core.smb_uam,aaps,True,smb_enabled=true; uam_enabled=true,keep,smb_enabled=true; uam_enabled=true,"This pair is the observed meal-dosing method while carbs are unlogged. Turning UAM off without a declared meal plan would leave 14:00-17:00 TAR unexplained. Evidence is COB 0 plus UAM reasons. Dependency: do not disable UAM in the same step as a target change or a new carb-entry workflow. No source component is null, so verify is not used."
real_grok46_50,run_050,aaps.core.smb_activation,aaps,True,smb_always_enabled=true; smb_with_cob_enabled=false; smb_after_carbs_enabled=false; smb_with_temp_target_enabled=true; smb_with_high_temp_target_enabled=false,keep,smb_always_enabled=true; smb_with_cob_enabled=false; smb_after_carbs_enabled=false; smb_with_temp_target_enabled=true; smb_with_high_temp_target_enabled=false,"Activation matches zero-carb UAM use and already blocks SMB on high temporary targets. Always-on SMB remains a competing overnight-hypo hypothesis, but changing it with overnight target would hide which lever worked. Dependency: revisit only if night TBR persists after the target review with low bedtime IOB."
real_grok46_50,run_050,aaps.core.smb_delivery,aaps,True,smb_interval_minutes=3 min; max_smb_basal_minutes=15 min; max_uam_smb_basal_minutes=20 min,keep,smb_interval_minutes=3 min; max_smb_basal_minutes=15 min; max_uam_smb_basal_minutes=20 min,"3-minute UAM boosts can overshoot afternoon rises into 19:00 lows, but delivery is not isolated from Dynamic ISF or target 90. Remaining low-temp minutes in loop text are not this interval. Dependency: hold delivery until after the overnight-target observation."
real_grok46_50,run_050,aaps.core.safety_limits,aaps,True,max_basal_u_per_hour=12 U/h; max_iob_units=25 U,keep,max_basal_u_per_hour=12 U/h; max_iob_units=25 U,These caps did not bind. Observed peaks were about 4 U/h and under 6 U IOB versus TDD near 20 U. Changing unused caps would not explain TBR or TAR. Uncertainty includes U200/dilute labeling. Dependency: not a substitute for target or meal-process review.
real_grok46_50,run_050,aaps.core.sensitivity,aaps,True,autosens_enabled=false; dynamic_sensitivity_enabled=true; autosens_raises_target=false; autosens_lowers_target=false; dynamic_isf_adjustment_factor_percent=70 %,keep,autosens_enabled=false; dynamic_sensitivity_enabled=true; autosens_raises_target=false; autosens_lowers_target=false; dynamic_isf_adjustment_factor_percent=70 %,"Dynamic ISF 70% is the main high-BG aggressor versus profile ISF 56, and Autosens is already off so it is not setting overnight target 90. Changing this with target, ISF, or SMB would confound results. A sensitivity_ratio of 1 is not evidence Autosens is enabled. Dependency: isolate only later if afternoon overshoot into 19:00 TBR remains after the target review."
real_grok46_50,run_050,aaps.core.carb_absorption,aaps,True,min_5m_carbimpact=8 mg/dL/5 min; meal_max_absorption_hours=7 h,keep,min_5m_carbimpact=8 mg/dL/5 min; meal_max_absorption_hours=7 h,"These settings were unused while COB stayed 0 and e-carbs were not logged. They are not the source of this period's shape. Dependency: if carbs are later entered, 7 h absorption plus DIA 10 h plus UAM would need a separate review, not a change now."
