experiment,run_id,parameter_key,category,in_inventory,current_value,decision,suggested_value,rationale
real_llama4maverick_50,run_001,profile.basal.00_00,profile,True,0.6 U/h,change,0.55,Evidence from overnight glucose patterns. Uncertainty due to meal effects. Dependent on data_quality and safety_overview.
real_llama4maverick_50,run_001,profile.basal.05_00,profile,True,0.7 U/h,keep,0.7,No strong evidence to change. Uncertainty due to limited fasting data. Dependent on basal_targets.
real_llama4maverick_50,run_001,profile.basal.06_00,profile,True,0.8 U/h,keep,0.8,No strong evidence to change. Uncertainty due to morning meal effects. Dependent on basal_targets.
real_llama4maverick_50,run_001,profile.basal.10_00,profile,True,0.7 U/h,keep,0.7,No strong evidence to change. Uncertainty due to meal effects. Dependent on basal_targets.
real_llama4maverick_50,run_001,profile.basal.16_00,profile,True,0.5 U/h,keep,0.5,No strong evidence to change. Uncertainty due to afternoon activities. Dependent on basal_targets.
real_llama4maverick_50,run_001,profile.basal.18_00,profile,True,0.6 U/h,keep,0.6,No strong evidence to change. Uncertainty due to evening meal effects. Dependent on basal_targets.
real_llama4maverick_50,run_001,profile.basal.19_00,profile,True,0.7 U/h,keep,0.7,No strong evidence to change. Uncertainty due to evening activities. Dependent on basal_targets.
real_llama4maverick_50,run_001,profile.cr.00_00,profile,True,13 g/U,keep,13,No strong evidence to change. Uncertainty due to lack of meal data. Dependent on meal_bolus_strategy.
real_llama4maverick_50,run_001,profile.cr.04_00,profile,True,11.1 g/U,keep,11.1,No strong evidence to change. Uncertainty due to lack of meal data. Dependent on meal_bolus_strategy.
real_llama4maverick_50,run_001,profile.cr.08_00,profile,True,13.2 g/U,keep,13.2,No strong evidence to change. Uncertainty due to lack of meal data. Dependent on meal_bolus_strategy.
real_llama4maverick_50,run_001,profile.cr.16_00,profile,True,10.5 g/U,keep,10.5,No strong evidence to change. Uncertainty due to lack of meal data. Dependent on meal_bolus_strategy.
real_llama4maverick_50,run_001,profile.cr.20_00,profile,True,12.6 g/U,keep,12.6,No strong evidence to change. Uncertainty due to lack of meal data. Dependent on meal_bolus_strategy.
real_llama4maverick_50,run_001,profile.isf.00_00,profile,True,56 mg/dL/U,keep,56,No strong evidence to change. Uncertainty due to correction bolus outcomes. Dependent on profile_cr_isf_dia.
real_llama4maverick_50,run_001,profile.target.00_00,profile,True,90 mg/dL,keep,90,No strong evidence to change. Uncertainty due to overnight glucose variability. Dependent on basal_targets.
real_llama4maverick_50,run_001,profile.target.08_00,profile,True,100 mg/dL,keep,100,No strong evidence to change. Uncertainty due to morning glucose patterns. Dependent on basal_targets.
real_llama4maverick_50,run_001,profile.target.23_00,profile,True,90 mg/dL,keep,90,No strong evidence to change. Uncertainty due to overnight glucose variability. Dependent on basal_targets.
real_llama4maverick_50,run_001,profile.dia,profile,True,10 h,keep,10,No strong evidence to change. Uncertainty due to insulin action profiles. Dependent on profile_cr_isf_dia.
real_llama4maverick_50,run_001,aaps.core.smb_uam,aaps,True,smb_enabled=true; uam_enabled=true,keep,smb_enabled=true; uam_enabled=true,Active SMB/UAM is beneficial. Uncertainty due to lack of meal logging. Dependent on automation_smb_uam.
real_llama4maverick_50,run_001,aaps.core.smb_activation,aaps,True,smb_always_enabled=true; smb_with_cob_enabled=false; smb_after_carbs_enabled=false; smb_with_temp_target_enabled=true; smb_with_high_temp_target_enabled=false,keep,smb_always_enabled=true; smb_with_cob_enabled=false; smb_after_carbs_enabled=false; smb_with_temp_target_enabled=true; smb_with_high_temp_target_enabled=false,Current settings are appropriate. Uncertainty due to lack of meal data. Dependent on automation_smb_uam.
real_llama4maverick_50,run_001,aaps.core.smb_delivery,aaps,True,smb_interval_minutes=3 min; max_smb_basal_minutes=15 min; max_uam_smb_basal_minutes=20 min,keep,smb_interval_minutes=3 min; max_smb_basal_minutes=15 min; max_uam_smb_basal_minutes=20 min,Current settings are appropriate. Uncertainty due to glucose variability. Dependent on automation_smb_uam.
real_llama4maverick_50,run_001,aaps.core.safety_limits,aaps,True,max_basal_u_per_hour=12 U/h; max_iob_units=25 U,change,max_basal_u_per_hour=12 U/h; max_iob_units=20 U,High max IOB poses a risk. Reducing to 20 U is safer. Dependent on automation_sensitivity_limits.
real_llama4maverick_50,run_001,aaps.core.sensitivity,aaps,True,autosens_enabled=false; dynamic_sensitivity_enabled=true; autosens_raises_target=false; autosens_lowers_target=false; dynamic_isf_adjustment_factor_percent=70 %,keep,autosens_enabled=false; dynamic_sensitivity_enabled=true; autosens_raises_target=false; autosens_lowers_target=false; dynamic_isf_adjustment_factor_percent=70 %,Current settings are appropriate. Uncertainty due to glucose variability. Dependent on automation_sensitivity_limits.
real_llama4maverick_50,run_001,aaps.core.carb_absorption,aaps,True,min_5m_carbimpact=8 mg/dL/5 min; meal_max_absorption_hours=7 h,keep,min_5m_carbimpact=8 mg/dL/5 min; meal_max_absorption_hours=7 h,Current settings are appropriate. Uncertainty due to lack of meal data. Dependent on meal_ecarbs_absorption.
real_llama4maverick_50,run_002,profile.basal.00_00,profile,True,0.6 U/h,change,0.55 U/h,Glucose patterns indicate potential for slight reduction.
real_llama4maverick_50,run_002,profile.basal.05_00,profile,True,0.7 U/h,keep,0.7 U/h,No strong evidence for change.
real_llama4maverick_50,run_002,profile.basal.06_00,profile,True,0.8 U/h,keep,0.8 U/h,No strong evidence for change.
real_llama4maverick_50,run_002,profile.basal.10_00,profile,True,0.7 U/h,keep,0.7 U/h,No strong evidence for change.
real_llama4maverick_50,run_002,profile.basal.16_00,profile,True,0.5 U/h,keep,0.5 U/h,No strong evidence for change.
real_llama4maverick_50,run_002,profile.basal.18_00,profile,True,0.6 U/h,keep,0.6 U/h,No strong evidence for change.
real_llama4maverick_50,run_002,profile.basal.19_00,profile,True,0.7 U/h,keep,0.7 U/h,No strong evidence for change.
real_llama4maverick_50,run_002,profile.cr.00_00,profile,True,13 g/U,keep,13 g/U,No strong evidence for change.
real_llama4maverick_50,run_002,profile.cr.04_00,profile,True,11.1 g/U,keep,11.1 g/U,No strong evidence for change.
real_llama4maverick_50,run_002,profile.cr.08_00,profile,True,13.2 g/U,keep,13.2 g/U,No strong evidence for change.
real_llama4maverick_50,run_002,profile.cr.16_00,profile,True,10.5 g/U,keep,10.5 g/U,No strong evidence for change.
real_llama4maverick_50,run_002,profile.cr.20_00,profile,True,12.6 g/U,keep,12.6 g/U,No strong evidence for change.
real_llama4maverick_50,run_002,profile.isf.00_00,profile,True,56 mg/dL/U,keep,56 mg/dL/U,No strong evidence for change.
real_llama4maverick_50,run_002,profile.target.00_00,profile,True,90 mg/dL,keep,90 mg/dL,No strong evidence for change.
real_llama4maverick_50,run_002,profile.target.08_00,profile,True,100 mg/dL,keep,100 mg/dL,No strong evidence for change.
real_llama4maverick_50,run_002,profile.target.23_00,profile,True,90 mg/dL,keep,90 mg/dL,No strong evidence for change.
real_llama4maverick_50,run_002,profile.dia,profile,True,10 h,keep,10 h,No strong evidence for change.
real_llama4maverick_50,run_002,aaps.core.smb_uam,aaps,True,smb_enabled=true; uam_enabled=true,keep,smb_enabled=true; uam_enabled=true,SMB and UAM are effectively managing glucose variability.
real_llama4maverick_50,run_002,aaps.core.smb_activation,aaps,True,smb_always_enabled=true; smb_with_cob_enabled=false; smb_after_carbs_enabled=false; smb_with_temp_target_enabled=true; smb_with_high_temp_target_enabled=false,keep,smb_always_enabled=true; smb_with_cob_enabled=false; smb_after_carbs_enabled=false; smb_with_temp_target_enabled=true; smb_with_high_temp_target_enabled=false,Settings are generally reasonable.
real_llama4maverick_50,run_002,aaps.core.smb_delivery,aaps,True,smb_interval_minutes=3 min; max_smb_basal_minutes=15 min; max_uam_smb_basal_minutes=20 min,keep,smb_interval_minutes=3 min; max_smb_basal_minutes=15 min; max_uam_smb_basal_minutes=20 min,Settings are generally reasonable.
real_llama4maverick_50,run_002,aaps.core.safety_limits,aaps,True,max_basal_u_per_hour=12 U/h; max_iob_units=25 U,change,max_basal_u_per_hour=12 U/h; max_iob_units=15 U,High max IOB setting poses a risk.
real_llama4maverick_50,run_002,aaps.core.sensitivity,aaps,True,autosens_enabled=false; dynamic_sensitivity_enabled=true; autosens_raises_target=false; autosens_lowers_target=false; dynamic_isf_adjustment_factor_percent=70 %,keep,autosens_enabled=false; dynamic_sensitivity_enabled=true; autosens_raises_target=false; autosens_lowers_target=false; dynamic_isf_adjustment_factor_percent=70 %,Settings are generally reasonable.
real_llama4maverick_50,run_002,aaps.core.carb_absorption,aaps,True,min_5m_carbimpact=8 mg/dL/5 min; meal_max_absorption_hours=7 h,keep,min_5m_carbimpact=8 mg/dL/5 min; meal_max_absorption_hours=7 h,No meal data to assess.
real_llama4maverick_50,run_004,profile.basal.00_00,profile,True,0.6 U/h,change,0.65 U/h,"Glucose pattern evidence, medium confidence, depends on basal_targets."
real_llama4maverick_50,run_004,profile.basal.05_00,profile,True,0.7 U/h,keep,0.7 U/h,"No strong evidence for change, depends on basal_targets."
real_llama4maverick_50,run_004,profile.basal.06_00,profile,True,0.8 U/h,keep,0.8 U/h,"No strong evidence for change, depends on basal_targets."
real_llama4maverick_50,run_004,profile.basal.10_00,profile,True,0.7 U/h,keep,0.7 U/h,"No strong evidence for change, depends on basal_targets."
real_llama4maverick_50,run_004,profile.basal.16_00,profile,True,0.5 U/h,keep,0.5 U/h,"No strong evidence for change, depends on basal_targets."
real_llama4maverick_50,run_004,profile.basal.18_00,profile,True,0.6 U/h,keep,0.6 U/h,"No strong evidence for change, depends on basal_targets."
real_llama4maverick_50,run_004,profile.basal.19_00,profile,True,0.7 U/h,keep,0.7 U/h,"No strong evidence for change, depends on basal_targets."
real_llama4maverick_50,run_004,profile.cr.00_00,profile,True,13 g/U,keep,13 g/U,"No strong evidence for change, depends on meal_bolus_strategy."
real_llama4maverick_50,run_004,profile.cr.04_00,profile,True,11.1 g/U,keep,11.1 g/U,"No strong evidence for change, depends on meal_bolus_strategy."
real_llama4maverick_50,run_004,profile.cr.08_00,profile,True,13.2 g/U,keep,13.2 g/U,"No strong evidence for change, depends on meal_bolus_strategy."
real_llama4maverick_50,run_004,profile.cr.16_00,profile,True,10.5 g/U,keep,10.5 g/U,"No strong evidence for change, depends on meal_bolus_strategy."
real_llama4maverick_50,run_004,profile.cr.20_00,profile,True,12.6 g/U,keep,12.6 g/U,"No strong evidence for change, depends on meal_bolus_strategy."
real_llama4maverick_50,run_004,profile.isf.00_00,profile,True,56 mg/dL/U,keep,56 mg/dL/U,"No strong evidence for change, depends on profile_cr_isf_dia."
real_llama4maverick_50,run_004,profile.target.00_00,profile,True,90 mg/dL,keep,90 mg/dL,"No strong evidence for change, depends on basal_targets."
real_llama4maverick_50,run_004,profile.target.08_00,profile,True,100 mg/dL,keep,100 mg/dL,"No strong evidence for change, depends on basal_targets."
real_llama4maverick_50,run_004,profile.target.23_00,profile,True,90 mg/dL,keep,90 mg/dL,"No strong evidence for change, depends on basal_targets."
real_llama4maverick_50,run_004,profile.dia,profile,True,10 h,keep,10 h,"No strong evidence for change, depends on profile_cr_isf_dia."
real_llama4maverick_50,run_004,aaps.core.smb_uam,aaps,True,smb_enabled=true; uam_enabled=true,keep,smb_enabled=true; uam_enabled=true,"Active SMB/UAM is beneficial, depends on automation_smb_uam."
real_llama4maverick_50,run_004,aaps.core.smb_activation,aaps,True,smb_always_enabled=true; smb_with_cob_enabled=false; smb_after_carbs_enabled=false; smb_with_temp_target_enabled=true; smb_with_high_temp_target_enabled=false,keep,smb_always_enabled=true; smb_with_cob_enabled=false; smb_after_carbs_enabled=false; smb_with_temp_target_enabled=true; smb_with_high_temp_target_enabled=false,"Current settings are appropriate, depends on automation_smb_uam."
real_llama4maverick_50,run_004,aaps.core.smb_delivery,aaps,True,smb_interval_minutes=3 min; max_smb_basal_minutes=15 min; max_uam_smb_basal_minutes=20 min,keep,smb_interval_minutes=3 min; max_smb_basal_minutes=15 min; max_uam_smb_basal_minutes=20 min,"Current settings are appropriate, depends on automation_smb_uam."
real_llama4maverick_50,run_004,aaps.core.safety_limits,aaps,True,max_basal_u_per_hour=12 U/h; max_iob_units=25 U,keep,max_basal_u_per_hour=12 U/h; max_iob_units=25 U,"High limits are set, depends on automation_sensitivity_limits."
real_llama4maverick_50,run_004,aaps.core.sensitivity,aaps,True,autosens_enabled=false; dynamic_sensitivity_enabled=true; autosens_raises_target=false; autosens_lowers_target=false; dynamic_isf_adjustment_factor_percent=70 %,keep,autosens_enabled=false; dynamic_sensitivity_enabled=true; autosens_raises_target=false; autosens_lowers_target=false; dynamic_isf_adjustment_factor_percent=70 %,"Dynamic ISF is beneficial, depends on automation_sensitivity_limits."
real_llama4maverick_50,run_004,aaps.core.carb_absorption,aaps,True,min_5m_carbimpact=8 mg/dL/5 min; meal_max_absorption_hours=7 h,keep,min_5m_carbimpact=8 mg/dL/5 min; meal_max_absorption_hours=7 h,"Current settings are appropriate, depends on meal_ecarbs_absorption."
real_llama4maverick_50,run_005,profile.basal.00_00,profile,True,0.6 U/h,keep,0.6 U/h,Current basal rate is generally appropriate.
real_llama4maverick_50,run_005,profile.basal.05_00,profile,True,0.7 U/h,keep,0.7 U/h,Current basal rate is generally appropriate.
real_llama4maverick_50,run_005,profile.basal.06_00,profile,True,0.8 U/h,keep,0.8 U/h,Current basal rate is generally appropriate.
real_llama4maverick_50,run_005,profile.basal.10_00,profile,True,0.7 U/h,keep,0.7 U/h,Current basal rate is generally appropriate.
real_llama4maverick_50,run_005,profile.basal.16_00,profile,True,0.5 U/h,keep,0.5 U/h,Current basal rate is generally appropriate.
real_llama4maverick_50,run_005,profile.basal.18_00,profile,True,0.6 U/h,keep,0.6 U/h,Current basal rate is generally appropriate.
real_llama4maverick_50,run_005,profile.basal.19_00,profile,True,0.7 U/h,keep,0.7 U/h,Current basal rate is generally appropriate.
real_llama4maverick_50,run_005,profile.cr.00_00,profile,True,13 g/U,keep,13 g/U,Current CR is generally appropriate.
real_llama4maverick_50,run_005,profile.cr.04_00,profile,True,11.1 g/U,keep,11.1 g/U,Current CR is generally appropriate.
real_llama4maverick_50,run_005,profile.cr.08_00,profile,True,13.2 g/U,keep,13.2 g/U,Current CR is generally appropriate.
real_llama4maverick_50,run_005,profile.cr.16_00,profile,True,10.5 g/U,keep,10.5 g/U,Current CR is generally appropriate.
real_llama4maverick_50,run_005,profile.cr.20_00,profile,True,12.6 g/U,keep,12.6 g/U,Current CR is generally appropriate.
real_llama4maverick_50,run_005,profile.isf.00_00,profile,True,56 mg/dL/U,keep,56 mg/dL/U,Current ISF is generally appropriate.
real_llama4maverick_50,run_005,profile.target.00_00,profile,True,90 mg/dL,keep,90 mg/dL,Current target is generally appropriate.
real_llama4maverick_50,run_005,profile.target.08_00,profile,True,100 mg/dL,keep,100 mg/dL,Current target is generally appropriate.
real_llama4maverick_50,run_005,profile.target.23_00,profile,True,90 mg/dL,keep,90 mg/dL,Current target is generally appropriate.
real_llama4maverick_50,run_005,profile.dia,profile,True,10 h,keep,10 h,Current DIA is generally appropriate.
real_llama4maverick_50,run_005,aaps.core.smb_uam,aaps,True,smb_enabled=true; uam_enabled=true,keep,smb_enabled=true; uam_enabled=true,SMB and UAM are appropriately enabled.
real_llama4maverick_50,run_005,aaps.core.smb_activation,aaps,True,smb_always_enabled=true; smb_with_cob_enabled=false; smb_after_carbs_enabled=false; smb_with_temp_target_enabled=true; smb_with_high_temp_target_enabled=false,keep,smb_always_enabled=true; smb_with_cob_enabled=false; smb_after_carbs_enabled=false; smb_with_temp_target_enabled=true; smb_with_high_temp_target_enabled=false,SMB activation conditions are appropriately set.
real_llama4maverick_50,run_005,aaps.core.smb_delivery,aaps,True,smb_interval_minutes=3 min; max_smb_basal_minutes=15 min; max_uam_smb_basal_minutes=20 min,keep,"{""smb_interval_minutes"": 3, ""max_smb_basal_minutes"": 15, ""max_uam_smb_basal_minutes"": 20}",SMB delivery settings are generally appropriate.
real_llama4maverick_50,run_005,aaps.core.safety_limits,aaps,True,max_basal_u_per_hour=12 U/h; max_iob_units=25 U,change,"{""max_basal_u_per_hour"": 12, ""max_iob_units"": 15}",Reducing max IOB to prevent excessive insulin dosing.
real_llama4maverick_50,run_005,aaps.core.sensitivity,aaps,True,autosens_enabled=false; dynamic_sensitivity_enabled=true; autosens_raises_target=false; autosens_lowers_target=false; dynamic_isf_adjustment_factor_percent=70 %,keep,autosens_enabled=false; dynamic_sensitivity_enabled=true; autosens_raises_target=false; autosens_lowers_target=false; dynamic_isf_adjustment_factor_percent=70 %,Dynamic ISF is appropriately enabled.
real_llama4maverick_50,run_005,aaps.core.carb_absorption,aaps,True,min_5m_carbimpact=8 mg/dL/5 min; meal_max_absorption_hours=7 h,keep,min_5m_carbimpact=8 mg/dL/5 min; meal_max_absorption_hours=7 h,Carb absorption model settings are generally appropriate.
real_llama4maverick_50,run_006,profile.basal.00_00,profile,True,0.6 U/h,change,0.65 U/h,To improve overnight glucose control.
real_llama4maverick_50,run_006,profile.basal.05_00,profile,True,0.7 U/h,keep,0.7 U/h,Current setting is appropriate.
real_llama4maverick_50,run_006,profile.basal.06_00,profile,True,0.8 U/h,keep,0.8 U/h,Current setting is appropriate.
real_llama4maverick_50,run_006,profile.basal.10_00,profile,True,0.7 U/h,keep,0.7 U/h,Current setting is appropriate.
real_llama4maverick_50,run_006,profile.basal.16_00,profile,True,0.5 U/h,keep,0.5 U/h,Current setting is appropriate.
real_llama4maverick_50,run_006,profile.basal.18_00,profile,True,0.6 U/h,keep,0.6 U/h,Current setting is appropriate.
real_llama4maverick_50,run_006,profile.basal.19_00,profile,True,0.7 U/h,keep,0.7 U/h,Current setting is appropriate.
real_llama4maverick_50,run_006,profile.cr.00_00,profile,True,13 g/U,keep,13 g/U,Current setting is appropriate.
real_llama4maverick_50,run_006,profile.cr.04_00,profile,True,11.1 g/U,keep,11.1 g/U,Current setting is appropriate.
real_llama4maverick_50,run_006,profile.cr.08_00,profile,True,13.2 g/U,keep,13.2 g/U,Current setting is appropriate.
real_llama4maverick_50,run_006,profile.cr.16_00,profile,True,10.5 g/U,keep,10.5 g/U,Current setting is appropriate.
real_llama4maverick_50,run_006,profile.cr.20_00,profile,True,12.6 g/U,keep,12.6 g/U,Current setting is appropriate.
real_llama4maverick_50,run_006,profile.isf.00_00,profile,True,56 mg/dL/U,keep,56 mg/dL/U,Current setting is appropriate.
real_llama4maverick_50,run_006,profile.target.00_00,profile,True,90 mg/dL,keep,90 mg/dL,Current setting is appropriate.
real_llama4maverick_50,run_006,profile.target.08_00,profile,True,100 mg/dL,keep,100 mg/dL,Current setting is appropriate.
real_llama4maverick_50,run_006,profile.target.23_00,profile,True,90 mg/dL,keep,90 mg/dL,Current setting is appropriate.
real_llama4maverick_50,run_006,profile.dia,profile,True,10 h,keep,10 h,Current setting is appropriate.
real_llama4maverick_50,run_006,aaps.core.smb_uam,aaps,True,smb_enabled=true; uam_enabled=true,keep,smb_enabled=true; uam_enabled=true,SMB and UAM are appropriately enabled.
real_llama4maverick_50,run_006,aaps.core.smb_activation,aaps,True,smb_always_enabled=true; smb_with_cob_enabled=false; smb_after_carbs_enabled=false; smb_with_temp_target_enabled=true; smb_with_high_temp_target_enabled=false,keep,smb_always_enabled=true; smb_with_cob_enabled=false; smb_after_carbs_enabled=false; smb_with_temp_target_enabled=true; smb_with_high_temp_target_enabled=false,Current SMB activation conditions are appropriate.
real_llama4maverick_50,run_006,aaps.core.smb_delivery,aaps,True,smb_interval_minutes=3 min; max_smb_basal_minutes=15 min; max_uam_smb_basal_minutes=20 min,keep,smb_interval_minutes=3 min; max_smb_basal_minutes=15 min; max_uam_smb_basal_minutes=20 min,Current SMB delivery settings are appropriate.
real_llama4maverick_50,run_006,aaps.core.safety_limits,aaps,True,max_basal_u_per_hour=12 U/h; max_iob_units=25 U,keep,max_basal_u_per_hour=12 U/h; max_iob_units=25 U,Current safety limits are appropriate.
real_llama4maverick_50,run_006,aaps.core.sensitivity,aaps,True,autosens_enabled=false; dynamic_sensitivity_enabled=true; autosens_raises_target=false; autosens_lowers_target=false; dynamic_isf_adjustment_factor_percent=70 %,keep,autosens_enabled=false; dynamic_sensitivity_enabled=true; autosens_raises_target=false; autosens_lowers_target=false; dynamic_isf_adjustment_factor_percent=70 %,Current sensitivity settings are appropriate.
real_llama4maverick_50,run_006,aaps.core.carb_absorption,aaps,True,min_5m_carbimpact=8 mg/dL/5 min; meal_max_absorption_hours=7 h,keep,min_5m_carbimpact=8 mg/dL/5 min; meal_max_absorption_hours=7 h,Current carb absorption settings are appropriate.
real_llama4maverick_50,run_006,,,False,,,,
real_llama4maverick_50,run_007,profile.basal.00_00,profile,True,0.6 U/h,change,0.55,Basal rate adjustment based on basal_targets analysis.
real_llama4maverick_50,run_007,profile.basal.05_00,profile,True,0.7 U/h,keep,0.7,No strong evidence for change.
real_llama4maverick_50,run_007,profile.basal.06_00,profile,True,0.8 U/h,keep,0.8,No strong evidence for change.
real_llama4maverick_50,run_007,profile.basal.10_00,profile,True,0.7 U/h,keep,0.7,No strong evidence for change.
real_llama4maverick_50,run_007,profile.basal.16_00,profile,True,0.5 U/h,keep,0.5,No strong evidence for change.
real_llama4maverick_50,run_007,profile.basal.18_00,profile,True,0.6 U/h,keep,0.6,No strong evidence for change.
real_llama4maverick_50,run_007,profile.basal.19_00,profile,True,0.7 U/h,keep,0.7,No strong evidence for change.
real_llama4maverick_50,run_007,profile.cr.00_00,profile,True,13 g/U,keep,13,No strong evidence for change.
real_llama4maverick_50,run_007,profile.cr.04_00,profile,True,11.1 g/U,keep,11.1,No strong evidence for change.
real_llama4maverick_50,run_007,profile.cr.08_00,profile,True,13.2 g/U,keep,13.2,No strong evidence for change.
real_llama4maverick_50,run_007,profile.cr.16_00,profile,True,10.5 g/U,keep,10.5,No strong evidence for change.
real_llama4maverick_50,run_007,profile.cr.20_00,profile,True,12.6 g/U,keep,12.6,No strong evidence for change.
real_llama4maverick_50,run_007,profile.isf.00_00,profile,True,56 mg/dL/U,keep,56,No strong evidence for change.
real_llama4maverick_50,run_007,profile.target.00_00,profile,True,90 mg/dL,keep,90,No strong evidence for change.
real_llama4maverick_50,run_007,profile.target.08_00,profile,True,100 mg/dL,keep,100,No strong evidence for change.
real_llama4maverick_50,run_007,profile.target.23_00,profile,True,90 mg/dL,keep,90,No strong evidence for change.
real_llama4maverick_50,run_007,profile.dia,profile,True,10 h,keep,10,No strong evidence for change.
real_llama4maverick_50,run_007,aaps.core.smb_uam,aaps,True,smb_enabled=true; uam_enabled=true,keep,smb_enabled=true; uam_enabled=true,SMB/UAM are effective but require monitoring.
real_llama4maverick_50,run_007,aaps.core.smb_activation,aaps,True,smb_always_enabled=true; smb_with_cob_enabled=false; smb_after_carbs_enabled=false; smb_with_temp_target_enabled=true; smb_with_high_temp_target_enabled=false,keep,smb_always_enabled=true; smb_with_cob_enabled=false; smb_after_carbs_enabled=false; smb_with_temp_target_enabled=true; smb_with_high_temp_target_enabled=false,No strong evidence for change.
real_llama4maverick_50,run_007,aaps.core.smb_delivery,aaps,True,smb_interval_minutes=3 min; max_smb_basal_minutes=15 min; max_uam_smb_basal_minutes=20 min,keep,smb_interval_minutes=3; max_smb_basal_minutes=15; max_uam_smb_basal_minutes=20,No strong evidence for change.
real_llama4maverick_50,run_007,aaps.core.safety_limits,aaps,True,max_basal_u_per_hour=12 U/h; max_iob_units=25 U,change,max_iob_units=20,High max IOB poses a risk.
real_llama4maverick_50,run_007,aaps.core.sensitivity,aaps,True,autosens_enabled=false; dynamic_sensitivity_enabled=true; autosens_raises_target=false; autosens_lowers_target=false; dynamic_isf_adjustment_factor_percent=70 %,keep,autosens_enabled=false; dynamic_sensitivity_enabled=true; autosens_raises_target=false; autosens_lowers_target=false; dynamic_isf_adjustment_factor_percent=70,No strong evidence for change.
real_llama4maverick_50,run_007,aaps.core.carb_absorption,aaps,True,min_5m_carbimpact=8 mg/dL/5 min; meal_max_absorption_hours=7 h,keep,min_5m_carbimpact=8; meal_max_absorption_hours=7,No strong evidence for change.
real_llama4maverick_50,run_008,profile.basal.00_00,profile,True,0.6 U/h,change,0.65 U/h,"Evidence from glucose patterns, uncertainty due to meal and correction effects"
real_llama4maverick_50,run_008,profile.basal.05_00,profile,True,0.7 U/h,keep,0.7 U/h,No strong evidence to change
real_llama4maverick_50,run_008,profile.basal.06_00,profile,True,0.8 U/h,keep,0.8 U/h,No strong evidence to change
real_llama4maverick_50,run_008,profile.basal.10_00,profile,True,0.7 U/h,keep,0.7 U/h,No strong evidence to change
real_llama4maverick_50,run_008,profile.basal.16_00,profile,True,0.5 U/h,keep,0.5 U/h,No strong evidence to change
real_llama4maverick_50,run_008,profile.basal.18_00,profile,True,0.6 U/h,keep,0.6 U/h,No strong evidence to change
real_llama4maverick_50,run_008,profile.basal.19_00,profile,True,0.7 U/h,keep,0.7 U/h,No strong evidence to change
real_llama4maverick_50,run_008,profile.cr.00_00,profile,True,13 g/U,keep,13 g/U,No strong evidence to change
real_llama4maverick_50,run_008,profile.cr.04_00,profile,True,11.1 g/U,keep,11.1 g/U,No strong evidence to change
real_llama4maverick_50,run_008,profile.cr.08_00,profile,True,13.2 g/U,keep,13.2 g/U,No strong evidence to change
real_llama4maverick_50,run_008,profile.cr.16_00,profile,True,10.5 g/U,keep,10.5 g/U,No strong evidence to change
real_llama4maverick_50,run_008,profile.cr.20_00,profile,True,12.6 g/U,keep,12.6 g/U,No strong evidence to change
real_llama4maverick_50,run_008,profile.isf.00_00,profile,True,56 mg/dL/U,keep,56 mg/dL/U,No strong evidence to change
real_llama4maverick_50,run_008,profile.target.00_00,profile,True,90 mg/dL,keep,90 mg/dL,No strong evidence to change
real_llama4maverick_50,run_008,profile.target.08_00,profile,True,100 mg/dL,keep,100 mg/dL,No strong evidence to change
real_llama4maverick_50,run_008,profile.target.23_00,profile,True,90 mg/dL,keep,90 mg/dL,No strong evidence to change
real_llama4maverick_50,run_008,profile.dia,profile,True,10 h,keep,10 h,No strong evidence to change
real_llama4maverick_50,run_008,aaps.core.smb_uam,aaps,True,smb_enabled=true; uam_enabled=true,keep,smb_enabled=true; uam_enabled=true,No strong evidence to change
real_llama4maverick_50,run_008,aaps.core.smb_activation,aaps,True,smb_always_enabled=true; smb_with_cob_enabled=false; smb_after_carbs_enabled=false; smb_with_temp_target_enabled=true; smb_with_high_temp_target_enabled=false,keep,smb_always_enabled=true; smb_with_cob_enabled=false; smb_after_carbs_enabled=false; smb_with_temp_target_enabled=true; smb_with_high_temp_target_enabled=false,No strong evidence to change
real_llama4maverick_50,run_008,aaps.core.smb_delivery,aaps,True,smb_interval_minutes=3 min; max_smb_basal_minutes=15 min; max_uam_smb_basal_minutes=20 min,keep,smb_interval_minutes=3 min; max_smb_basal_minutes=15 min; max_uam_smb_basal_minutes=20 min,No strong evidence to change
real_llama4maverick_50,run_008,aaps.core.safety_limits,aaps,True,max_basal_u_per_hour=12 U/h; max_iob_units=25 U,keep,max_basal_u_per_hour=12 U/h; max_iob_units=25 U,"No strong evidence to change, but high max IOB may pose risk"
real_llama4maverick_50,run_008,aaps.core.sensitivity,aaps,True,autosens_enabled=false; dynamic_sensitivity_enabled=true; autosens_raises_target=false; autosens_lowers_target=false; dynamic_isf_adjustment_factor_percent=70 %,keep,autosens_enabled=false; dynamic_sensitivity_enabled=true; autosens_raises_target=false; autosens_lowers_target=false; dynamic_isf_adjustment_factor_percent=70 %,No strong evidence to change
real_llama4maverick_50,run_008,aaps.core.carb_absorption,aaps,True,min_5m_carbimpact=8 mg/dL/5 min; meal_max_absorption_hours=7 h,keep,min_5m_carbimpact=8 mg/dL/5 min; meal_max_absorption_hours=7 h,No strong evidence to change
real_llama4maverick_50,run_009,profile.basal.00_00,profile,True,0.6 U/h,change,0.65 U/h,"Evidence from glucose trends, uncertainty around meal effects, dependencies on basal_targets."
real_llama4maverick_50,run_009,profile.basal.05_00,profile,True,0.7 U/h,keep,0.7 U/h,"No strong evidence for change, dependencies on basal_targets."
real_llama4maverick_50,run_009,profile.basal.06_00,profile,True,0.8 U/h,keep,0.8 U/h,"No strong evidence for change, dependencies on basal_targets."
real_llama4maverick_50,run_009,profile.basal.10_00,profile,True,0.7 U/h,keep,0.7 U/h,"No strong evidence for change, dependencies on basal_targets."
real_llama4maverick_50,run_009,profile.basal.16_00,profile,True,0.5 U/h,keep,0.5 U/h,"No strong evidence for change, dependencies on basal_targets."
real_llama4maverick_50,run_009,profile.basal.18_00,profile,True,0.6 U/h,keep,0.6 U/h,"No strong evidence for change, dependencies on basal_targets."
real_llama4maverick_50,run_009,profile.basal.19_00,profile,True,0.7 U/h,keep,0.7 U/h,"No strong evidence for change, dependencies on basal_targets."
real_llama4maverick_50,run_009,profile.cr.00_00,profile,True,13 g/U,keep,13 g/U,"No strong evidence for change, dependencies on profile_cr_isf_dia."
real_llama4maverick_50,run_009,profile.cr.04_00,profile,True,11.1 g/U,keep,11.1 g/U,"No strong evidence for change, dependencies on profile_cr_isf_dia."
real_llama4maverick_50,run_009,profile.cr.08_00,profile,True,13.2 g/U,keep,13.2 g/U,"No strong evidence for change, dependencies on profile_cr_isf_dia."
real_llama4maverick_50,run_009,profile.cr.16_00,profile,True,10.5 g/U,keep,10.5 g/U,"No strong evidence for change, dependencies on profile_cr_isf_dia."
real_llama4maverick_50,run_009,profile.cr.20_00,profile,True,12.6 g/U,keep,12.6 g/U,"No strong evidence for change, dependencies on profile_cr_isf_dia."
real_llama4maverick_50,run_009,profile.dia,profile,True,10 h,keep,10 h,"No strong evidence for change, dependencies on profile_cr_isf_dia."
real_llama4maverick_50,run_009,profile.isf.00_00,profile,True,56 mg/dL/U,keep,56 mg/dL/U,"No strong evidence for change, dependencies on profile_cr_isf_dia."
real_llama4maverick_50,run_009,profile.target.00_00,profile,True,90 mg/dL,keep,90 mg/dL,"No strong evidence for change, dependencies on basal_targets."
real_llama4maverick_50,run_009,profile.target.08_00,profile,True,100 mg/dL,keep,100 mg/dL,"No strong evidence for change, dependencies on basal_targets."
real_llama4maverick_50,run_009,profile.target.23_00,profile,True,90 mg/dL,keep,90 mg/dL,"No strong evidence for change, dependencies on basal_targets."
real_llama4maverick_50,run_009,aaps.core.smb_uam,aaps,True,smb_enabled=true; uam_enabled=true,keep,smb_enabled=true; uam_enabled=true,"SMB and UAM are generally appropriate, dependencies on automation_smb_uam."
real_llama4maverick_50,run_009,aaps.core.smb_activation,aaps,True,smb_always_enabled=true; smb_with_cob_enabled=false; smb_after_carbs_enabled=false; smb_with_temp_target_enabled=true; smb_with_high_temp_target_enabled=false,keep,smb_always_enabled=true; smb_with_cob_enabled=false; smb_after_carbs_enabled=false; smb_with_temp_target_enabled=true; smb_with_high_temp_target_enabled=false,"SMB activation conditions are generally appropriate, dependencies on automation_smb_uam."
real_llama4maverick_50,run_009,aaps.core.smb_delivery,aaps,True,smb_interval_minutes=3 min; max_smb_basal_minutes=15 min; max_uam_smb_basal_minutes=20 min,keep,smb_interval_minutes=3 min; max_smb_basal_minutes=15 min; max_uam_smb_basal_minutes=20 min,"SMB delivery settings are generally appropriate, dependencies on automation_smb_uam."
real_llama4maverick_50,run_009,aaps.core.safety_limits,aaps,True,max_basal_u_per_hour=12 U/h; max_iob_units=25 U,keep,max_basal_u_per_hour=12 U/h; max_iob_units=25 U,"Max basal and IOB limits are generally appropriate, dependencies on automation_sensitivity_limits."
real_llama4maverick_50,run_009,aaps.core.sensitivity,aaps,True,autosens_enabled=false; dynamic_sensitivity_enabled=true; autosens_raises_target=false; autosens_lowers_target=false; dynamic_isf_adjustment_factor_percent=70 %,keep,autosens_enabled=false; dynamic_sensitivity_enabled=true; autosens_raises_target=false; autosens_lowers_target=false; dynamic_isf_adjustment_factor_percent=70 %,"Dynamic ISF is enabled and generally appropriate, Autosens is disabled, dependencies on automation_sensitivity_limits."
real_llama4maverick_50,run_009,aaps.core.carb_absorption,aaps,True,min_5m_carbimpact=8 mg/dL/5 min; meal_max_absorption_hours=7 h,keep,min_5m_carbimpact=8 mg/dL/5 min; meal_max_absorption_hours=7 h,"Carb absorption model settings are generally appropriate, dependencies on meal_ecarbs_absorption."
real_llama4maverick_50,run_010,profile.basal.00_00,profile,True,0.6,change,0.55,Fasting glucose patterns suggest a potential need for basal rate adjustment.
real_llama4maverick_50,run_010,profile.basal.05_00,profile,True,0.7,keep,0.7,No strong evidence to suggest a change.
real_llama4maverick_50,run_010,profile.basal.06_00,profile,True,0.8,keep,0.8,No strong evidence to suggest a change.
real_llama4maverick_50,run_010,profile.basal.10_00,profile,True,0.7,keep,0.7,No strong evidence to suggest a change.
real_llama4maverick_50,run_010,profile.basal.16_00,profile,True,0.5,keep,0.5,No strong evidence to suggest a change.
real_llama4maverick_50,run_010,profile.basal.18_00,profile,True,0.6,keep,0.6,No strong evidence to suggest a change.
real_llama4maverick_50,run_010,profile.basal.19_00,profile,True,0.7,keep,0.7,No strong evidence to suggest a change.
real_llama4maverick_50,run_010,profile.cr.00_00,profile,True,13,keep,13,No strong evidence to suggest a change.
real_llama4maverick_50,run_010,profile.cr.04_00,profile,True,11.1,keep,11.1,No strong evidence to suggest a change.
real_llama4maverick_50,run_010,profile.cr.08_00,profile,True,13.2,keep,13.2,No strong evidence to suggest a change.
real_llama4maverick_50,run_010,profile.cr.16_00,profile,True,10.5,keep,10.5,No strong evidence to suggest a change.
real_llama4maverick_50,run_010,profile.cr.20_00,profile,True,12.6,keep,12.6,No strong evidence to suggest a change.
real_llama4maverick_50,run_010,profile.isf.00_00,profile,True,56,keep,56,No strong evidence to suggest a change.
real_llama4maverick_50,run_010,profile.target.00_00,profile,True,90,keep,90,No strong evidence to suggest a change.
real_llama4maverick_50,run_010,profile.target.08_00,profile,True,100,keep,100,No strong evidence to suggest a change.
real_llama4maverick_50,run_010,profile.target.23_00,profile,True,90,keep,90,No strong evidence to suggest a change.
real_llama4maverick_50,run_010,profile.dia,profile,True,10,keep,10,No strong evidence to suggest a change.
real_llama4maverick_50,run_010,aaps.core.smb_uam,aaps,True,smb_enabled=true; uam_enabled=true,keep,smb_enabled=true; uam_enabled=true,SMB and UAM settings are generally appropriate.
real_llama4maverick_50,run_010,aaps.core.smb_activation,aaps,True,smb_always_enabled=true; smb_with_cob_enabled=false; smb_after_carbs_enabled=false; smb_with_temp_target_enabled=true; smb_with_high_temp_target_enabled=false,keep,smb_always_enabled=true; smb_with_cob_enabled=false; smb_after_carbs_enabled=false; smb_with_temp_target_enabled=true; smb_with_high_temp_target_enabled=false,SMB activation conditions are generally appropriate.
real_llama4maverick_50,run_010,aaps.core.smb_delivery,aaps,True,smb_interval_minutes=3 min; max_smb_basal_minutes=15 min; max_uam_smb_basal_minutes=20 min,keep,smb_interval_minutes=3 min; max_smb_basal_minutes=15 min; max_uam_smb_basal_minutes=20 min,SMB strength and frequency settings are generally appropriate.
real_llama4maverick_50,run_010,aaps.core.safety_limits,aaps,True,max_basal_u_per_hour=12 U/h; max_iob_units=25 U,keep,max_basal_u_per_hour=12 U/h; max_iob_units=25 U,Safety limits are set high but are within the realm of possible settings.
real_llama4maverick_50,run_010,aaps.core.sensitivity,aaps,True,autosens_enabled=false; dynamic_sensitivity_enabled=true; autosens_raises_target=false; autosens_lowers_target=false; dynamic_isf_adjustment_factor_percent=70 %,keep,autosens_enabled=false; dynamic_sensitivity_enabled=true; autosens_raises_target=false; autosens_lowers_target=false; dynamic_isf_adjustment_factor_percent=70 %,"Dynamic ISF is enabled, and Autosens is disabled."
real_llama4maverick_50,run_010,aaps.core.carb_absorption,aaps,True,min_5m_carbimpact=8 mg/dL/5 min; meal_max_absorption_hours=7 h,keep,min_5m_carbimpact=8 mg/dL/5 min; meal_max_absorption_hours=7 h,Carbohydrate absorption model settings are generally appropriate.
real_llama4maverick_50,run_011,profile.basal.00_00,profile,True,0.6 U/h,change,0.55 U/h,"Evidence from glucose patterns, uncertainty in exact adjustment, dependency on overall glucose control."
real_llama4maverick_50,run_011,profile.basal.05_00,profile,True,0.7 U/h,keep,0.7 U/h,No strong evidence to change this setting.
real_llama4maverick_50,run_011,profile.basal.06_00,profile,True,0.8 U/h,keep,0.8 U/h,No strong evidence to change this setting.
real_llama4maverick_50,run_011,profile.basal.10_00,profile,True,0.7 U/h,keep,0.7 U/h,No strong evidence to change this setting.
real_llama4maverick_50,run_011,profile.basal.16_00,profile,True,0.5 U/h,keep,0.5 U/h,No strong evidence to change this setting.
real_llama4maverick_50,run_011,profile.basal.18_00,profile,True,0.6 U/h,keep,0.6 U/h,No strong evidence to change this setting.
real_llama4maverick_50,run_011,profile.basal.19_00,profile,True,0.7 U/h,keep,0.7 U/h,No strong evidence to change this setting.
real_llama4maverick_50,run_011,profile.cr.00_00,profile,True,13 g/U,keep,13 g/U,No strong evidence to change this setting.
real_llama4maverick_50,run_011,profile.cr.04_00,profile,True,11.1 g/U,keep,11.1 g/U,No strong evidence to change this setting.
real_llama4maverick_50,run_011,profile.cr.08_00,profile,True,13.2 g/U,keep,13.2 g/U,No strong evidence to change this setting.
real_llama4maverick_50,run_011,profile.cr.16_00,profile,True,10.5 g/U,keep,10.5 g/U,No strong evidence to change this setting.
real_llama4maverick_50,run_011,profile.cr.20_00,profile,True,12.6 g/U,keep,12.6 g/U,No strong evidence to change this setting.
real_llama4maverick_50,run_011,profile.isf.00_00,profile,True,56 mg/dL/U,keep,56 mg/dL/U,No strong evidence to change this setting.
real_llama4maverick_50,run_011,profile.target.00_00,profile,True,90 mg/dL,keep,90 mg/dL,No strong evidence to change this setting.
real_llama4maverick_50,run_011,profile.target.08_00,profile,True,100 mg/dL,keep,100 mg/dL,No strong evidence to change this setting.
real_llama4maverick_50,run_011,profile.target.23_00,profile,True,90 mg/dL,keep,90 mg/dL,No strong evidence to change this setting.
real_llama4maverick_50,run_011,profile.dia,profile,True,10 h,keep,10 h,No strong evidence to change this setting.
real_llama4maverick_50,run_011,aaps.core.smb_uam,aaps,True,smb_enabled=true; uam_enabled=true,keep,smb_enabled=true; uam_enabled=true,SMB and UAM are effectively managing glucose.
real_llama4maverick_50,run_011,aaps.core.smb_activation,aaps,True,smb_always_enabled=true; smb_with_cob_enabled=false; smb_after_carbs_enabled=false; smb_with_temp_target_enabled=true; smb_with_high_temp_target_enabled=false,keep,smb_always_enabled=true; smb_with_cob_enabled=false; smb_after_carbs_enabled=false; smb_with_temp_target_enabled=true; smb_with_high_temp_target_enabled=false,Current settings are appropriate for the observed glucose patterns.
real_llama4maverick_50,run_011,aaps.core.smb_delivery,aaps,True,smb_interval_minutes=3 min; max_smb_basal_minutes=15 min; max_uam_smb_basal_minutes=20 min,keep,smb_interval_minutes=3 min; max_smb_basal_minutes=15 min; max_uam_smb_basal_minutes=20 min,Current settings are appropriate for the observed glucose patterns.
real_llama4maverick_50,run_011,aaps.core.safety_limits,aaps,True,max_basal_u_per_hour=12 U/h; max_iob_units=25 U,change,max_basal_u_per_hour=12 U/h; max_iob_units=20 U,High max IOB poses a risk; reducing it could improve safety.
real_llama4maverick_50,run_011,aaps.core.sensitivity,aaps,True,autosens_enabled=false; dynamic_sensitivity_enabled=true; autosens_raises_target=false; autosens_lowers_target=false; dynamic_isf_adjustment_factor_percent=70 %,keep,autosens_enabled=false; dynamic_sensitivity_enabled=true; autosens_raises_target=false; autosens_lowers_target=false; dynamic_isf_adjustment_factor_percent=70 %,Dynamic ISF is effectively adjusting sensitivity.
real_llama4maverick_50,run_011,aaps.core.carb_absorption,aaps,True,min_5m_carbimpact=8 mg/dL/5 min; meal_max_absorption_hours=7 h,keep,min_5m_carbimpact=8 mg/dL/5 min; meal_max_absorption_hours=7 h,No strong evidence to change these settings.
real_llama4maverick_50,run_012,profile.basal.00_00,profile,True,0.6 U/h,change,0.65 U/h,To improve glucose control based on observed variability.
real_llama4maverick_50,run_012,profile.basal.05_00,profile,True,0.7 U/h,keep,0.7 U/h,No significant issues observed.
real_llama4maverick_50,run_012,profile.basal.06_00,profile,True,0.8 U/h,keep,0.8 U/h,No significant issues observed.
real_llama4maverick_50,run_012,profile.basal.10_00,profile,True,0.7 U/h,keep,0.7 U/h,No significant issues observed.
real_llama4maverick_50,run_012,profile.basal.16_00,profile,True,0.5 U/h,keep,0.5 U/h,No significant issues observed.
real_llama4maverick_50,run_012,profile.basal.18_00,profile,True,0.6 U/h,keep,0.6 U/h,No significant issues observed.
real_llama4maverick_50,run_012,profile.basal.19_00,profile,True,0.7 U/h,keep,0.7 U/h,No significant issues observed.
real_llama4maverick_50,run_012,profile.cr.00_00,profile,True,13 g/U,keep,13 g/U,No significant issues observed.
real_llama4maverick_50,run_012,profile.cr.04_00,profile,True,11.1 g/U,keep,11.1 g/U,No significant issues observed.
real_llama4maverick_50,run_012,profile.cr.08_00,profile,True,13.2 g/U,keep,13.2 g/U,No significant issues observed.
real_llama4maverick_50,run_012,profile.cr.16_00,profile,True,10.5 g/U,keep,10.5 g/U,No significant issues observed.
real_llama4maverick_50,run_012,profile.cr.20_00,profile,True,12.6 g/U,keep,12.6 g/U,No significant issues observed.
real_llama4maverick_50,run_012,profile.isf.00_00,profile,True,56 mg/dL/U,keep,56 mg/dL/U,No significant issues observed.
real_llama4maverick_50,run_012,profile.target.00_00,profile,True,90 mg/dL,keep,90 mg/dL,No significant issues observed.
real_llama4maverick_50,run_012,profile.target.08_00,profile,True,100 mg/dL,keep,100 mg/dL,No significant issues observed.
real_llama4maverick_50,run_012,profile.target.23_00,profile,True,90 mg/dL,keep,90 mg/dL,No significant issues observed.
real_llama4maverick_50,run_012,profile.dia,profile,True,10 h,keep,10 h,No significant issues observed.
real_llama4maverick_50,run_012,aaps.core.smb_uam,aaps,True,smb_enabled=true; uam_enabled=true,keep,smb_enabled=true; uam_enabled=true,No significant issues observed.
real_llama4maverick_50,run_012,aaps.core.smb_activation,aaps,True,smb_always_enabled=true; smb_with_cob_enabled=false; smb_after_carbs_enabled=false; smb_with_temp_target_enabled=true; smb_with_high_temp_target_enabled=false,keep,smb_always_enabled=true; smb_with_cob_enabled=false; smb_after_carbs_enabled=false; smb_with_temp_target_enabled=true; smb_with_high_temp_target_enabled=false,No significant issues observed.
real_llama4maverick_50,run_012,aaps.core.smb_delivery,aaps,True,smb_interval_minutes=3 min; max_smb_basal_minutes=15 min; max_uam_smb_basal_minutes=20 min,keep,smb_interval_minutes=3 min; max_smb_basal_minutes=15 min; max_uam_smb_basal_minutes=20 min,No significant issues observed.
real_llama4maverick_50,run_012,aaps.core.safety_limits,aaps,True,max_basal_u_per_hour=12 U/h; max_iob_units=25 U,keep,max_basal_u_per_hour=12 U/h; max_iob_units=25 U,No significant issues observed.
real_llama4maverick_50,run_012,aaps.core.sensitivity,aaps,True,autosens_enabled=false; dynamic_sensitivity_enabled=true; autosens_raises_target=false; autosens_lowers_target=false; dynamic_isf_adjustment_factor_percent=70 %,keep,autosens_enabled=false; dynamic_sensitivity_enabled=true; autosens_raises_target=false; autosens_lowers_target=false; dynamic_isf_adjustment_factor_percent=70 %,No significant issues observed.
real_llama4maverick_50,run_012,aaps.core.carb_absorption,aaps,True,min_5m_carbimpact=8 mg/dL/5 min; meal_max_absorption_hours=7 h,keep,min_5m_carbimpact=8 mg/dL/5 min; meal_max_absorption_hours=7 h,No significant issues observed.
real_llama4maverick_50,run_013,profile.basal.00_00,profile,True,0.6 U/h,keep,0.6 U/h,"Basal rate is appropriate, evidence from overnight glucose patterns."
real_llama4maverick_50,run_013,profile.basal.05_00,profile,True,0.7 U/h,keep,0.7 U/h,"Basal rate is appropriate, evidence from morning glucose patterns."
real_llama4maverick_50,run_013,profile.basal.06_00,profile,True,0.8 U/h,keep,0.8 U/h,"Basal rate is appropriate, evidence from morning glucose patterns."
real_llama4maverick_50,run_013,profile.basal.10_00,profile,True,0.7 U/h,keep,0.7 U/h,"Basal rate is appropriate, evidence from daytime glucose patterns."
real_llama4maverick_50,run_013,profile.basal.16_00,profile,True,0.5 U/h,keep,0.5 U/h,"Basal rate is appropriate, evidence from afternoon glucose patterns."
real_llama4maverick_50,run_013,profile.basal.18_00,profile,True,0.6 U/h,keep,0.6 U/h,"Basal rate is appropriate, evidence from evening glucose patterns."
real_llama4maverick_50,run_013,profile.basal.19_00,profile,True,0.7 U/h,keep,0.7 U/h,"Basal rate is appropriate, evidence from evening glucose patterns."
real_llama4maverick_50,run_013,profile.cr.00_00,profile,True,13 g/U,keep,13 g/U,"CR is appropriate, but meal logging is needed for further verification."
real_llama4maverick_50,run_013,profile.cr.04_00,profile,True,11.1 g/U,keep,11.1 g/U,"CR is appropriate, but meal logging is needed for further verification."
real_llama4maverick_50,run_013,profile.cr.08_00,profile,True,13.2 g/U,keep,13.2 g/U,"CR is appropriate, but meal logging is needed for further verification."
real_llama4maverick_50,run_013,profile.cr.16_00,profile,True,10.5 g/U,keep,10.5 g/U,"CR is appropriate, but meal logging is needed for further verification."
real_llama4maverick_50,run_013,profile.cr.20_00,profile,True,12.6 g/U,keep,12.6 g/U,"CR is appropriate, but meal logging is needed for further verification."
real_llama4maverick_50,run_013,profile.isf.00_00,profile,True,56 mg/dL/U,keep,56 mg/dL/U,"ISF is appropriate, but further verification is needed with meal logging."
real_llama4maverick_50,run_013,profile.target.00_00,profile,True,90 mg/dL,keep,90 mg/dL,"Target is appropriate, evidence from overnight glucose patterns."
real_llama4maverick_50,run_013,profile.target.08_00,profile,True,100 mg/dL,keep,100 mg/dL,"Target is appropriate, evidence from daytime glucose patterns."
real_llama4maverick_50,run_013,profile.target.23_00,profile,True,90 mg/dL,keep,90 mg/dL,"Target is appropriate, evidence from overnight glucose patterns."
real_llama4maverick_50,run_013,profile.dia,profile,True,10 h,keep,10 h,"DIA is appropriate, but further verification is needed with meal logging."
real_llama4maverick_50,run_013,aaps.core.smb_uam,aaps,True,smb_enabled=true; uam_enabled=true,keep,smb_enabled=true; uam_enabled=true,SMB and UAM are appropriately enabled for glucose management.
real_llama4maverick_50,run_013,aaps.core.smb_activation,aaps,True,smb_always_enabled=true; smb_with_cob_enabled=false; smb_after_carbs_enabled=false; smb_with_temp_target_enabled=true; smb_with_high_temp_target_enabled=false,keep,smb_always_enabled=true; smb_with_cob_enabled=false; smb_after_carbs_enabled=false; smb_with_temp_target_enabled=true; smb_with_high_temp_target_enabled=false,SMB activation conditions are appropriate given the current glucose management strategy.
real_llama4maverick_50,run_013,aaps.core.smb_delivery,aaps,True,smb_interval_minutes=3 min; max_smb_basal_minutes=15 min; max_uam_smb_basal_minutes=20 min,keep,smb_interval_minutes=3 min; max_smb_basal_minutes=15 min; max_uam_smb_basal_minutes=20 min,SMB delivery settings are appropriate for the current configuration.
real_llama4maverick_50,run_013,aaps.core.safety_limits,aaps,True,max_basal_u_per_hour=12 U/h; max_iob_units=25 U,change,max_basal_u_per_hour=12 U/h; max_iob_units=20 U,High max IOB limit poses a risk; reducing it will improve safety.
real_llama4maverick_50,run_013,aaps.core.sensitivity,aaps,True,autosens_enabled=false; dynamic_sensitivity_enabled=true; autosens_raises_target=false; autosens_lowers_target=false; dynamic_isf_adjustment_factor_percent=70 %,keep,autosens_enabled=false; dynamic_sensitivity_enabled=true; autosens_raises_target=false; autosens_lowers_target=false; dynamic_isf_adjustment_factor_percent=70 %,Dynamic ISF is appropriately enabled and configured.
real_llama4maverick_50,run_013,aaps.core.carb_absorption,aaps,True,min_5m_carbimpact=8 mg/dL/5 min; meal_max_absorption_hours=7 h,keep,min_5m_carbimpact=8 mg/dL/5 min; meal_max_absorption_hours=7 h,Carb absorption model settings are appropriate given the absence of meal logging.
real_llama4maverick_50,run_014,profile.basal.00_00,profile,True,0.6 U/h,keep,0.6 U/h,Reasonable basal rate; verify with meal data.
real_llama4maverick_50,run_014,profile.basal.05_00,profile,True,0.7 U/h,keep,0.7 U/h,Reasonable basal rate; verify with meal data.
real_llama4maverick_50,run_014,profile.basal.06_00,profile,True,0.8 U/h,keep,0.8 U/h,Reasonable basal rate; verify with meal data.
real_llama4maverick_50,run_014,profile.basal.10_00,profile,True,0.7 U/h,keep,0.7 U/h,Reasonable basal rate; verify with meal data.
real_llama4maverick_50,run_014,profile.basal.16_00,profile,True,0.5 U/h,keep,0.5 U/h,Reasonable basal rate; verify with meal data.
real_llama4maverick_50,run_014,profile.basal.18_00,profile,True,0.6 U/h,keep,0.6 U/h,Reasonable basal rate; verify with meal data.
real_llama4maverick_50,run_014,profile.basal.19_00,profile,True,0.7 U/h,keep,0.7 U/h,Reasonable basal rate; verify with meal data.
real_llama4maverick_50,run_014,profile.cr.00_00,profile,True,13 g/U,keep,13 g/U,Reasonable CR; verify with meal data.
real_llama4maverick_50,run_014,profile.cr.04_00,profile,True,11.1 g/U,keep,11.1 g/U,Reasonable CR; verify with meal data.
real_llama4maverick_50,run_014,profile.cr.08_00,profile,True,13.2 g/U,keep,13.2 g/U,Reasonable CR; verify with meal data.
real_llama4maverick_50,run_014,profile.cr.16_00,profile,True,10.5 g/U,keep,10.5 g/U,Reasonable CR; verify with meal data.
real_llama4maverick_50,run_014,profile.cr.20_00,profile,True,12.6 g/U,keep,12.6 g/U,Reasonable CR; verify with meal data.
real_llama4maverick_50,run_014,profile.dia,profile,True,10 h,keep,10 h,Reasonable DIA; verify with meal data.
real_llama4maverick_50,run_014,profile.isf.00_00,profile,True,56 mg/dL/U,keep,56 mg/dL/U,Reasonable ISF; verify with correction bolus responses.
real_llama4maverick_50,run_014,profile.target.00_00,profile,True,90 mg/dL,keep,90 mg/dL,Reasonable target; verify with glucose patterns.
real_llama4maverick_50,run_014,profile.target.08_00,profile,True,100 mg/dL,keep,100 mg/dL,Reasonable target; verify with glucose patterns.
real_llama4maverick_50,run_014,profile.target.23_00,profile,True,90 mg/dL,keep,90 mg/dL,Reasonable target; verify with glucose patterns.
real_llama4maverick_50,run_014,aaps.core.smb_uam,aaps,True,smb_enabled=true; uam_enabled=true,keep,smb_enabled=true; uam_enabled=true,SMB/UAM is active and useful; keep as is.
real_llama4maverick_50,run_014,aaps.core.smb_activation,aaps,True,smb_always_enabled=true; smb_with_cob_enabled=false; smb_after_carbs_enabled=false; smb_with_temp_target_enabled=true; smb_with_high_temp_target_enabled=false,keep,smb_always_enabled=true; smb_with_cob_enabled=false; smb_after_carbs_enabled=false; smb_with_temp_target_enabled=true; smb_with_high_temp_target_enabled=false,Reasonable SMB activation conditions; keep as is.
real_llama4maverick_50,run_014,aaps.core.smb_delivery,aaps,True,smb_interval_minutes=3 min; max_smb_basal_minutes=15 min; max_uam_smb_basal_minutes=20 min,keep,smb_interval_minutes=3 min; max_smb_basal_minutes=15 min; max_uam_smb_basal_minutes=20 min,Reasonable SMB delivery settings; keep as is.
real_llama4maverick_50,run_014,aaps.core.safety_limits,aaps,True,max_basal_u_per_hour=12 U/h; max_iob_units=25 U,change,"{""max_basal_u_per_hour"": 6, ""max_iob_units"": 10}",High limits pose a risk; reduce to safer values.
real_llama4maverick_50,run_014,aaps.core.sensitivity,aaps,True,autosens_enabled=false; dynamic_sensitivity_enabled=true; autosens_raises_target=false; autosens_lowers_target=false; dynamic_isf_adjustment_factor_percent=70 %,keep,autosens_enabled=false; dynamic_sensitivity_enabled=true; autosens_raises_target=false; autosens_lowers_target=false; dynamic_isf_adjustment_factor_percent=70 %,Dynamic ISF is enabled and reasonable; keep as is.
real_llama4maverick_50,run_014,aaps.core.carb_absorption,aaps,True,min_5m_carbimpact=8 mg/dL/5 min; meal_max_absorption_hours=7 h,keep,min_5m_carbimpact=8 mg/dL/5 min; meal_max_absorption_hours=7 h,Reasonable carb absorption settings; keep as is.
real_llama4maverick_50,run_015,profile.basal.00_00,profile,True,0.6 U/h,keep,0.6 U/h,No strong evidence to change basal rate.
real_llama4maverick_50,run_015,profile.basal.05_00,profile,True,0.7 U/h,keep,0.7 U/h,No strong evidence to change basal rate.
real_llama4maverick_50,run_015,profile.basal.06_00,profile,True,0.8 U/h,keep,0.8 U/h,No strong evidence to change basal rate.
real_llama4maverick_50,run_015,profile.basal.10_00,profile,True,0.7 U/h,keep,0.7 U/h,No strong evidence to change basal rate.
real_llama4maverick_50,run_015,profile.basal.16_00,profile,True,0.5 U/h,keep,0.5 U/h,No strong evidence to change basal rate.
real_llama4maverick_50,run_015,profile.basal.18_00,profile,True,0.6 U/h,keep,0.6 U/h,No strong evidence to change basal rate.
real_llama4maverick_50,run_015,profile.basal.19_00,profile,True,0.7 U/h,keep,0.7 U/h,No strong evidence to change basal rate.
real_llama4maverick_50,run_015,profile.cr.00_00,profile,True,13 g/U,keep,13 g/U,No meal data to assess CR effectiveness.
real_llama4maverick_50,run_015,profile.cr.04_00,profile,True,11.1 g/U,keep,11.1 g/U,No meal data to assess CR effectiveness.
real_llama4maverick_50,run_015,profile.cr.08_00,profile,True,13.2 g/U,keep,13.2 g/U,No meal data to assess CR effectiveness.
real_llama4maverick_50,run_015,profile.cr.16_00,profile,True,10.5 g/U,keep,10.5 g/U,No meal data to assess CR effectiveness.
real_llama4maverick_50,run_015,profile.cr.20_00,profile,True,12.6 g/U,keep,12.6 g/U,No meal data to assess CR effectiveness.
real_llama4maverick_50,run_015,profile.dia,profile,True,10 h,keep,10 h,No strong evidence to change DIA.
real_llama4maverick_50,run_015,profile.isf.00_00,profile,True,56 mg/dL/U,keep,56 mg/dL/U,No strong evidence to change ISF.
real_llama4maverick_50,run_015,profile.target.00_00,profile,True,90 mg/dL,keep,90 mg/dL,Targets appear generally appropriate.
real_llama4maverick_50,run_015,profile.target.08_00,profile,True,100 mg/dL,keep,100 mg/dL,Targets appear generally appropriate.
real_llama4maverick_50,run_015,profile.target.23_00,profile,True,90 mg/dL,keep,90 mg/dL,Targets appear generally appropriate.
real_llama4maverick_50,run_015,aaps.core.smb_uam,aaps,True,smb_enabled=true; uam_enabled=true,keep,smb_enabled=true; uam_enabled=true,SMB/UAM settings are generally appropriate.
real_llama4maverick_50,run_015,aaps.core.smb_activation,aaps,True,smb_always_enabled=true; smb_with_cob_enabled=false; smb_after_carbs_enabled=false; smb_with_temp_target_enabled=true; smb_with_high_temp_target_enabled=false,keep,smb_always_enabled=true; smb_with_cob_enabled=false; smb_after_carbs_enabled=false; smb_with_temp_target_enabled=true; smb_with_high_temp_target_enabled=false,SMB activation conditions are generally appropriate.
real_llama4maverick_50,run_015,aaps.core.smb_delivery,aaps,True,smb_interval_minutes=3 min; max_smb_basal_minutes=15 min; max_uam_smb_basal_minutes=20 min,keep,smb_interval_minutes=3 min; max_smb_basal_minutes=15 min; max_uam_smb_basal_minutes=20 min,SMB delivery settings are generally appropriate.
real_llama4maverick_50,run_015,aaps.core.safety_limits,aaps,True,max_basal_u_per_hour=12 U/h; max_iob_units=25 U,change,max_basal_u_per_hour=12 U/h; max_iob_units=15 U,High max IOB poses a risk of excessive insulin dosing.
real_llama4maverick_50,run_015,aaps.core.sensitivity,aaps,True,autosens_enabled=false; dynamic_sensitivity_enabled=true; autosens_raises_target=false; autosens_lowers_target=false; dynamic_isf_adjustment_factor_percent=70 %,keep,autosens_enabled=false; dynamic_sensitivity_enabled=true; autosens_raises_target=false; autosens_lowers_target=false; dynamic_isf_adjustment_factor_percent=70 %,Dynamic ISF is enabled and generally appropriate.
real_llama4maverick_50,run_015,aaps.core.carb_absorption,aaps,True,min_5m_carbimpact=8 mg/dL/5 min; meal_max_absorption_hours=7 h,keep,min_5m_carbimpact=8 mg/dL/5 min; meal_max_absorption_hours=7 h,No meal data to assess carb absorption model.
real_llama4maverick_50,run_016,profile.basal.00_00,profile,True,0.6 U/h,change,0.65 U/h,"Glucose patterns, evidence from basal_targets stage"
real_llama4maverick_50,run_016,profile.basal.05_00,profile,True,0.7 U/h,keep,0.7 U/h,No strong evidence for change
real_llama4maverick_50,run_016,profile.basal.06_00,profile,True,0.8 U/h,keep,0.8 U/h,No strong evidence for change
real_llama4maverick_50,run_016,profile.basal.10_00,profile,True,0.7 U/h,keep,0.7 U/h,No strong evidence for change
real_llama4maverick_50,run_016,profile.basal.16_00,profile,True,0.5 U/h,keep,0.5 U/h,No strong evidence for change
real_llama4maverick_50,run_016,profile.basal.18_00,profile,True,0.6 U/h,keep,0.6 U/h,No strong evidence for change
real_llama4maverick_50,run_016,profile.basal.19_00,profile,True,0.7 U/h,keep,0.7 U/h,No strong evidence for change
real_llama4maverick_50,run_016,profile.cr.00_00,profile,True,13 g/U,keep,13 g/U,No strong evidence for change
real_llama4maverick_50,run_016,profile.cr.04_00,profile,True,11.1 g/U,keep,11.1 g/U,No strong evidence for change
real_llama4maverick_50,run_016,profile.cr.08_00,profile,True,13.2 g/U,keep,13.2 g/U,No strong evidence for change
real_llama4maverick_50,run_016,profile.cr.16_00,profile,True,10.5 g/U,keep,10.5 g/U,No strong evidence for change
real_llama4maverick_50,run_016,profile.cr.20_00,profile,True,12.6 g/U,keep,12.6 g/U,No strong evidence for change
real_llama4maverick_50,run_016,profile.isf.00_00,profile,True,56 mg/dL/U,keep,56 mg/dL/U,No strong evidence for change
real_llama4maverick_50,run_016,profile.target.00_00,profile,True,90 mg/dL,keep,90 mg/dL,No strong evidence for change
real_llama4maverick_50,run_016,profile.target.08_00,profile,True,100 mg/dL,keep,100 mg/dL,No strong evidence for change
real_llama4maverick_50,run_016,profile.target.23_00,profile,True,90 mg/dL,keep,90 mg/dL,No strong evidence for change
real_llama4maverick_50,run_016,profile.dia,profile,True,10 h,keep,10 h,No strong evidence for change
real_llama4maverick_50,run_016,aaps.core.smb_uam,aaps,True,smb_enabled=true; uam_enabled=true,keep,smb_enabled=true; uam_enabled=true,Settings are appropriate
real_llama4maverick_50,run_016,aaps.core.smb_activation,aaps,True,smb_always_enabled=true; smb_with_cob_enabled=false; smb_after_carbs_enabled=false; smb_with_temp_target_enabled=true; smb_with_high_temp_target_enabled=false,keep,smb_always_enabled=true; smb_with_cob_enabled=false; smb_after_carbs_enabled=false; smb_with_temp_target_enabled=true; smb_with_high_temp_target_enabled=false,Settings are appropriate
real_llama4maverick_50,run_016,aaps.core.smb_delivery,aaps,True,smb_interval_minutes=3 min; max_smb_basal_minutes=15 min; max_uam_smb_basal_minutes=20 min,keep,smb_interval_minutes=3 min; max_smb_basal_minutes=15 min; max_uam_smb_basal_minutes=20 min,Settings are appropriate
real_llama4maverick_50,run_016,aaps.core.safety_limits,aaps,True,max_basal_u_per_hour=12 U/h; max_iob_units=25 U,keep,max_basal_u_per_hour=12 U/h; max_iob_units=25 U,Settings are generally appropriate but high max IOB
real_llama4maverick_50,run_016,aaps.core.sensitivity,aaps,True,autosens_enabled=false; dynamic_sensitivity_enabled=true; autosens_raises_target=false; autosens_lowers_target=false; dynamic_isf_adjustment_factor_percent=70 %,keep,autosens_enabled=false; dynamic_sensitivity_enabled=true; autosens_raises_target=false; autosens_lowers_target=false; dynamic_isf_adjustment_factor_percent=70 %,Settings are appropriate
real_llama4maverick_50,run_016,aaps.core.carb_absorption,aaps,True,min_5m_carbimpact=8 mg/dL/5 min; meal_max_absorption_hours=7 h,keep,min_5m_carbimpact=8 mg/dL/5 min; meal_max_absorption_hours=7 h,Settings are appropriate
real_llama4maverick_50,run_017,profile.basal.00_00,profile,True,0.6 U/h,change,0.65 U/h,"Evidence from glucose patterns, uncertainty due to limited meal data, dependencies on basal_targets and safety_overview."
real_llama4maverick_50,run_017,profile.basal.05_00,profile,True,0.7 U/h,keep,0.7 U/h,"No strong evidence to change, dependencies on basal_targets."
real_llama4maverick_50,run_017,profile.basal.06_00,profile,True,0.8 U/h,keep,0.8 U/h,"No strong evidence to change, dependencies on basal_targets."
real_llama4maverick_50,run_017,profile.basal.10_00,profile,True,0.7 U/h,keep,0.7 U/h,"No strong evidence to change, dependencies on basal_targets."
real_llama4maverick_50,run_017,profile.basal.16_00,profile,True,0.5 U/h,keep,0.5 U/h,"No strong evidence to change, dependencies on basal_targets."
real_llama4maverick_50,run_017,profile.basal.18_00,profile,True,0.6 U/h,keep,0.6 U/h,"No strong evidence to change, dependencies on basal_targets."
real_llama4maverick_50,run_017,profile.basal.19_00,profile,True,0.7 U/h,keep,0.7 U/h,"No strong evidence to change, dependencies on basal_targets."
real_llama4maverick_50,run_017,profile.cr.00_00,profile,True,13 g/U,keep,13 g/U,"No strong evidence to change, dependencies on profile_cr_isf_dia."
real_llama4maverick_50,run_017,profile.cr.04_00,profile,True,11.1 g/U,keep,11.1 g/U,"No strong evidence to change, dependencies on profile_cr_isf_dia."
real_llama4maverick_50,run_017,profile.cr.08_00,profile,True,13.2 g/U,keep,13.2 g/U,"No strong evidence to change, dependencies on profile_cr_isf_dia."
real_llama4maverick_50,run_017,profile.cr.16_00,profile,True,10.5 g/U,keep,10.5 g/U,"No strong evidence to change, dependencies on profile_cr_isf_dia."
real_llama4maverick_50,run_017,profile.cr.20_00,profile,True,12.6 g/U,keep,12.6 g/U,"No strong evidence to change, dependencies on profile_cr_isf_dia."
real_llama4maverick_50,run_017,profile.isf.00_00,profile,True,56 mg/dL/U,keep,56 mg/dL/U,"No strong evidence to change, dependencies on profile_cr_isf_dia."
real_llama4maverick_50,run_017,profile.target.00_00,profile,True,90 mg/dL,keep,90 mg/dL,"No strong evidence to change, dependencies on basal_targets."
real_llama4maverick_50,run_017,profile.target.08_00,profile,True,100 mg/dL,keep,100 mg/dL,"No strong evidence to change, dependencies on basal_targets."
real_llama4maverick_50,run_017,profile.target.23_00,profile,True,90 mg/dL,keep,90 mg/dL,"No strong evidence to change, dependencies on basal_targets."
real_llama4maverick_50,run_017,profile.dia,profile,True,10 h,keep,10 h,"No strong evidence to change, dependencies on profile_cr_isf_dia."
real_llama4maverick_50,run_017,aaps.core.smb_uam,aaps,True,smb_enabled=true; uam_enabled=true,keep,smb_enabled=true; uam_enabled=true,"SMB/UAM is active and generally appropriate, dependencies on automation_smb_uam."
real_llama4maverick_50,run_017,aaps.core.smb_activation,aaps,True,smb_always_enabled=true; smb_with_cob_enabled=false; smb_after_carbs_enabled=false; smb_with_temp_target_enabled=true; smb_with_high_temp_target_enabled=false,keep,smb_always_enabled=true; smb_with_cob_enabled=false; smb_after_carbs_enabled=false; smb_with_temp_target_enabled=true; smb_with_high_temp_target_enabled=false,"SMB activation conditions are generally appropriate, dependencies on automation_smb_uam."
real_llama4maverick_50,run_017,aaps.core.smb_delivery,aaps,True,smb_interval_minutes=3 min; max_smb_basal_minutes=15 min; max_uam_smb_basal_minutes=20 min,keep,smb_interval_minutes=3 min; max_smb_basal_minutes=15 min; max_uam_smb_basal_minutes=20 min,"SMB delivery settings are generally appropriate, dependencies on automation_smb_uam."
real_llama4maverick_50,run_017,aaps.core.safety_limits,aaps,True,max_basal_u_per_hour=12 U/h; max_iob_units=25 U,keep,max_basal_u_per_hour=12 U/h; max_iob_units=25 U,"Max basal and max IOB limits are set high but generally safe, dependencies on automation_sensitivity_limits."
real_llama4maverick_50,run_017,aaps.core.sensitivity,aaps,True,autosens_enabled=false; dynamic_sensitivity_enabled=true; autosens_raises_target=false; autosens_lowers_target=false; dynamic_isf_adjustment_factor_percent=70 %,keep,autosens_enabled=false; dynamic_sensitivity_enabled=true; autosens_raises_target=false; autosens_lowers_target=false; dynamic_isf_adjustment_factor_percent=70 %,"Dynamic ISF is enabled and generally appropriate, dependencies on automation_sensitivity_limits."
real_llama4maverick_50,run_017,aaps.core.carb_absorption,aaps,True,min_5m_carbimpact=8 mg/dL/5 min; meal_max_absorption_hours=7 h,keep,min_5m_carbimpact=8 mg/dL/5 min; meal_max_absorption_hours=7 h,"Carb absorption model settings are generally appropriate, dependencies on meal_ecarbs_absorption."
real_llama4maverick_50,run_018,profile.basal.00_00,profile,True,0.6 U/h,keep,0.6 U/h,"Basal rate seems appropriate. Evidence: Basal rate settings and glucose patterns. Uncertainty: Medium. Dependencies: data_quality, safety_overview."
real_llama4maverick_50,run_018,profile.basal.05_00,profile,True,0.7 U/h,keep,0.7 U/h,Basal rate seems appropriate. Evidence: Basal rate settings. Uncertainty: Low. Dependencies: basal_targets.
real_llama4maverick_50,run_018,profile.basal.06_00,profile,True,0.8 U/h,keep,0.8 U/h,Basal rate seems appropriate. Evidence: Basal rate settings. Uncertainty: Low. Dependencies: basal_targets.
real_llama4maverick_50,run_018,profile.basal.10_00,profile,True,0.7 U/h,keep,0.7 U/h,Basal rate seems appropriate. Evidence: Basal rate settings. Uncertainty: Low. Dependencies: basal_targets.
real_llama4maverick_50,run_018,profile.basal.16_00,profile,True,0.5 U/h,keep,0.5 U/h,Basal rate seems appropriate. Evidence: Basal rate settings. Uncertainty: Low. Dependencies: basal_targets.
real_llama4maverick_50,run_018,profile.basal.18_00,profile,True,0.6 U/h,keep,0.6 U/h,Basal rate seems appropriate. Evidence: Basal rate settings. Uncertainty: Low. Dependencies: basal_targets.
real_llama4maverick_50,run_018,profile.basal.19_00,profile,True,0.7 U/h,keep,0.7 U/h,Basal rate seems appropriate. Evidence: Basal rate settings. Uncertainty: Low. Dependencies: basal_targets.
real_llama4maverick_50,run_018,profile.cr.00_00,profile,True,13 g/U,keep,13 g/U,CR seems appropriate. Evidence: CR settings. Uncertainty: Low. Dependencies: profile_cr_isf_dia.
real_llama4maverick_50,run_018,profile.cr.04_00,profile,True,11.1 g/U,keep,11.1 g/U,CR seems appropriate. Evidence: CR settings. Uncertainty: Low. Dependencies: profile_cr_isf_dia.
real_llama4maverick_50,run_018,profile.cr.08_00,profile,True,13.2 g/U,keep,13.2 g/U,CR seems appropriate. Evidence: CR settings. Uncertainty: Low. Dependencies: profile_cr_isf_dia.
real_llama4maverick_50,run_018,profile.cr.16_00,profile,True,10.5 g/U,keep,10.5 g/U,CR seems appropriate. Evidence: CR settings. Uncertainty: Low. Dependencies: profile_cr_isf_dia.
real_llama4maverick_50,run_018,profile.cr.20_00,profile,True,12.6 g/U,keep,12.6 g/U,CR seems appropriate. Evidence: CR settings. Uncertainty: Low. Dependencies: profile_cr_isf_dia.
real_llama4maverick_50,run_018,profile.isf.00_00,profile,True,56 mg/dL/U,keep,56 mg/dL/U,ISF seems appropriate. Evidence: ISF settings. Uncertainty: Low. Dependencies: profile_cr_isf_dia.
real_llama4maverick_50,run_018,profile.target.00_00,profile,True,90 mg/dL,keep,90 mg/dL,Target seems appropriate. Evidence: Target settings. Uncertainty: Low. Dependencies: basal_targets.
real_llama4maverick_50,run_018,profile.target.08_00,profile,True,100 mg/dL,keep,100 mg/dL,Target seems appropriate. Evidence: Target settings. Uncertainty: Low. Dependencies: basal_targets.
real_llama4maverick_50,run_018,profile.target.23_00,profile,True,90 mg/dL,keep,90 mg/dL,Target seems appropriate. Evidence: Target settings. Uncertainty: Low. Dependencies: basal_targets.
real_llama4maverick_50,run_018,profile.dia,profile,True,10 h,keep,10 h,DIA seems appropriate. Evidence: DIA setting. Uncertainty: Low. Dependencies: profile_cr_isf_dia.
real_llama4maverick_50,run_018,aaps.core.smb_uam,aaps,True,smb_enabled=true; uam_enabled=true,keep,smb_enabled=true; uam_enabled=true,"SMB/UAM is enabled and being used. Evidence: SMB/UAM settings. Uncertainty: Low. Dependencies: safety_overview, basal_targets, profile_cr_isf_dia."
real_llama4maverick_50,run_018,aaps.core.smb_activation,aaps,True,smb_always_enabled=true; smb_with_cob_enabled=false; smb_after_carbs_enabled=false; smb_with_temp_target_enabled=true; smb_with_high_temp_target_enabled=false,keep,smb_always_enabled=true; smb_with_cob_enabled=false; smb_after_carbs_enabled=false; smb_with_temp_target_enabled=true; smb_with_high_temp_target_enabled=false,SMB activation conditions seem appropriate. Evidence: SMB activation settings. Uncertainty: Low. Dependencies: automation_smb_uam.
real_llama4maverick_50,run_018,aaps.core.smb_delivery,aaps,True,smb_interval_minutes=3 min; max_smb_basal_minutes=15 min; max_uam_smb_basal_minutes=20 min,keep,smb_interval_minutes=3 min; max_smb_basal_minutes=15 min; max_uam_smb_basal_minutes=20 min,SMB delivery settings seem appropriate. Evidence: SMB delivery settings. Uncertainty: Low. Dependencies: automation_smb_uam.
real_llama4maverick_50,run_018,aaps.core.safety_limits,aaps,True,max_basal_u_per_hour=12 U/h; max_iob_units=25 U,change,max_basal_u_per_hour=12 U/h; max_iob_units=15 U,"High max IOB could be risky. Evidence: Max IOB setting and glucose patterns. Uncertainty: Medium. Dependencies: safety_overview, automation_smb_uam."
real_llama4maverick_50,run_018,aaps.core.sensitivity,aaps,True,autosens_enabled=false; dynamic_sensitivity_enabled=true; autosens_raises_target=false; autosens_lowers_target=false; dynamic_isf_adjustment_factor_percent=70 %,keep,autosens_enabled=false; dynamic_sensitivity_enabled=true; autosens_raises_target=false; autosens_lowers_target=false; dynamic_isf_adjustment_factor_percent=70 %,Dynamic ISF is enabled and seems appropriate. Evidence: Dynamic ISF settings. Uncertainty: Medium. Dependencies: automation_sensitivity_limits.
real_llama4maverick_50,run_018,aaps.core.carb_absorption,aaps,True,min_5m_carbimpact=8 mg/dL/5 min; meal_max_absorption_hours=7 h,keep,min_5m_carbimpact=8 mg/dL/5 min; meal_max_absorption_hours=7 h,Carb absorption settings seem appropriate. Evidence: Carb absorption settings. Uncertainty: Low. Dependencies: meal_ecarbs_absorption.
real_llama4maverick_50,run_019,profile.basal.00_00,profile,True,0.6 U/h,change,0.65 U/h,Evidence from glucose patterns; uncertainty in current basal rate effectiveness; depends on data quality and safety overview.
real_llama4maverick_50,run_019,profile.basal.05_00,profile,True,0.7 U/h,keep,0.7 U/h,No strong evidence to change; depends on basal_targets.
real_llama4maverick_50,run_019,profile.basal.06_00,profile,True,0.8 U/h,keep,0.8 U/h,No strong evidence to change; depends on basal_targets.
real_llama4maverick_50,run_019,profile.basal.10_00,profile,True,0.7 U/h,keep,0.7 U/h,No strong evidence to change; depends on basal_targets.
real_llama4maverick_50,run_019,profile.basal.16_00,profile,True,0.5 U/h,keep,0.5 U/h,No strong evidence to change; depends on basal_targets.
real_llama4maverick_50,run_019,profile.basal.18_00,profile,True,0.6 U/h,keep,0.6 U/h,No strong evidence to change; depends on basal_targets.
real_llama4maverick_50,run_019,profile.basal.19_00,profile,True,0.7 U/h,keep,0.7 U/h,No strong evidence to change; depends on basal_targets.
real_llama4maverick_50,run_019,profile.cr.00_00,profile,True,13 g/U,keep,13 g/U,No strong evidence to change; depends on profile_cr_isf_dia.
real_llama4maverick_50,run_019,profile.cr.04_00,profile,True,11.1 g/U,keep,11.1 g/U,No strong evidence to change; depends on profile_cr_isf_dia.
real_llama4maverick_50,run_019,profile.cr.08_00,profile,True,13.2 g/U,keep,13.2 g/U,No strong evidence to change; depends on profile_cr_isf_dia.
real_llama4maverick_50,run_019,profile.cr.16_00,profile,True,10.5 g/U,keep,10.5 g/U,No strong evidence to change; depends on profile_cr_isf_dia.
real_llama4maverick_50,run_019,profile.cr.20_00,profile,True,12.6 g/U,keep,12.6 g/U,No strong evidence to change; depends on profile_cr_isf_dia.
real_llama4maverick_50,run_019,profile.isf.00_00,profile,True,56 mg/dL/U,keep,56 mg/dL/U,No strong evidence to change; depends on profile_cr_isf_dia.
real_llama4maverick_50,run_019,profile.target.00_00,profile,True,90 mg/dL,keep,90 mg/dL,No strong evidence to change; depends on basal_targets.
real_llama4maverick_50,run_019,profile.target.08_00,profile,True,100 mg/dL,keep,100 mg/dL,No strong evidence to change; depends on basal_targets.
real_llama4maverick_50,run_019,profile.target.23_00,profile,True,90 mg/dL,keep,90 mg/dL,No strong evidence to change; depends on basal_targets.
real_llama4maverick_50,run_019,profile.dia,profile,True,10 h,keep,10 h,No strong evidence to change; depends on profile_cr_isf_dia.
real_llama4maverick_50,run_019,aaps.core.smb_uam,aaps,True,smb_enabled=true; uam_enabled=true,keep,smb_enabled=true; uam_enabled=true,SMB and UAM are appropriately enabled; no change suggested.
real_llama4maverick_50,run_019,aaps.core.smb_activation,aaps,True,smb_always_enabled=true; smb_with_cob_enabled=false; smb_after_carbs_enabled=false; smb_with_temp_target_enabled=true; smb_with_high_temp_target_enabled=false,keep,smb_always_enabled=true; smb_with_cob_enabled=false; smb_after_carbs_enabled=false; smb_with_temp_target_enabled=true; smb_with_high_temp_target_enabled=false,SMB activation conditions are appropriately set; no change suggested.
real_llama4maverick_50,run_019,aaps.core.smb_delivery,aaps,True,smb_interval_minutes=3 min; max_smb_basal_minutes=15 min; max_uam_smb_basal_minutes=20 min,keep,smb_interval_minutes=3 min; max_smb_basal_minutes=15 min; max_uam_smb_basal_minutes=20 min,SMB delivery settings are appropriately set; no change suggested.
real_llama4maverick_50,run_019,aaps.core.safety_limits,aaps,True,max_basal_u_per_hour=12 U/h; max_iob_units=25 U,keep,max_basal_u_per_hour=12 U/h; max_iob_units=25 U,Max basal and IOB limits are set high; consider verifying if ever reached.
real_llama4maverick_50,run_019,aaps.core.sensitivity,aaps,True,autosens_enabled=false; dynamic_sensitivity_enabled=true; autosens_raises_target=false; autosens_lowers_target=false; dynamic_isf_adjustment_factor_percent=70 %,keep,autosens_enabled=false; dynamic_sensitivity_enabled=true; autosens_raises_target=false; autosens_lowers_target=false; dynamic_isf_adjustment_factor_percent=70 %,Dynamic ISF is enabled and appropriately set; no change suggested.
real_llama4maverick_50,run_019,aaps.core.carb_absorption,aaps,True,min_5m_carbimpact=8 mg/dL/5 min; meal_max_absorption_hours=7 h,keep,min_5m_carbimpact=8 mg/dL/5 min; meal_max_absorption_hours=7 h,Carb absorption model settings are appropriately set; no change suggested.
real_llama4maverick_50,run_020,profile.basal.00_00,profile,True,0.6 U/h,keep,0.6 U/h,Basal rate is generally appropriate.
real_llama4maverick_50,run_020,profile.basal.05_00,profile,True,0.7 U/h,keep,0.7 U/h,Basal rate is generally appropriate.
real_llama4maverick_50,run_020,profile.basal.06_00,profile,True,0.8 U/h,keep,0.8 U/h,Basal rate is generally appropriate.
real_llama4maverick_50,run_020,profile.basal.10_00,profile,True,0.7 U/h,keep,0.7 U/h,Basal rate is generally appropriate.
real_llama4maverick_50,run_020,profile.basal.16_00,profile,True,0.5 U/h,keep,0.5 U/h,Basal rate is generally appropriate.
real_llama4maverick_50,run_020,profile.basal.18_00,profile,True,0.6 U/h,keep,0.6 U/h,Basal rate is generally appropriate.
real_llama4maverick_50,run_020,profile.basal.19_00,profile,True,0.7 U/h,keep,0.7 U/h,Basal rate is generally appropriate.
real_llama4maverick_50,run_020,profile.cr.00_00,profile,True,13 g/U,keep,13 g/U,CR is generally appropriate.
real_llama4maverick_50,run_020,profile.cr.04_00,profile,True,11.1 g/U,keep,11.1 g/U,CR is generally appropriate.
real_llama4maverick_50,run_020,profile.cr.08_00,profile,True,13.2 g/U,keep,13.2 g/U,CR is generally appropriate.
real_llama4maverick_50,run_020,profile.cr.16_00,profile,True,10.5 g/U,keep,10.5 g/U,CR is generally appropriate.
real_llama4maverick_50,run_020,profile.cr.20_00,profile,True,12.6 g/U,keep,12.6 g/U,CR is generally appropriate.
real_llama4maverick_50,run_020,profile.dia,profile,True,10 h,keep,10 h,DIA is generally appropriate.
real_llama4maverick_50,run_020,profile.isf.00_00,profile,True,56 mg/dL/U,change,50 mg/dL/U,Frequent high glucose events.
real_llama4maverick_50,run_020,profile.target.00_00,profile,True,90 mg/dL,keep,90 mg/dL,Target is generally appropriate.
real_llama4maverick_50,run_020,profile.target.08_00,profile,True,100 mg/dL,keep,100 mg/dL,Target is generally appropriate.
real_llama4maverick_50,run_020,profile.target.23_00,profile,True,90 mg/dL,keep,90 mg/dL,Target is generally appropriate.
real_llama4maverick_50,run_020,aaps.core.carb_absorption,aaps,True,min_5m_carbimpact=8 mg/dL/5 min; meal_max_absorption_hours=7 h,keep,min_5m_carbimpact=8 mg/dL/5 min; meal_max_absorption_hours=7 h,Carb absorption model is generally appropriate.
real_llama4maverick_50,run_020,aaps.core.safety_limits,aaps,True,max_basal_u_per_hour=12 U/h; max_iob_units=25 U,keep,max_basal_u_per_hour=12 U/h; max_iob_units=25 U,Safety limits are generally appropriate.
real_llama4maverick_50,run_020,aaps.core.sensitivity,aaps,True,autosens_enabled=false; dynamic_sensitivity_enabled=true; autosens_raises_target=false; autosens_lowers_target=false; dynamic_isf_adjustment_factor_percent=70 %,keep,autosens_enabled=false; dynamic_sensitivity_enabled=true; autosens_raises_target=false; autosens_lowers_target=false; dynamic_isf_adjustment_factor_percent=70 %,Autosens and Dynamic ISF settings are generally appropriate.
real_llama4maverick_50,run_020,aaps.core.smb_activation,aaps,True,smb_always_enabled=true; smb_with_cob_enabled=false; smb_after_carbs_enabled=false; smb_with_temp_target_enabled=true; smb_with_high_temp_target_enabled=false,keep,smb_always_enabled=true; smb_with_cob_enabled=false; smb_after_carbs_enabled=false; smb_with_temp_target_enabled=true; smb_with_high_temp_target_enabled=false,SMB activation conditions are generally appropriate.
real_llama4maverick_50,run_020,aaps.core.smb_delivery,aaps,True,smb_interval_minutes=3 min; max_smb_basal_minutes=15 min; max_uam_smb_basal_minutes=20 min,keep,smb_interval_minutes=3 min; max_smb_basal_minutes=15 min; max_uam_smb_basal_minutes=20 min,SMB delivery settings are generally appropriate.
real_llama4maverick_50,run_020,aaps.core.smb_uam,aaps,True,smb_enabled=true; uam_enabled=true,keep,smb_enabled=true; uam_enabled=true,SMB/UAM is effective for glucose management.
real_llama4maverick_50,run_021,profile.basal.00_00,profile,True,0.6 U/h,keep,0.6 U/h,Basal rate seems appropriate based on available data.
real_llama4maverick_50,run_021,profile.basal.05_00,profile,True,0.7 U/h,keep,0.7 U/h,Basal rate is set and no strong evidence to change it.
real_llama4maverick_50,run_021,profile.basal.06_00,profile,True,0.8 U/h,keep,0.8 U/h,Basal rate is set and no strong evidence to change it.
real_llama4maverick_50,run_021,profile.basal.10_00,profile,True,0.7 U/h,keep,0.7 U/h,Basal rate is set and no strong evidence to change it.
real_llama4maverick_50,run_021,profile.basal.16_00,profile,True,0.5 U/h,keep,0.5 U/h,Basal rate is set and no strong evidence to change it.
real_llama4maverick_50,run_021,profile.basal.18_00,profile,True,0.6 U/h,keep,0.6 U/h,Basal rate is set and no strong evidence to change it.
real_llama4maverick_50,run_021,profile.basal.19_00,profile,True,0.7 U/h,keep,0.7 U/h,Basal rate is set and no strong evidence to change it.
real_llama4maverick_50,run_021,profile.cr.00_00,profile,True,13 g/U,keep,13 g/U,CR is set and no strong evidence to change it.
real_llama4maverick_50,run_021,profile.cr.04_00,profile,True,11.1 g/U,keep,11.1 g/U,CR is set and no strong evidence to change it.
real_llama4maverick_50,run_021,profile.cr.08_00,profile,True,13.2 g/U,keep,13.2 g/U,CR is set and no strong evidence to change it.
real_llama4maverick_50,run_021,profile.cr.16_00,profile,True,10.5 g/U,keep,10.5 g/U,CR is set and no strong evidence to change it.
real_llama4maverick_50,run_021,profile.cr.20_00,profile,True,12.6 g/U,keep,12.6 g/U,CR is set and no strong evidence to change it.
real_llama4maverick_50,run_021,profile.dia,profile,True,10 h,keep,10 h,DIA is set and seems appropriate.
real_llama4maverick_50,run_021,profile.isf.00_00,profile,True,56 mg/dL/U,keep,56 mg/dL/U,ISF seems generally appropriate.
real_llama4maverick_50,run_021,profile.target.00_00,profile,True,90 mg/dL,keep,90 mg/dL,Target is set and seems appropriate.
real_llama4maverick_50,run_021,profile.target.08_00,profile,True,100 mg/dL,keep,100 mg/dL,Target is set and seems appropriate.
real_llama4maverick_50,run_021,profile.target.23_00,profile,True,90 mg/dL,keep,90 mg/dL,Target is set and seems appropriate.
real_llama4maverick_50,run_021,aaps.core.carb_absorption,aaps,True,min_5m_carbimpact=8 mg/dL/5 min; meal_max_absorption_hours=7 h,keep,min_5m_carbimpact=8 mg/dL/5 min; meal_max_absorption_hours=7 h,Carb absorption settings are set and no strong evidence to change them.
real_llama4maverick_50,run_021,aaps.core.sensitivity,aaps,True,autosens_enabled=false; dynamic_sensitivity_enabled=true; autosens_raises_target=false; autosens_lowers_target=false; dynamic_isf_adjustment_factor_percent=70 %,keep,autosens_enabled=false; dynamic_sensitivity_enabled=true; autosens_raises_target=false; autosens_lowers_target=false; dynamic_isf_adjustment_factor_percent=70 %,Sensitivity settings are set and generally appropriate.
real_llama4maverick_50,run_021,aaps.core.smb_activation,aaps,True,smb_always_enabled=true; smb_with_cob_enabled=false; smb_after_carbs_enabled=false; smb_with_temp_target_enabled=true; smb_with_high_temp_target_enabled=false,keep,smb_always_enabled=true; smb_with_cob_enabled=false; smb_after_carbs_enabled=false; smb_with_temp_target_enabled=true; smb_with_high_temp_target_enabled=false,SMB activation conditions are set and generally appropriate.
real_llama4maverick_50,run_021,aaps.core.smb_delivery,aaps,True,smb_interval_minutes=3 min; max_smb_basal_minutes=15 min; max_uam_smb_basal_minutes=20 min,keep,smb_interval_minutes=3 min; max_smb_basal_minutes=15 min; max_uam_smb_basal_minutes=20 min,SMB delivery settings are set and generally appropriate.
real_llama4maverick_50,run_021,aaps.core.smb_uam,aaps,True,smb_enabled=true; uam_enabled=true,keep,smb_enabled=true; uam_enabled=true,SMB and UAM are enabled and generally appropriate.
real_llama4maverick_50,run_021,aaps.core.safety_limits,aaps,True,max_basal_u_per_hour=12 U/h; max_iob_units=25 U,change,"{""max_iob_units"": 15}",High max IOB is a safety concern. Reducing it will mitigate risk.
real_llama4maverick_50,run_022,profile.basal.00_00,profile,True,0.6 U/h,keep,0.6 U/h,Basal rate seems reasonable based on available data.
real_llama4maverick_50,run_022,profile.basal.05_00,profile,True,0.7 U/h,keep,0.7 U/h,Basal rate seems reasonable based on available data.
real_llama4maverick_50,run_022,profile.basal.06_00,profile,True,0.8 U/h,keep,0.8 U/h,Basal rate seems reasonable based on available data.
real_llama4maverick_50,run_022,profile.basal.10_00,profile,True,0.7 U/h,keep,0.7 U/h,Basal rate seems reasonable based on available data.
real_llama4maverick_50,run_022,profile.basal.16_00,profile,True,0.5 U/h,keep,0.5 U/h,Basal rate seems reasonable based on available data.
real_llama4maverick_50,run_022,profile.basal.18_00,profile,True,0.6 U/h,keep,0.6 U/h,Basal rate seems reasonable based on available data.
real_llama4maverick_50,run_022,profile.basal.19_00,profile,True,0.7 U/h,keep,0.7 U/h,Basal rate seems reasonable based on available data.
real_llama4maverick_50,run_022,profile.cr.00_00,profile,True,13 g/U,keep,13 g/U,CR setting seems generally appropriate but needs meal data for confirmation.
real_llama4maverick_50,run_022,profile.cr.04_00,profile,True,11.1 g/U,keep,11.1 g/U,CR setting seems generally appropriate but needs meal data for confirmation.
real_llama4maverick_50,run_022,profile.cr.08_00,profile,True,13.2 g/U,keep,13.2 g/U,CR setting seems generally appropriate but needs meal data for confirmation.
real_llama4maverick_50,run_022,profile.cr.16_00,profile,True,10.5 g/U,keep,10.5 g/U,CR setting seems generally appropriate but needs meal data for confirmation.
real_llama4maverick_50,run_022,profile.cr.20_00,profile,True,12.6 g/U,keep,12.6 g/U,CR setting seems generally appropriate but needs meal data for confirmation.
real_llama4maverick_50,run_022,profile.isf.00_00,profile,True,56 mg/dL/U,keep,56 mg/dL/U,ISF setting seems generally appropriate but needs further review with correction data.
real_llama4maverick_50,run_022,profile.target.00_00,profile,True,90 mg/dL,keep,90 mg/dL,Target seems reasonable based on available data.
real_llama4maverick_50,run_022,profile.target.08_00,profile,True,100 mg/dL,keep,100 mg/dL,Target seems reasonable based on available data.
real_llama4maverick_50,run_022,profile.target.23_00,profile,True,90 mg/dL,keep,90 mg/dL,Target seems reasonable based on available data.
real_llama4maverick_50,run_022,profile.dia,profile,True,10 h,keep,10 h,DIA setting is relatively long but seems to be working.
real_llama4maverick_50,run_022,aaps.core.smb_uam,aaps,True,smb_enabled=true; uam_enabled=true,keep,smb_enabled=true; uam_enabled=true,SMB and UAM settings are generally appropriate for advanced AAPS configuration.
real_llama4maverick_50,run_022,aaps.core.smb_activation,aaps,True,smb_always_enabled=true; smb_with_cob_enabled=false; smb_after_carbs_enabled=false; smb_with_temp_target_enabled=true; smb_with_high_temp_target_enabled=false,keep,smb_always_enabled=true; smb_with_cob_enabled=false; smb_after_carbs_enabled=false; smb_with_temp_target_enabled=true; smb_with_high_temp_target_enabled=false,SMB activation conditions are generally appropriate.
real_llama4maverick_50,run_022,aaps.core.smb_delivery,aaps,True,smb_interval_minutes=3 min; max_smb_basal_minutes=15 min; max_uam_smb_basal_minutes=20 min,keep,smb_interval_minutes=3 min; max_smb_basal_minutes=15 min; max_uam_smb_basal_minutes=20 min,SMB strength and frequency settings are generally appropriate.
real_llama4maverick_50,run_022,aaps.core.safety_limits,aaps,True,max_basal_u_per_hour=12 U/h; max_iob_units=25 U,change,max_iob_units=20 U,High max IOB could potentially lead to excessive insulin dosing.
real_llama4maverick_50,run_022,aaps.core.sensitivity,aaps,True,autosens_enabled=false; dynamic_sensitivity_enabled=true; autosens_raises_target=false; autosens_lowers_target=false; dynamic_isf_adjustment_factor_percent=70 %,keep,autosens_enabled=false; dynamic_sensitivity_enabled=true; autosens_raises_target=false; autosens_lowers_target=false; dynamic_isf_adjustment_factor_percent=70 %,Dynamic ISF is enabled and seems to be working. Autosens is disabled.
real_llama4maverick_50,run_022,aaps.core.carb_absorption,aaps,True,min_5m_carbimpact=8 mg/dL/5 min; meal_max_absorption_hours=7 h,keep,min_5m_carbimpact=8 mg/dL/5 min; meal_max_absorption_hours=7 h,Carb absorption model settings are generally appropriate.
real_llama4maverick_50,run_023,profile.basal.00_00,profile,True,0.6 U/h,keep,0.6 U/h,Basal rate is generally effective; evidence from overnight glucose patterns.
real_llama4maverick_50,run_023,profile.basal.05_00,profile,True,0.7 U/h,keep,0.7 U/h,No strong evidence to change basal rate; keep under observation.
real_llama4maverick_50,run_023,profile.basal.06_00,profile,True,0.8 U/h,keep,0.8 U/h,No strong evidence to change basal rate; keep under observation.
real_llama4maverick_50,run_023,profile.basal.10_00,profile,True,0.7 U/h,keep,0.7 U/h,No strong evidence to change basal rate; keep under observation.
real_llama4maverick_50,run_023,profile.basal.16_00,profile,True,0.5 U/h,keep,0.5 U/h,No strong evidence to change basal rate; keep under observation.
real_llama4maverick_50,run_023,profile.basal.18_00,profile,True,0.6 U/h,keep,0.6 U/h,No strong evidence to change basal rate; keep under observation.
real_llama4maverick_50,run_023,profile.basal.19_00,profile,True,0.7 U/h,keep,0.7 U/h,No strong evidence to change basal rate; keep under observation.
real_llama4maverick_50,run_023,profile.cr.00_00,profile,True,13 g/U,keep,13 g/U,No strong evidence to change CR; keep under observation.
real_llama4maverick_50,run_023,profile.cr.04_00,profile,True,11.1 g/U,keep,11.1 g/U,No strong evidence to change CR; keep under observation.
real_llama4maverick_50,run_023,profile.cr.08_00,profile,True,13.2 g/U,keep,13.2 g/U,No strong evidence to change CR; keep under observation.
real_llama4maverick_50,run_023,profile.cr.16_00,profile,True,10.5 g/U,keep,10.5 g/U,No strong evidence to change CR; keep under observation.
real_llama4maverick_50,run_023,profile.cr.20_00,profile,True,12.6 g/U,keep,12.6 g/U,No strong evidence to change CR; keep under observation.
real_llama4maverick_50,run_023,profile.dia,profile,True,10 h,keep,10 h,DIA is generally appropriate; evidence from insulin action profiles.
real_llama4maverick_50,run_023,profile.isf.00_00,profile,True,56 mg/dL/U,keep,56 mg/dL/U,No strong evidence to change ISF; keep under observation.
real_llama4maverick_50,run_023,profile.target.00_00,profile,True,90 mg/dL,keep,90 mg/dL,Target is generally appropriate; evidence from glucose patterns.
real_llama4maverick_50,run_023,profile.target.08_00,profile,True,100 mg/dL,keep,100 mg/dL,Target is generally appropriate; evidence from glucose patterns.
real_llama4maverick_50,run_023,profile.target.23_00,profile,True,90 mg/dL,keep,90 mg/dL,Target is generally appropriate; evidence from glucose patterns.
real_llama4maverick_50,run_023,aaps.core.carb_absorption,aaps,True,min_5m_carbimpact=8 mg/dL/5 min; meal_max_absorption_hours=7 h,keep,min_5m_carbimpact=8 mg/dL/5 min; meal_max_absorption_hours=7 h,Carb absorption settings are generally appropriate; no strong evidence to change.
real_llama4maverick_50,run_023,aaps.core.sensitivity,aaps,True,autosens_enabled=false; dynamic_sensitivity_enabled=true; autosens_raises_target=false; autosens_lowers_target=false; dynamic_isf_adjustment_factor_percent=70 %,keep,autosens_enabled=false; dynamic_sensitivity_enabled=true; autosens_raises_target=false; autosens_lowers_target=false; dynamic_isf_adjustment_factor_percent=70 %,Dynamic ISF is enabled and generally effective; no strong evidence to change Autosens settings.
real_llama4maverick_50,run_023,aaps.core.smb_activation,aaps,True,smb_always_enabled=true; smb_with_cob_enabled=false; smb_after_carbs_enabled=false; smb_with_temp_target_enabled=true; smb_with_high_temp_target_enabled=false,keep,smb_always_enabled=true; smb_with_cob_enabled=false; smb_after_carbs_enabled=false; smb_with_temp_target_enabled=true; smb_with_high_temp_target_enabled=false,SMB activation conditions are generally appropriate; no strong evidence to change.
real_llama4maverick_50,run_023,aaps.core.smb_delivery,aaps,True,smb_interval_minutes=3 min; max_smb_basal_minutes=15 min; max_uam_smb_basal_minutes=20 min,keep,smb_interval_minutes=3 min; max_smb_basal_minutes=15 min; max_uam_smb_basal_minutes=20 min,SMB delivery settings are generally appropriate; no strong evidence to change.
real_llama4maverick_50,run_023,aaps.core.smb_uam,aaps,True,smb_enabled=true; uam_enabled=true,keep,smb_enabled=true; uam_enabled=true,SMB and UAM are enabled and generally effective; no strong evidence to change.
real_llama4maverick_50,run_023,aaps.core.safety_limits,aaps,True,max_basal_u_per_hour=12 U/h; max_iob_units=25 U,change,"{""max_iob_units"": 15}",High max IOB poses a risk of excessive insulin dosing; evidence from glucose variability and IOB data.
real_llama4maverick_50,run_024,profile.basal.00_00,profile,True,0.6 U/h,change,0.65 U/h,Glucose patterns suggest a potential need for adjustment.
real_llama4maverick_50,run_024,profile.basal.05_00,profile,True,0.7 U/h,keep,0.7 U/h,No strong evidence for change.
real_llama4maverick_50,run_024,profile.basal.06_00,profile,True,0.8 U/h,keep,0.8 U/h,No strong evidence for change.
real_llama4maverick_50,run_024,profile.basal.10_00,profile,True,0.7 U/h,keep,0.7 U/h,No strong evidence for change.
real_llama4maverick_50,run_024,profile.basal.16_00,profile,True,0.5 U/h,keep,0.5 U/h,No strong evidence for change.
real_llama4maverick_50,run_024,profile.basal.18_00,profile,True,0.6 U/h,keep,0.6 U/h,No strong evidence for change.
real_llama4maverick_50,run_024,profile.basal.19_00,profile,True,0.7 U/h,keep,0.7 U/h,No strong evidence for change.
real_llama4maverick_50,run_024,profile.cr.00_00,profile,True,13 g/U,keep,13 g/U,No strong evidence for change.
real_llama4maverick_50,run_024,profile.cr.04_00,profile,True,11.1 g/U,keep,11.1 g/U,No strong evidence for change.
real_llama4maverick_50,run_024,profile.cr.08_00,profile,True,13.2 g/U,keep,13.2 g/U,No strong evidence for change.
real_llama4maverick_50,run_024,profile.cr.16_00,profile,True,10.5 g/U,keep,10.5 g/U,No strong evidence for change.
real_llama4maverick_50,run_024,profile.cr.20_00,profile,True,12.6 g/U,keep,12.6 g/U,No strong evidence for change.
real_llama4maverick_50,run_024,profile.dia,profile,True,10 h,keep,10 h,No strong evidence for change.
real_llama4maverick_50,run_024,profile.isf.00_00,profile,True,56 mg/dL/U,keep,56 mg/dL/U,No strong evidence for change.
real_llama4maverick_50,run_024,profile.target.00_00,profile,True,90 mg/dL,keep,90 mg/dL,No strong evidence for change.
real_llama4maverick_50,run_024,profile.target.08_00,profile,True,100 mg/dL,keep,100 mg/dL,No strong evidence for change.
real_llama4maverick_50,run_024,profile.target.23_00,profile,True,90 mg/dL,keep,90 mg/dL,No strong evidence for change.
real_llama4maverick_50,run_024,aaps.core.smb_uam,aaps,True,smb_enabled=true; uam_enabled=true,keep,smb_enabled=true; uam_enabled=true,SMB/UAM settings are generally appropriate.
real_llama4maverick_50,run_024,aaps.core.smb_activation,aaps,True,smb_always_enabled=true; smb_with_cob_enabled=false; smb_after_carbs_enabled=false; smb_with_temp_target_enabled=true; smb_with_high_temp_target_enabled=false,keep,smb_always_enabled=true; smb_with_cob_enabled=false; smb_after_carbs_enabled=false; smb_with_temp_target_enabled=true; smb_with_high_temp_target_enabled=false,SMB activation conditions are generally appropriate.
real_llama4maverick_50,run_024,aaps.core.smb_delivery,aaps,True,smb_interval_minutes=3 min; max_smb_basal_minutes=15 min; max_uam_smb_basal_minutes=20 min,keep,smb_interval_minutes=3 min; max_smb_basal_minutes=15 min; max_uam_smb_basal_minutes=20 min,SMB delivery settings are generally appropriate.
real_llama4maverick_50,run_024,aaps.core.safety_limits,aaps,True,max_basal_u_per_hour=12 U/h; max_iob_units=25 U,keep,max_basal_u_per_hour=12 U/h; max_iob_units=25 U,High max IOB limit; consider adjusting.
real_llama4maverick_50,run_024,aaps.core.sensitivity,aaps,True,autosens_enabled=false; dynamic_sensitivity_enabled=true; autosens_raises_target=false; autosens_lowers_target=false; dynamic_isf_adjustment_factor_percent=70 %,keep,autosens_enabled=false; dynamic_sensitivity_enabled=true; autosens_raises_target=false; autosens_lowers_target=false; dynamic_isf_adjustment_factor_percent=70 %,Dynamic ISF is used; Autosens is disabled.
real_llama4maverick_50,run_024,aaps.core.carb_absorption,aaps,True,min_5m_carbimpact=8 mg/dL/5 min; meal_max_absorption_hours=7 h,keep,min_5m_carbimpact=8 mg/dL/5 min; meal_max_absorption_hours=7 h,Carb absorption settings are generally appropriate.
real_llama4maverick_50,run_025,profile.basal.00_00,profile,True,0.6 U/h,keep,0.6 U/h,Basal rate is generally stable.
real_llama4maverick_50,run_025,profile.basal.05_00,profile,True,0.7 U/h,keep,0.7 U/h,Basal rate is generally stable.
real_llama4maverick_50,run_025,profile.basal.06_00,profile,True,0.8 U/h,keep,0.8 U/h,Basal rate is generally stable.
real_llama4maverick_50,run_025,profile.basal.10_00,profile,True,0.7 U/h,keep,0.7 U/h,Basal rate is generally stable.
real_llama4maverick_50,run_025,profile.basal.16_00,profile,True,0.5 U/h,keep,0.5 U/h,Basal rate is generally stable.
real_llama4maverick_50,run_025,profile.basal.18_00,profile,True,0.6 U/h,keep,0.6 U/h,Basal rate is generally stable.
real_llama4maverick_50,run_025,profile.basal.19_00,profile,True,0.7 U/h,keep,0.7 U/h,Basal rate is generally stable.
real_llama4maverick_50,run_025,profile.cr.00_00,profile,True,13 g/U,keep,13 g/U,CR is generally appropriate.
real_llama4maverick_50,run_025,profile.cr.04_00,profile,True,11.1 g/U,keep,11.1 g/U,CR is generally appropriate.
real_llama4maverick_50,run_025,profile.cr.08_00,profile,True,13.2 g/U,keep,13.2 g/U,CR is generally appropriate.
real_llama4maverick_50,run_025,profile.cr.16_00,profile,True,10.5 g/U,keep,10.5 g/U,CR is generally appropriate.
real_llama4maverick_50,run_025,profile.cr.20_00,profile,True,12.6 g/U,keep,12.6 g/U,CR is generally appropriate.
real_llama4maverick_50,run_025,profile.dia,profile,True,10 h,keep,10 h,DIA is generally appropriate.
real_llama4maverick_50,run_025,profile.isf.00_00,profile,True,56 mg/dL/U,keep,56 mg/dL/U,ISF is generally appropriate.
real_llama4maverick_50,run_025,profile.target.00_00,profile,True,90 mg/dL,keep,90 mg/dL,Target is generally appropriate.
real_llama4maverick_50,run_025,profile.target.08_00,profile,True,100 mg/dL,keep,100 mg/dL,Target is generally appropriate.
real_llama4maverick_50,run_025,profile.target.23_00,profile,True,90 mg/dL,keep,90 mg/dL,Target is generally appropriate.
real_llama4maverick_50,run_025,aaps.core.carb_absorption,aaps,True,min_5m_carbimpact=8 mg/dL/5 min; meal_max_absorption_hours=7 h,keep,min_5m_carbimpact=8 mg/dL/5 min; meal_max_absorption_hours=7 h,Carb absorption model is generally appropriate.
real_llama4maverick_50,run_025,aaps.core.sensitivity,aaps,True,autosens_enabled=false; dynamic_sensitivity_enabled=true; autosens_raises_target=false; autosens_lowers_target=false; dynamic_isf_adjustment_factor_percent=70 %,keep,autosens_enabled=false; dynamic_sensitivity_enabled=true; autosens_raises_target=false; autosens_lowers_target=false; dynamic_isf_adjustment_factor_percent=70 %,Autosens and Dynamic ISF settings are generally appropriate.
real_llama4maverick_50,run_025,aaps.core.smb_activation,aaps,True,smb_always_enabled=true; smb_with_cob_enabled=false; smb_after_carbs_enabled=false; smb_with_temp_target_enabled=true; smb_with_high_temp_target_enabled=false,keep,smb_always_enabled=true; smb_with_cob_enabled=false; smb_after_carbs_enabled=false; smb_with_temp_target_enabled=true; smb_with_high_temp_target_enabled=false,SMB activation conditions are generally appropriate.
real_llama4maverick_50,run_025,aaps.core.smb_delivery,aaps,True,smb_interval_minutes=3 min; max_smb_basal_minutes=15 min; max_uam_smb_basal_minutes=20 min,keep,smb_interval_minutes=3 min; max_smb_basal_minutes=15 min; max_uam_smb_basal_minutes=20 min,SMB delivery settings are generally appropriate.
real_llama4maverick_50,run_025,aaps.core.smb_uam,aaps,True,smb_enabled=true; uam_enabled=true,keep,smb_enabled=true; uam_enabled=true,SMB and UAM are generally appropriate.
real_llama4maverick_50,run_025,aaps.core.safety_limits,aaps,True,max_basal_u_per_hour=12 U/h; max_iob_units=25 U,change,max_basal_u_per_hour=12 U/h; max_iob_units=15 U,High max IOB poses a risk of excessive insulin-on-board.
real_llama4maverick_50,run_026,profile.basal.00_00,profile,True,0.6 U/h,keep,0.6 U/h,No strong evidence to change basal rate at 00:00.
real_llama4maverick_50,run_026,profile.basal.05_00,profile,True,0.7 U/h,keep,0.7 U/h,No strong evidence to change basal rate at 05:00.
real_llama4maverick_50,run_026,profile.basal.06_00,profile,True,0.8 U/h,keep,0.8 U/h,No strong evidence to change basal rate at 06:00.
real_llama4maverick_50,run_026,profile.basal.10_00,profile,True,0.7 U/h,keep,0.7 U/h,No strong evidence to change basal rate at 10:00.
real_llama4maverick_50,run_026,profile.basal.16_00,profile,True,0.5 U/h,keep,0.5 U/h,No strong evidence to change basal rate at 16:00.
real_llama4maverick_50,run_026,profile.basal.18_00,profile,True,0.6 U/h,keep,0.6 U/h,No strong evidence to change basal rate at 18:00.
real_llama4maverick_50,run_026,profile.basal.19_00,profile,True,0.7 U/h,keep,0.7 U/h,No strong evidence to change basal rate at 19:00.
real_llama4maverick_50,run_026,profile.cr.00_00,profile,True,13 g/U,keep,13 g/U,No strong evidence to change CR at 00:00.
real_llama4maverick_50,run_026,profile.cr.04_00,profile,True,11.1 g/U,keep,11.1 g/U,No strong evidence to change CR at 04:00.
real_llama4maverick_50,run_026,profile.cr.08_00,profile,True,13.2 g/U,keep,13.2 g/U,No strong evidence to change CR at 08:00.
real_llama4maverick_50,run_026,profile.cr.16_00,profile,True,10.5 g/U,keep,10.5 g/U,No strong evidence to change CR at 16:00.
real_llama4maverick_50,run_026,profile.cr.20_00,profile,True,12.6 g/U,keep,12.6 g/U,No strong evidence to change CR at 20:00.
real_llama4maverick_50,run_026,profile.dia,profile,True,10 h,keep,10 h,No strong evidence to change DIA.
real_llama4maverick_50,run_026,profile.isf.00_00,profile,True,56 mg/dL/U,keep,56 mg/dL/U,No strong evidence to change ISF at 00:00.
real_llama4maverick_50,run_026,profile.target.00_00,profile,True,90 mg/dL,keep,90 mg/dL,No strong evidence to change target at 00:00.
real_llama4maverick_50,run_026,profile.target.08_00,profile,True,100 mg/dL,keep,100 mg/dL,No strong evidence to change target at 08:00.
real_llama4maverick_50,run_026,profile.target.23_00,profile,True,90 mg/dL,keep,90 mg/dL,No strong evidence to change target at 23:00.
real_llama4maverick_50,run_026,aaps.core.smb_uam,aaps,True,smb_enabled=true; uam_enabled=true,keep,smb_enabled=true; uam_enabled=true,No strong evidence to change SMB/UAM settings.
real_llama4maverick_50,run_026,aaps.core.smb_activation,aaps,True,smb_always_enabled=true; smb_with_cob_enabled=false; smb_after_carbs_enabled=false; smb_with_temp_target_enabled=true; smb_with_high_temp_target_enabled=false,keep,smb_always_enabled=true; smb_with_cob_enabled=false; smb_after_carbs_enabled=false; smb_with_temp_target_enabled=true; smb_with_high_temp_target_enabled=false,No strong evidence to change SMB activation conditions.
real_llama4maverick_50,run_026,aaps.core.smb_delivery,aaps,True,smb_interval_minutes=3 min; max_smb_basal_minutes=15 min; max_uam_smb_basal_minutes=20 min,keep,smb_interval_minutes=3 min; max_smb_basal_minutes=15 min; max_uam_smb_basal_minutes=20 min,No strong evidence to change SMB delivery settings.
real_llama4maverick_50,run_026,aaps.core.safety_limits,aaps,True,max_basal_u_per_hour=12 U/h; max_iob_units=25 U,change,max_basal_u_per_hour=12 U/h; max_iob_units=15 U,High max IOB poses a safety risk.
real_llama4maverick_50,run_026,aaps.core.sensitivity,aaps,True,autosens_enabled=false; dynamic_sensitivity_enabled=true; autosens_raises_target=false; autosens_lowers_target=false; dynamic_isf_adjustment_factor_percent=70 %,keep,autosens_enabled=false; dynamic_sensitivity_enabled=true; autosens_raises_target=false; autosens_lowers_target=false; dynamic_isf_adjustment_factor_percent=70 %,No strong evidence to change Autosens or Dynamic ISF settings.
real_llama4maverick_50,run_026,aaps.core.carb_absorption,aaps,True,min_5m_carbimpact=8 mg/dL/5 min; meal_max_absorption_hours=7 h,keep,min_5m_carbimpact=8 mg/dL/5 min; meal_max_absorption_hours=7 h,No strong evidence to change carb absorption model.
real_llama4maverick_50,run_027,profile.basal.00_00,profile,True,0.6 U/h,change,0.65 U/h,Evidence from glucose patterns
real_llama4maverick_50,run_027,profile.basal.05_00,profile,True,0.7 U/h,keep,0.7 U/h,No strong evidence for change
real_llama4maverick_50,run_027,profile.basal.06_00,profile,True,0.8 U/h,change,0.75 U/h,Evidence from glucose patterns
real_llama4maverick_50,run_027,profile.basal.10_00,profile,True,0.7 U/h,keep,0.7 U/h,No strong evidence for change
real_llama4maverick_50,run_027,profile.basal.16_00,profile,True,0.5 U/h,change,0.55 U/h,Evidence from glucose patterns
real_llama4maverick_50,run_027,profile.basal.18_00,profile,True,0.6 U/h,keep,0.6 U/h,No strong evidence for change
real_llama4maverick_50,run_027,profile.basal.19_00,profile,True,0.7 U/h,keep,0.7 U/h,No strong evidence for change
real_llama4maverick_50,run_027,profile.cr.00_00,profile,True,13 g/U,keep,13 g/U,No strong evidence for change
real_llama4maverick_50,run_027,profile.cr.04_00,profile,True,11.1 g/U,keep,11.1 g/U,No strong evidence for change
real_llama4maverick_50,run_027,profile.cr.08_00,profile,True,13.2 g/U,keep,13.2 g/U,No strong evidence for change
real_llama4maverick_50,run_027,profile.cr.16_00,profile,True,10.5 g/U,keep,10.5 g/U,No strong evidence for change
real_llama4maverick_50,run_027,profile.cr.20_00,profile,True,12.6 g/U,keep,12.6 g/U,No strong evidence for change
real_llama4maverick_50,run_027,profile.isf.00_00,profile,True,56 mg/dL/U,keep,56 mg/dL/U,No strong evidence for change
real_llama4maverick_50,run_027,profile.target.00_00,profile,True,90 mg/dL,keep,90 mg/dL,No strong evidence for change
real_llama4maverick_50,run_027,profile.target.08_00,profile,True,100 mg/dL,keep,100 mg/dL,No strong evidence for change
real_llama4maverick_50,run_027,profile.target.23_00,profile,True,90 mg/dL,keep,90 mg/dL,No strong evidence for change
real_llama4maverick_50,run_027,profile.dia,profile,True,10 h,keep,10 h,No strong evidence for change
real_llama4maverick_50,run_027,aaps.core.smb_uam,aaps,True,smb_enabled=true; uam_enabled=true,keep,smb_enabled=true; uam_enabled=true,Aggressive SMB/UAM settings are consistent with observed glucose management
real_llama4maverick_50,run_027,aaps.core.smb_activation,aaps,True,smb_always_enabled=true; smb_with_cob_enabled=false; smb_after_carbs_enabled=false; smb_with_temp_target_enabled=true; smb_with_high_temp_target_enabled=false,keep,smb_always_enabled=true; smb_with_cob_enabled=false; smb_after_carbs_enabled=false; smb_with_temp_target_enabled=true; smb_with_high_temp_target_enabled=false,Settings are consistent with observed SMB behavior
real_llama4maverick_50,run_027,aaps.core.smb_delivery,aaps,True,smb_interval_minutes=3 min; max_smb_basal_minutes=15 min; max_uam_smb_basal_minutes=20 min,keep,smb_interval_minutes=3 min; max_smb_basal_minutes=15 min; max_uam_smb_basal_minutes=20 min,Settings are consistent with observed SMB behavior
real_llama4maverick_50,run_027,aaps.core.safety_limits,aaps,True,max_basal_u_per_hour=12 U/h; max_iob_units=25 U,change,max_basal_u_per_hour=12 U/h; max_iob_units=20 U,High max IOB limit poses a safety risk
real_llama4maverick_50,run_027,aaps.core.sensitivity,aaps,True,autosens_enabled=false; dynamic_sensitivity_enabled=true; autosens_raises_target=false; autosens_lowers_target=false; dynamic_isf_adjustment_factor_percent=70 %,keep,autosens_enabled=false; dynamic_sensitivity_enabled=true; autosens_raises_target=false; autosens_lowers_target=false; dynamic_isf_adjustment_factor_percent=70 %,Settings are consistent with observed glucose behavior
real_llama4maverick_50,run_027,aaps.core.carb_absorption,aaps,True,min_5m_carbimpact=8 mg/dL/5 min; meal_max_absorption_hours=7 h,keep,min_5m_carbimpact=8 mg/dL/5 min; meal_max_absorption_hours=7 h,Settings are consistent with observed glucose behavior
real_llama4maverick_50,run_028,profile.basal.00_00,profile,True,0.6 U/h,change,0.55 U/h,To improve glucose control during overnight periods.
real_llama4maverick_50,run_028,profile.basal.05_00,profile,True,0.7 U/h,keep,0.7 U/h,No evidence to suggest a change.
real_llama4maverick_50,run_028,profile.basal.06_00,profile,True,0.8 U/h,keep,0.8 U/h,No evidence to suggest a change.
real_llama4maverick_50,run_028,profile.basal.10_00,profile,True,0.7 U/h,keep,0.7 U/h,No evidence to suggest a change.
real_llama4maverick_50,run_028,profile.basal.16_00,profile,True,0.5 U/h,keep,0.5 U/h,No evidence to suggest a change.
real_llama4maverick_50,run_028,profile.basal.18_00,profile,True,0.6 U/h,keep,0.6 U/h,No evidence to suggest a change.
real_llama4maverick_50,run_028,profile.basal.19_00,profile,True,0.7 U/h,keep,0.7 U/h,No evidence to suggest a change.
real_llama4maverick_50,run_028,profile.cr.00_00,profile,True,13 g/U,keep,13 g/U,No evidence to suggest a change.
real_llama4maverick_50,run_028,profile.cr.04_00,profile,True,11.1 g/U,keep,11.1 g/U,No evidence to suggest a change.
real_llama4maverick_50,run_028,profile.cr.08_00,profile,True,13.2 g/U,keep,13.2 g/U,No evidence to suggest a change.
real_llama4maverick_50,run_028,profile.cr.16_00,profile,True,10.5 g/U,keep,10.5 g/U,No evidence to suggest a change.
real_llama4maverick_50,run_028,profile.cr.20_00,profile,True,12.6 g/U,keep,12.6 g/U,No evidence to suggest a change.
real_llama4maverick_50,run_028,profile.dia,profile,True,10 h,keep,10 h,No evidence to suggest a change.
real_llama4maverick_50,run_028,profile.isf.00_00,profile,True,56 mg/dL/U,keep,56 mg/dL/U,No evidence to suggest a change.
real_llama4maverick_50,run_028,profile.target.00_00,profile,True,90 mg/dL,keep,90 mg/dL,No evidence to suggest a change.
real_llama4maverick_50,run_028,profile.target.08_00,profile,True,100 mg/dL,keep,100 mg/dL,No evidence to suggest a change.
real_llama4maverick_50,run_028,profile.target.23_00,profile,True,90 mg/dL,keep,90 mg/dL,No evidence to suggest a change.
real_llama4maverick_50,run_028,aaps.core.smb_uam,aaps,True,smb_enabled=true; uam_enabled=true,keep,smb_enabled=true; uam_enabled=true,SMB/UAM is effective in managing glucose variability.
real_llama4maverick_50,run_028,aaps.core.smb_activation,aaps,True,smb_always_enabled=true; smb_with_cob_enabled=false; smb_after_carbs_enabled=false; smb_with_temp_target_enabled=true; smb_with_high_temp_target_enabled=false,keep,smb_always_enabled=true; smb_with_cob_enabled=false; smb_after_carbs_enabled=false; smb_with_temp_target_enabled=true; smb_with_high_temp_target_enabled=false,No evidence to suggest a change.
real_llama4maverick_50,run_028,aaps.core.smb_delivery,aaps,True,smb_interval_minutes=3 min; max_smb_basal_minutes=15 min; max_uam_smb_basal_minutes=20 min,keep,smb_interval_minutes=3 min; max_smb_basal_minutes=15 min; max_uam_smb_basal_minutes=20 min,No evidence to suggest a change.
real_llama4maverick_50,run_028,aaps.core.safety_limits,aaps,True,max_basal_u_per_hour=12 U/h; max_iob_units=25 U,keep,max_basal_u_per_hour=12 U/h; max_iob_units=25 U,"No evidence to suggest a change, but high max IOB limit may need monitoring."
real_llama4maverick_50,run_028,aaps.core.sensitivity,aaps,True,autosens_enabled=false; dynamic_sensitivity_enabled=true; autosens_raises_target=false; autosens_lowers_target=false; dynamic_isf_adjustment_factor_percent=70 %,keep,autosens_enabled=false; dynamic_sensitivity_enabled=true; autosens_raises_target=false; autosens_lowers_target=false; dynamic_isf_adjustment_factor_percent=70 %,"Dynamic ISF is effective, and Autosens is disabled."
real_llama4maverick_50,run_028,aaps.core.carb_absorption,aaps,True,min_5m_carbimpact=8 mg/dL/5 min; meal_max_absorption_hours=7 h,keep,min_5m_carbimpact=8 mg/dL/5 min; meal_max_absorption_hours=7 h,No evidence to suggest a change.
real_llama4maverick_50,run_029,profile.basal.00_00,profile,True,0.6 U/h,change,0.65 U/h,To reduce glucose variability.
real_llama4maverick_50,run_029,profile.basal.05_00,profile,True,0.7 U/h,keep,0.7 U/h,No strong evidence to change.
real_llama4maverick_50,run_029,profile.basal.06_00,profile,True,0.8 U/h,keep,0.8 U/h,No strong evidence to change.
real_llama4maverick_50,run_029,profile.basal.10_00,profile,True,0.7 U/h,keep,0.7 U/h,No strong evidence to change.
real_llama4maverick_50,run_029,profile.basal.16_00,profile,True,0.5 U/h,keep,0.5 U/h,No strong evidence to change.
real_llama4maverick_50,run_029,profile.basal.18_00,profile,True,0.6 U/h,keep,0.6 U/h,No strong evidence to change.
real_llama4maverick_50,run_029,profile.basal.19_00,profile,True,0.7 U/h,keep,0.7 U/h,No strong evidence to change.
real_llama4maverick_50,run_029,profile.cr.00_00,profile,True,13 g/U,keep,13 g/U,No strong evidence to change.
real_llama4maverick_50,run_029,profile.cr.04_00,profile,True,11.1 g/U,keep,11.1 g/U,No strong evidence to change.
real_llama4maverick_50,run_029,profile.cr.08_00,profile,True,13.2 g/U,keep,13.2 g/U,No strong evidence to change.
real_llama4maverick_50,run_029,profile.cr.16_00,profile,True,10.5 g/U,keep,10.5 g/U,No strong evidence to change.
real_llama4maverick_50,run_029,profile.cr.20_00,profile,True,12.6 g/U,keep,12.6 g/U,No strong evidence to change.
real_llama4maverick_50,run_029,profile.isf.00_00,profile,True,56 mg/dL/U,keep,56 mg/dL/U,No strong evidence to change.
real_llama4maverick_50,run_029,profile.target.00_00,profile,True,90 mg/dL,keep,90 mg/dL,No strong evidence to change.
real_llama4maverick_50,run_029,profile.target.08_00,profile,True,100 mg/dL,keep,100 mg/dL,No strong evidence to change.
real_llama4maverick_50,run_029,profile.target.23_00,profile,True,90 mg/dL,keep,90 mg/dL,No strong evidence to change.
real_llama4maverick_50,run_029,profile.dia,profile,True,10 h,keep,10 h,No strong evidence to change.
real_llama4maverick_50,run_029,aaps.core.smb_uam,aaps,True,smb_enabled=true; uam_enabled=true,keep,smb_enabled=true; uam_enabled=true,No strong evidence to change.
real_llama4maverick_50,run_029,aaps.core.smb_activation,aaps,True,smb_always_enabled=true; smb_with_cob_enabled=false; smb_after_carbs_enabled=false; smb_with_temp_target_enabled=true; smb_with_high_temp_target_enabled=false,keep,smb_always_enabled=true; smb_with_cob_enabled=false; smb_after_carbs_enabled=false; smb_with_temp_target_enabled=true; smb_with_high_temp_target_enabled=false,No strong evidence to change.
real_llama4maverick_50,run_029,aaps.core.smb_delivery,aaps,True,smb_interval_minutes=3 min; max_smb_basal_minutes=15 min; max_uam_smb_basal_minutes=20 min,keep,smb_interval_minutes=3 min; max_smb_basal_minutes=15 min; max_uam_smb_basal_minutes=20 min,No strong evidence to change.
real_llama4maverick_50,run_029,aaps.core.safety_limits,aaps,True,max_basal_u_per_hour=12 U/h; max_iob_units=25 U,keep,max_basal_u_per_hour=12 U/h; max_iob_units=25 U,No strong evidence to change.
real_llama4maverick_50,run_029,aaps.core.sensitivity,aaps,True,autosens_enabled=false; dynamic_sensitivity_enabled=true; autosens_raises_target=false; autosens_lowers_target=false; dynamic_isf_adjustment_factor_percent=70 %,keep,autosens_enabled=false; dynamic_sensitivity_enabled=true; autosens_raises_target=false; autosens_lowers_target=false; dynamic_isf_adjustment_factor_percent=70 %,No strong evidence to change.
real_llama4maverick_50,run_029,aaps.core.carb_absorption,aaps,True,min_5m_carbimpact=8 mg/dL/5 min; meal_max_absorption_hours=7 h,keep,min_5m_carbimpact=8 mg/dL/5 min; meal_max_absorption_hours=7 h,No strong evidence to change.
real_llama4maverick_50,run_030,profile.basal.00_00,profile,True,0.6 U/h,change,0.65 U/h,"Glucose variability, evidence from basal_targets stage."
real_llama4maverick_50,run_030,profile.basal.05_00,profile,True,0.7 U/h,keep,0.7 U/h,No strong evidence to change.
real_llama4maverick_50,run_030,profile.basal.06_00,profile,True,0.8 U/h,keep,0.8 U/h,No strong evidence to change.
real_llama4maverick_50,run_030,profile.basal.10_00,profile,True,0.7 U/h,keep,0.7 U/h,No strong evidence to change.
real_llama4maverick_50,run_030,profile.basal.16_00,profile,True,0.5 U/h,keep,0.5 U/h,No strong evidence to change.
real_llama4maverick_50,run_030,profile.basal.18_00,profile,True,0.6 U/h,keep,0.6 U/h,No strong evidence to change.
real_llama4maverick_50,run_030,profile.basal.19_00,profile,True,0.7 U/h,keep,0.7 U/h,No strong evidence to change.
real_llama4maverick_50,run_030,profile.cr.00_00,profile,True,13 g/U,keep,13 g/U,No strong evidence to change.
real_llama4maverick_50,run_030,profile.cr.04_00,profile,True,11.1 g/U,keep,11.1 g/U,No strong evidence to change.
real_llama4maverick_50,run_030,profile.cr.08_00,profile,True,13.2 g/U,keep,13.2 g/U,No strong evidence to change.
real_llama4maverick_50,run_030,profile.cr.16_00,profile,True,10.5 g/U,keep,10.5 g/U,No strong evidence to change.
real_llama4maverick_50,run_030,profile.cr.20_00,profile,True,12.6 g/U,keep,12.6 g/U,No strong evidence to change.
real_llama4maverick_50,run_030,profile.isf.00_00,profile,True,56 mg/dL/U,keep,56 mg/dL/U,No strong evidence to change.
real_llama4maverick_50,run_030,profile.target.00_00,profile,True,90 mg/dL,keep,90 mg/dL,No strong evidence to change.
real_llama4maverick_50,run_030,profile.target.08_00,profile,True,100 mg/dL,keep,100 mg/dL,No strong evidence to change.
real_llama4maverick_50,run_030,profile.target.23_00,profile,True,90 mg/dL,keep,90 mg/dL,No strong evidence to change.
real_llama4maverick_50,run_030,profile.dia,profile,True,10 h,keep,10 h,No strong evidence to change.
real_llama4maverick_50,run_030,aaps.core.smb_uam,aaps,True,smb_enabled=true; uam_enabled=true,keep,smb_enabled=true; uam_enabled=true,No strong evidence to change.
real_llama4maverick_50,run_030,aaps.core.smb_activation,aaps,True,smb_always_enabled=true; smb_with_cob_enabled=false; smb_after_carbs_enabled=false; smb_with_temp_target_enabled=true; smb_with_high_temp_target_enabled=false,keep,smb_always_enabled=true; smb_with_cob_enabled=false; smb_after_carbs_enabled=false; smb_with_temp_target_enabled=true; smb_with_high_temp_target_enabled=false,No strong evidence to change.
real_llama4maverick_50,run_030,aaps.core.smb_delivery,aaps,True,smb_interval_minutes=3 min; max_smb_basal_minutes=15 min; max_uam_smb_basal_minutes=20 min,keep,smb_interval_minutes=3 min; max_smb_basal_minutes=15 min; max_uam_smb_basal_minutes=20 min,No strong evidence to change.
real_llama4maverick_50,run_030,aaps.core.safety_limits,aaps,True,max_basal_u_per_hour=12 U/h; max_iob_units=25 U,keep,max_basal_u_per_hour=12 U/h; max_iob_units=25 U,No strong evidence to change.
real_llama4maverick_50,run_030,aaps.core.sensitivity,aaps,True,autosens_enabled=false; dynamic_sensitivity_enabled=true; autosens_raises_target=false; autosens_lowers_target=false; dynamic_isf_adjustment_factor_percent=70 %,keep,autosens_enabled=false; dynamic_sensitivity_enabled=true; autosens_raises_target=false; autosens_lowers_target=false; dynamic_isf_adjustment_factor_percent=70 %,No strong evidence to change.
real_llama4maverick_50,run_030,aaps.core.carb_absorption,aaps,True,min_5m_carbimpact=8 mg/dL/5 min; meal_max_absorption_hours=7 h,keep,min_5m_carbimpact=8 mg/dL/5 min; meal_max_absorption_hours=7 h,No strong evidence to change.
real_llama4maverick_50,run_031,profile.basal.00_00,profile,True,0.6 U/h,change,0.65 U/h,Glucose patterns indicate a need for adjustment.
real_llama4maverick_50,run_031,profile.basal.05_00,profile,True,0.7 U/h,keep,0.7 U/h,No strong evidence for change.
real_llama4maverick_50,run_031,profile.basal.06_00,profile,True,0.8 U/h,keep,0.8 U/h,No strong evidence for change.
real_llama4maverick_50,run_031,profile.basal.10_00,profile,True,0.7 U/h,keep,0.7 U/h,No strong evidence for change.
real_llama4maverick_50,run_031,profile.basal.16_00,profile,True,0.5 U/h,keep,0.5 U/h,No strong evidence for change.
real_llama4maverick_50,run_031,profile.basal.18_00,profile,True,0.6 U/h,keep,0.6 U/h,No strong evidence for change.
real_llama4maverick_50,run_031,profile.basal.19_00,profile,True,0.7 U/h,keep,0.7 U/h,No strong evidence for change.
real_llama4maverick_50,run_031,profile.cr.00_00,profile,True,13 g/U,keep,13 g/U,No strong evidence for change.
real_llama4maverick_50,run_031,profile.cr.04_00,profile,True,11.1 g/U,keep,11.1 g/U,No strong evidence for change.
real_llama4maverick_50,run_031,profile.cr.08_00,profile,True,13.2 g/U,keep,13.2 g/U,No strong evidence for change.
real_llama4maverick_50,run_031,profile.cr.16_00,profile,True,10.5 g/U,keep,10.5 g/U,No strong evidence for change.
real_llama4maverick_50,run_031,profile.cr.20_00,profile,True,12.6 g/U,keep,12.6 g/U,No strong evidence for change.
real_llama4maverick_50,run_031,profile.isf.00_00,profile,True,56 mg/dL/U,keep,56 mg/dL/U,No strong evidence for change.
real_llama4maverick_50,run_031,profile.target.00_00,profile,True,90 mg/dL,keep,90 mg/dL,No strong evidence for change.
real_llama4maverick_50,run_031,profile.target.08_00,profile,True,100 mg/dL,keep,100 mg/dL,No strong evidence for change.
real_llama4maverick_50,run_031,profile.target.23_00,profile,True,90 mg/dL,keep,90 mg/dL,No strong evidence for change.
real_llama4maverick_50,run_031,profile.dia,profile,True,10 h,keep,10 h,No strong evidence for change.
real_llama4maverick_50,run_031,aaps.core.smb_uam,aaps,True,smb_enabled=true; uam_enabled=true,keep,smb_enabled=true; uam_enabled=true,SMB/UAM is appropriately enabled.
real_llama4maverick_50,run_031,aaps.core.smb_activation,aaps,True,smb_always_enabled=true; smb_with_cob_enabled=false; smb_after_carbs_enabled=false; smb_with_temp_target_enabled=true; smb_with_high_temp_target_enabled=false,keep,smb_always_enabled=true; smb_with_cob_enabled=false; smb_after_carbs_enabled=false; smb_with_temp_target_enabled=true; smb_with_high_temp_target_enabled=false,SMB activation conditions are appropriately set.
real_llama4maverick_50,run_031,aaps.core.smb_delivery,aaps,True,smb_interval_minutes=3 min; max_smb_basal_minutes=15 min; max_uam_smb_basal_minutes=20 min,keep,smb_interval_minutes=3 min; max_smb_basal_minutes=15 min; max_uam_smb_basal_minutes=20 min,SMB delivery settings are appropriately set.
real_llama4maverick_50,run_031,aaps.core.safety_limits,aaps,True,max_basal_u_per_hour=12 U/h; max_iob_units=25 U,change,"{""max_iob_units"": 20}",Max IOB is set too high.
real_llama4maverick_50,run_031,aaps.core.sensitivity,aaps,True,autosens_enabled=false; dynamic_sensitivity_enabled=true; autosens_raises_target=false; autosens_lowers_target=false; dynamic_isf_adjustment_factor_percent=70 %,keep,autosens_enabled=false; dynamic_sensitivity_enabled=true; autosens_raises_target=false; autosens_lowers_target=false; dynamic_isf_adjustment_factor_percent=70 %,Autosens and Dynamic ISF settings are appropriately set.
real_llama4maverick_50,run_031,aaps.core.carb_absorption,aaps,True,min_5m_carbimpact=8 mg/dL/5 min; meal_max_absorption_hours=7 h,keep,min_5m_carbimpact=8 mg/dL/5 min; meal_max_absorption_hours=7 h,Carb absorption model settings are appropriately set.
real_llama4maverick_50,run_032,profile.basal.00_00,profile,True,0.6 U/h,keep,0.6 U/h,Current basal rate is generally consistent with glucose patterns.
real_llama4maverick_50,run_032,profile.basal.05_00,profile,True,0.7 U/h,keep,0.7 U/h,Current basal rate is generally consistent with glucose patterns.
real_llama4maverick_50,run_032,profile.basal.06_00,profile,True,0.8 U/h,keep,0.8 U/h,Current basal rate is generally consistent with glucose patterns.
real_llama4maverick_50,run_032,profile.basal.10_00,profile,True,0.7 U/h,keep,0.7 U/h,Current basal rate is generally consistent with glucose patterns.
real_llama4maverick_50,run_032,profile.basal.16_00,profile,True,0.5 U/h,keep,0.5 U/h,Current basal rate is generally consistent with glucose patterns.
real_llama4maverick_50,run_032,profile.basal.18_00,profile,True,0.6 U/h,keep,0.6 U/h,Current basal rate is generally consistent with glucose patterns.
real_llama4maverick_50,run_032,profile.basal.19_00,profile,True,0.7 U/h,keep,0.7 U/h,Current basal rate is generally consistent with glucose patterns.
real_llama4maverick_50,run_032,profile.cr.00_00,profile,True,13 g/U,keep,13 g/U,No meal data to assess CR effectiveness.
real_llama4maverick_50,run_032,profile.cr.04_00,profile,True,11.1 g/U,keep,11.1 g/U,No meal data to assess CR effectiveness.
real_llama4maverick_50,run_032,profile.cr.08_00,profile,True,13.2 g/U,keep,13.2 g/U,No meal data to assess CR effectiveness.
real_llama4maverick_50,run_032,profile.cr.16_00,profile,True,10.5 g/U,keep,10.5 g/U,No meal data to assess CR effectiveness.
real_llama4maverick_50,run_032,profile.cr.20_00,profile,True,12.6 g/U,keep,12.6 g/U,No meal data to assess CR effectiveness.
real_llama4maverick_50,run_032,profile.isf.00_00,profile,True,56 mg/dL/U,keep,56 mg/dL/U,ISF is generally consistent with glucose patterns.
real_llama4maverick_50,run_032,profile.target.00_00,profile,True,90 mg/dL,keep,90 mg/dL,Target is generally consistent with glucose patterns.
real_llama4maverick_50,run_032,profile.target.08_00,profile,True,100 mg/dL,keep,100 mg/dL,Target is generally consistent with glucose patterns.
real_llama4maverick_50,run_032,profile.target.23_00,profile,True,90 mg/dL,keep,90 mg/dL,Target is generally consistent with glucose patterns.
real_llama4maverick_50,run_032,profile.dia,profile,True,10 h,keep,10 h,DIA is generally consistent with insulin action profiles.
real_llama4maverick_50,run_032,aaps.core.smb_uam,aaps,True,smb_enabled=true; uam_enabled=true,keep,smb_enabled=true; uam_enabled=true,SMB/UAM settings are generally appropriate.
real_llama4maverick_50,run_032,aaps.core.smb_activation,aaps,True,smb_always_enabled=true; smb_with_cob_enabled=false; smb_after_carbs_enabled=false; smb_with_temp_target_enabled=true; smb_with_high_temp_target_enabled=false,keep,smb_always_enabled=true; smb_with_cob_enabled=false; smb_after_carbs_enabled=false; smb_with_temp_target_enabled=true; smb_with_high_temp_target_enabled=false,SMB activation conditions are generally appropriate.
real_llama4maverick_50,run_032,aaps.core.smb_delivery,aaps,True,smb_interval_minutes=3 min; max_smb_basal_minutes=15 min; max_uam_smb_basal_minutes=20 min,keep,smb_interval_minutes=3 min; max_smb_basal_minutes=15 min; max_uam_smb_basal_minutes=20 min,SMB delivery settings are generally appropriate.
real_llama4maverick_50,run_032,aaps.core.safety_limits,aaps,True,max_basal_u_per_hour=12 U/h; max_iob_units=25 U,keep,max_basal_u_per_hour=12 U/h; max_iob_units=25 U,Safety limits are set high but generally appropriate.
real_llama4maverick_50,run_032,aaps.core.sensitivity,aaps,True,autosens_enabled=false; dynamic_sensitivity_enabled=true; autosens_raises_target=false; autosens_lowers_target=false; dynamic_isf_adjustment_factor_percent=70 %,keep,autosens_enabled=false; dynamic_sensitivity_enabled=true; autosens_raises_target=false; autosens_lowers_target=false; dynamic_isf_adjustment_factor_percent=70 %,Dynamic ISF is used with a reasonable adjustment factor.
real_llama4maverick_50,run_032,aaps.core.carb_absorption,aaps,True,min_5m_carbimpact=8 mg/dL/5 min; meal_max_absorption_hours=7 h,keep,min_5m_carbimpact=8 mg/dL/5 min; meal_max_absorption_hours=7 h,No meal data to assess carb absorption model.
real_llama4maverick_50,run_033,profile.basal.00_00,profile,True,0.6 U/h,keep,0.6 U/h,Basal rate is reasonable.
real_llama4maverick_50,run_033,profile.basal.05_00,profile,True,0.7 U/h,keep,0.7 U/h,Basal rate is reasonable.
real_llama4maverick_50,run_033,profile.basal.06_00,profile,True,0.8 U/h,keep,0.8 U/h,Basal rate is reasonable.
real_llama4maverick_50,run_033,profile.basal.10_00,profile,True,0.7 U/h,keep,0.7 U/h,Basal rate is reasonable.
real_llama4maverick_50,run_033,profile.basal.16_00,profile,True,0.5 U/h,keep,0.5 U/h,Basal rate is reasonable.
real_llama4maverick_50,run_033,profile.basal.18_00,profile,True,0.6 U/h,keep,0.6 U/h,Basal rate is reasonable.
real_llama4maverick_50,run_033,profile.basal.19_00,profile,True,0.7 U/h,keep,0.7 U/h,Basal rate is reasonable.
real_llama4maverick_50,run_033,profile.cr.00_00,profile,True,13 g/U,keep,13 g/U,CR is reasonable.
real_llama4maverick_50,run_033,profile.cr.04_00,profile,True,11.1 g/U,keep,11.1 g/U,CR is reasonable.
real_llama4maverick_50,run_033,profile.cr.08_00,profile,True,13.2 g/U,keep,13.2 g/U,CR is reasonable.
real_llama4maverick_50,run_033,profile.cr.16_00,profile,True,10.5 g/U,keep,10.5 g/U,CR is reasonable.
real_llama4maverick_50,run_033,profile.cr.20_00,profile,True,12.6 g/U,keep,12.6 g/U,CR is reasonable.
real_llama4maverick_50,run_033,profile.dia,profile,True,10 h,keep,10 h,DIA is reasonable.
real_llama4maverick_50,run_033,profile.isf.00_00,profile,True,56 mg/dL/U,keep,56 mg/dL/U,ISF is reasonable.
real_llama4maverick_50,run_033,profile.target.00_00,profile,True,90 mg/dL,keep,90 mg/dL,Target is reasonable.
real_llama4maverick_50,run_033,profile.target.08_00,profile,True,100 mg/dL,keep,100 mg/dL,Target is reasonable.
real_llama4maverick_50,run_033,profile.target.23_00,profile,True,90 mg/dL,keep,90 mg/dL,Target is reasonable.
real_llama4maverick_50,run_033,aaps.core.smb_uam,aaps,True,smb_enabled=true; uam_enabled=true,keep,smb_enabled=true; uam_enabled=true,SMB/UAM is effective.
real_llama4maverick_50,run_033,aaps.core.smb_activation,aaps,True,smb_always_enabled=true; smb_with_cob_enabled=false; smb_after_carbs_enabled=false; smb_with_temp_target_enabled=true; smb_with_high_temp_target_enabled=false,keep,smb_always_enabled=true; smb_with_cob_enabled=false; smb_after_carbs_enabled=false; smb_with_temp_target_enabled=true; smb_with_high_temp_target_enabled=false,SMB activation conditions are reasonable.
real_llama4maverick_50,run_033,aaps.core.smb_delivery,aaps,True,smb_interval_minutes=3 min; max_smb_basal_minutes=15 min; max_uam_smb_basal_minutes=20 min,keep,smb_interval_minutes=3 min; max_smb_basal_minutes=15 min; max_uam_smb_basal_minutes=20 min,SMB delivery settings are reasonable.
real_llama4maverick_50,run_033,aaps.core.safety_limits,aaps,True,max_basal_u_per_hour=12 U/h; max_iob_units=25 U,change,"{""max_iob_units"": 15, ""max_basal_u_per_hour"": 6}",High max IOB and basal rates pose a risk.
real_llama4maverick_50,run_033,aaps.core.sensitivity,aaps,True,autosens_enabled=false; dynamic_sensitivity_enabled=true; autosens_raises_target=false; autosens_lowers_target=false; dynamic_isf_adjustment_factor_percent=70 %,keep,autosens_enabled=false; dynamic_sensitivity_enabled=true; autosens_raises_target=false; autosens_lowers_target=false; dynamic_isf_adjustment_factor_percent=70 %,Dynamic ISF is reasonable.
real_llama4maverick_50,run_033,aaps.core.carb_absorption,aaps,True,min_5m_carbimpact=8 mg/dL/5 min; meal_max_absorption_hours=7 h,keep,min_5m_carbimpact=8 mg/dL/5 min; meal_max_absorption_hours=7 h,Carb absorption model is reasonable.
real_llama4maverick_50,run_034,profile.basal.00_00,profile,True,0.6 U/h,change,0.55 U/h,Glucose patterns suggest a lower basal rate may be more appropriate.
real_llama4maverick_50,run_034,profile.basal.05_00,profile,True,0.7 U/h,keep,0.7 U/h,No strong evidence to change this setting.
real_llama4maverick_50,run_034,profile.basal.06_00,profile,True,0.8 U/h,keep,0.8 U/h,No strong evidence to change this setting.
real_llama4maverick_50,run_034,profile.basal.10_00,profile,True,0.7 U/h,keep,0.7 U/h,No strong evidence to change this setting.
real_llama4maverick_50,run_034,profile.basal.16_00,profile,True,0.5 U/h,keep,0.5 U/h,No strong evidence to change this setting.
real_llama4maverick_50,run_034,profile.basal.18_00,profile,True,0.6 U/h,keep,0.6 U/h,No strong evidence to change this setting.
real_llama4maverick_50,run_034,profile.basal.19_00,profile,True,0.7 U/h,keep,0.7 U/h,No strong evidence to change this setting.
real_llama4maverick_50,run_034,profile.cr.00_00,profile,True,13 g/U,keep,13 g/U,No strong evidence to change this setting.
real_llama4maverick_50,run_034,profile.cr.04_00,profile,True,11.1 g/U,keep,11.1 g/U,No strong evidence to change this setting.
real_llama4maverick_50,run_034,profile.cr.08_00,profile,True,13.2 g/U,keep,13.2 g/U,No strong evidence to change this setting.
real_llama4maverick_50,run_034,profile.cr.16_00,profile,True,10.5 g/U,keep,10.5 g/U,No strong evidence to change this setting.
real_llama4maverick_50,run_034,profile.cr.20_00,profile,True,12.6 g/U,keep,12.6 g/U,No strong evidence to change this setting.
real_llama4maverick_50,run_034,profile.dia,profile,True,10 h,keep,10 h,No strong evidence to change this setting.
real_llama4maverick_50,run_034,profile.isf.00_00,profile,True,56 mg/dL/U,keep,56 mg/dL/U,No strong evidence to change this setting.
real_llama4maverick_50,run_034,profile.target.00_00,profile,True,90 mg/dL,keep,90 mg/dL,No strong evidence to change this setting.
real_llama4maverick_50,run_034,profile.target.08_00,profile,True,100 mg/dL,keep,100 mg/dL,No strong evidence to change this setting.
real_llama4maverick_50,run_034,profile.target.23_00,profile,True,90 mg/dL,keep,90 mg/dL,No strong evidence to change this setting.
real_llama4maverick_50,run_034,aaps.core.smb_uam,aaps,True,smb_enabled=true; uam_enabled=true,keep,smb_enabled=true; uam_enabled=true,SMB/UAM settings are generally appropriate.
real_llama4maverick_50,run_034,aaps.core.smb_activation,aaps,True,smb_always_enabled=true; smb_with_cob_enabled=false; smb_after_carbs_enabled=false; smb_with_temp_target_enabled=true; smb_with_high_temp_target_enabled=false,keep,smb_always_enabled=true; smb_with_cob_enabled=false; smb_after_carbs_enabled=false; smb_with_temp_target_enabled=true; smb_with_high_temp_target_enabled=false,SMB activation conditions are generally appropriate.
real_llama4maverick_50,run_034,aaps.core.smb_delivery,aaps,True,smb_interval_minutes=3 min; max_smb_basal_minutes=15 min; max_uam_smb_basal_minutes=20 min,keep,smb_interval_minutes=3 min; max_smb_basal_minutes=15 min; max_uam_smb_basal_minutes=20 min,SMB delivery settings are generally appropriate.
real_llama4maverick_50,run_034,aaps.core.safety_limits,aaps,True,max_basal_u_per_hour=12 U/h; max_iob_units=25 U,change,max_basal_u_per_hour=12 U/h; max_iob_units=20 U,"Max IOB may be too high, risking excessive insulin."
real_llama4maverick_50,run_034,aaps.core.sensitivity,aaps,True,autosens_enabled=false; dynamic_sensitivity_enabled=true; autosens_raises_target=false; autosens_lowers_target=false; dynamic_isf_adjustment_factor_percent=70 %,keep,autosens_enabled=false; dynamic_sensitivity_enabled=true; autosens_raises_target=false; autosens_lowers_target=false; dynamic_isf_adjustment_factor_percent=70 %,Sensitivity settings are generally appropriate.
real_llama4maverick_50,run_034,aaps.core.carb_absorption,aaps,True,min_5m_carbimpact=8 mg/dL/5 min; meal_max_absorption_hours=7 h,keep,min_5m_carbimpact=8 mg/dL/5 min; meal_max_absorption_hours=7 h,Carb absorption settings are generally appropriate.
real_llama4maverick_50,run_035,profile.basal.00_00,profile,True,0.6 U/h,change,0.65 U/h,Basal rate analysis.
real_llama4maverick_50,run_035,profile.basal.05_00,profile,True,0.7 U/h,keep,0.7 U/h,No strong evidence for change.
real_llama4maverick_50,run_035,profile.basal.06_00,profile,True,0.8 U/h,keep,0.8 U/h,No strong evidence for change.
real_llama4maverick_50,run_035,profile.basal.10_00,profile,True,0.7 U/h,keep,0.7 U/h,No strong evidence for change.
real_llama4maverick_50,run_035,profile.basal.16_00,profile,True,0.5 U/h,keep,0.5 U/h,No strong evidence for change.
real_llama4maverick_50,run_035,profile.basal.18_00,profile,True,0.6 U/h,keep,0.6 U/h,No strong evidence for change.
real_llama4maverick_50,run_035,profile.basal.19_00,profile,True,0.7 U/h,keep,0.7 U/h,No strong evidence for change.
real_llama4maverick_50,run_035,profile.cr.00_00,profile,True,13 g/U,keep,13 g/U,No strong evidence for change.
real_llama4maverick_50,run_035,profile.cr.04_00,profile,True,11.1 g/U,keep,11.1 g/U,No strong evidence for change.
real_llama4maverick_50,run_035,profile.cr.08_00,profile,True,13.2 g/U,keep,13.2 g/U,No strong evidence for change.
real_llama4maverick_50,run_035,profile.cr.16_00,profile,True,10.5 g/U,keep,10.5 g/U,No strong evidence for change.
real_llama4maverick_50,run_035,profile.cr.20_00,profile,True,12.6 g/U,keep,12.6 g/U,No strong evidence for change.
real_llama4maverick_50,run_035,profile.isf.00_00,profile,True,56 mg/dL/U,keep,56 mg/dL/U,No strong evidence for change.
real_llama4maverick_50,run_035,profile.target.00_00,profile,True,90 mg/dL,keep,90 mg/dL,No strong evidence for change.
real_llama4maverick_50,run_035,profile.target.08_00,profile,True,100 mg/dL,keep,100 mg/dL,No strong evidence for change.
real_llama4maverick_50,run_035,profile.target.23_00,profile,True,90 mg/dL,keep,90 mg/dL,No strong evidence for change.
real_llama4maverick_50,run_035,profile.dia,profile,True,10 h,keep,10 h,No strong evidence for change.
real_llama4maverick_50,run_035,aaps.core.smb_uam,aaps,True,smb_enabled=true; uam_enabled=true,keep,smb_enabled=true; uam_enabled=true,No strong evidence for change.
real_llama4maverick_50,run_035,aaps.core.smb_activation,aaps,True,smb_always_enabled=true; smb_with_cob_enabled=false; smb_after_carbs_enabled=false; smb_with_temp_target_enabled=true; smb_with_high_temp_target_enabled=false,keep,smb_always_enabled=true; smb_with_cob_enabled=false; smb_after_carbs_enabled=false; smb_with_temp_target_enabled=true; smb_with_high_temp_target_enabled=false,No strong evidence for change.
real_llama4maverick_50,run_035,aaps.core.smb_delivery,aaps,True,smb_interval_minutes=3 min; max_smb_basal_minutes=15 min; max_uam_smb_basal_minutes=20 min,keep,smb_interval_minutes=3 min; max_smb_basal_minutes=15 min; max_uam_smb_basal_minutes=20 min,No strong evidence for change.
real_llama4maverick_50,run_035,aaps.core.safety_limits,aaps,True,max_basal_u_per_hour=12 U/h; max_iob_units=25 U,keep,max_basal_u_per_hour=12 U/h; max_iob_units=25 U,No strong evidence for change.
real_llama4maverick_50,run_035,aaps.core.sensitivity,aaps,True,autosens_enabled=false; dynamic_sensitivity_enabled=true; autosens_raises_target=false; autosens_lowers_target=false; dynamic_isf_adjustment_factor_percent=70 %,keep,autosens_enabled=false; dynamic_sensitivity_enabled=true; autosens_raises_target=false; autosens_lowers_target=false; dynamic_isf_adjustment_factor_percent=70 %,No strong evidence for change.
real_llama4maverick_50,run_035,aaps.core.carb_absorption,aaps,True,min_5m_carbimpact=8 mg/dL/5 min; meal_max_absorption_hours=7 h,keep,min_5m_carbimpact=8 mg/dL/5 min; meal_max_absorption_hours=7 h,No strong evidence for change.
real_llama4maverick_50,run_036,profile.basal.00_00,profile,True,0.6 U/h,keep,0.6 U/h,Basal rate seems appropriate. Evidence: basal segment setting. Uncertainty: Low. Dependencies: basal_targets.
real_llama4maverick_50,run_036,profile.basal.05_00,profile,True,0.7 U/h,keep,0.7 U/h,Basal rate seems appropriate. Evidence: basal segment setting. Uncertainty: Low. Dependencies: basal_targets.
real_llama4maverick_50,run_036,profile.basal.06_00,profile,True,0.8 U/h,keep,0.8 U/h,Basal rate seems appropriate. Evidence: basal segment setting. Uncertainty: Low. Dependencies: basal_targets.
real_llama4maverick_50,run_036,profile.basal.10_00,profile,True,0.7 U/h,keep,0.7 U/h,Basal rate seems appropriate. Evidence: basal segment setting. Uncertainty: Low. Dependencies: basal_targets.
real_llama4maverick_50,run_036,profile.basal.16_00,profile,True,0.5 U/h,keep,0.5 U/h,Basal rate seems appropriate. Evidence: basal segment setting. Uncertainty: Low. Dependencies: basal_targets.
real_llama4maverick_50,run_036,profile.basal.18_00,profile,True,0.6 U/h,keep,0.6 U/h,Basal rate seems appropriate. Evidence: basal segment setting. Uncertainty: Low. Dependencies: basal_targets.
real_llama4maverick_50,run_036,profile.basal.19_00,profile,True,0.7 U/h,keep,0.7 U/h,Basal rate seems appropriate. Evidence: basal segment setting. Uncertainty: Low. Dependencies: basal_targets.
real_llama4maverick_50,run_036,profile.cr.00_00,profile,True,13 g/U,keep,13 g/U,CR setting seems appropriate. Evidence: CR segment setting. Uncertainty: Low. Dependencies: profile_cr_isf_dia.
real_llama4maverick_50,run_036,profile.cr.04_00,profile,True,11.1 g/U,keep,11.1 g/U,CR setting seems appropriate. Evidence: CR segment setting. Uncertainty: Low. Dependencies: profile_cr_isf_dia.
real_llama4maverick_50,run_036,profile.cr.08_00,profile,True,13.2 g/U,keep,13.2 g/U,CR setting seems appropriate. Evidence: CR segment setting. Uncertainty: Low. Dependencies: profile_cr_isf_dia.
real_llama4maverick_50,run_036,profile.cr.16_00,profile,True,10.5 g/U,keep,10.5 g/U,CR setting seems appropriate. Evidence: CR segment setting. Uncertainty: Low. Dependencies: profile_cr_isf_dia.
real_llama4maverick_50,run_036,profile.cr.20_00,profile,True,12.6 g/U,keep,12.6 g/U,CR setting seems appropriate. Evidence: CR segment setting. Uncertainty: Low. Dependencies: profile_cr_isf_dia.
real_llama4maverick_50,run_036,profile.dia,profile,True,10 h,keep,10 h,DIA setting seems appropriate. Evidence: DIA setting. Uncertainty: Low. Dependencies: profile_cr_isf_dia.
real_llama4maverick_50,run_036,profile.isf.00_00,profile,True,56 mg/dL/U,keep,56 mg/dL/U,ISF setting seems appropriate. Evidence: ISF segment setting. Uncertainty: Low. Dependencies: profile_cr_isf_dia.
real_llama4maverick_50,run_036,profile.target.00_00,profile,True,90 mg/dL,keep,90 mg/dL,Target setting seems appropriate. Evidence: target segment setting. Uncertainty: Low. Dependencies: basal_targets.
real_llama4maverick_50,run_036,profile.target.08_00,profile,True,100 mg/dL,keep,100 mg/dL,Target setting seems appropriate. Evidence: target segment setting. Uncertainty: Low. Dependencies: basal_targets.
real_llama4maverick_50,run_036,profile.target.23_00,profile,True,90 mg/dL,keep,90 mg/dL,Target setting seems appropriate. Evidence: target segment setting. Uncertainty: Low. Dependencies: basal_targets.
real_llama4maverick_50,run_036,aaps.core.smb_uam,aaps,True,smb_enabled=true; uam_enabled=true,keep,smb_enabled=true; uam_enabled=true,SMB and UAM settings seem appropriate. Evidence: SMB/UAM settings. Uncertainty: Medium. Dependencies: automation_smb_uam.
real_llama4maverick_50,run_036,aaps.core.smb_activation,aaps,True,smb_always_enabled=true; smb_with_cob_enabled=false; smb_after_carbs_enabled=false; smb_with_temp_target_enabled=true; smb_with_high_temp_target_enabled=false,keep,smb_always_enabled=true; smb_with_cob_enabled=false; smb_after_carbs_enabled=false; smb_with_temp_target_enabled=true; smb_with_high_temp_target_enabled=false,SMB activation conditions seem appropriate. Evidence: SMB activation settings. Uncertainty: Medium. Dependencies: automation_smb_uam.
real_llama4maverick_50,run_036,aaps.core.smb_delivery,aaps,True,smb_interval_minutes=3 min; max_smb_basal_minutes=15 min; max_uam_smb_basal_minutes=20 min,keep,smb_interval_minutes=3 min; max_smb_basal_minutes=15 min; max_uam_smb_basal_minutes=20 min,SMB delivery settings seem appropriate. Evidence: SMB delivery settings. Uncertainty: Medium. Dependencies: automation_smb_uam.
real_llama4maverick_50,run_036,aaps.core.safety_limits,aaps,True,max_basal_u_per_hour=12 U/h; max_iob_units=25 U,change,max_basal_u_per_hour=12 U/h; max_iob_units=15 U,High max IOB poses a risk of excessive insulin dosing. Evidence: max IOB setting. Uncertainty: High. Dependencies: automation_sensitivity_limits.
real_llama4maverick_50,run_036,aaps.core.sensitivity,aaps,True,autosens_enabled=false; dynamic_sensitivity_enabled=true; autosens_raises_target=false; autosens_lowers_target=false; dynamic_isf_adjustment_factor_percent=70 %,keep,autosens_enabled=false; dynamic_sensitivity_enabled=true; autosens_raises_target=false; autosens_lowers_target=false; dynamic_isf_adjustment_factor_percent=70 %,Autosens and Dynamic ISF settings seem appropriate. Evidence: Autosens and Dynamic ISF settings. Uncertainty: Medium. Dependencies: automation_sensitivity_limits.
real_llama4maverick_50,run_036,aaps.core.carb_absorption,aaps,True,min_5m_carbimpact=8 mg/dL/5 min; meal_max_absorption_hours=7 h,keep,min_5m_carbimpact=8 mg/dL/5 min; meal_max_absorption_hours=7 h,Carb absorption settings seem appropriate. Evidence: carb absorption settings. Uncertainty: Low. Dependencies: meal_ecarbs_absorption.
real_llama4maverick_50,run_037,profile.basal.00_00,profile,True,0.6 U/h,keep,0.6 U/h,Basal rate is generally appropriate.
real_llama4maverick_50,run_037,profile.basal.05_00,profile,True,0.7 U/h,keep,0.7 U/h,Basal rate is generally appropriate.
real_llama4maverick_50,run_037,profile.basal.06_00,profile,True,0.8 U/h,keep,0.8 U/h,Basal rate is generally appropriate.
real_llama4maverick_50,run_037,profile.basal.10_00,profile,True,0.7 U/h,keep,0.7 U/h,Basal rate is generally appropriate.
real_llama4maverick_50,run_037,profile.basal.16_00,profile,True,0.5 U/h,keep,0.5 U/h,Basal rate is generally appropriate.
real_llama4maverick_50,run_037,profile.basal.18_00,profile,True,0.6 U/h,keep,0.6 U/h,Basal rate is generally appropriate.
real_llama4maverick_50,run_037,profile.basal.19_00,profile,True,0.7 U/h,keep,0.7 U/h,Basal rate is generally appropriate.
real_llama4maverick_50,run_037,profile.cr.00_00,profile,True,13 g/U,keep,13 g/U,CR is generally appropriate.
real_llama4maverick_50,run_037,profile.cr.04_00,profile,True,11.1 g/U,keep,11.1 g/U,CR is generally appropriate.
real_llama4maverick_50,run_037,profile.cr.08_00,profile,True,13.2 g/U,keep,13.2 g/U,CR is generally appropriate.
real_llama4maverick_50,run_037,profile.cr.16_00,profile,True,10.5 g/U,keep,10.5 g/U,CR is generally appropriate.
real_llama4maverick_50,run_037,profile.cr.20_00,profile,True,12.6 g/U,keep,12.6 g/U,CR is generally appropriate.
real_llama4maverick_50,run_037,profile.dia,profile,True,10 h,keep,10 h,DIA is generally appropriate.
real_llama4maverick_50,run_037,profile.isf.00_00,profile,True,56 mg/dL/U,keep,56 mg/dL/U,ISF is generally appropriate.
real_llama4maverick_50,run_037,profile.target.00_00,profile,True,90 mg/dL,keep,90 mg/dL,Target is generally appropriate.
real_llama4maverick_50,run_037,profile.target.08_00,profile,True,100 mg/dL,keep,100 mg/dL,Target is generally appropriate.
real_llama4maverick_50,run_037,profile.target.23_00,profile,True,90 mg/dL,keep,90 mg/dL,Target is generally appropriate.
real_llama4maverick_50,run_037,aaps.core.carb_absorption,aaps,True,min_5m_carbimpact=8 mg/dL/5 min; meal_max_absorption_hours=7 h,keep,min_5m_carbimpact=8 mg/dL/5 min; meal_max_absorption_hours=7 h,Carb absorption model is generally appropriate.
real_llama4maverick_50,run_037,aaps.core.sensitivity,aaps,True,autosens_enabled=false; dynamic_sensitivity_enabled=true; autosens_raises_target=false; autosens_lowers_target=false; dynamic_isf_adjustment_factor_percent=70 %,keep,autosens_enabled=false; dynamic_sensitivity_enabled=true; autosens_raises_target=false; autosens_lowers_target=false; dynamic_isf_adjustment_factor_percent=70 %,Sensitivity settings are generally appropriate.
real_llama4maverick_50,run_037,aaps.core.smb_activation,aaps,True,smb_always_enabled=true; smb_with_cob_enabled=false; smb_after_carbs_enabled=false; smb_with_temp_target_enabled=true; smb_with_high_temp_target_enabled=false,keep,smb_always_enabled=true; smb_with_cob_enabled=false; smb_after_carbs_enabled=false; smb_with_temp_target_enabled=true; smb_with_high_temp_target_enabled=false,SMB activation conditions are generally appropriate.
real_llama4maverick_50,run_037,aaps.core.smb_delivery,aaps,True,smb_interval_minutes=3 min; max_smb_basal_minutes=15 min; max_uam_smb_basal_minutes=20 min,keep,smb_interval_minutes=3 min; max_smb_basal_minutes=15 min; max_uam_smb_basal_minutes=20 min,SMB delivery settings are generally appropriate.
real_llama4maverick_50,run_037,aaps.core.smb_uam,aaps,True,smb_enabled=true; uam_enabled=true,keep,smb_enabled=true; uam_enabled=true,SMB/UAM settings are generally appropriate.
real_llama4maverick_50,run_037,aaps.core.safety_limits,aaps,True,max_basal_u_per_hour=12 U/h; max_iob_units=25 U,change,"{""max_iob_units"": 15}",High max IOB may contribute to hypoglycemia risk.
real_llama4maverick_50,run_038,profile.basal.00_00,profile,True,0.6 U/h,change,0.65 U/h,"Glucose variability, evidence from basal_targets analysis."
real_llama4maverick_50,run_038,profile.basal.05_00,profile,True,0.7 U/h,keep,0.7 U/h,No strong evidence for change.
real_llama4maverick_50,run_038,profile.basal.06_00,profile,True,0.8 U/h,keep,0.8 U/h,No strong evidence for change.
real_llama4maverick_50,run_038,profile.basal.10_00,profile,True,0.7 U/h,keep,0.7 U/h,No strong evidence for change.
real_llama4maverick_50,run_038,profile.basal.16_00,profile,True,0.5 U/h,keep,0.5 U/h,No strong evidence for change.
real_llama4maverick_50,run_038,profile.basal.18_00,profile,True,0.6 U/h,keep,0.6 U/h,No strong evidence for change.
real_llama4maverick_50,run_038,profile.basal.19_00,profile,True,0.7 U/h,keep,0.7 U/h,No strong evidence for change.
real_llama4maverick_50,run_038,profile.cr.00_00,profile,True,13 g/U,keep,13 g/U,No strong evidence for change.
real_llama4maverick_50,run_038,profile.cr.04_00,profile,True,11.1 g/U,keep,11.1 g/U,No strong evidence for change.
real_llama4maverick_50,run_038,profile.cr.08_00,profile,True,13.2 g/U,keep,13.2 g/U,No strong evidence for change.
real_llama4maverick_50,run_038,profile.cr.16_00,profile,True,10.5 g/U,keep,10.5 g/U,No strong evidence for change.
real_llama4maverick_50,run_038,profile.cr.20_00,profile,True,12.6 g/U,keep,12.6 g/U,No strong evidence for change.
real_llama4maverick_50,run_038,profile.isf.00_00,profile,True,56 mg/dL/U,keep,56 mg/dL/U,No strong evidence for change.
real_llama4maverick_50,run_038,profile.target.00_00,profile,True,90 mg/dL,keep,90 mg/dL,No strong evidence for change.
real_llama4maverick_50,run_038,profile.target.08_00,profile,True,100 mg/dL,keep,100 mg/dL,No strong evidence for change.
real_llama4maverick_50,run_038,profile.target.23_00,profile,True,90 mg/dL,keep,90 mg/dL,No strong evidence for change.
real_llama4maverick_50,run_038,profile.dia,profile,True,10 h,keep,10 h,No strong evidence for change.
real_llama4maverick_50,run_038,aaps.core.smb_uam,aaps,True,smb_enabled=true; uam_enabled=true,keep,smb_enabled=true; uam_enabled=true,SMB/UAM settings are generally appropriate.
real_llama4maverick_50,run_038,aaps.core.smb_activation,aaps,True,smb_always_enabled=true; smb_with_cob_enabled=false; smb_after_carbs_enabled=false; smb_with_temp_target_enabled=true; smb_with_high_temp_target_enabled=false,keep,smb_always_enabled=true; smb_with_cob_enabled=false; smb_after_carbs_enabled=false; smb_with_temp_target_enabled=true; smb_with_high_temp_target_enabled=false,Activation conditions are reasonable.
real_llama4maverick_50,run_038,aaps.core.smb_delivery,aaps,True,smb_interval_minutes=3 min; max_smb_basal_minutes=15 min; max_uam_smb_basal_minutes=20 min,keep,smb_interval_minutes=3 min; max_smb_basal_minutes=15 min; max_uam_smb_basal_minutes=20 min,Settings are generally appropriate.
real_llama4maverick_50,run_038,aaps.core.safety_limits,aaps,True,max_basal_u_per_hour=12 U/h; max_iob_units=25 U,keep,max_basal_u_per_hour=12 U/h; max_iob_units=25 U,High but within reasonable bounds.
real_llama4maverick_50,run_038,aaps.core.sensitivity,aaps,True,autosens_enabled=false; dynamic_sensitivity_enabled=true; autosens_raises_target=false; autosens_lowers_target=false; dynamic_isf_adjustment_factor_percent=70 %,keep,autosens_enabled=false; dynamic_sensitivity_enabled=true; autosens_raises_target=false; autosens_lowers_target=false; dynamic_isf_adjustment_factor_percent=70 %,Dynamic ISF is enabled and reasonable.
real_llama4maverick_50,run_038,aaps.core.carb_absorption,aaps,True,min_5m_carbimpact=8 mg/dL/5 min; meal_max_absorption_hours=7 h,keep,min_5m_carbimpact=8 mg/dL/5 min; meal_max_absorption_hours=7 h,No meal data to assess carb absorption.
real_llama4maverick_50,run_039,profile.basal.00_00,profile,True,0.6 U/h,change,0.65 U/h,Glucose patterns indicate a need for a slight increase in basal rate.
real_llama4maverick_50,run_039,profile.basal.05_00,profile,True,0.7 U/h,keep,0.7 U/h,No strong evidence to change this basal rate.
real_llama4maverick_50,run_039,profile.basal.06_00,profile,True,0.8 U/h,keep,0.8 U/h,No strong evidence to change this basal rate.
real_llama4maverick_50,run_039,profile.basal.10_00,profile,True,0.7 U/h,keep,0.7 U/h,No strong evidence to change this basal rate.
real_llama4maverick_50,run_039,profile.basal.16_00,profile,True,0.5 U/h,keep,0.5 U/h,No strong evidence to change this basal rate.
real_llama4maverick_50,run_039,profile.basal.18_00,profile,True,0.6 U/h,keep,0.6 U/h,No strong evidence to change this basal rate.
real_llama4maverick_50,run_039,profile.basal.19_00,profile,True,0.7 U/h,keep,0.7 U/h,No strong evidence to change this basal rate.
real_llama4maverick_50,run_039,profile.cr.00_00,profile,True,13 g/U,change,12.5 g/U,Meal effects suggest a potential adjustment in CR.
real_llama4maverick_50,run_039,profile.cr.04_00,profile,True,11.1 g/U,keep,11.1 g/U,No strong evidence to change this CR.
real_llama4maverick_50,run_039,profile.cr.08_00,profile,True,13.2 g/U,keep,13.2 g/U,No strong evidence to change this CR.
real_llama4maverick_50,run_039,profile.cr.16_00,profile,True,10.5 g/U,keep,10.5 g/U,No strong evidence to change this CR.
real_llama4maverick_50,run_039,profile.cr.20_00,profile,True,12.6 g/U,keep,12.6 g/U,No strong evidence to change this CR.
real_llama4maverick_50,run_039,profile.isf.00_00,profile,True,56 mg/dL/U,keep,56 mg/dL/U,No strong evidence to change ISF.
real_llama4maverick_50,run_039,profile.target.00_00,profile,True,90 mg/dL,keep,90 mg/dL,No strong evidence to change target.
real_llama4maverick_50,run_039,profile.target.08_00,profile,True,100 mg/dL,keep,100 mg/dL,No strong evidence to change target.
real_llama4maverick_50,run_039,profile.target.23_00,profile,True,90 mg/dL,keep,90 mg/dL,No strong evidence to change target.
real_llama4maverick_50,run_039,profile.dia,profile,True,10 h,keep,10 h,DIA seems adequate.
real_llama4maverick_50,run_039,aaps.core.smb_uam,aaps,True,smb_enabled=true; uam_enabled=true,keep,smb_enabled=true; uam_enabled=true,SMB/UAM settings are generally appropriate.
real_llama4maverick_50,run_039,aaps.core.smb_activation,aaps,True,smb_always_enabled=true; smb_with_cob_enabled=false; smb_after_carbs_enabled=false; smb_with_temp_target_enabled=true; smb_with_high_temp_target_enabled=false,keep,smb_always_enabled=true; smb_with_cob_enabled=false; smb_after_carbs_enabled=false; smb_with_temp_target_enabled=true; smb_with_high_temp_target_enabled=false,SMB activation conditions are reasonable.
real_llama4maverick_50,run_039,aaps.core.smb_delivery,aaps,True,smb_interval_minutes=3 min; max_smb_basal_minutes=15 min; max_uam_smb_basal_minutes=20 min,keep,smb_interval_minutes=3 min; max_smb_basal_minutes=15 min; max_uam_smb_basal_minutes=20 min,SMB delivery settings are reasonable.
real_llama4maverick_50,run_039,aaps.core.safety_limits,aaps,True,max_basal_u_per_hour=12 U/h; max_iob_units=25 U,keep,max_basal_u_per_hour=12 U/h; max_iob_units=25 U,Safety limits are high but reasonable.
real_llama4maverick_50,run_039,aaps.core.sensitivity,aaps,True,autosens_enabled=false; dynamic_sensitivity_enabled=true; autosens_raises_target=false; autosens_lowers_target=false; dynamic_isf_adjustment_factor_percent=70 %,keep,autosens_enabled=false; dynamic_sensitivity_enabled=true; autosens_raises_target=false; autosens_lowers_target=false; dynamic_isf_adjustment_factor_percent=70 %,Dynamic ISF is enabled and reasonable.
real_llama4maverick_50,run_039,aaps.core.carb_absorption,aaps,True,min_5m_carbimpact=8 mg/dL/5 min; meal_max_absorption_hours=7 h,keep,min_5m_carbimpact=8 mg/dL/5 min; meal_max_absorption_hours=7 h,Carb absorption settings are reasonable.
real_llama4maverick_50,run_040,profile.basal.00_00,profile,True,0.6 U/h,keep,0.6 U/h,No strong evidence to change.
real_llama4maverick_50,run_040,profile.basal.05_00,profile,True,0.7 U/h,keep,0.7 U/h,No strong evidence to change.
real_llama4maverick_50,run_040,profile.basal.06_00,profile,True,0.8 U/h,keep,0.8 U/h,No strong evidence to change.
real_llama4maverick_50,run_040,profile.basal.10_00,profile,True,0.7 U/h,keep,0.7 U/h,No strong evidence to change.
real_llama4maverick_50,run_040,profile.basal.16_00,profile,True,0.5 U/h,keep,0.5 U/h,No strong evidence to change.
real_llama4maverick_50,run_040,profile.basal.18_00,profile,True,0.6 U/h,keep,0.6 U/h,No strong evidence to change.
real_llama4maverick_50,run_040,profile.basal.19_00,profile,True,0.7 U/h,keep,0.7 U/h,No strong evidence to change.
real_llama4maverick_50,run_040,profile.cr.00_00,profile,True,13 g/U,keep,13 g/U,No strong evidence to change.
real_llama4maverick_50,run_040,profile.cr.04_00,profile,True,11.1 g/U,keep,11.1 g/U,No strong evidence to change.
real_llama4maverick_50,run_040,profile.cr.08_00,profile,True,13.2 g/U,keep,13.2 g/U,No strong evidence to change.
real_llama4maverick_50,run_040,profile.cr.16_00,profile,True,10.5 g/U,keep,10.5 g/U,No strong evidence to change.
real_llama4maverick_50,run_040,profile.cr.20_00,profile,True,12.6 g/U,keep,12.6 g/U,No strong evidence to change.
real_llama4maverick_50,run_040,profile.dia,profile,True,10 h,keep,10 h,No strong evidence to change.
real_llama4maverick_50,run_040,profile.isf.00_00,profile,True,56 mg/dL/U,change,50 mg/dL/U,To improve glucose variability.
real_llama4maverick_50,run_040,profile.target.00_00,profile,True,90 mg/dL,keep,90 mg/dL,No strong evidence to change.
real_llama4maverick_50,run_040,profile.target.08_00,profile,True,100 mg/dL,keep,100 mg/dL,No strong evidence to change.
real_llama4maverick_50,run_040,profile.target.23_00,profile,True,90 mg/dL,keep,90 mg/dL,No strong evidence to change.
real_llama4maverick_50,run_040,aaps.core.smb_uam,aaps,True,smb_enabled=true; uam_enabled=true,keep,smb_enabled=true; uam_enabled=true,No strong evidence to change.
real_llama4maverick_50,run_040,aaps.core.smb_activation,aaps,True,smb_always_enabled=true; smb_with_cob_enabled=false; smb_after_carbs_enabled=false; smb_with_temp_target_enabled=true; smb_with_high_temp_target_enabled=false,keep,smb_always_enabled=true; smb_with_cob_enabled=false; smb_after_carbs_enabled=false; smb_with_temp_target_enabled=true; smb_with_high_temp_target_enabled=false,No strong evidence to change.
real_llama4maverick_50,run_040,aaps.core.smb_delivery,aaps,True,smb_interval_minutes=3 min; max_smb_basal_minutes=15 min; max_uam_smb_basal_minutes=20 min,keep,smb_interval_minutes=3 min; max_smb_basal_minutes=15 min; max_uam_smb_basal_minutes=20 min,No strong evidence to change.
real_llama4maverick_50,run_040,aaps.core.safety_limits,aaps,True,max_basal_u_per_hour=12 U/h; max_iob_units=25 U,change,max_basal_u_per_hour=10 U/h; max_iob_units=25 U,To reduce risk of excessive basal rate.
real_llama4maverick_50,run_040,aaps.core.sensitivity,aaps,True,autosens_enabled=false; dynamic_sensitivity_enabled=true; autosens_raises_target=false; autosens_lowers_target=false; dynamic_isf_adjustment_factor_percent=70 %,keep,autosens_enabled=false; dynamic_sensitivity_enabled=true; autosens_raises_target=false; autosens_lowers_target=false; dynamic_isf_adjustment_factor_percent=70 %,No strong evidence to change.
real_llama4maverick_50,run_040,aaps.core.carb_absorption,aaps,True,min_5m_carbimpact=8 mg/dL/5 min; meal_max_absorption_hours=7 h,keep,min_5m_carbimpact=8 mg/dL/5 min; meal_max_absorption_hours=7 h,No strong evidence to change.
real_llama4maverick_50,run_041,profile.basal.00_00,profile,True,0.6 U/h,keep,0.6 U/h,Basal rate is generally appropriate.
real_llama4maverick_50,run_041,profile.basal.05_00,profile,True,0.7 U/h,keep,0.7 U/h,Basal rate is generally appropriate.
real_llama4maverick_50,run_041,profile.basal.06_00,profile,True,0.8 U/h,keep,0.8 U/h,Basal rate is generally appropriate.
real_llama4maverick_50,run_041,profile.basal.10_00,profile,True,0.7 U/h,keep,0.7 U/h,Basal rate is generally appropriate.
real_llama4maverick_50,run_041,profile.basal.16_00,profile,True,0.5 U/h,keep,0.5 U/h,Basal rate is generally appropriate.
real_llama4maverick_50,run_041,profile.basal.18_00,profile,True,0.6 U/h,keep,0.6 U/h,Basal rate is generally appropriate.
real_llama4maverick_50,run_041,profile.basal.19_00,profile,True,0.7 U/h,keep,0.7 U/h,Basal rate is generally appropriate.
real_llama4maverick_50,run_041,profile.cr.00_00,profile,True,13 g/U,keep,13 g/U,CR is generally appropriate.
real_llama4maverick_50,run_041,profile.cr.04_00,profile,True,11.1 g/U,keep,11.1 g/U,CR is generally appropriate.
real_llama4maverick_50,run_041,profile.cr.08_00,profile,True,13.2 g/U,keep,13.2 g/U,CR is generally appropriate.
real_llama4maverick_50,run_041,profile.cr.16_00,profile,True,10.5 g/U,keep,10.5 g/U,CR is generally appropriate.
real_llama4maverick_50,run_041,profile.cr.20_00,profile,True,12.6 g/U,keep,12.6 g/U,CR is generally appropriate.
real_llama4maverick_50,run_041,profile.isf.00_00,profile,True,56 mg/dL/U,keep,56 mg/dL/U,ISF is generally appropriate.
real_llama4maverick_50,run_041,profile.target.00_00,profile,True,90 mg/dL,keep,90 mg/dL,Target is generally appropriate.
real_llama4maverick_50,run_041,profile.target.08_00,profile,True,100 mg/dL,keep,100 mg/dL,Target is generally appropriate.
real_llama4maverick_50,run_041,profile.target.23_00,profile,True,90 mg/dL,keep,90 mg/dL,Target is generally appropriate.
real_llama4maverick_50,run_041,profile.dia,profile,True,10 h,keep,10 h,DIA is generally appropriate.
real_llama4maverick_50,run_041,aaps.core.smb_uam,aaps,True,smb_enabled=true; uam_enabled=true,keep,smb_enabled=true; uam_enabled=true,SMB/UAM settings are generally appropriate.
real_llama4maverick_50,run_041,aaps.core.smb_activation,aaps,True,smb_always_enabled=true; smb_with_cob_enabled=false; smb_after_carbs_enabled=false; smb_with_temp_target_enabled=true; smb_with_high_temp_target_enabled=false,keep,smb_always_enabled=true; smb_with_cob_enabled=false; smb_after_carbs_enabled=false; smb_with_temp_target_enabled=true; smb_with_high_temp_target_enabled=false,SMB activation conditions are generally appropriate.
real_llama4maverick_50,run_041,aaps.core.smb_delivery,aaps,True,smb_interval_minutes=3 min; max_smb_basal_minutes=15 min; max_uam_smb_basal_minutes=20 min,keep,smb_interval_minutes=3 min; max_smb_basal_minutes=15 min; max_uam_smb_basal_minutes=20 min,SMB delivery settings are generally appropriate.
real_llama4maverick_50,run_041,aaps.core.safety_limits,aaps,True,max_basal_u_per_hour=12 U/h; max_iob_units=25 U,change,max_basal_u_per_hour=12 U/h; max_iob_units=15 U,High max IOB could pose a risk; consider lowering it to 15 U.
real_llama4maverick_50,run_041,aaps.core.sensitivity,aaps,True,autosens_enabled=false; dynamic_sensitivity_enabled=true; autosens_raises_target=false; autosens_lowers_target=false; dynamic_isf_adjustment_factor_percent=70 %,keep,autosens_enabled=false; dynamic_sensitivity_enabled=true; autosens_raises_target=false; autosens_lowers_target=false; dynamic_isf_adjustment_factor_percent=70 %,Dynamic ISF is generally appropriate.
real_llama4maverick_50,run_041,aaps.core.carb_absorption,aaps,True,min_5m_carbimpact=8 mg/dL/5 min; meal_max_absorption_hours=7 h,keep,min_5m_carbimpact=8 mg/dL/5 min; meal_max_absorption_hours=7 h,Carb absorption model settings are generally appropriate.
real_llama4maverick_50,run_042,profile.basal.00_00,profile,True,0.6 U/h,keep,0.6 U/h,Basal rate seems appropriate; evidence from basal targets analysis.
real_llama4maverick_50,run_042,profile.basal.05_00,profile,True,0.7 U/h,keep,0.7 U/h,Basal rate is part of the profile and seems appropriate.
real_llama4maverick_50,run_042,profile.basal.06_00,profile,True,0.8 U/h,keep,0.8 U/h,Basal rate is part of the profile and seems appropriate.
real_llama4maverick_50,run_042,profile.basal.10_00,profile,True,0.7 U/h,keep,0.7 U/h,Basal rate is part of the profile and seems appropriate.
real_llama4maverick_50,run_042,profile.basal.16_00,profile,True,0.5 U/h,keep,0.5 U/h,Basal rate is part of the profile and seems appropriate.
real_llama4maverick_50,run_042,profile.basal.18_00,profile,True,0.6 U/h,keep,0.6 U/h,Basal rate is part of the profile and seems appropriate.
real_llama4maverick_50,run_042,profile.basal.19_00,profile,True,0.7 U/h,keep,0.7 U/h,Basal rate is part of the profile and seems appropriate.
real_llama4maverick_50,run_042,profile.cr.00_00,profile,True,13 g/U,keep,13 g/U,CR setting is part of the profile and seems reasonable.
real_llama4maverick_50,run_042,profile.cr.04_00,profile,True,11.1 g/U,keep,11.1 g/U,CR setting is part of the profile and seems reasonable.
real_llama4maverick_50,run_042,profile.cr.08_00,profile,True,13.2 g/U,keep,13.2 g/U,CR setting is part of the profile and seems reasonable.
real_llama4maverick_50,run_042,profile.cr.16_00,profile,True,10.5 g/U,keep,10.5 g/U,CR setting is part of the profile and seems reasonable.
real_llama4maverick_50,run_042,profile.cr.20_00,profile,True,12.6 g/U,keep,12.6 g/U,CR setting is part of the profile and seems reasonable.
real_llama4maverick_50,run_042,profile.dia,profile,True,10 h,keep,10 h,DIA setting is part of the profile and seems reasonable.
real_llama4maverick_50,run_042,profile.isf.00_00,profile,True,56 mg/dL/U,keep,56 mg/dL/U,ISF setting is part of the profile and seems reasonable.
real_llama4maverick_50,run_042,profile.target.00_00,profile,True,90 mg/dL,keep,90 mg/dL,Target is part of the profile and seems appropriate.
real_llama4maverick_50,run_042,profile.target.08_00,profile,True,100 mg/dL,keep,100 mg/dL,Target is part of the profile and seems appropriate.
real_llama4maverick_50,run_042,profile.target.23_00,profile,True,90 mg/dL,keep,90 mg/dL,Target is part of the profile and seems appropriate.
real_llama4maverick_50,run_042,aaps.core.smb_uam,aaps,True,smb_enabled=true; uam_enabled=true,keep,smb_enabled=true; uam_enabled=true,SMB/UAM settings are part of the configuration and seem appropriate.
real_llama4maverick_50,run_042,aaps.core.smb_activation,aaps,True,smb_always_enabled=true; smb_with_cob_enabled=false; smb_after_carbs_enabled=false; smb_with_temp_target_enabled=true; smb_with_high_temp_target_enabled=false,keep,smb_always_enabled=true; smb_with_cob_enabled=false; smb_after_carbs_enabled=false; smb_with_temp_target_enabled=true; smb_with_high_temp_target_enabled=false,SMB activation conditions are part of the configuration and seem appropriate.
real_llama4maverick_50,run_042,aaps.core.smb_delivery,aaps,True,smb_interval_minutes=3 min; max_smb_basal_minutes=15 min; max_uam_smb_basal_minutes=20 min,keep,smb_interval_minutes=3 min; max_smb_basal_minutes=15 min; max_uam_smb_basal_minutes=20 min,SMB delivery settings are part of the configuration and seem appropriate.
real_llama4maverick_50,run_042,aaps.core.safety_limits,aaps,True,max_basal_u_per_hour=12 U/h; max_iob_units=25 U,change,max_basal_u_per_hour=12 U/h; max_iob_units=15 U,High max IOB poses a risk; reducing it to 15 U is safer.
real_llama4maverick_50,run_042,aaps.core.sensitivity,aaps,True,autosens_enabled=false; dynamic_sensitivity_enabled=true; autosens_raises_target=false; autosens_lowers_target=false; dynamic_isf_adjustment_factor_percent=70 %,keep,autosens_enabled=false; dynamic_sensitivity_enabled=true; autosens_raises_target=false; autosens_lowers_target=false; dynamic_isf_adjustment_factor_percent=70 %,Autosens and Dynamic ISF settings are part of the configuration and seem appropriate.
real_llama4maverick_50,run_042,aaps.core.carb_absorption,aaps,True,min_5m_carbimpact=8 mg/dL/5 min; meal_max_absorption_hours=7 h,keep,min_5m_carbimpact=8 mg/dL/5 min; meal_max_absorption_hours=7 h,Carb absorption model settings are part of the configuration and seem reasonable.
real_llama4maverick_50,run_043,profile.basal.00_00,profile,True,0.6 U/h,change,0.65 U/h,"Evidence from glucose patterns, uncertainty due to limited meal data, dependencies on basal_targets and safety_overview."
real_llama4maverick_50,run_043,profile.basal.05_00,profile,True,0.7 U/h,keep,0.7 U/h,"No strong evidence for change, dependencies on basal_targets."
real_llama4maverick_50,run_043,profile.basal.06_00,profile,True,0.8 U/h,keep,0.8 U/h,"No strong evidence for change, dependencies on basal_targets."
real_llama4maverick_50,run_043,profile.basal.10_00,profile,True,0.7 U/h,keep,0.7 U/h,"No strong evidence for change, dependencies on basal_targets."
real_llama4maverick_50,run_043,profile.basal.16_00,profile,True,0.5 U/h,keep,0.5 U/h,"No strong evidence for change, dependencies on basal_targets."
real_llama4maverick_50,run_043,profile.basal.18_00,profile,True,0.6 U/h,keep,0.6 U/h,"No strong evidence for change, dependencies on basal_targets."
real_llama4maverick_50,run_043,profile.basal.19_00,profile,True,0.7 U/h,keep,0.7 U/h,"No strong evidence for change, dependencies on basal_targets."
real_llama4maverick_50,run_043,profile.cr.00_00,profile,True,13 g/U,keep,13 g/U,"No strong evidence for change, dependencies on profile_cr_isf_dia."
real_llama4maverick_50,run_043,profile.cr.04_00,profile,True,11.1 g/U,keep,11.1 g/U,"No strong evidence for change, dependencies on profile_cr_isf_dia."
real_llama4maverick_50,run_043,profile.cr.08_00,profile,True,13.2 g/U,keep,13.2 g/U,"No strong evidence for change, dependencies on profile_cr_isf_dia."
real_llama4maverick_50,run_043,profile.cr.16_00,profile,True,10.5 g/U,keep,10.5 g/U,"No strong evidence for change, dependencies on profile_cr_isf_dia."
real_llama4maverick_50,run_043,profile.cr.20_00,profile,True,12.6 g/U,keep,12.6 g/U,"No strong evidence for change, dependencies on profile_cr_isf_dia."
real_llama4maverick_50,run_043,profile.isf.00_00,profile,True,56 mg/dL/U,change,55 mg/dL/U,"Evidence from glucose variability and correction bolus responses, dependencies on profile_cr_isf_dia."
real_llama4maverick_50,run_043,profile.target.00_00,profile,True,90 mg/dL,keep,90 mg/dL,"No strong evidence for change, dependencies on basal_targets."
real_llama4maverick_50,run_043,profile.target.08_00,profile,True,100 mg/dL,keep,100 mg/dL,"No strong evidence for change, dependencies on basal_targets."
real_llama4maverick_50,run_043,profile.target.23_00,profile,True,90 mg/dL,keep,90 mg/dL,"No strong evidence for change, dependencies on basal_targets."
real_llama4maverick_50,run_043,profile.dia,profile,True,10 h,keep,10 h,"No strong evidence for change, dependencies on profile_cr_isf_dia."
real_llama4maverick_50,run_043,aaps.core.smb_uam,aaps,True,smb_enabled=true; uam_enabled=true,keep,smb_enabled=true; uam_enabled=true,"No strong evidence for change, dependencies on automation_smb_uam."
real_llama4maverick_50,run_043,aaps.core.smb_activation,aaps,True,smb_always_enabled=true; smb_with_cob_enabled=false; smb_after_carbs_enabled=false; smb_with_temp_target_enabled=true; smb_with_high_temp_target_enabled=false,keep,smb_always_enabled=true; smb_with_cob_enabled=false; smb_after_carbs_enabled=false; smb_with_temp_target_enabled=true; smb_with_high_temp_target_enabled=false,"No strong evidence for change, dependencies on automation_smb_uam."
real_llama4maverick_50,run_043,aaps.core.smb_delivery,aaps,True,smb_interval_minutes=3 min; max_smb_basal_minutes=15 min; max_uam_smb_basal_minutes=20 min,keep,smb_interval_minutes=3 min; max_smb_basal_minutes=15 min; max_uam_smb_basal_minutes=20 min,"No strong evidence for change, dependencies on automation_smb_uam."
real_llama4maverick_50,run_043,aaps.core.safety_limits,aaps,True,max_basal_u_per_hour=12 U/h; max_iob_units=25 U,keep,max_basal_u_per_hour=12 U/h; max_iob_units=25 U,"No strong evidence for change, dependencies on automation_sensitivity_limits."
real_llama4maverick_50,run_043,aaps.core.sensitivity,aaps,True,autosens_enabled=false; dynamic_sensitivity_enabled=true; autosens_raises_target=false; autosens_lowers_target=false; dynamic_isf_adjustment_factor_percent=70 %,keep,autosens_enabled=false; dynamic_sensitivity_enabled=true; autosens_raises_target=false; autosens_lowers_target=false; dynamic_isf_adjustment_factor_percent=70 %,"No strong evidence for change, dependencies on automation_sensitivity_limits."
real_llama4maverick_50,run_043,aaps.core.carb_absorption,aaps,True,min_5m_carbimpact=8 mg/dL/5 min; meal_max_absorption_hours=7 h,keep,min_5m_carbimpact=8 mg/dL/5 min; meal_max_absorption_hours=7 h,"No strong evidence for change, dependencies on meal_ecarbs_absorption."
real_llama4maverick_50,run_044,profile.basal.00_00,profile,True,0.6 U/h,change,0.65 U/h,"Evidence of glucose variability, dependencies on safety_overview and basal_targets."
real_llama4maverick_50,run_044,profile.basal.05_00,profile,True,0.7 U/h,keep,0.7 U/h,No strong evidence to change.
real_llama4maverick_50,run_044,profile.basal.06_00,profile,True,0.8 U/h,keep,0.8 U/h,No strong evidence to change.
real_llama4maverick_50,run_044,profile.basal.10_00,profile,True,0.7 U/h,keep,0.7 U/h,No strong evidence to change.
real_llama4maverick_50,run_044,profile.basal.16_00,profile,True,0.5 U/h,keep,0.5 U/h,No strong evidence to change.
real_llama4maverick_50,run_044,profile.basal.18_00,profile,True,0.6 U/h,keep,0.6 U/h,No strong evidence to change.
real_llama4maverick_50,run_044,profile.basal.19_00,profile,True,0.7 U/h,keep,0.7 U/h,No strong evidence to change.
real_llama4maverick_50,run_044,profile.cr.00_00,profile,True,13 g/U,keep,13 g/U,No strong evidence to change.
real_llama4maverick_50,run_044,profile.cr.04_00,profile,True,11.1 g/U,keep,11.1 g/U,No strong evidence to change.
real_llama4maverick_50,run_044,profile.cr.08_00,profile,True,13.2 g/U,keep,13.2 g/U,No strong evidence to change.
real_llama4maverick_50,run_044,profile.cr.16_00,profile,True,10.5 g/U,keep,10.5 g/U,No strong evidence to change.
real_llama4maverick_50,run_044,profile.cr.20_00,profile,True,12.6 g/U,keep,12.6 g/U,No strong evidence to change.
real_llama4maverick_50,run_044,profile.isf.00_00,profile,True,56 mg/dL/U,keep,56 mg/dL/U,No strong evidence to change.
real_llama4maverick_50,run_044,profile.target.00_00,profile,True,90 mg/dL,keep,90 mg/dL,No strong evidence to change.
real_llama4maverick_50,run_044,profile.target.08_00,profile,True,100 mg/dL,keep,100 mg/dL,No strong evidence to change.
real_llama4maverick_50,run_044,profile.target.23_00,profile,True,90 mg/dL,keep,90 mg/dL,No strong evidence to change.
real_llama4maverick_50,run_044,profile.dia,profile,True,10 h,keep,10 h,No strong evidence to change.
real_llama4maverick_50,run_044,aaps.core.smb_uam,aaps,True,smb_enabled=true; uam_enabled=true,keep,smb_enabled=true; uam_enabled=true,SMB/UAM is appropriately enabled.
real_llama4maverick_50,run_044,aaps.core.smb_activation,aaps,True,smb_always_enabled=true; smb_with_cob_enabled=false; smb_after_carbs_enabled=false; smb_with_temp_target_enabled=true; smb_with_high_temp_target_enabled=false,keep,smb_always_enabled=true; smb_with_cob_enabled=false; smb_after_carbs_enabled=false; smb_with_temp_target_enabled=true; smb_with_high_temp_target_enabled=false,Activation conditions are appropriate.
real_llama4maverick_50,run_044,aaps.core.smb_delivery,aaps,True,smb_interval_minutes=3 min; max_smb_basal_minutes=15 min; max_uam_smb_basal_minutes=20 min,keep,smb_interval_minutes=3 min; max_smb_basal_minutes=15 min; max_uam_smb_basal_minutes=20 min,Settings are appropriate for SMB delivery.
real_llama4maverick_50,run_044,aaps.core.safety_limits,aaps,True,max_basal_u_per_hour=12 U/h; max_iob_units=25 U,keep,max_basal_u_per_hour=12 U/h; max_iob_units=25 U,Safety limits are set high but not changed.
real_llama4maverick_50,run_044,aaps.core.sensitivity,aaps,True,autosens_enabled=false; dynamic_sensitivity_enabled=true; autosens_raises_target=false; autosens_lowers_target=false; dynamic_isf_adjustment_factor_percent=70 %,keep,autosens_enabled=false; dynamic_sensitivity_enabled=true; autosens_raises_target=false; autosens_lowers_target=false; dynamic_isf_adjustment_factor_percent=70 %,Dynamic ISF is appropriately enabled.
real_llama4maverick_50,run_044,aaps.core.carb_absorption,aaps,True,min_5m_carbimpact=8 mg/dL/5 min; meal_max_absorption_hours=7 h,keep,min_5m_carbimpact=8 mg/dL/5 min; meal_max_absorption_hours=7 h,No carb entries to assess absorption.
real_llama4maverick_50,run_045,profile.basal.00_00,profile,True,0.6 U/h,keep,0.6 U/h,Current basal rate is appropriate.
real_llama4maverick_50,run_045,profile.basal.05_00,profile,True,0.7 U/h,keep,0.7 U/h,Current basal rate is appropriate.
real_llama4maverick_50,run_045,profile.basal.06_00,profile,True,0.8 U/h,keep,0.8 U/h,Current basal rate is appropriate.
real_llama4maverick_50,run_045,profile.basal.10_00,profile,True,0.7 U/h,keep,0.7 U/h,Current basal rate is appropriate.
real_llama4maverick_50,run_045,profile.basal.16_00,profile,True,0.5 U/h,keep,0.5 U/h,Current basal rate is appropriate.
real_llama4maverick_50,run_045,profile.basal.18_00,profile,True,0.6 U/h,keep,0.6 U/h,Current basal rate is appropriate.
real_llama4maverick_50,run_045,profile.basal.19_00,profile,True,0.7 U/h,keep,0.7 U/h,Current basal rate is appropriate.
real_llama4maverick_50,run_045,profile.cr.00_00,profile,True,13 g/U,keep,13 g/U,Current CR is appropriate.
real_llama4maverick_50,run_045,profile.cr.04_00,profile,True,11.1 g/U,keep,11.1 g/U,Current CR is appropriate.
real_llama4maverick_50,run_045,profile.cr.08_00,profile,True,13.2 g/U,keep,13.2 g/U,Current CR is appropriate.
real_llama4maverick_50,run_045,profile.cr.16_00,profile,True,10.5 g/U,keep,10.5 g/U,Current CR is appropriate.
real_llama4maverick_50,run_045,profile.cr.20_00,profile,True,12.6 g/U,keep,12.6 g/U,Current CR is appropriate.
real_llama4maverick_50,run_045,profile.dia,profile,True,10 h,keep,10 h,Current DIA is appropriate.
real_llama4maverick_50,run_045,profile.isf.00_00,profile,True,56 mg/dL/U,keep,56 mg/dL/U,Current ISF is appropriate.
real_llama4maverick_50,run_045,profile.target.00_00,profile,True,90 mg/dL,keep,90 mg/dL,Current target is appropriate.
real_llama4maverick_50,run_045,profile.target.08_00,profile,True,100 mg/dL,keep,100 mg/dL,Current target is appropriate.
real_llama4maverick_50,run_045,profile.target.23_00,profile,True,90 mg/dL,keep,90 mg/dL,Current target is appropriate.
real_llama4maverick_50,run_045,aaps.core.carb_absorption,aaps,True,min_5m_carbimpact=8 mg/dL/5 min; meal_max_absorption_hours=7 h,keep,min_5m_carbimpact=8 mg/dL/5 min; meal_max_absorption_hours=7 h,Current carb absorption model is appropriate.
real_llama4maverick_50,run_045,aaps.core.sensitivity,aaps,True,autosens_enabled=false; dynamic_sensitivity_enabled=true; autosens_raises_target=false; autosens_lowers_target=false; dynamic_isf_adjustment_factor_percent=70 %,keep,autosens_enabled=false; dynamic_sensitivity_enabled=true; autosens_raises_target=false; autosens_lowers_target=false; dynamic_isf_adjustment_factor_percent=70 %,Current sensitivity settings are appropriate.
real_llama4maverick_50,run_045,aaps.core.smb_activation,aaps,True,smb_always_enabled=true; smb_with_cob_enabled=false; smb_after_carbs_enabled=false; smb_with_temp_target_enabled=true; smb_with_high_temp_target_enabled=false,keep,smb_always_enabled=true; smb_with_cob_enabled=false; smb_after_carbs_enabled=false; smb_with_temp_target_enabled=true; smb_with_high_temp_target_enabled=false,Current SMB activation conditions are appropriate.
real_llama4maverick_50,run_045,aaps.core.smb_delivery,aaps,True,smb_interval_minutes=3 min; max_smb_basal_minutes=15 min; max_uam_smb_basal_minutes=20 min,keep,smb_interval_minutes=3 min; max_smb_basal_minutes=15 min; max_uam_smb_basal_minutes=20 min,Current SMB delivery settings are appropriate.
real_llama4maverick_50,run_045,aaps.core.smb_uam,aaps,True,smb_enabled=true; uam_enabled=true,keep,smb_enabled=true; uam_enabled=true,Current SMB/UAM settings are appropriate.
real_llama4maverick_50,run_045,aaps.core.safety_limits,aaps,True,max_basal_u_per_hour=12 U/h; max_iob_units=25 U,change,max_basal_u_per_hour=12 U/h; max_iob_units=15 U,High max IOB limit could lead to excessive IOB risk.
real_llama4maverick_50,run_046,profile.basal.00_00,profile,True,0.6 U/h,keep,0.6 U/h,Generally appropriate basal rate. Evidence from basal segment analysis. Low uncertainty. No significant dependencies.
real_llama4maverick_50,run_046,profile.basal.05_00,profile,True,0.7 U/h,keep,0.7 U/h,Generally appropriate basal rate. Evidence from basal segment analysis. Low uncertainty. No significant dependencies.
real_llama4maverick_50,run_046,profile.basal.06_00,profile,True,0.8 U/h,keep,0.8 U/h,Generally appropriate basal rate. Evidence from basal segment analysis. Low uncertainty. No significant dependencies.
real_llama4maverick_50,run_046,profile.basal.10_00,profile,True,0.7 U/h,keep,0.7 U/h,Generally appropriate basal rate. Evidence from basal segment analysis. Low uncertainty. No significant dependencies.
real_llama4maverick_50,run_046,profile.basal.16_00,profile,True,0.5 U/h,keep,0.5 U/h,Generally appropriate basal rate. Evidence from basal segment analysis. Low uncertainty. No significant dependencies.
real_llama4maverick_50,run_046,profile.basal.18_00,profile,True,0.6 U/h,keep,0.6 U/h,Generally appropriate basal rate. Evidence from basal segment analysis. Low uncertainty. No significant dependencies.
real_llama4maverick_50,run_046,profile.basal.19_00,profile,True,0.7 U/h,keep,0.7 U/h,Generally appropriate basal rate. Evidence from basal segment analysis. Low uncertainty. No significant dependencies.
real_llama4maverick_50,run_046,profile.cr.00_00,profile,True,13 g/U,keep,13 g/U,Generally appropriate CR. Evidence from CR segment analysis. Medium uncertainty due to meal effects. Dependencies on meal composition and timing.
real_llama4maverick_50,run_046,profile.cr.04_00,profile,True,11.1 g/U,keep,11.1 g/U,Generally appropriate CR. Evidence from CR segment analysis. Medium uncertainty due to meal effects. Dependencies on meal composition and timing.
real_llama4maverick_50,run_046,profile.cr.08_00,profile,True,13.2 g/U,keep,13.2 g/U,Generally appropriate CR. Evidence from CR segment analysis. Medium uncertainty due to meal effects. Dependencies on meal composition and timing.
real_llama4maverick_50,run_046,profile.cr.16_00,profile,True,10.5 g/U,keep,10.5 g/U,Generally appropriate CR. Evidence from CR segment analysis. Medium uncertainty due to meal effects. Dependencies on meal composition and timing.
real_llama4maverick_50,run_046,profile.cr.20_00,profile,True,12.6 g/U,keep,12.6 g/U,Generally appropriate CR. Evidence from CR segment analysis. Medium uncertainty due to meal effects. Dependencies on meal composition and timing.
real_llama4maverick_50,run_046,profile.isf.00_00,profile,True,56 mg/dL/U,change,50 mg/dL/U,Glucose variability suggests potential for ISF adjustment. Evidence from glucose variability and correction bolus analysis. Medium uncertainty. Dependencies on meal and correction effects.
real_llama4maverick_50,run_046,profile.target.00_00,profile,True,90 mg/dL,keep,90 mg/dL,Generally appropriate target. Evidence from target segment analysis. Low uncertainty. No significant dependencies.
real_llama4maverick_50,run_046,profile.target.08_00,profile,True,100 mg/dL,keep,100 mg/dL,Generally appropriate target. Evidence from target segment analysis. Low uncertainty. No significant dependencies.
real_llama4maverick_50,run_046,profile.target.23_00,profile,True,90 mg/dL,keep,90 mg/dL,Generally appropriate target. Evidence from target segment analysis. Low uncertainty. No significant dependencies.
real_llama4maverick_50,run_046,profile.dia,profile,True,10 h,keep,10 h,Generally appropriate DIA. Evidence from IOB patterns. Low uncertainty. No significant dependencies.
real_llama4maverick_50,run_046,aaps.core.smb_uam,aaps,True,smb_enabled=true; uam_enabled=true,keep,smb_enabled=true; uam_enabled=true,"SMB and UAM are generally appropriate. Evidence from SMB and UAM settings analysis. Low uncertainty. Dependencies on safety_overview, basal_targets, and profile_cr_isf_dia."
real_llama4maverick_50,run_046,aaps.core.smb_activation,aaps,True,smb_always_enabled=true; smb_with_cob_enabled=false; smb_after_carbs_enabled=false; smb_with_temp_target_enabled=true; smb_with_high_temp_target_enabled=false,keep,smb_always_enabled=true; smb_with_cob_enabled=false; smb_after_carbs_enabled=false; smb_with_temp_target_enabled=true; smb_with_high_temp_target_enabled=false,"SMB activation conditions are generally appropriate. Evidence from SMB activation conditions analysis. Low uncertainty. Dependencies on safety_overview, basal_targets, and profile_cr_isf_dia."
real_llama4maverick_50,run_046,aaps.core.smb_delivery,aaps,True,smb_interval_minutes=3 min; max_smb_basal_minutes=15 min; max_uam_smb_basal_minutes=20 min,keep,smb_interval_minutes=3 min; max_smb_basal_minutes=15 min; max_uam_smb_basal_minutes=20 min,"SMB delivery settings are generally appropriate. Evidence from SMB delivery settings analysis. Low uncertainty. Dependencies on safety_overview, basal_targets, and profile_cr_isf_dia."
real_llama4maverick_50,run_046,aaps.core.safety_limits,aaps,True,max_basal_u_per_hour=12 U/h; max_iob_units=25 U,change,max_iob_units=15 U,High max IOB limits pose a risk. Evidence from safety limits analysis. Medium uncertainty. Dependencies on safety_overview and profile_cr_isf_dia.
real_llama4maverick_50,run_046,aaps.core.sensitivity,aaps,True,autosens_enabled=false; dynamic_sensitivity_enabled=true; autosens_raises_target=false; autosens_lowers_target=false; dynamic_isf_adjustment_factor_percent=70 %,keep,autosens_enabled=false; dynamic_sensitivity_enabled=true; autosens_raises_target=false; autosens_lowers_target=false; dynamic_isf_adjustment_factor_percent=70 %,"Autosens and Dynamic ISF settings are generally appropriate. Evidence from Autosens and Dynamic ISF analysis. Medium uncertainty. Dependencies on safety_overview, basal_targets, and profile_cr_isf_dia."
real_llama4maverick_50,run_046,aaps.core.carb_absorption,aaps,True,min_5m_carbimpact=8 mg/dL/5 min; meal_max_absorption_hours=7 h,keep,min_5m_carbimpact=8 mg/dL/5 min; meal_max_absorption_hours=7 h,Carb absorption model settings are generally appropriate. Evidence from carb absorption model analysis. Medium uncertainty. Dependencies on meal_bolus_strategy and meal_ecarbs_absorption.
real_llama4maverick_50,run_047,profile.basal.00_00,profile,True,0.6 U/h,change,0.65 U/h,"Glucose variability, evidence from basal_targets analysis."
real_llama4maverick_50,run_047,profile.basal.05_00,profile,True,0.7 U/h,keep,0.7 U/h,No strong evidence to change.
real_llama4maverick_50,run_047,profile.basal.06_00,profile,True,0.8 U/h,keep,0.8 U/h,No strong evidence to change.
real_llama4maverick_50,run_047,profile.basal.10_00,profile,True,0.7 U/h,keep,0.7 U/h,No strong evidence to change.
real_llama4maverick_50,run_047,profile.basal.16_00,profile,True,0.5 U/h,keep,0.5 U/h,No strong evidence to change.
real_llama4maverick_50,run_047,profile.basal.18_00,profile,True,0.6 U/h,keep,0.6 U/h,No strong evidence to change.
real_llama4maverick_50,run_047,profile.basal.19_00,profile,True,0.7 U/h,keep,0.7 U/h,No strong evidence to change.
real_llama4maverick_50,run_047,profile.cr.00_00,profile,True,13 g/U,keep,13 g/U,No strong evidence to change.
real_llama4maverick_50,run_047,profile.cr.04_00,profile,True,11.1 g/U,keep,11.1 g/U,No strong evidence to change.
real_llama4maverick_50,run_047,profile.cr.08_00,profile,True,13.2 g/U,keep,13.2 g/U,No strong evidence to change.
real_llama4maverick_50,run_047,profile.cr.16_00,profile,True,10.5 g/U,keep,10.5 g/U,No strong evidence to change.
real_llama4maverick_50,run_047,profile.cr.20_00,profile,True,12.6 g/U,keep,12.6 g/U,No strong evidence to change.
real_llama4maverick_50,run_047,profile.isf.00_00,profile,True,56 mg/dL/U,keep,56 mg/dL/U,No strong evidence to change.
real_llama4maverick_50,run_047,profile.target.00_00,profile,True,90 mg/dL,keep,90 mg/dL,No strong evidence to change.
real_llama4maverick_50,run_047,profile.target.08_00,profile,True,100 mg/dL,keep,100 mg/dL,No strong evidence to change.
real_llama4maverick_50,run_047,profile.target.23_00,profile,True,90 mg/dL,keep,90 mg/dL,No strong evidence to change.
real_llama4maverick_50,run_047,profile.dia,profile,True,10 h,keep,10 h,No strong evidence to change.
real_llama4maverick_50,run_047,aaps.core.smb_uam,aaps,True,smb_enabled=true; uam_enabled=true,keep,smb_enabled=true; uam_enabled=true,No strong evidence to change.
real_llama4maverick_50,run_047,aaps.core.smb_activation,aaps,True,smb_always_enabled=true; smb_with_cob_enabled=false; smb_after_carbs_enabled=false; smb_with_temp_target_enabled=true; smb_with_high_temp_target_enabled=false,keep,smb_always_enabled=true; smb_with_cob_enabled=false; smb_after_carbs_enabled=false; smb_with_temp_target_enabled=true; smb_with_high_temp_target_enabled=false,No strong evidence to change.
real_llama4maverick_50,run_047,aaps.core.smb_delivery,aaps,True,smb_interval_minutes=3 min; max_smb_basal_minutes=15 min; max_uam_smb_basal_minutes=20 min,keep,smb_interval_minutes=3 min; max_smb_basal_minutes=15 min; max_uam_smb_basal_minutes=20 min,No strong evidence to change.
real_llama4maverick_50,run_047,aaps.core.safety_limits,aaps,True,max_basal_u_per_hour=12 U/h; max_iob_units=25 U,keep,max_basal_u_per_hour=12 U/h; max_iob_units=25 U,"No strong evidence to change, but high max IOB may pose risk."
real_llama4maverick_50,run_047,aaps.core.sensitivity,aaps,True,autosens_enabled=false; dynamic_sensitivity_enabled=true; autosens_raises_target=false; autosens_lowers_target=false; dynamic_isf_adjustment_factor_percent=70 %,keep,autosens_enabled=false; dynamic_sensitivity_enabled=true; autosens_raises_target=false; autosens_lowers_target=false; dynamic_isf_adjustment_factor_percent=70 %,No strong evidence to change.
real_llama4maverick_50,run_047,aaps.core.carb_absorption,aaps,True,min_5m_carbimpact=8 mg/dL/5 min; meal_max_absorption_hours=7 h,keep,min_5m_carbimpact=8 mg/dL/5 min; meal_max_absorption_hours=7 h,No strong evidence to change.
real_llama4maverick_50,run_048,profile.basal.00_00,profile,True,0.6 U/h,change,0.55 U/h,Evidence from glucose data and basal rate analysis. Uncertainty due to meal effects. Dependencies on safety_overview and basal_targets.
real_llama4maverick_50,run_048,profile.basal.05_00,profile,True,0.7 U/h,change,0.65 U/h,Evidence from glucose data and basal rate analysis. Uncertainty due to meal effects. Dependencies on safety_overview and basal_targets.
real_llama4maverick_50,run_048,profile.basal.06_00,profile,True,0.8 U/h,keep,0.8 U/h,No strong evidence to change. Dependencies on safety_overview and basal_targets.
real_llama4maverick_50,run_048,profile.basal.10_00,profile,True,0.7 U/h,keep,0.7 U/h,No strong evidence to change. Dependencies on safety_overview and basal_targets.
real_llama4maverick_50,run_048,profile.basal.16_00,profile,True,0.5 U/h,keep,0.5 U/h,No strong evidence to change. Dependencies on safety_overview and basal_targets.
real_llama4maverick_50,run_048,profile.basal.18_00,profile,True,0.6 U/h,keep,0.6 U/h,No strong evidence to change. Dependencies on safety_overview and basal_targets.
real_llama4maverick_50,run_048,profile.basal.19_00,profile,True,0.7 U/h,keep,0.7 U/h,No strong evidence to change. Dependencies on safety_overview and basal_targets.
real_llama4maverick_50,run_048,profile.cr.00_00,profile,True,13 g/U,change,12.5 g/U,Evidence from glucose data and CR analysis. Uncertainty due to lack of meal data. Dependencies on profile_cr_isf_dia.
real_llama4maverick_50,run_048,profile.cr.04_00,profile,True,11.1 g/U,keep,11.1 g/U,No strong evidence to change. Dependencies on profile_cr_isf_dia.
real_llama4maverick_50,run_048,profile.cr.08_00,profile,True,13.2 g/U,keep,13.2 g/U,No strong evidence to change. Dependencies on profile_cr_isf_dia.
real_llama4maverick_50,run_048,profile.cr.16_00,profile,True,10.5 g/U,keep,10.5 g/U,No strong evidence to change. Dependencies on profile_cr_isf_dia.
real_llama4maverick_50,run_048,profile.cr.20_00,profile,True,12.6 g/U,keep,12.6 g/U,No strong evidence to change. Dependencies on profile_cr_isf_dia.
real_llama4maverick_50,run_048,profile.isf.00_00,profile,True,56 mg/dL/U,keep,56 mg/dL/U,No strong evidence to change. Dependencies on profile_cr_isf_dia.
real_llama4maverick_50,run_048,profile.target.00_00,profile,True,90 mg/dL,keep,90 mg/dL,No strong evidence to change. Dependencies on basal_targets.
real_llama4maverick_50,run_048,profile.target.08_00,profile,True,100 mg/dL,keep,100 mg/dL,No strong evidence to change. Dependencies on basal_targets.
real_llama4maverick_50,run_048,profile.target.23_00,profile,True,90 mg/dL,keep,90 mg/dL,No strong evidence to change. Dependencies on basal_targets.
real_llama4maverick_50,run_048,profile.dia,profile,True,10 h,keep,10 h,No strong evidence to change. Dependencies on profile_cr_isf_dia.
real_llama4maverick_50,run_048,aaps.core.smb_uam,aaps,True,smb_enabled=true; uam_enabled=true,keep,smb_enabled=true; uam_enabled=true,SMB/UAM settings are generally appropriate. Evidence from automation_smb_uam. Dependencies on safety_overview and basal_targets.
real_llama4maverick_50,run_048,aaps.core.smb_activation,aaps,True,smb_always_enabled=true; smb_with_cob_enabled=false; smb_after_carbs_enabled=false; smb_with_temp_target_enabled=true; smb_with_high_temp_target_enabled=false,keep,smb_always_enabled=true; smb_with_cob_enabled=false; smb_after_carbs_enabled=false; smb_with_temp_target_enabled=true; smb_with_high_temp_target_enabled=false,SMB activation conditions are generally appropriate. Evidence from automation_smb_uam. Dependencies on safety_overview and basal_targets.
real_llama4maverick_50,run_048,aaps.core.smb_delivery,aaps,True,smb_interval_minutes=3 min; max_smb_basal_minutes=15 min; max_uam_smb_basal_minutes=20 min,keep,smb_interval_minutes=3 min; max_smb_basal_minutes=15 min; max_uam_smb_basal_minutes=20 min,SMB delivery settings are generally appropriate. Evidence from automation_smb_uam. Dependencies on safety_overview and basal_targets.
real_llama4maverick_50,run_048,aaps.core.safety_limits,aaps,True,max_basal_u_per_hour=12 U/h; max_iob_units=25 U,keep,max_basal_u_per_hour=12 U/h; max_iob_units=25 U,Safety limits seem high but reasonable. Evidence from automation_sensitivity_limits. Dependencies on safety_overview and basal_targets.
real_llama4maverick_50,run_048,aaps.core.sensitivity,aaps,True,autosens_enabled=false; dynamic_sensitivity_enabled=true; autosens_raises_target=false; autosens_lowers_target=false; dynamic_isf_adjustment_factor_percent=70 %,keep,autosens_enabled=false; dynamic_sensitivity_enabled=true; autosens_raises_target=false; autosens_lowers_target=false; dynamic_isf_adjustment_factor_percent=70 %,Dynamic ISF is used instead of Autosens. Evidence from automation_sensitivity_limits. Dependencies on safety_overview and basal_targets.
real_llama4maverick_50,run_048,aaps.core.carb_absorption,aaps,True,min_5m_carbimpact=8 mg/dL/5 min; meal_max_absorption_hours=7 h,keep,min_5m_carbimpact=8 mg/dL/5 min; meal_max_absorption_hours=7 h,Carb absorption settings are generally appropriate. Evidence from meal_ecarbs_absorption. Dependencies on meal_bolus_strategy and automation_smb_uam.
real_llama4maverick_50,run_049,profile.basal.00_00,profile,True,0.6 U/h,keep,0.6 U/h,No significant issues observed during this time.
real_llama4maverick_50,run_049,profile.basal.05_00,profile,True,0.7 U/h,keep,0.7 U/h,No significant issues observed during this time.
real_llama4maverick_50,run_049,profile.basal.06_00,profile,True,0.8 U/h,keep,0.8 U/h,No significant issues observed during this time.
real_llama4maverick_50,run_049,profile.basal.10_00,profile,True,0.7 U/h,keep,0.7 U/h,No significant issues observed during this time.
real_llama4maverick_50,run_049,profile.basal.16_00,profile,True,0.5 U/h,change,0.6 U/h,Frequent correction boluses in the afternoon.
real_llama4maverick_50,run_049,profile.basal.18_00,profile,True,0.6 U/h,keep,0.6 U/h,No significant issues observed during this time.
real_llama4maverick_50,run_049,profile.basal.19_00,profile,True,0.7 U/h,keep,0.7 U/h,No significant issues observed during this time.
real_llama4maverick_50,run_049,profile.cr.00_00,profile,True,13 g/U,keep,13 g/U,No significant issues observed.
real_llama4maverick_50,run_049,profile.cr.04_00,profile,True,11.1 g/U,keep,11.1 g/U,No significant issues observed.
real_llama4maverick_50,run_049,profile.cr.08_00,profile,True,13.2 g/U,keep,13.2 g/U,No significant issues observed.
real_llama4maverick_50,run_049,profile.cr.16_00,profile,True,10.5 g/U,keep,10.5 g/U,No significant issues observed.
real_llama4maverick_50,run_049,profile.cr.20_00,profile,True,12.6 g/U,keep,12.6 g/U,No significant issues observed.
real_llama4maverick_50,run_049,profile.isf.00_00,profile,True,56 mg/dL/U,keep,56 mg/dL/U,No significant issues observed.
real_llama4maverick_50,run_049,profile.target.00_00,profile,True,90 mg/dL,keep,90 mg/dL,No significant issues observed.
real_llama4maverick_50,run_049,profile.target.08_00,profile,True,100 mg/dL,keep,100 mg/dL,No significant issues observed.
real_llama4maverick_50,run_049,profile.target.23_00,profile,True,90 mg/dL,keep,90 mg/dL,No significant issues observed.
real_llama4maverick_50,run_049,profile.dia,profile,True,10 h,keep,10 h,No significant issues observed.
real_llama4maverick_50,run_049,aaps.core.smb_uam,aaps,True,smb_enabled=true; uam_enabled=true,keep,smb_enabled=true; uam_enabled=true,SMB and UAM are effectively managing glucose variability.
real_llama4maverick_50,run_049,aaps.core.smb_activation,aaps,True,smb_always_enabled=true; smb_with_cob_enabled=false; smb_after_carbs_enabled=false; smb_with_temp_target_enabled=true; smb_with_high_temp_target_enabled=false,keep,smb_always_enabled=true; smb_with_cob_enabled=false; smb_after_carbs_enabled=false; smb_with_temp_target_enabled=true; smb_with_high_temp_target_enabled=false,Current settings are appropriate for the user's glucose management.
real_llama4maverick_50,run_049,aaps.core.smb_delivery,aaps,True,smb_interval_minutes=3 min; max_smb_basal_minutes=15 min; max_uam_smb_basal_minutes=20 min,keep,smb_interval_minutes=3 min; max_smb_basal_minutes=15 min; max_uam_smb_basal_minutes=20 min,Current settings are appropriate for the user's glucose management.
real_llama4maverick_50,run_049,aaps.core.safety_limits,aaps,True,max_basal_u_per_hour=12 U/h; max_iob_units=25 U,change,max_basal_u_per_hour=12 U/h; max_iob_units=15 U,High max IOB poses a risk of excessive insulin dosing.
real_llama4maverick_50,run_049,aaps.core.sensitivity,aaps,True,autosens_enabled=false; dynamic_sensitivity_enabled=true; autosens_raises_target=false; autosens_lowers_target=false; dynamic_isf_adjustment_factor_percent=70 %,keep,autosens_enabled=false; dynamic_sensitivity_enabled=true; autosens_raises_target=false; autosens_lowers_target=false; dynamic_isf_adjustment_factor_percent=70 %,Dynamic ISF is effectively adjusting ISF based on glucose variability.
real_llama4maverick_50,run_049,aaps.core.carb_absorption,aaps,True,min_5m_carbimpact=8 mg/dL/5 min; meal_max_absorption_hours=7 h,keep,min_5m_carbimpact=8 mg/dL/5 min; meal_max_absorption_hours=7 h,No meal carb entries to assess carbohydrate absorption.
real_llama4maverick_50,run_050,profile.basal.00_00,profile,True,0.6 U/h,keep,0.6 U/h,Basal rate seems reasonable.
real_llama4maverick_50,run_050,profile.basal.05_00,profile,True,0.7 U/h,keep,0.7 U/h,Basal rate seems reasonable.
real_llama4maverick_50,run_050,profile.basal.06_00,profile,True,0.8 U/h,keep,0.8 U/h,Basal rate seems reasonable.
real_llama4maverick_50,run_050,profile.basal.10_00,profile,True,0.7 U/h,keep,0.7 U/h,Basal rate seems reasonable.
real_llama4maverick_50,run_050,profile.basal.16_00,profile,True,0.5 U/h,keep,0.5 U/h,Basal rate seems reasonable.
real_llama4maverick_50,run_050,profile.basal.18_00,profile,True,0.6 U/h,keep,0.6 U/h,Basal rate seems reasonable.
real_llama4maverick_50,run_050,profile.basal.19_00,profile,True,0.7 U/h,keep,0.7 U/h,Basal rate seems reasonable.
real_llama4maverick_50,run_050,profile.cr.00_00,profile,True,13 g/U,keep,13 g/U,CR seems reasonable.
real_llama4maverick_50,run_050,profile.cr.04_00,profile,True,11.1 g/U,keep,11.1 g/U,CR seems reasonable.
real_llama4maverick_50,run_050,profile.cr.08_00,profile,True,13.2 g/U,keep,13.2 g/U,CR seems reasonable.
real_llama4maverick_50,run_050,profile.cr.16_00,profile,True,10.5 g/U,keep,10.5 g/U,CR seems reasonable.
real_llama4maverick_50,run_050,profile.cr.20_00,profile,True,12.6 g/U,keep,12.6 g/U,CR seems reasonable.
real_llama4maverick_50,run_050,profile.dia,profile,True,10 h,keep,10 h,DIA seems reasonable.
real_llama4maverick_50,run_050,profile.isf.00_00,profile,True,56 mg/dL/U,keep,56 mg/dL/U,ISF seems reasonable.
real_llama4maverick_50,run_050,profile.target.00_00,profile,True,90 mg/dL,keep,90 mg/dL,Target seems reasonable.
real_llama4maverick_50,run_050,profile.target.08_00,profile,True,100 mg/dL,keep,100 mg/dL,Target seems reasonable.
real_llama4maverick_50,run_050,profile.target.23_00,profile,True,90 mg/dL,keep,90 mg/dL,Target seems reasonable.
real_llama4maverick_50,run_050,aaps.core.carb_absorption,aaps,True,min_5m_carbimpact=8 mg/dL/5 min; meal_max_absorption_hours=7 h,keep,min_5m_carbimpact=8 mg/dL/5 min; meal_max_absorption_hours=7 h,Carb absorption model seems reasonable.
real_llama4maverick_50,run_050,aaps.core.sensitivity,aaps,True,autosens_enabled=false; dynamic_sensitivity_enabled=true; autosens_raises_target=false; autosens_lowers_target=false; dynamic_isf_adjustment_factor_percent=70 %,keep,autosens_enabled=false; dynamic_sensitivity_enabled=true; autosens_raises_target=false; autosens_lowers_target=false; dynamic_isf_adjustment_factor_percent=70 %,Autosens and Dynamic ISF settings seem reasonable.
real_llama4maverick_50,run_050,aaps.core.smb_activation,aaps,True,smb_always_enabled=true; smb_with_cob_enabled=false; smb_after_carbs_enabled=false; smb_with_temp_target_enabled=true; smb_with_high_temp_target_enabled=false,keep,smb_always_enabled=true; smb_with_cob_enabled=false; smb_after_carbs_enabled=false; smb_with_temp_target_enabled=true; smb_with_high_temp_target_enabled=false,SMB activation conditions seem reasonable.
real_llama4maverick_50,run_050,aaps.core.smb_delivery,aaps,True,smb_interval_minutes=3 min; max_smb_basal_minutes=15 min; max_uam_smb_basal_minutes=20 min,keep,smb_interval_minutes=3 min; max_smb_basal_minutes=15 min; max_uam_smb_basal_minutes=20 min,SMB delivery settings seem reasonable.
real_llama4maverick_50,run_050,aaps.core.smb_uam,aaps,True,smb_enabled=true; uam_enabled=true,keep,smb_enabled=true; uam_enabled=true,SMB and UAM settings seem reasonable.
real_llama4maverick_50,run_050,aaps.core.safety_limits,aaps,True,max_basal_u_per_hour=12 U/h; max_iob_units=25 U,change,max_basal_u_per_hour=12 U/h; max_iob_units=15 U,High max IOB could lead to excessive insulin dosing.
