experiment,run_id,parameter_key,category,in_inventory,current_value,decision,suggested_value,rationale
real_deepseek_v4pro_50,run_001,profile.basal.00_00,profile,True,0.6 U/h,keep,0.6 U/h,"Average overnight glucose is 93-105 mg/dL near the 90 mg/dL target. TBR is 10-18.5% in the first two hours of the night but drops to 3-4.8% by 02:00-06:00 when IOB has fully decayed. This pattern indicates the hypoglycemia is IOB-driven from daytime corrections (DIA 10h), not excessive basal rate. Changing basal before introducing meal boluses to reduce daytime IOB would be premature."
real_deepseek_v4pro_50,run_001,profile.basal.05_00,profile,True,0.7 U/h,keep,0.7 U/h,Glucose is stable at 104.2 mg/dL with TBR 4.8% during this segment. The 0.7 U/h rate provides appropriate coverage for the dawn transition without inducing hypoglycemia.
real_deepseek_v4pro_50,run_001,profile.basal.06_00,profile,True,0.8 U/h,keep,0.8 U/h,Glucose is stable at 99.5 mg/dL with TBR 2.5% at 06:00 and 1.3% at 07:00. The 0.8 U/h step-up covers the dawn period effectively. No evidence of basal excess or deficit during this window.
real_deepseek_v4pro_50,run_001,profile.basal.10_00,profile,True,0.7 U/h,keep,0.7 U/h,"Glucose rises from 132.9 to 148.0 mg/dL during this segment, but the rise coincides with unannounced meal timing and cannot be attributed to basal deficit. The 0.7 U/h rate is a modest reduction from the dawn 0.8 U/h and is structurally appropriate. Do not increase daytime basal without first establishing meal boluses to separate meal-driven from basal-driven glucose rise."
real_deepseek_v4pro_50,run_001,profile.basal.16_00,profile,True,0.5 U/h,keep,0.5 U/h,"This is the lowest basal segment and is intended as a protective floor during the afternoon insulin sensitivity window. Despite the 0.5 U/h rate, glucose falls from 162.8 to 148.9 mg/dL and TBR rises to 7.7-15.3% by 18:00-19:00. The crashes are driven by correction IOB stacking, not basal excess. Reducing this already-low segment further would risk hyperglycemia if IOB stacking is reduced by meal bolus introduction."
real_deepseek_v4pro_50,run_001,profile.basal.18_00,profile,True,0.6 U/h,keep,0.6 U/h,"Glucose continues to fall during this segment (124.2 mg/dL at 18:00, TBR 7.7%) but the decline begins in the previous segment and is driven by correction IOB. The 0.6 U/h is a modest step up from the 0.5 U/h floor. Keep until meal boluses establish a new baseline and reduce afternoon IOB."
real_deepseek_v4pro_50,run_001,profile.basal.19_00,profile,True,0.7 U/h,keep,0.7 U/h,"Glucose stabilizes at 105.4-120.0 mg/dL during this segment with TBR declining from 15.3% at 19:00 to 4.8% by 20:00. The 0.7 U/h rate appears appropriate for the evening transition. The early-evening TBR is a residual effect of afternoon IOB, not the 0.7 U/h basal rate."
real_deepseek_v4pro_50,run_001,profile.cr.00_00,profile,True,13 g/U,keep,13 g/U,No meals are consumed during this overnight window. The 13 g/U value is a reasonable overnight setting. Cannot be validated without carb entries.
real_deepseek_v4pro_50,run_001,profile.cr.04_00,profile,True,11.1 g/U,keep,11.1 g/U,"No meals are observed during this early morning window. The 11.1 g/U is the most aggressive CR, appropriate for dawn phenomenon insulin resistance. Cannot be validated without carb entries."
real_deepseek_v4pro_50,run_001,profile.cr.08_00,profile,True,13.2 g/U,keep,13.2 g/U,"This segment covers breakfast and lunch. The 13.2 g/U is a reasonable starting point for daytime meals. Glucose rises during this window but the rise is from unannounced meals with zero bolus insulin, not from incorrect CR. Introduce carb entries with this CR and evaluate after one week."
real_deepseek_v4pro_50,run_001,profile.cr.16_00,profile,True,10.5 g/U,keep,10.5 g/U,"This is the most aggressive CR segment, consistent with the observed afternoon insulin sensitivity pattern and GLP-1 effect. The 10.5 g/U is structurally appropriate for evening meals. Cannot be validated without carb entries."
real_deepseek_v4pro_50,run_001,profile.cr.20_00,profile,True,12.6 g/U,keep,12.6 g/U,"This segment covers late evening snacks. The 12.6 g/U is a moderate ratio. Glucose rises modestly during this window (117 to 127.6 mg/dL) but without carb entries, CR validation is not possible."
real_deepseek_v4pro_50,run_001,profile.isf.00_00,profile,True,56 mg/dL/U,keep,56 mg/dL/U,"The single ISF segment of 56 mg/dL/U is a reasonable baseline. Dynamic ISF provides time-based adjustment producing effective values from 27.8 to 124 mg/dL/U. The wide range suggests circadian sensitivity variation exists, but changing the profile ISF before establishing a meal-bolus baseline would be premature. Future ISF segmentation is recommended after meal bolus data validates the sensitivity pattern."
real_deepseek_v4pro_50,run_001,profile.target.00_00,profile,True,90 mg/dL,keep,90 mg/dL,"The 90 mg/dL overnight target is appropriate. Average overnight glucose is 93-105 mg/dL, near target. The overnight hypoglycemia is IOB-driven, not target-driven. Raising the target would not address the root cause."
real_deepseek_v4pro_50,run_001,profile.target.08_00,profile,True,100 mg/dL,keep,100 mg/dL,"The 100 mg/dL daytime target provides a modest safety buffer. Daytime hyperglycemia is from unannounced meals, not an inappropriate target. The target is appropriate for the current profile."
real_deepseek_v4pro_50,run_001,profile.target.23_00,profile,True,90 mg/dL,keep,90 mg/dL,"The transition back to 90 mg/dL at 23:00 is appropriate. Evening glucose averages 105.7 mg/dL at 23:00, above target but not excessively. The TBR of 10.1% is a residual effect of daytime IOB."
real_deepseek_v4pro_50,run_001,profile.dia,profile,True,10 h,keep,10 h,"DIA of 10 hours means IOB from afternoon corrections persists into overnight hours, contributing to the 00:00-02:00 hypoglycemia pattern. However, U200 diluted insulin may have different kinetics than standard U100, and changing DIA without meal-bolus data to validate insulin duration would be speculative. After meal boluses are established, if overnight hypoglycemia persists despite reduced daytime IOB, DIA reduction to 8-9 hours should be considered."
real_deepseek_v4pro_50,run_001,aaps.core.smb_uam,aaps,True,smb_enabled=true; uam_enabled=true,keep,smb_enabled=true; uam_enabled=true,"SMB and UAM must remain enabled. UAM is the sole meal-response mechanism in the current no-bolus workflow. Disabling either would leave meals completely uncovered. Once meal boluses are established, UAM will continue to serve as an essential safety net for under-bolused or missed meals."
real_deepseek_v4pro_50,run_001,aaps.core.smb_activation,aaps,True,smb_always_enabled=true; smb_with_cob_enabled=false; smb_after_carbs_enabled=false; smb_with_temp_target_enabled=true; smb_with_high_temp_target_enabled=false,change,smb_always_enabled=true; smb_with_cob_enabled=false; smb_after_carbs_enabled=false; smb_with_temp_target_enabled=false; smb_with_high_temp_target_enabled=false,"smb_with_temp_target_enabled must be changed from true to false. The user set six temp targets of 135 mg/dL across the 14-day period, likely for exercise or activity. With SMB enabled during temp targets, the system continues delivering insulin during periods when the user explicitly requests reduced insulin delivery. On Aug 15, glucose fell from 174 to 66 mg/dL during a temp target period. This is an independent safety change that does not depend on any other setting. All other activation conditions are appropriate: smb_always_enabled=true is needed for UAM-driven meal coverage, and smb_with_cob_enabled=false is appropriate since no carb entries exist."
real_deepseek_v4pro_50,run_001,aaps.core.smb_delivery,aaps,True,smb_interval_minutes=3 min; max_smb_basal_minutes=15 min; max_uam_smb_basal_minutes=20 min,keep,smb_interval_minutes=3 min; max_smb_basal_minutes=15 min; max_uam_smb_basal_minutes=20 min,"The 3-minute SMB interval provides responsive UAM-driven meal coverage. The 15-minute max SMB basal minutes and 20-minute max UAM SMB basal minutes are appropriate for the current basal rates (0.5-0.8 U/h), producing SMB doses of 0.125-0.27 U. These settings are not excessive and should be maintained."
real_deepseek_v4pro_50,run_001,aaps.core.safety_limits,aaps,True,max_basal_u_per_hour=12 U/h; max_iob_units=25 U,keep,max_basal_u_per_hour=12 U/h; max_iob_units=25 U,Both limits are non-binding safety backstops. Highest observed temp basal: 3.6 U/h. Highest observed IOB: 5.935 U. The 12 U/h and 25 U limits do not constrain actual delivery and function as appropriate safety ceilings. No changes are needed.
real_deepseek_v4pro_50,run_001,aaps.core.sensitivity,aaps,True,autosens_enabled=false; dynamic_sensitivity_enabled=true; autosens_raises_target=false; autosens_lowers_target=false; dynamic_isf_adjustment_factor_percent=70 %,change,autosens_enabled=false; dynamic_sensitivity_enabled=true; autosens_raises_target=false; autosens_lowers_target=false; dynamic_isf_adjustment_factor_percent=60 %,"Dynamic ISF adjustment factor should be reduced from 70% to 60%. The current 70% setting allows effective ISF to drop to approximately 30% of profile (theoretical floor 16.8 mg/dL/U). Observed variable_sens reached 27.8 mg/dL/U, contributing to overcorrection crashes on Aug 13 (172 to 42 mg/dL) and Aug 14 (234 to 41 mg/dL, GLP-1 day). At 60%, the floor rises to approximately 40% of profile (22.4 mg/dL/U theoretical), reducing overcorrection risk while retaining substantial sensitivity adaptation. Autosens remains appropriately disabled since Dynamic ISF is active. This change should be made after one week of meal bolus data confirms the pattern persists under the new workflow."
real_deepseek_v4pro_50,run_001,aaps.core.carb_absorption,aaps,True,min_5m_carbimpact=8 mg/dL/5 min; meal_max_absorption_hours=7 h,keep,min_5m_carbimpact=8 mg/dL/5 min; meal_max_absorption_hours=7 h,"The 8 mg/dL/5 min min_5m_carbimpact is standard for UAM COB estimation. The 7-hour meal_max_absorption_hours is at the high end of typical ranges and may extend UAM-modeled COB beyond actual meal duration, contributing to phantom IOB. However, changing this setting without carb entries for calibration would be speculative. Once meal boluses are established, if afternoon hypoglycemia persists despite adequate bolusing, reducing meal_max_absorption_hours to 5-6 hours should be considered."
real_deepseek_v4pro_50,run_002,profile.basal.00_00,profile,True,0.6 U/h,change,0.5 U/h,Overnight hypoglycemia with TBR 18.5% at 01:00 indicates basal excess. A 0.1 U/h reduction is a conservative first step.
real_deepseek_v4pro_50,run_002,profile.basal.05_00,profile,True,0.7 U/h,keep,,No clear hypoglycemia pattern in the 05:00-06:00 window; keep and re-evaluate after overnight basal is adjusted.
real_deepseek_v4pro_50,run_002,profile.basal.06_00,profile,True,0.8 U/h,keep,,Morning glucose is stable; changes should wait until overnight basal is confirmed and meal data become available.
real_deepseek_v4pro_50,run_002,profile.basal.10_00,profile,True,0.7 U/h,keep,,Daytime basal assessment is confounded by missing meal data; keep pending meal logging.
real_deepseek_v4pro_50,run_002,profile.basal.16_00,profile,True,0.5 U/h,keep,,"This segment may be too low, contributing to afternoon hyperglycemia, but without meal data a change cannot be justified."
real_deepseek_v4pro_50,run_002,profile.basal.18_00,profile,True,0.6 U/h,keep,,Evening hypos may be driven by residual IOB rather than basal. Keep and reassess after basal overnight is corrected.
real_deepseek_v4pro_50,run_002,profile.basal.19_00,profile,True,0.7 U/h,keep,,Same as18:00; keep until the overnight basal change is evaluated and meal data become available.
real_deepseek_v4pro_50,run_002,profile.cr.00_00,profile,True,13 g/U,keep,,No carb entries prevent any validation of this carb ratio.
real_deepseek_v4pro_50,run_002,profile.cr.04_00,profile,True,11.1 g/U,keep,,No meal data available; keep.
real_deepseek_v4pro_50,run_002,profile.cr.08_00,profile,True,13.2 g/U,keep,,No meal data; keep.
real_deepseek_v4pro_50,run_002,profile.cr.16_00,profile,True,10.5 g/U,keep,,No meal data; keep.
real_deepseek_v4pro_50,run_002,profile.cr.20_00,profile,True,12.6 g/U,keep,,No meal data; keep.
real_deepseek_v4pro_50,run_002,profile.isf.00_00,profile,True,56 mg/dL/U,keep,,Dynamic ISF continuously adjusts sensitivity; altering the static ISF now would be premature without meal data and after basal correction.
real_deepseek_v4pro_50,run_002,profile.target.00_00,profile,True,90 mg/dL,keep,,Targets are clinically appropriate.
real_deepseek_v4pro_50,run_002,profile.target.08_00,profile,True,100 mg/dL,keep,,Daytime target reasonable.
real_deepseek_v4pro_50,run_002,profile.target.23_00,profile,True,90 mg/dL,keep,,Evening target reasonable.
real_deepseek_v4pro_50,run_002,profile.dia,profile,True,10 h,keep,,DIA of 10 hours is conventional for rapid-acting analogs and shows no evidence of causing late stacking hypos.
real_deepseek_v4pro_50,run_002,aaps.core.smb_uam,aaps,True,smb_enabled=true; uam_enabled=true,keep,,Keeping SMB and UAM on is essential for automated meal coverage. Changes should wait until basal is stable and meal data exists.
real_deepseek_v4pro_50,run_002,aaps.core.smb_activation,aaps,True,smb_always_enabled=true; smb_with_cob_enabled=false; smb_after_carbs_enabled=false; smb_with_temp_target_enabled=true; smb_with_high_temp_target_enabled=false,keep,,"While disabling SMB during temp targets could add safety, that comfort feature should only be introduced after basal is corrected; otherwise it could mask the underlying basal issue."
real_deepseek_v4pro_50,run_002,aaps.core.smb_delivery,aaps,True,smb_interval_minutes=3 min; max_smb_basal_minutes=15 min; max_uam_smb_basal_minutes=20 min,keep,,Current SMB strength is reasonable for a closed-loop system; no hypoglycemic events can be directly attributed to SMB alone rather than basal excess.
real_deepseek_v4pro_50,run_002,aaps.core.safety_limits,aaps,True,max_basal_u_per_hour=12 U/h; max_iob_units=25 U,change,max_basal_u_per_hour=12 U/h; max_iob_units=8 U,A 25 U max IOB is disproportionately high relative to daily insulin need and poses a safety risk during automation faults. Reducing it to 8 U maintains full control range while preventing dangerous insulin stacking.
real_deepseek_v4pro_50,run_002,aaps.core.sensitivity,aaps,True,autosens_enabled=false; dynamic_sensitivity_enabled=true; autosens_raises_target=false; autosens_lowers_target=false; dynamic_isf_adjustment_factor_percent=70 %,keep,,Dynamic ISF is active and correctly adapting; no evidence it is malfunctioning. Keep and re-evaluate after basal and max IOB changes.
real_deepseek_v4pro_50,run_002,aaps.core.carb_absorption,aaps,True,min_5m_carbimpact=8 mg/dL/5 min; meal_max_absorption_hours=7 h,keep,,These aggressive settings increase the risk of insulin over-delivery but cannot be safely lowered until the system has meal announcements to rely on instead of UAM only. Keep for now; re-evaluate after meal logging begins.
real_deepseek_v4pro_50,run_003,profile.basal.00_00,profile,True,0.6 U/h,change,0.5 U/h,Overnight lows and zero temp basals indicate basal excess. Reduce by 0.1 U/h as a safe first adjustment.
real_deepseek_v4pro_50,run_003,profile.basal.05_00,profile,True,0.7 U/h,keep,0.7 U/h,By 05:00 glucose is rising; no compelling evidence of excess at this segment while overnight basal is reduced.
real_deepseek_v4pro_50,run_003,profile.basal.06_00,profile,True,0.8 U/h,keep,0.8 U/h,"Morning rise may be due to dawn phenomenon or unannounced meals; without meal data, increasing basal could be unsafe."
real_deepseek_v4pro_50,run_003,profile.basal.10_00,profile,True,0.7 U/h,keep,0.7 U/h,No specific safety signal; afternoon hyperglycemia is likely meal-related.
real_deepseek_v4pro_50,run_003,profile.basal.16_00,profile,True,0.5 U/h,keep,0.5 U/h,Late afternoon highs are likely postprandial; UAM bolusing is addressing them.
real_deepseek_v4pro_50,run_003,profile.basal.18_00,profile,True,0.6 U/h,keep,0.6 U/h,Evening glucose averages are acceptable; hypoglycemia risk is manageable with current automation.
real_deepseek_v4pro_50,run_003,profile.basal.19_00,profile,True,0.7 U/h,keep,0.7 U/h,No clear pattern of overnight lows extending into late evening that would warrant a reduction here.
real_deepseek_v4pro_50,run_003,profile.cr.00_00,profile,True,13 g/U,keep,13 g/U,Carb ratio cannot be evaluated without any meal data.
real_deepseek_v4pro_50,run_003,profile.cr.04_00,profile,True,11.1 g/U,keep,11.1 g/U,No meal data to support a change.
real_deepseek_v4pro_50,run_003,profile.cr.08_00,profile,True,13.2 g/U,keep,13.2 g/U,No meal data.
real_deepseek_v4pro_50,run_003,profile.cr.16_00,profile,True,10.5 g/U,keep,10.5 g/U,No meal data.
real_deepseek_v4pro_50,run_003,profile.cr.20_00,profile,True,12.6 g/U,keep,12.6 g/U,No meal data.
real_deepseek_v4pro_50,run_003,profile.isf.00_00,profile,True,56 mg/dL/U,change,80 mg/dL/U,"Observed insulin sensitivity (correction boluses, Dynamic ISF) is approximately 80–110 mg/dL/U. Raising ISF aligns profile with actual physiology and may reduce hypoglycemia risk."
real_deepseek_v4pro_50,run_003,profile.target.00_00,profile,True,90 mg/dL,keep,90 mg/dL,Target alone does not explain the lows; basal reduction is the primary correction.
real_deepseek_v4pro_50,run_003,profile.target.08_00,profile,True,100 mg/dL,keep,100 mg/dL,Daytime target is appropriate.
real_deepseek_v4pro_50,run_003,profile.target.23_00,profile,True,90 mg/dL,keep,90 mg/dL,Evening target is consistent with the overall strategy.
real_deepseek_v4pro_50,run_003,profile.dia,profile,True,10 h,keep,10 h,DIA of 10 h is a standard value and shows no inconsistency with insulin action.
real_deepseek_v4pro_50,run_003,aaps.core.smb_uam,aaps,True,smb_enabled=true; uam_enabled=true,keep,smb_enabled=true; uam_enabled=true,Essential for coverage without meal announcements; no problems observed.
real_deepseek_v4pro_50,run_003,aaps.core.smb_activation,aaps,True,smb_always_enabled=true; smb_with_cob_enabled=false; smb_after_carbs_enabled=false; smb_with_temp_target_enabled=true; smb_with_high_temp_target_enabled=false,keep,smb_always_enabled=true; smb_with_cob_enabled=false; smb_after_carbs_enabled=false; smb_with_temp_target_enabled=true; smb_with_high_temp_target_enabled=false,"Settings are appropriate for the user’s pattern: no carbs, occasional temp targets."
real_deepseek_v4pro_50,run_003,aaps.core.smb_delivery,aaps,True,smb_interval_minutes=3 min; max_smb_basal_minutes=15 min; max_uam_smb_basal_minutes=20 min,keep,smb_interval_minutes=3 min; max_smb_basal_minutes=15 min; max_uam_smb_basal_minutes=20 min,Appropriate SMB aggressiveness; not causing lows when basal is corrected.
real_deepseek_v4pro_50,run_003,aaps.core.safety_limits,aaps,True,max_basal_u_per_hour=12 U/h; max_iob_units=25 U,keep,max_basal_u_per_hour=12 U/h; max_iob_units=25 U,Generous limits; not constraining therapy or causing risk.
real_deepseek_v4pro_50,run_003,aaps.core.sensitivity,aaps,True,autosens_enabled=false; dynamic_sensitivity_enabled=true; autosens_raises_target=false; autosens_lowers_target=false; dynamic_isf_adjustment_factor_percent=70 %,keep,autosens_enabled=false; dynamic_sensitivity_enabled=true; autosens_raises_target=false; autosens_lowers_target=false; dynamic_isf_adjustment_factor_percent=70 %,Dynamic ISF is working well; the 70% factor is conservative and appropriate while profile ISF is corrected.
real_deepseek_v4pro_50,run_003,aaps.core.carb_absorption,aaps,True,min_5m_carbimpact=8 mg/dL/5 min; meal_max_absorption_hours=7 h,keep,min_5m_carbimpact=8 mg/dL/5 min; meal_max_absorption_hours=7 h,Plausible settings for GLP‑1 user; no meal data to warrant change.
real_deepseek_v4pro_50,run_004,profile.basal.00_00,profile,True,0.6 U/h,change,0.5 U/h,"Hourly TBR up to 18.5% and frequent zero-temp basals during this period indicate excess insulin. A small reduction directly targets the overnight hypoglycemia pattern. Residual IOB from prior corrections is a confounder, so careful monitoring is required."
real_deepseek_v4pro_50,run_004,profile.basal.05_00,profile,True,0.7 U/h,change,0.6 U/h,Continuation of the overnight hypoglycemia risk period; glucose averages remain low and TBR is high. Reducing in line with the 00:00 segment maintains a smooth transition while lowering excess insulin.
real_deepseek_v4pro_50,run_004,profile.basal.06_00,profile,True,0.8 U/h,keep,0.8 U/h,Hourly glucose at 06:00 averages 99.5 mg/dL with TBR 1.3% and no evidence of hypoglycemia. Keeping this rate preserves the expected morning rise.
real_deepseek_v4pro_50,run_004,profile.basal.10_00,profile,True,0.7 U/h,keep,0.7 U/h,"Daytime glucose rises but no overnight‑like hypoglycemia; without meal data, changes are unsupported."
real_deepseek_v4pro_50,run_004,profile.basal.16_00,profile,True,0.5 U/h,keep,0.5 U/h,Lowest daytime basal; no hypoglycemia pattern in late afternoon. No evidence to adjust.
real_deepseek_v4pro_50,run_004,profile.basal.18_00,profile,True,0.6 U/h,keep,0.6 U/h,"Evening glucose is variable but without meal logs, a pattern cannot be attributed solely to basal."
real_deepseek_v4pro_50,run_004,profile.basal.19_00,profile,True,0.7 U/h,keep,0.7 U/h,No specific hypoglycemia signal in this late‑evening window independent of IOB carryover.
real_deepseek_v4pro_50,run_004,profile.cr.00_00,profile,True,13 g/U,keep,13 g/U,No carb data exist; CR cannot be evaluated. Wait until consistent meal logging provides meal‑response data.
real_deepseek_v4pro_50,run_004,profile.cr.04_00,profile,True,11.1 g/U,keep,11.1 g/U,No carb data; keep unchanged until meal records are available.
real_deepseek_v4pro_50,run_004,profile.cr.08_00,profile,True,13.2 g/U,keep,13.2 g/U,No carb data; keep unchanged.
real_deepseek_v4pro_50,run_004,profile.cr.16_00,profile,True,10.5 g/U,keep,10.5 g/U,No carb data; keep unchanged.
real_deepseek_v4pro_50,run_004,profile.cr.20_00,profile,True,12.6 g/U,keep,12.6 g/U,No carb data; keep unchanged.
real_deepseek_v4pro_50,run_004,profile.isf.00_00,profile,True,56 mg/dL/U,keep,56 mg/dL/U,"Dynamic ISF and UAM dominate insulin sensitivity adjustments; static ISF cannot be validated without meal‑free, low‑IOB periods. Keep until carb logs enable separation."
real_deepseek_v4pro_50,run_004,profile.target.00_00,profile,True,90 mg/dL,keep,90 mg/dL,"Target 90 mg/dL is low but the basal reduction may alleviate the hypoglycemia pressure. Raising it would also reduce the system's drive to correct, but basal adjustment is the first step. Re‑evaluate after overnight basal change."
real_deepseek_v4pro_50,run_004,profile.target.08_00,profile,True,100 mg/dL,keep,100 mg/dL,Daytime target; no evidence that it contributes to lows. No change needed.
real_deepseek_v4pro_50,run_004,profile.target.23_00,profile,True,90 mg/dL,keep,90 mg/dL,Part of overnight window; first address basal before adjusting target. Monitor for persistent lows.
real_deepseek_v4pro_50,run_004,profile.dia,profile,True,10 h,keep,10 h,"The long IOB tail may contribute to overnight lows, but changing DIA without carb data could destabilize the system. After basal reduction and carb logging, reassess DIA based on correction bolus tails and meal IOB overlap."
real_deepseek_v4pro_50,run_004,aaps.core.smb_uam,aaps,True,smb_enabled=true; uam_enabled=true,keep,smb_enabled=true; uam_enabled=true,Disabling SMB or UAM could remove the primary insulin delivery mechanism for unannounced meals. Keep enabled while reducing max IOB to cap stacking. Re‑evaluate when meal logging begins.
real_deepseek_v4pro_50,run_004,aaps.core.smb_activation,aaps,True,smb_always_enabled=true; smb_with_cob_enabled=false; smb_after_carbs_enabled=false; smb_with_temp_target_enabled=true; smb_with_high_temp_target_enabled=false,keep,smb_always_enabled=true; smb_with_cob_enabled=false; smb_after_carbs_enabled=false; smb_with_temp_target_enabled=true; smb_with_high_temp_target_enabled=false,Current activation conditions balance SMB delivery. No evidence that changing them would improve safety without carb data. Keep as is while adjusting max IOB.
real_deepseek_v4pro_50,run_004,aaps.core.smb_delivery,aaps,True,smb_interval_minutes=3 min; max_smb_basal_minutes=15 min; max_uam_smb_basal_minutes=20 min,keep,smb_interval_minutes=3 min; max_smb_basal_minutes=15 min; max_uam_smb_basal_minutes=20 min,The frequency and size of SMB doses are well within safe limits; IOB stacking is better controlled by lowering the max IOB cap.
real_deepseek_v4pro_50,run_004,aaps.core.safety_limits,aaps,True,max_basal_u_per_hour=12 U/h; max_iob_units=25 U,change,max_basal_u_per_hour=12 U/h; max_iob_units=10 U,Observed IOB peaks around 6 U; the 25 U limit allows unchecked stacking from UAM SMB. Reducing max IOB to 10 U provides a meaningful safety cap while still permitting necessary corrections. The max basal limit of 12 U/h is not being approached and remains appropriate.
real_deepseek_v4pro_50,run_004,aaps.core.sensitivity,aaps,True,autosens_enabled=false; dynamic_sensitivity_enabled=true; autosens_raises_target=false; autosens_lowers_target=false; dynamic_isf_adjustment_factor_percent=70 %,keep,autosens_enabled=false; dynamic_sensitivity_enabled=true; autosens_raises_target=false; autosens_lowers_target=false; dynamic_isf_adjustment_factor_percent=70 %,Dynamic ISF is actively preventing severe hypoglycemia. No evidence suggests adjustment of the 70% factor or enabling Autosens would improve outcomes without carb data.
real_deepseek_v4pro_50,run_004,aaps.core.carb_absorption,aaps,True,min_5m_carbimpact=8 mg/dL/5 min; meal_max_absorption_hours=7 h,keep,min_5m_carbimpact=8 mg/dL/5 min; meal_max_absorption_hours=7 h,No carb entries mean these parameters are not being tested; keep at defaults until meal data become available.
real_deepseek_v4pro_50,run_005,profile.basal.00_00,profile,True,0.6 U/h,keep,0.6 U/h,"Overnight fasting glucose between 02:00‑06:00 is stable with low TBR, and early‑night hypos are driven by bolus‑IOB, not excessive basal rate. No evidence supports changing this segment now."
real_deepseek_v4pro_50,run_005,profile.basal.05_00,profile,True,0.7 U/h,keep,0.7 U/h,Glucose during the late‑night/early‑morning fasting period remains within target without significant hypo risk. Change is not supported.
real_deepseek_v4pro_50,run_005,profile.basal.06_00,profile,True,0.8 U/h,keep,0.8 U/h,The dawn rise (07:00) is well managed with TIR 98.7% and TBR 1.3%. No indication of over‑basalisation.
real_deepseek_v4pro_50,run_005,profile.basal.10_00,profile,True,0.7 U/h,keep,0.7 U/h,Daytime glucose excursions are more likely related to unannounced meals and ISF/DIA mismatch. No independent evidence for a basal rate problem at this time slot.
real_deepseek_v4pro_50,run_005,profile.basal.16_00,profile,True,0.5 U/h,keep,0.5 U/h,"The afternoon high TAR (up to 32.1%) is not corrected by increasing basal here; it reflects post‑meal excursions and possible ISF issues, not a basal deficit."
real_deepseek_v4pro_50,run_005,profile.basal.18_00,profile,True,0.6 U/h,keep,0.6 U/h,Evening glucose patterns are dominated by correction‑bolus IOB; basal rate in early evening is not the primary driver of lows. Keep until meal data clarifies need.
real_deepseek_v4pro_50,run_005,profile.basal.19_00,profile,True,0.7 U/h,keep,0.7 U/h,"Similar to 18:00, no isolated fasting window exists to test this segment. No change without meal data."
real_deepseek_v4pro_50,run_005,profile.cr.00_00,profile,True,13 g/U,keep,13 g/U,No meal data available to validate this CR. Keep until meal logging begins.
real_deepseek_v4pro_50,run_005,profile.cr.04_00,profile,True,11.1 g/U,keep,11.1 g/U,No meal data; this is the most aggressive CR segment. Keep for now; re‑evaluate after meals are logged.
real_deepseek_v4pro_50,run_005,profile.cr.08_00,profile,True,13.2 g/U,keep,13.2 g/U,No meal data. Keep.
real_deepseek_v4pro_50,run_005,profile.cr.16_00,profile,True,10.5 g/U,keep,10.5 g/U,"No meal data. This CR coincides with the highest TAR window; it may need lowering, but evidence is indirect. Keep until meal‑based data supports change."
real_deepseek_v4pro_50,run_005,profile.cr.20_00,profile,True,12.6 g/U,keep,12.6 g/U,No meal data. Keep.
real_deepseek_v4pro_50,run_005,profile.isf.00_00,profile,True,56 mg/dL/U,change,30 mg/dL/U,"Correction responses (e.g., 0.2 U → -178 mg/dL) and dynamic ISF outputs (~28–53 mg/dL/U) demonstrate the effective ISF is far lower. 30 mg/dL/U is a safer starting value that reduces IOB stacking and nocturnal hypoglycemia."
real_deepseek_v4pro_50,run_005,profile.target.00_00,profile,True,90 mg/dL,keep,90 mg/dL,Overnight target of 90 is aggressive but works with corrected ISF/DIA. Lowering it would conflict with safety; keep for now and monitor.
real_deepseek_v4pro_50,run_005,profile.target.08_00,profile,True,100 mg/dL,keep,100 mg/dL,Daytime target aligns with typical post‑meal management. No change indicated.
real_deepseek_v4pro_50,run_005,profile.target.23_00,profile,True,90 mg/dL,keep,90 mg/dL,Return to 90 in late evening; acceptable when not driving overtreatment after ISF correction.
real_deepseek_v4pro_50,run_005,profile.dia,profile,True,10 h,change,5 h,"10 h DIA prolongs IOB modelling beyond actual insulin action, contributing to insulin stacking and nocturnal lows. 5 h matches typical rapid‑acting insulin duration. Adjust after ISF stabilisation to avoid concurrent parameter changes."
real_deepseek_v4pro_50,run_005,aaps.core.smb_uam,aaps,True,smb_enabled=true; uam_enabled=true,keep,smb_enabled=true; uam_enabled=true,"SMB/UAM are essential for a loop without meal announcements. The over‑delivery is caused by profile errors, not by these flags."
real_deepseek_v4pro_50,run_005,aaps.core.smb_activation,aaps,True,smb_always_enabled=true; smb_with_cob_enabled=false; smb_after_carbs_enabled=false; smb_with_temp_target_enabled=true; smb_with_high_temp_target_enabled=false,keep,smb_always_enabled=true; smb_with_cob_enabled=false; smb_after_carbs_enabled=false; smb_with_temp_target_enabled=true; smb_with_high_temp_target_enabled=false,Current activation policy is prudent given lack of COB data and the user’s occasional temp targets. No safety issue.
real_deepseek_v4pro_50,run_005,aaps.core.smb_delivery,aaps,True,smb_interval_minutes=3 min; max_smb_basal_minutes=15 min; max_uam_smb_basal_minutes=20 min,keep,smb_interval_minutes=3 min; max_smb_basal_minutes=15 min; max_uam_smb_basal_minutes=20 min,"These values are within standard ranges and only become problematic when combined with a mismatched ISF. After ISF correction, they should be safe."
real_deepseek_v4pro_50,run_005,aaps.core.safety_limits,aaps,True,max_basal_u_per_hour=12 U/h; max_iob_units=25 U,keep,max_basal_u_per_hour=12 U/h; max_iob_units=25 U,Limits are not currently constraining therapy. No change required.
real_deepseek_v4pro_50,run_005,aaps.core.sensitivity,aaps,True,autosens_enabled=false; dynamic_sensitivity_enabled=true; autosens_raises_target=false; autosens_lowers_target=false; dynamic_isf_adjustment_factor_percent=70 %,keep,autosens_enabled=false; dynamic_sensitivity_enabled=true; autosens_raises_target=false; autosens_lowers_target=false; dynamic_isf_adjustment_factor_percent=70 %,Dynamic ISF is required; the floor discrepancy is secondary to the static ISF error. Re‑evaluate after ISF correction.
real_deepseek_v4pro_50,run_005,aaps.core.carb_absorption,aaps,True,min_5m_carbimpact=8 mg/dL/5 min; meal_max_absorption_hours=7 h,keep,min_5m_carbimpact=8 mg/dL/5 min; meal_max_absorption_hours=7 h,"These parameters may amplify IOB, but they should not be changed until the profile foundation is solid. Monitor after ISF/DIA correction."
real_deepseek_v4pro_50,run_006,profile.basal.00_00,profile,True,0.6 U/h,keep,0.6 U/h,"Overnight lows are partly driven by IOB stacking from prior over-corrections, not basal alone. After ISF correction, basal may be appropriate. Change now risks masking the ISF effect."
real_deepseek_v4pro_50,run_006,profile.basal.05_00,profile,True,0.7 U/h,keep,0.7 U/h,"Dawn rise observed, but without meal logs cannot confirm basal excess. Keep until ISF fixed."
real_deepseek_v4pro_50,run_006,profile.basal.06_00,profile,True,0.8 U/h,keep,0.8 U/h,Dawn rise possibly appropriate; observation after ISF change will clarify if daytime hyperglycemia stems from under-basal or meals.
real_deepseek_v4pro_50,run_006,profile.basal.10_00,profile,True,0.7 U/h,keep,0.7 U/h,Daytime profile shape is reasonable; change would be premature without carb data.
real_deepseek_v4pro_50,run_006,profile.basal.16_00,profile,True,0.5 U/h,keep,0.5 U/h,"Designed as a lower afternoon basal; afternoon highs may be meal-induced, not basal-related."
real_deepseek_v4pro_50,run_006,profile.basal.18_00,profile,True,0.6 U/h,keep,0.6 U/h,Evening lows follow corrections; no isolated basal evidence.
real_deepseek_v4pro_50,run_006,profile.basal.19_00,profile,True,0.7 U/h,keep,0.7 U/h,Same as above; keep pending ISF correction.
real_deepseek_v4pro_50,run_006,profile.cr.00_00,profile,True,13 g/U,keep,13 g/U,No carb entries; CR cannot be evaluated. Keep until at least one week of logged meals.
real_deepseek_v4pro_50,run_006,profile.cr.04_00,profile,True,11.1 g/U,keep,11.1 g/U,Same as above.
real_deepseek_v4pro_50,run_006,profile.cr.08_00,profile,True,13.2 g/U,keep,13.2 g/U,Same as above.
real_deepseek_v4pro_50,run_006,profile.cr.16_00,profile,True,10.5 g/U,keep,10.5 g/U,Same as above.
real_deepseek_v4pro_50,run_006,profile.cr.20_00,profile,True,12.6 g/U,keep,12.6 g/U,Same as above.
real_deepseek_v4pro_50,run_006,profile.isf.00_00,profile,True,56 mg/dL/U,change,150 mg/dL/U,Multiple correction boluses show effective sensitivity grossly exceeding profile ISF. Hypoglycemia safety demand this change. 150 mg/dL/U is a safe conservative estimate to reduce bolus intensity while awaiting more data.
real_deepseek_v4pro_50,run_006,profile.target.00_00,profile,True,90 mg/dL,keep,90 mg/dL,Target is appropriate and not causing hypoglycemia directly; the ISF error is the issue.
real_deepseek_v4pro_50,run_006,profile.target.08_00,profile,True,100 mg/dL,keep,100 mg/dL,Same as above.
real_deepseek_v4pro_50,run_006,profile.target.23_00,profile,True,90 mg/dL,keep,90 mg/dL,Same as above.
real_deepseek_v4pro_50,run_006,profile.dia,profile,True,10 h,keep,10 h,No evidence of IOB tail mismatch. 10 h is acceptable and not contributing to hypoglycemia.
real_deepseek_v4pro_50,run_006,aaps.core.smb_uam,aaps,True,smb_enabled=true; uam_enabled=true,keep,smb_enabled=true; uam_enabled=true,SMB/UAM amplify the ISF error but are not defective themselves. After ISF correction they will deliver safer doses.
real_deepseek_v4pro_50,run_006,aaps.core.smb_activation,aaps,True,smb_always_enabled=true; smb_with_cob_enabled=false; smb_after_carbs_enabled=false; smb_with_temp_target_enabled=true; smb_with_high_temp_target_enabled=false,keep,smb_always_enabled=true; smb_with_cob_enabled=false; smb_after_carbs_enabled=false; smb_with_temp_target_enabled=true; smb_with_high_temp_target_enabled=false,No evidence these settings cause hypoglycemia independently. Keeping them unchanged ensures consistent automation while ISF is fixed.
real_deepseek_v4pro_50,run_006,aaps.core.smb_delivery,aaps,True,smb_interval_minutes=3 min; max_smb_basal_minutes=15 min; max_uam_smb_basal_minutes=20 min,keep,smb_interval_minutes=3 min; max_smb_basal_minutes=15 min; max_uam_smb_basal_minutes=20 min,"Aggressive but not the root cause. Once ISF is corrected, these settings may be appropriate."
real_deepseek_v4pro_50,run_006,aaps.core.safety_limits,aaps,True,max_basal_u_per_hour=12 U/h; max_iob_units=25 U,keep,max_basal_u_per_hour=12 U/h; max_iob_units=25 U,Safety limits far above actual usage; not contributing to hypoglycemia.
real_deepseek_v4pro_50,run_006,aaps.core.sensitivity,aaps,True,autosens_enabled=false; dynamic_sensitivity_enabled=true; autosens_raises_target=false; autosens_lowers_target=false; dynamic_isf_adjustment_factor_percent=70 %,keep,autosens_enabled=false; dynamic_sensitivity_enabled=true; autosens_raises_target=false; autosens_lowers_target=false; dynamic_isf_adjustment_factor_percent=70 %,Dynamic ISF correctly detects high sensitivity but is blunted. Fixing static ISF first is safer.
real_deepseek_v4pro_50,run_006,aaps.core.carb_absorption,aaps,True,min_5m_carbimpact=8 mg/dL/5 min; meal_max_absorption_hours=7 h,keep,min_5m_carbimpact=8 mg/dL/5 min; meal_max_absorption_hours=7 h,No carb data to evaluate; keep unchanged.
real_deepseek_v4pro_50,run_007,profile.basal.00_00,profile,True,0.6 U/h,change,0.5 U/h,Repeated overnight hypoglycaemia (TBR 10-18%) with average glucose near 90 mg/dL indicates over-basalisation. The lack of meal effect in this window supports reducing the rate.
real_deepseek_v4pro_50,run_007,profile.basal.05_00,profile,True,0.7 U/h,keep,0.7 U/h,"Morning glucose averages improve from hour 03 onward. Without meal data, a preemptive change risks creating hyperglycaemia before the first meal. Reassess after overnight basal change."
real_deepseek_v4pro_50,run_007,profile.basal.06_00,profile,True,0.8 U/h,keep,0.8 U/h,This segment coincides with typical morning activity and possible unlogged breakfast; the rise in glucose after 06:00 may be meal-related. Keep pending meal data.
real_deepseek_v4pro_50,run_007,profile.basal.10_00,profile,True,0.7 U/h,keep,0.7 U/h,Daytime hyperglycaemia could be due to unlogged meals or insufficient basal. Changing without meal logs is too speculative.
real_deepseek_v4pro_50,run_007,profile.basal.16_00,profile,True,0.5 U/h,keep,0.5 U/h,"The drop to 0.5 U/h at 16:00 may be contributing to early evening hypoglycaemia (hour 19 TBR 15.3%), but it is unclear whether this is also a meal recovery period. Wait until basal overnight is corrected before adjusting this segment."
real_deepseek_v4pro_50,run_007,profile.basal.18_00,profile,True,0.6 U/h,keep,0.6 U/h,"Similar to the 16:00 segment, the interaction with possible evening meals and the subsequent 0.7 U/h segment at 19:00 is complex. Defer change."
real_deepseek_v4pro_50,run_007,profile.basal.19_00,profile,True,0.7 U/h,keep,0.7 U/h,This segment covers the late evening where glucose often drops before midnight; it may need reduction later but not until overnight basal is fixed and meal data clarify whether evening highs are present.
real_deepseek_v4pro_50,run_007,profile.cr.00_00,profile,True,13 g/U,keep,13 g/U,No meal data exist to evaluate any CR segment.
real_deepseek_v4pro_50,run_007,profile.cr.04_00,profile,True,11.1 g/U,keep,11.1 g/U,No meal data exist to evaluate any CR segment.
real_deepseek_v4pro_50,run_007,profile.cr.08_00,profile,True,13.2 g/U,keep,13.2 g/U,No meal data exist to evaluate any CR segment.
real_deepseek_v4pro_50,run_007,profile.cr.16_00,profile,True,10.5 g/U,keep,10.5 g/U,No meal data exist to evaluate any CR segment.
real_deepseek_v4pro_50,run_007,profile.cr.20_00,profile,True,12.6 g/U,keep,12.6 g/U,No meal data exist to evaluate any CR segment.
real_deepseek_v4pro_50,run_007,profile.isf.00_00,profile,True,56 mg/dL/U,keep,56 mg/dL/U,The static ISF alone is not the root cause of hypoglycaemia; the Dynamic ISF adjustment factor creates the unsafe effective ISF. Changing the static ISF would require a complete re-evaluation of the correction model and is not supported by current meal-free data.
real_deepseek_v4pro_50,run_007,profile.target.00_00,profile,True,90 mg/dL,keep,90 mg/dL,"Target 90 mg/dL is a reasonable overnight goal; the problem is the basal rate, not the target. Raising the target would mask the basal issue and not treat the root cause."
real_deepseek_v4pro_50,run_007,profile.target.08_00,profile,True,100 mg/dL,keep,100 mg/dL,Daytime target 100 mg/dL is appropriate; no evidence to change.
real_deepseek_v4pro_50,run_007,profile.target.23_00,profile,True,90 mg/dL,keep,90 mg/dL,Same rationale as 00:00 target.
real_deepseek_v4pro_50,run_007,profile.dia,profile,True,10 h,keep,10 h,"A DIA of 10 h contributes to IOB stacking, but the primary driver of hypoglycaemia is over-basalisation and aggressive Dynamic ISF. Shortening DIA without meal data and a stable basal may destabilise control. Revisit when meal logs are available."
real_deepseek_v4pro_50,run_007,aaps.core.smb_uam,aaps,True,smb_enabled=true; uam_enabled=true,keep,smb_enabled=true; uam_enabled=true,Both are necessary for unannounced meal management. No safety concern from the switches themselves; the issue is the effective ISF.
real_deepseek_v4pro_50,run_007,aaps.core.smb_activation,aaps,True,smb_always_enabled=true; smb_with_cob_enabled=false; smb_after_carbs_enabled=false; smb_with_temp_target_enabled=true; smb_with_high_temp_target_enabled=false,keep,smb_always_enabled=true; smb_with_cob_enabled=false; smb_after_carbs_enabled=false; smb_with_temp_target_enabled=true; smb_with_high_temp_target_enabled=false,Configuration is safe and aligns with an unannounced-meal strategy. Allowing SMB during temp targets is appropriate.
real_deepseek_v4pro_50,run_007,aaps.core.smb_delivery,aaps,True,smb_interval_minutes=3 min; max_smb_basal_minutes=15 min; max_uam_smb_basal_minutes=20 min,keep,smb_interval_minutes=3 min; max_smb_basal_minutes=15 min; max_uam_smb_basal_minutes=20 min,Standard settings. Increasing the interval could reduce hypoglycaemia risk but might impair UAM response without meal data. Defer change.
real_deepseek_v4pro_50,run_007,aaps.core.safety_limits,aaps,True,max_basal_u_per_hour=12 U/h; max_iob_units=25 U,keep,max_basal_u_per_hour=12 U/h; max_iob_units=25 U,Limits are not currently binding. No safety risk from these values.
real_deepseek_v4pro_50,run_007,aaps.core.sensitivity,aaps,True,autosens_enabled=false; dynamic_sensitivity_enabled=true; autosens_raises_target=false; autosens_lowers_target=false; dynamic_isf_adjustment_factor_percent=70 %,change,autosens_enabled=false; dynamic_sensitivity_enabled=true; autosens_raises_target=false; autosens_lowers_target=false; dynamic_isf_adjustment_factor_percent=85 %,"The 70% floor enables an effective ISF as low as ~39 mg/dL/U, causing unsafe over-correction and contributing to severe hypoglycaemia. Raising to 85% limits the minimum effective ISF to ~48 mg/dL/U while preserving the benefits of dynamic adaptation."
real_deepseek_v4pro_50,run_007,aaps.core.carb_absorption,aaps,True,min_5m_carbimpact=8 mg/dL/5 min; meal_max_absorption_hours=7 h,keep,min_5m_carbimpact=8 mg/dL/5 min; meal_max_absorption_hours=7 h,Default settings; no evidence to modify.
real_deepseek_v4pro_50,run_008,profile.basal.00_00,profile,True,0.6 U/h,keep,0.6 U/h,"Overnight lows at 01:00‑03:00 could be partially basal‑related, but the primary driver is excessive ISF causing correction‑related IOB spillover. Changing basal simultaneously with ISF could mask each other's effects and increase hypoglycaemia risk. Re‑evaluate after ISF correction is stable."
real_deepseek_v4pro_50,run_008,profile.basal.05_00,profile,True,0.7 U/h,keep,0.7 U/h,Pre‑dawn window shows lower TBR and average glucose around 106 mg/dL. No isolation of basal‑only effect without meal data. Keep and observe after ISF fix.
real_deepseek_v4pro_50,run_008,profile.basal.06_00,profile,True,0.8 U/h,keep,0.8 U/h,"Morning averages are 99.5‑110.5 mg/dL with minimal hypoglycaemia. Without meal context, no basis to adjust."
real_deepseek_v4pro_50,run_008,profile.basal.10_00,profile,True,0.7 U/h,keep,0.7 U/h,Daytime period likely influenced by unlogged meals. TAR 7.5‑20.2 % cannot be confidently attributed to basal deficiency versus meal under‑bolusing.
real_deepseek_v4pro_50,run_008,profile.basal.16_00,profile,True,0.5 U/h,keep,0.5 U/h,"Afternoon TAR reaches 32.1 %, but same uncertainty as above. In the context of high ISF‑driven hypoglycaemia, raising basal here would be unsafe without meal logging."
real_deepseek_v4pro_50,run_008,profile.basal.18_00,profile,True,0.6 U/h,keep,0.6 U/h,"Evening TBR 7.7 % suggests potential basal excess, but again cannot be separated from correction IOB. Safest to delay basal changes until ISF is corrected and meal logging provides clarity."
real_deepseek_v4pro_50,run_008,profile.basal.19_00,profile,True,0.7 U/h,keep,0.7 U/h,"TBR 15.3 % at 19:00 may be partly basal, but ISF overshoot is the more probable dominant factor. Adjusting ISF will likely reduce these lows; if they persist, basal 19:00 can be re‑evaluated."
real_deepseek_v4pro_50,run_008,profile.cr.00_00,profile,True,13 g/U,keep,13 g/U,No carbohydrate entries; evaluation impossible. Keep current value.
real_deepseek_v4pro_50,run_008,profile.cr.04_00,profile,True,11.1 g/U,keep,11.1 g/U,No carbohydrate entries.
real_deepseek_v4pro_50,run_008,profile.cr.08_00,profile,True,13.2 g/U,keep,13.2 g/U,No carbohydrate entries.
real_deepseek_v4pro_50,run_008,profile.cr.16_00,profile,True,10.5 g/U,keep,10.5 g/U,No carbohydrate entries.
real_deepseek_v4pro_50,run_008,profile.cr.20_00,profile,True,12.6 g/U,keep,12.6 g/U,No carbohydrate entries.
real_deepseek_v4pro_50,run_008,profile.isf.00_00,profile,True,56 mg/dL/U,change,36 mg/dL/U,"Correction boluses produce greatly excessive drops (4‑10× expected) and recurrent hypoglycaemia. Dynamic sensitivity estimates as low as 27.8 mg/dL/U. A conservative reduction to 36 mg/dL/U maintains correction capability while reducing hypoglycaemia risk. After this change, monitor for 7 days; if lows continue, further reduction possible."
real_deepseek_v4pro_50,run_008,profile.target.00_00,profile,True,90 mg/dL,keep,90 mg/dL,"Target of 90 mg/dL is reasonable. The observed lows are driven by ISF‑related overcorrection, not an overly low target. Raising the target could reduce loop aggressiveness, but the direct root cause fix (ISF) is preferred first."
real_deepseek_v4pro_50,run_008,profile.target.08_00,profile,True,100 mg/dL,keep,100 mg/dL,Daytime glucose average 132‑148 mg/dL; target 100 mg/dL is appropriate and not causing instability.
real_deepseek_v4pro_50,run_008,profile.target.23_00,profile,True,90 mg/dL,keep,90 mg/dL,Evening target 90 mg/dL. Unsafe lows likely not due to target but ISF. Keep for now.
real_deepseek_v4pro_50,run_008,profile.dia,profile,True,10 h,keep,10 h,"DIA influences IOB decay; the observed overshoot occurs within 2‑4 h, suggesting a faster insulin onset but DIA reduction could increase IOB accumulation if mis‑timed. Without meal data and a stable ISF, changing DIA is high‑risk. Re‑evaluate after ISF fix and with meal logging."
real_deepseek_v4pro_50,run_008,aaps.core.smb_uam,aaps,True,smb_enabled=true; uam_enabled=true,keep,smb_enabled=true; uam_enabled=true,"SMB/UAM are performing correctly; the problem is ISF, not the SMB mechanism. Disabling SMB would mask the ISF error and reduce loop efficacy. Keep enabled."
real_deepseek_v4pro_50,run_008,aaps.core.smb_activation,aaps,True,smb_always_enabled=true; smb_with_cob_enabled=false; smb_after_carbs_enabled=false; smb_with_temp_target_enabled=true; smb_with_high_temp_target_enabled=false,keep,smb_always_enabled=true; smb_with_cob_enabled=false; smb_after_carbs_enabled=false; smb_with_temp_target_enabled=true; smb_with_high_temp_target_enabled=false,"No evidence of harm from current configuration. Once carb logging begins, smb_with_cob_enabled may be reconsidered."
real_deepseek_v4pro_50,run_008,aaps.core.smb_delivery,aaps,True,smb_interval_minutes=3 min; max_smb_basal_minutes=15 min; max_uam_smb_basal_minutes=20 min,keep,smb_interval_minutes=3 min; max_smb_basal_minutes=15 min; max_uam_smb_basal_minutes=20 min,These values produce small microboluses appropriate for the current basal rates. They are not causing hypoglycaemia; ISF is.
real_deepseek_v4pro_50,run_008,aaps.core.safety_limits,aaps,True,max_basal_u_per_hour=12 U/h; max_iob_units=25 U,keep,max_basal_u_per_hour=12 U/h; max_iob_units=25 U,Wide safety margins – actual IOB rarely exceeds 6 U and basals <1 U/h. No risk of hitting these limits.
real_deepseek_v4pro_50,run_008,aaps.core.sensitivity,aaps,True,autosens_enabled=false; dynamic_sensitivity_enabled=true; autosens_raises_target=false; autosens_lowers_target=false; dynamic_isf_adjustment_factor_percent=70 %,keep,autosens_enabled=false; dynamic_sensitivity_enabled=true; autosens_raises_target=false; autosens_lowers_target=false; dynamic_isf_adjustment_factor_percent=70 %,"Current settings correctly allow DynISF to compensate. After ISF reduction, DynISF will work in a more appropriate range; adjustment factor fine‑tuning can be considered later if needed."
real_deepseek_v4pro_50,run_008,aaps.core.carb_absorption,aaps,True,min_5m_carbimpact=8 mg/dL/5 min; meal_max_absorption_hours=7 h,keep,min_5m_carbimpact=8 mg/dL/5 min; meal_max_absorption_hours=7 h,No carbs logged; these settings have no operational effect. Review after meal logging begins to ensure they match observed absorption.
real_deepseek_v4pro_50,run_009,profile.basal.00_00,profile,True,0.6 U/h,keep,0.6 U/h,"Mild overnight hypoglycemia suggests possible excess, but evidence is insufficient for a change without a controlled fasting test. Keep while verifying overnight fasting pattern."
real_deepseek_v4pro_50,run_009,profile.basal.05_00,profile,True,0.7 U/h,keep,0.7 U/h,No significant low pattern specifically in this window; keep pending overall basal verification.
real_deepseek_v4pro_50,run_009,profile.basal.06_00,profile,True,0.8 U/h,keep,0.8 U/h,Daytime segment with unknown meal effects; no evidence to change.
real_deepseek_v4pro_50,run_009,profile.basal.10_00,profile,True,0.7 U/h,keep,0.7 U/h,No clear basal problem identified in this window.
real_deepseek_v4pro_50,run_009,profile.basal.16_00,profile,True,0.5 U/h,keep,0.5 U/h,Appropriate lower basal for late afternoon; no evidence to change.
real_deepseek_v4pro_50,run_009,profile.basal.18_00,profile,True,0.6 U/h,keep,0.6 U/h,Evening segment without hypoglycemia pattern; keep.
real_deepseek_v4pro_50,run_009,profile.basal.19_00,profile,True,0.7 U/h,keep,0.7 U/h,No evidence of basal mismatch; keep.
real_deepseek_v4pro_50,run_009,profile.cr.00_00,profile,True,13 g/U,keep,13 g/U,Cannot evaluate without meal data; keep until meals are logged.
real_deepseek_v4pro_50,run_009,profile.cr.04_00,profile,True,11.1 g/U,keep,11.1 g/U,No meal data available.
real_deepseek_v4pro_50,run_009,profile.cr.08_00,profile,True,13.2 g/U,keep,13.2 g/U,No meal data available.
real_deepseek_v4pro_50,run_009,profile.cr.16_00,profile,True,10.5 g/U,keep,10.5 g/U,No meal data available.
real_deepseek_v4pro_50,run_009,profile.cr.20_00,profile,True,12.6 g/U,keep,12.6 g/U,No meal data available.
real_deepseek_v4pro_50,run_009,profile.isf.00_00,profile,True,56 mg/dL/U,keep,56 mg/dL/U,"Profile ISF is conservative, but dynamic ISF with 70% factor effectively adjusts. No change needed."
real_deepseek_v4pro_50,run_009,profile.target.00_00,profile,True,90 mg/dL,keep,90 mg/dL,"Target is appropriate and not causing lows; the lows come from slight basal excess, not target."
real_deepseek_v4pro_50,run_009,profile.target.08_00,profile,True,100 mg/dL,keep,100 mg/dL,Daytime target is reasonable.
real_deepseek_v4pro_50,run_009,profile.target.23_00,profile,True,90 mg/dL,keep,90 mg/dL,Consistent with overnight target.
real_deepseek_v4pro_50,run_009,profile.dia,profile,True,10 h,keep,10 h,No evidence of IOB stacking or insufficient duration; keep.
real_deepseek_v4pro_50,run_009,aaps.core.smb_uam,aaps,True,smb_enabled=true; uam_enabled=true,keep,smb_enabled=true; uam_enabled=true,Essential for loop function. No evidence of malfunction.
real_deepseek_v4pro_50,run_009,aaps.core.smb_activation,aaps,True,smb_always_enabled=true; smb_with_cob_enabled=false; smb_after_carbs_enabled=false; smb_with_temp_target_enabled=true; smb_with_high_temp_target_enabled=false,keep,smb_always_enabled=true; smb_with_cob_enabled=false; smb_after_carbs_enabled=false; smb_with_temp_target_enabled=true; smb_with_high_temp_target_enabled=false,"Overall configuration is safe. The smb_with_temp_target_enabled option should be reviewed by the user to ensure it aligns with their intention (e.g., exercise). No immediate change recommended."
real_deepseek_v4pro_50,run_009,aaps.core.smb_delivery,aaps,True,smb_interval_minutes=3 min; max_smb_basal_minutes=15 min; max_uam_smb_basal_minutes=20 min,keep,smb_interval_minutes=3 min; max_smb_basal_minutes=15 min; max_uam_smb_basal_minutes=20 min,Appropriate frequency and size; no evidence of over-delivery.
real_deepseek_v4pro_50,run_009,aaps.core.safety_limits,aaps,True,max_basal_u_per_hour=12 U/h; max_iob_units=25 U,keep,max_basal_u_per_hour=12 U/h; max_iob_units=25 U,Limits are far above actual usage; no safety concern.
real_deepseek_v4pro_50,run_009,aaps.core.sensitivity,aaps,True,autosens_enabled=false; dynamic_sensitivity_enabled=true; autosens_raises_target=false; autosens_lowers_target=false; dynamic_isf_adjustment_factor_percent=70 %,keep,autosens_enabled=false; dynamic_sensitivity_enabled=true; autosens_raises_target=false; autosens_lowers_target=false; dynamic_isf_adjustment_factor_percent=70 %,Dynamic ISF is effectively compensating for conservative profile ISF; settings are appropriate.
real_deepseek_v4pro_50,run_009,aaps.core.carb_absorption,aaps,True,min_5m_carbimpact=8 mg/dL/5 min; meal_max_absorption_hours=7 h,keep,min_5m_carbimpact=8 mg/dL/5 min; meal_max_absorption_hours=7 h,Default values are reasonable and no evidence suggests harm.
real_deepseek_v4pro_50,run_010,profile.basal.00_00,profile,True,0.6 U/h,change,0.5 U/h,Strongest overnight hypoglycemia (01:00 TBR 18.5%) aligns with this segment; AAPS frequently suspends insulin here. A reduction to 0.5 U/h is supported by consistent low glucose patterns.
real_deepseek_v4pro_50,run_010,profile.basal.05_00,profile,True,0.7 U/h,keep,,"Hypoglycemia risk decreases after 03:00, average glucose rises to ~106 mg/dL. No evidence supports changing this segment at this time."
real_deepseek_v4pro_50,run_010,profile.basal.06_00,profile,True,0.8 U/h,keep,,Morning glucose (06:00–08:00) averages near 100 mg/dL with minimal TBR (1.3% at 07:00). No indication that this basal is too high.
real_deepseek_v4pro_50,run_010,profile.basal.10_00,profile,True,0.7 U/h,keep,,Late morning and afternoon glucose rises naturally; no hypoglycemia pattern is associated with this segment.
real_deepseek_v4pro_50,run_010,profile.basal.16_00,profile,True,0.5 U/h,keep,,The early evening dip starts after 18:00; this low rate (0.5 U/h) is likely not the primary cause. Evening hypoglycemia will be addressed by adjusting the 19:00 segment first.
real_deepseek_v4pro_50,run_010,profile.basal.18_00,profile,True,0.6 U/h,keep,,The most significant hypoglycemia occurs at 19:00 when basal is 0.7 U/h. Keeping 18:00 unchanged while reducing 19:00 isolates the evening adjustment to one change.
real_deepseek_v4pro_50,run_010,profile.basal.19_00,profile,True,0.7 U/h,change,0.6 U/h,Early evening hypoglycemia (19:00 TBR 15.3%) coincides with this basal segment; a reduction to 0.6 U/h is expected to lessen the post-18:00 drop. This change should be made only after the overnight basal reduction is stable.
real_deepseek_v4pro_50,run_010,profile.cr.00_00,profile,True,13 g/U,keep,,Cannot evaluate carb ratio without meal entries. Retain current value until sufficient carb data are collected.
real_deepseek_v4pro_50,run_010,profile.cr.04_00,profile,True,11.1 g/U,keep,,Cannot evaluate without meals.
real_deepseek_v4pro_50,run_010,profile.cr.08_00,profile,True,13.2 g/U,keep,,Cannot evaluate without meals.
real_deepseek_v4pro_50,run_010,profile.cr.16_00,profile,True,10.5 g/U,keep,,Cannot evaluate without meals.
real_deepseek_v4pro_50,run_010,profile.cr.20_00,profile,True,12.6 g/U,keep,,Cannot evaluate without meals.
real_deepseek_v4pro_50,run_010,profile.isf.00_00,profile,True,56 mg/dL/U,keep,,"No clean, IOB-free correction windows exist to validate ISF. Retain current value; reassess after basal adjustments and with logged meals."
real_deepseek_v4pro_50,run_010,profile.target.00_00,profile,True,90 mg/dL,keep,,Hypoglycemia occurs despite a conservative overnight target. Lowering the target would not correct the basal excess and could increase hypo risk. Keep.
real_deepseek_v4pro_50,run_010,profile.target.08_00,profile,True,100 mg/dL,keep,,Daytime TIR is acceptable; no evidence that changing this target is needed.
real_deepseek_v4pro_50,run_010,profile.target.23_00,profile,True,90 mg/dL,keep,,Consistent with overnight strategy; keep unchanged.
real_deepseek_v4pro_50,run_010,profile.dia,profile,True,10 h,keep,,"Long DIA may affect IOB calculations, but the immediate hypoglycemia driver is basal excess. Review DIA after basal changes and meal logging are stable."
real_deepseek_v4pro_50,run_010,aaps.core.smb_uam,aaps,True,smb_enabled=true; uam_enabled=true,keep,,SMB and UAM settings are functioning appropriately; they do not contribute to the documented hypoglycemia pattern. No change needed.
real_deepseek_v4pro_50,run_010,aaps.core.smb_activation,aaps,True,smb_always_enabled=true; smb_with_cob_enabled=false; smb_after_carbs_enabled=false; smb_with_temp_target_enabled=true; smb_with_high_temp_target_enabled=false,keep,,Activation conditions are consistent and safe. No evidence that altering them would improve outcomes.
real_deepseek_v4pro_50,run_010,aaps.core.smb_delivery,aaps,True,smb_interval_minutes=3 min; max_smb_basal_minutes=15 min; max_uam_smb_basal_minutes=20 min,keep,,SMB doses are small (0.05‑0.4 U) and loop has not exceeded limits. Keep settings.
real_deepseek_v4pro_50,run_010,aaps.core.safety_limits,aaps,True,max_basal_u_per_hour=12 U/h; max_iob_units=25 U,keep,,"These limits are far above actual usage and do not currently restrict therapy. After basal reductions, re-evaluate if they mask any future stacking risk."
real_deepseek_v4pro_50,run_010,aaps.core.sensitivity,aaps,True,autosens_enabled=false; dynamic_sensitivity_enabled=true; autosens_raises_target=false; autosens_lowers_target=false; dynamic_isf_adjustment_factor_percent=70 %,keep,,"Dynamic ISF is making mild, appropriate adjustments (sensitivity_ratio ~1.0). No indication of over‑ or under‑correction. Retain."
real_deepseek_v4pro_50,run_010,aaps.core.carb_absorption,aaps,True,min_5m_carbimpact=8 mg/dL/5 min; meal_max_absorption_hours=7 h,keep,,Settings are plausible; cannot be validated without meal entries. Keep as is until carb logging enables review.
real_deepseek_v4pro_50,run_011,profile.basal.00_00,profile,True,0.6 U/h,keep,0.6 U/h,"Basal 00:00 likely contributes to early-night hypoglycemia, but this may also be due to IOB from previous corrections. Without meal logs, changing this basal before ISF adjustment risks additional instability. Keep and re‑evaluate after ISF change and meal logging."
real_deepseek_v4pro_50,run_011,profile.basal.05_00,profile,True,0.7 U/h,keep,0.7 U/h,Glucose is stable and in target (avg 99‑105 mg/dL). No evidence to change.
real_deepseek_v4pro_50,run_011,profile.basal.06_00,profile,True,0.8 U/h,keep,0.8 U/h,Morning rise is gentle; basal appears appropriate; no hypo signals.
real_deepseek_v4pro_50,run_011,profile.basal.10_00,profile,True,0.7 U/h,keep,0.7 U/h,Daytime hyperglycemia cannot be attributed solely to basal without meals. Keep with meal logging.
real_deepseek_v4pro_50,run_011,profile.basal.16_00,profile,True,0.5 U/h,keep,0.5 U/h,"This reduction may be too aggressive during late-day meals/activity, but evidence is weak. Defer."
real_deepseek_v4pro_50,run_011,profile.basal.18_00,profile,True,0.6 U/h,keep,0.6 U/h,Evening basal appears reasonable; no strong hypo pattern.
real_deepseek_v4pro_50,run_011,profile.basal.19_00,profile,True,0.7 U/h,keep,0.7 U/h,Stable with TAR modest; keep as is.
real_deepseek_v4pro_50,run_011,profile.cr.00_00,profile,True,13 g/U,keep,13 g/U,No meal data to evaluate; unable to recommend change.
real_deepseek_v4pro_50,run_011,profile.cr.04_00,profile,True,11.1 g/U,keep,11.1 g/U,Same as above.
real_deepseek_v4pro_50,run_011,profile.cr.08_00,profile,True,13.2 g/U,keep,13.2 g/U,Same as above.
real_deepseek_v4pro_50,run_011,profile.cr.16_00,profile,True,10.5 g/U,keep,10.5 g/U,Same as above.
real_deepseek_v4pro_50,run_011,profile.cr.20_00,profile,True,12.6 g/U,keep,12.6 g/U,Same as above.
real_deepseek_v4pro_50,run_011,profile.isf.00_00,profile,True,56 mg/dL/U,change,70 mg/dL/U,Observed correction overshoots and low variable_sens values indicate effective ISF is too low; increasing ISF reduces correction strength and lowers hypoglycemia risk. This change is conservative and easily reversible. Evidence: multiple therapy_response_windows showing >100 mg/dL drops after small doses.
real_deepseek_v4pro_50,run_011,profile.target.00_00,profile,True,90 mg/dL,keep,90 mg/dL,"Target 90 is appropriate for daytime; overnight lows are driven by insulin action, not target."
real_deepseek_v4pro_50,run_011,profile.target.08_00,profile,True,100 mg/dL,keep,100 mg/dL,Stable; no evidence to change.
real_deepseek_v4pro_50,run_011,profile.target.23_00,profile,True,90 mg/dL,keep,90 mg/dL,Same as above.
real_deepseek_v4pro_50,run_011,profile.dia,profile,True,10 h,keep,10 h,"Long DIA may contribute to overnight IOB, but changing it simultaneously with ISF could complicate interpretation. Keep for now, re‑evaluate after ISF and meal logging."
real_deepseek_v4pro_50,run_011,aaps.core.smb_uam,aaps,True,smb_enabled=true; uam_enabled=true,keep,smb_enabled=true; uam_enabled=true,SMB and UAM are core features; disabling them would impair loop responsiveness. Current hypoglycemia is addressable by ISF and meal logging. Keep active.
real_deepseek_v4pro_50,run_011,aaps.core.smb_activation,aaps,True,smb_always_enabled=true; smb_with_cob_enabled=false; smb_after_carbs_enabled=false; smb_with_temp_target_enabled=true; smb_with_high_temp_target_enabled=false,keep,,Settings are appropriate for a UAM‑driven loop with no meals; no need to change.
real_deepseek_v4pro_50,run_011,aaps.core.smb_delivery,aaps,True,smb_interval_minutes=3 min; max_smb_basal_minutes=15 min; max_uam_smb_basal_minutes=20 min,keep,,Standard configuration; no evidence that these individual settings cause hypos.
real_deepseek_v4pro_50,run_011,aaps.core.safety_limits,aaps,True,max_basal_u_per_hour=12 U/h; max_iob_units=25 U,change,max_basal_u_per_hour=3 U/h; max_iob_units=8 U,"Current limits are far above actual usage and remove a safety net. Reducing them to more modest values adds an important guardrail without restricting current insulin delivery. Recommendation: lower max basal to 3 U/h and max IOB to 8 U. Evidence: daily insulin <20 U, observed IOB rarely above 6 U."
real_deepseek_v4pro_50,run_011,aaps.core.sensitivity,aaps,True,autosens_enabled=false; dynamic_sensitivity_enabled=true; autosens_raises_target=false; autosens_lowers_target=false; dynamic_isf_adjustment_factor_percent=70 %,keep,,"Dynamic ISF is a likely contributor to over‑correction, but adjusting both ISF and this factor simultaneously could destabilize. After ISF change, re‑evaluate whether the factor needs reduction. Keep for now."
real_deepseek_v4pro_50,run_011,aaps.core.carb_absorption,aaps,True,min_5m_carbimpact=8 mg/dL/5 min; meal_max_absorption_hours=7 h,keep,,"Absorption model may exaggerate UAM response, but without meal data, change is unsupported. Re‑evaluate after meal logging."
real_deepseek_v4pro_50,run_012,profile.basal.00_00,profile,True,0.6 U/h,keep,0.6 U/h,Overnight hypoglycemia may be correction-driven; basal testing required after IOB limit reduction before adjusting.
real_deepseek_v4pro_50,run_012,profile.basal.05_00,profile,True,0.7 U/h,keep,0.7 U/h,No clean evidence of basal insufficiency; re-evaluate after IOB limit change and fasting test.
real_deepseek_v4pro_50,run_012,profile.basal.06_00,profile,True,0.8 U/h,keep,0.8 U/h,Daytime basal appears adequate; no isolated data to support change.
real_deepseek_v4pro_50,run_012,profile.basal.10_00,profile,True,0.7 U/h,keep,0.7 U/h,No clear pattern requiring adjustment; mixed with meal and correction effects.
real_deepseek_v4pro_50,run_012,profile.basal.16_00,profile,True,0.5 U/h,keep,0.5 U/h,Late afternoon rates may be appropriate; evening lows likely from other causes.
real_deepseek_v4pro_50,run_012,profile.basal.18_00,profile,True,0.6 U/h,keep,0.6 U/h,Evening hypoglycemia confounded by correction boluses; keep for now.
real_deepseek_v4pro_50,run_012,profile.basal.19_00,profile,True,0.7 U/h,keep,0.7 U/h,No isolated evidence to increase or decrease; re-assess after changes.
real_deepseek_v4pro_50,run_012,profile.cr.00_00,profile,True,13 g/U,keep,13 g/U,No carbohydrate entries; CR cannot be evaluated.
real_deepseek_v4pro_50,run_012,profile.cr.04_00,profile,True,11.1 g/U,keep,11.1 g/U,No carbohydrate entries; CR cannot be evaluated.
real_deepseek_v4pro_50,run_012,profile.cr.08_00,profile,True,13.2 g/U,keep,13.2 g/U,No carbohydrate entries; CR cannot be evaluated.
real_deepseek_v4pro_50,run_012,profile.cr.16_00,profile,True,10.5 g/U,keep,10.5 g/U,No carbohydrate entries; CR cannot be evaluated.
real_deepseek_v4pro_50,run_012,profile.cr.20_00,profile,True,12.6 g/U,keep,12.6 g/U,No carbohydrate entries; CR cannot be evaluated.
real_deepseek_v4pro_50,run_012,profile.isf.00_00,profile,True,56 mg/dL/U,keep,56 mg/dL/U,Dynamic ISF currently compensates; static ISF should not be changed without controlled fasting test and carb data.
real_deepseek_v4pro_50,run_012,profile.target.00_00,profile,True,90 mg/dL,keep,90 mg/dL,Target appears appropriate; raising it might reduce lows but could worsen overnight hyperglycemia. Keep until basal is verified.
real_deepseek_v4pro_50,run_012,profile.target.08_00,profile,True,100 mg/dL,keep,100 mg/dL,Daytime target is reasonable and not causing safety issues.
real_deepseek_v4pro_50,run_012,profile.target.23_00,profile,True,90 mg/dL,keep,90 mg/dL,Return to 90 at 23:00 aligns with overnight target; no evidence to change.
real_deepseek_v4pro_50,run_012,profile.dia,profile,True,10 h,keep,10 h,Cannot test DIA without controlled fasting; keep 10 h for now.
real_deepseek_v4pro_50,run_012,aaps.core.smb_uam,aaps,True,smb_enabled=true; uam_enabled=true,keep,smb_enabled=true; uam_enabled=true,Both are enabled and delivering conservative doses; no reason to disable.
real_deepseek_v4pro_50,run_012,aaps.core.smb_activation,aaps,True,smb_always_enabled=true; smb_with_cob_enabled=false; smb_after_carbs_enabled=false; smb_with_temp_target_enabled=true; smb_with_high_temp_target_enabled=false,keep,smb_always_enabled=true; smb_with_cob_enabled=false; smb_after_carbs_enabled=false; smb_with_temp_target_enabled=true; smb_with_high_temp_target_enabled=false,Current settings are appropriate; no COB exists to require COB-based SMB.
real_deepseek_v4pro_50,run_012,aaps.core.smb_delivery,aaps,True,smb_interval_minutes=3 min; max_smb_basal_minutes=15 min; max_uam_smb_basal_minutes=20 min,keep,smb_interval_minutes=3 min; max_smb_basal_minutes=15 min; max_uam_smb_basal_minutes=20 min,Doses are small and do not contribute to hypoglycemia; no change needed.
real_deepseek_v4pro_50,run_012,aaps.core.safety_limits,aaps,True,max_basal_u_per_hour=12 U/h; max_iob_units=25 U,change,max_basal_u_per_hour=4 U/h; max_iob_units=8 U,Observed max temp basal=3.6 U/h; a limit of 4 U/h allows all needed delivery while preventing extreme rates. Max IOB of 25 U is far beyond any safe need (total daily insulin ~20 U); 8 U provides adequate headroom without enabling severe insulin stacking. This change is the highest-priority safety action.
real_deepseek_v4pro_50,run_012,aaps.core.sensitivity,aaps,True,autosens_enabled=false; dynamic_sensitivity_enabled=true; autosens_raises_target=false; autosens_lowers_target=false; dynamic_isf_adjustment_factor_percent=70 %,keep,autosens_enabled=false; dynamic_sensitivity_enabled=true; autosens_raises_target=false; autosens_lowers_target=false; dynamic_isf_adjustment_factor_percent=70 %,Dynamic ISF is functioning and compensating for likely static ISF mismatch; no reason to alter the factor without data.
real_deepseek_v4pro_50,run_012,aaps.core.carb_absorption,aaps,True,min_5m_carbimpact=8 mg/dL/5 min; meal_max_absorption_hours=7 h,keep,min_5m_carbimpact=8 mg/dL/5 min; meal_max_absorption_hours=7 h,No carb entries to validate absorption parameters; keep defaults until carb logging is established.
real_deepseek_v4pro_50,run_013,profile.basal.00_00,profile,True,0.6 U/h,keep,0.6 U/h,"Overnight lows are likely caused by correction stacking, not excessive basal. Changing basal now could mask the ISF effect. Keep and re‑evaluate after ISF correction."
real_deepseek_v4pro_50,run_013,profile.basal.05_00,profile,True,0.7 U/h,keep,0.7 U/h,No clear pattern of basal insufficiency or excess in this window. Keep and re‑assess after ISF change.
real_deepseek_v4pro_50,run_013,profile.basal.06_00,profile,True,0.8 U/h,keep,0.8 U/h,"Morning rise coincides with likely breakfast; ISF change will affect SMB responses, so basal should remain unchanged for clean evaluation."
real_deepseek_v4pro_50,run_013,profile.basal.10_00,profile,True,0.7 U/h,keep,0.7 U/h,Mid‑day glucose is variable but no evidence basal is the primary driver. Do not alter while ISF is being adjusted.
real_deepseek_v4pro_50,run_013,profile.basal.16_00,profile,True,0.5 U/h,keep,0.5 U/h,"Afternoon highs may be partly due to low basal, but changing basal together with ISF would confound analysis. Re‑evaluate after ISF correction and with meal logging."
real_deepseek_v4pro_50,run_013,profile.basal.18_00,profile,True,0.6 U/h,keep,0.6 U/h,No independent evidence of basal error. Keep for now.
real_deepseek_v4pro_50,run_013,profile.basal.19_00,profile,True,0.7 U/h,keep,0.7 U/h,No independent evidence of basal error. Keep for now.
real_deepseek_v4pro_50,run_013,profile.cr.00_00,profile,True,13 g/U,keep,13 g/U,No carb data available to verify this ratio. Keep unchanged until meal logging provides validation.
real_deepseek_v4pro_50,run_013,profile.cr.04_00,profile,True,11.1 g/U,keep,11.1 g/U,No carb data; keep.
real_deepseek_v4pro_50,run_013,profile.cr.08_00,profile,True,13.2 g/U,keep,13.2 g/U,No carb data; keep.
real_deepseek_v4pro_50,run_013,profile.cr.16_00,profile,True,10.5 g/U,keep,10.5 g/U,No carb data; keep.
real_deepseek_v4pro_50,run_013,profile.cr.20_00,profile,True,12.6 g/U,keep,12.6 g/U,No carb data; keep.
real_deepseek_v4pro_50,run_013,profile.isf.00_00,profile,True,56 mg/dL/U,change,110 mg/dL/U,"Multiple therapy‑response windows show that small correction boluses produce disproportionately large glucose drops (e.g., 0.2 U → −178 mg/dL). This indicates the current ISF severely underestimates sensitivity, leading to over‑correction and severe hypoglycemia. Increasing ISF to 110 mg/dL/U will safely reduce insulin dosing."
real_deepseek_v4pro_50,run_013,profile.target.00_00,profile,True,90 mg/dL,keep,90 mg/dL,Target of 90 mg/dL is reasonable. Changing target would not address the root cause (ISF error) and could obscure the evaluation.
real_deepseek_v4pro_50,run_013,profile.target.08_00,profile,True,100 mg/dL,keep,100 mg/dL,Daytime target of 100 mg/dL is appropriate. Keep unchanged.
real_deepseek_v4pro_50,run_013,profile.target.23_00,profile,True,90 mg/dL,keep,90 mg/dL,Consistent with overnight target; no evidence a different value would improve outcomes.
real_deepseek_v4pro_50,run_013,profile.dia,profile,True,10 h,keep,10 h,No direct evidence that DIA is causing problems. The current value does not impair safety. Re‑evaluate after ISF correction if late rebounds persist.
real_deepseek_v4pro_50,run_013,aaps.core.smb_uam,aaps,True,smb_enabled=true; uam_enabled=true,keep,smb_enabled=true; uam_enabled=true,Both features are essential for an unannounced‑meal strategy. No observed inappropriate behavior.
real_deepseek_v4pro_50,run_013,aaps.core.smb_activation,aaps,True,smb_always_enabled=true; smb_with_cob_enabled=false; smb_after_carbs_enabled=false; smb_with_temp_target_enabled=true; smb_with_high_temp_target_enabled=false,keep,smb_always_enabled=true; smb_with_cob_enabled=false; smb_after_carbs_enabled=false; smb_with_temp_target_enabled=true; smb_with_high_temp_target_enabled=false,Configuration matches the unannounced strategy and does not contribute to the identified safety issue.
real_deepseek_v4pro_50,run_013,aaps.core.smb_delivery,aaps,True,smb_interval_minutes=3 min; max_smb_basal_minutes=15 min; max_uam_smb_basal_minutes=20 min,keep,smb_interval_minutes=3 min; max_smb_basal_minutes=15 min; max_uam_smb_basal_minutes=20 min,"While these settings allow aggressive dosing, the actual dose size is determined by ISF. Correcting ISF will automatically reduce the hypoglycemia risk; changing delivery parameters is unnecessary."
real_deepseek_v4pro_50,run_013,aaps.core.safety_limits,aaps,True,max_basal_u_per_hour=12 U/h; max_iob_units=25 U,keep,max_basal_u_per_hour=12 U/h; max_iob_units=25 U,"Current limits are high but not actively causing harm. After ISF correction, the max IOB may be unnecessarily high; recommend a future review but no immediate change."
real_deepseek_v4pro_50,run_013,aaps.core.sensitivity,aaps,True,autosens_enabled=false; dynamic_sensitivity_enabled=true; autosens_raises_target=false; autosens_lowers_target=false; dynamic_isf_adjustment_factor_percent=70 %,keep,autosens_enabled=false; dynamic_sensitivity_enabled=true; autosens_raises_target=false; autosens_lowers_target=false; dynamic_isf_adjustment_factor_percent=70 %,"Dynamic ISF may magnify a low base ISF, but the root cause is the profile ISF. Once ISF is corrected, dynamic ISF should perform safely. Keep settings as-is."
real_deepseek_v4pro_50,run_013,aaps.core.carb_absorption,aaps,True,min_5m_carbimpact=8 mg/dL/5 min; meal_max_absorption_hours=7 h,keep,min_5m_carbimpact=8 mg/dL/5 min; meal_max_absorption_hours=7 h,Absorption settings are working within an unannounced‑meal strategy. No evidence they require adjustment now; the larger issue is ISF.
real_deepseek_v4pro_50,run_014,profile.basal.00_00,profile,True,0.6 U/h,keep,0.6 U/h,"Overnight glucose after IOB clearance is near target with acceptable TBR, indicating this rate is appropriate."
real_deepseek_v4pro_50,run_014,profile.basal.05_00,profile,True,0.7 U/h,keep,0.7 U/h,The early morning period shows stable glucose with low hypoglycemia risk; no pattern requiring change.
real_deepseek_v4pro_50,run_014,profile.basal.06_00,profile,True,0.8 U/h,keep,0.8 U/h,Morning glucose is well controlled (TIR>91%) with this rate.
real_deepseek_v4pro_50,run_014,profile.basal.10_00,profile,True,0.7 U/h,keep,0.7 U/h,"Afternoon rise may be partially due to insufficient basal, but unannounced meals are a more likely cause; change is deferred until meal logging clarifies the need."
real_deepseek_v4pro_50,run_014,profile.basal.16_00,profile,True,0.5 U/h,keep,0.5 U/h,"The 0.5 U/h step is intended to cushion the evening fall; though lows still occur, they are driven by correction insulin, not basal excess."
real_deepseek_v4pro_50,run_014,profile.basal.18_00,profile,True,0.6 U/h,keep,0.6 U/h,No specific pattern indicates this rate is incorrect.
real_deepseek_v4pro_50,run_014,profile.basal.19_00,profile,True,0.7 U/h,keep,0.7 U/h,"Evening glucose is already falling before this increase; the primary issue is residual IOB, not the basal rate."
real_deepseek_v4pro_50,run_014,profile.cr.00_00,profile,True,13 g/U,keep,13 g/U,Carb ratios cannot be evaluated without meal entries. Keep current values until meal logging provides sufficient data.
real_deepseek_v4pro_50,run_014,profile.cr.04_00,profile,True,11.1 g/U,keep,11.1 g/U,Same as above; no meal data to challenge or confirm this setting.
real_deepseek_v4pro_50,run_014,profile.cr.08_00,profile,True,13.2 g/U,keep,13.2 g/U,Same as above.
real_deepseek_v4pro_50,run_014,profile.cr.16_00,profile,True,10.5 g/U,keep,10.5 g/U,Same as above.
real_deepseek_v4pro_50,run_014,profile.cr.20_00,profile,True,12.6 g/U,keep,12.6 g/U,Same as above.
real_deepseek_v4pro_50,run_014,profile.isf.00_00,profile,True,56 mg/dL/U,keep,56 mg/dL/U,ISF appears plausible; post-correction hypoglycemia is more likely due to IOB stacking. Dynamic ISF is active and adjusts sensitivity appropriately.
real_deepseek_v4pro_50,run_014,profile.target.00_00,profile,True,90 mg/dL,keep,90 mg/dL,Target is conservatively set and does not contribute to hypoglycemia.
real_deepseek_v4pro_50,run_014,profile.target.08_00,profile,True,100 mg/dL,keep,100 mg/dL,Daytime target is appropriate.
real_deepseek_v4pro_50,run_014,profile.target.23_00,profile,True,90 mg/dL,keep,90 mg/dL,Evening target is appropriate.
real_deepseek_v4pro_50,run_014,profile.dia,profile,True,10 h,keep,10 h,10-hour DIA matches the prolonged insulin action observed and does not require change.
real_deepseek_v4pro_50,run_014,aaps.core.smb_uam,aaps,True,smb_enabled=true; uam_enabled=true,keep,smb_enabled=true; uam_enabled=true,"Keeping SMB and UAM enabled is appropriate; the issue lies in their delivery strength and safety limits, not their activation."
real_deepseek_v4pro_50,run_014,aaps.core.smb_activation,aaps,True,smb_always_enabled=true; smb_with_cob_enabled=false; smb_after_carbs_enabled=false; smb_with_temp_target_enabled=true; smb_with_high_temp_target_enabled=false,keep,smb_always_enabled=true; smb_with_cob_enabled=false; smb_after_carbs_enabled=false; smb_with_temp_target_enabled=true; smb_with_high_temp_target_enabled=false,"Current activation conditions are not directly causing hypoglycemia; the problem is excessive dose from UAM SMBs, not when they are permitted."
real_deepseek_v4pro_50,run_014,aaps.core.smb_delivery,aaps,True,smb_interval_minutes=3 min; max_smb_basal_minutes=15 min; max_uam_smb_basal_minutes=20 min,change,smb_interval_minutes=3 min; max_smb_basal_minutes=15 min; max_uam_smb_basal_minutes=10 min,"Reducing max_uam_smb_basal_minutes from 20 min to 10 min will limit the amount of insulin that UAM can deliver per SMB, directly reducing the risk of IOB stacking after unannounced meals. The 3-minute interval is aggressive but acceptable once the UAM dose per shot is lowered."
real_deepseek_v4pro_50,run_014,aaps.core.safety_limits,aaps,True,max_basal_u_per_hour=12 U/h; max_iob_units=25 U,change,max_basal_u_per_hour=2 U/h; max_iob_units=5 U,The current limits are far above the user's typical insulin needs (total daily dose ~19.7 U). An IOB limit of 5 U and max basal of 2 U/h provide a much safer ceiling while still allowing effective closed-loop operation. These limits prevent the system from accumulating dangerous IOB levels.
real_deepseek_v4pro_50,run_014,aaps.core.sensitivity,aaps,True,autosens_enabled=false; dynamic_sensitivity_enabled=true; autosens_raises_target=false; autosens_lowers_target=false; dynamic_isf_adjustment_factor_percent=70 %,keep,autosens_enabled=false; dynamic_sensitivity_enabled=true; autosens_raises_target=false; autosens_lowers_target=false; dynamic_isf_adjustment_factor_percent=70 %,Dynamic ISF is functioning and compensating for sensitivity changes; no change is required now.
real_deepseek_v4pro_50,run_014,aaps.core.carb_absorption,aaps,True,min_5m_carbimpact=8 mg/dL/5 min; meal_max_absorption_hours=7 h,keep,min_5m_carbimpact=8 mg/dL/5 min; meal_max_absorption_hours=7 h,These settings are within plausible ranges and do not appear to be direct contributors to the observed pattern.
real_deepseek_v4pro_50,run_015,profile.basal.00_00,profile,True,0.6 U/h,change,0.5 U/h,Overnight hypoglycemia correlates strongly with this basal period; hourly glucose data shows excessive insulin action. Reducing to 0.5 U/h balances safety and basal needs. Further adjustment will depend on post-change monitoring.
real_deepseek_v4pro_50,run_015,profile.basal.05_00,profile,True,0.7 U/h,keep,0.7 U/h,No clear evidence of hypoglycemia or hyperglycemia isolated to this segment; the dawn phenomenon may require this rate. Keep while overnight basal is adjusted and monitor.
real_deepseek_v4pro_50,run_015,profile.basal.06_00,profile,True,0.8 U/h,keep,0.8 U/h,Morning glucose averages are stable; no pattern of hypo/hyper requiring change.
real_deepseek_v4pro_50,run_015,profile.basal.10_00,profile,True,0.7 U/h,keep,0.7 U/h,"Daytime values are influenced by meals; without carb data, no change can be supported."
real_deepseek_v4pro_50,run_015,profile.basal.16_00,profile,True,0.5 U/h,keep,0.5 U/h,"Afternoon hyperglycemia might be basal or meal-related; lack of meal data prevents distinguishing, so no change now."
real_deepseek_v4pro_50,run_015,profile.basal.18_00,profile,True,0.6 U/h,keep,0.6 U/h,Evening hyperglycemia patterns cannot be attributed to basal alone.
real_deepseek_v4pro_50,run_015,profile.basal.19_00,profile,True,0.7 U/h,keep,0.7 U/h,Same as above.
real_deepseek_v4pro_50,run_015,profile.cr.00_00,profile,True,13 g/U,keep,13 g/U,No meal data to evaluate CR; no change possible.
real_deepseek_v4pro_50,run_015,profile.cr.04_00,profile,True,11.1 g/U,keep,11.1 g/U,Same reason.
real_deepseek_v4pro_50,run_015,profile.cr.08_00,profile,True,13.2 g/U,keep,13.2 g/U,Same reason.
real_deepseek_v4pro_50,run_015,profile.cr.16_00,profile,True,10.5 g/U,keep,10.5 g/U,Same reason.
real_deepseek_v4pro_50,run_015,profile.cr.20_00,profile,True,12.6 g/U,keep,12.6 g/U,Same reason.
real_deepseek_v4pro_50,run_015,profile.isf.00_00,profile,True,56 mg/dL/U,keep,56 mg/dL/U,Dynamic ISF overrides the static value; without meal data its accuracy cannot be judged. Keep until meal logging returns.
real_deepseek_v4pro_50,run_015,profile.target.00_00,profile,True,90 mg/dL,keep,90 mg/dL,Target is clinically appropriate; changing it now could mask basal issues.
real_deepseek_v4pro_50,run_015,profile.target.08_00,profile,True,100 mg/dL,keep,100 mg/dL,Daytime target is acceptable; no data suggest it contributes to safety problems.
real_deepseek_v4pro_50,run_015,profile.target.23_00,profile,True,90 mg/dL,keep,90 mg/dL,Same as 00:00 target.
real_deepseek_v4pro_50,run_015,profile.dia,profile,True,10 h,keep,10 h,DIA cannot be assessed without meal data; 10 h is conservative but not obviously dangerous.
real_deepseek_v4pro_50,run_015,aaps.core.smb_uam,aaps,True,smb_enabled=true; uam_enabled=true,keep,smb_enabled=true; uam_enabled=true,SMB/UAM are essential for automated control; no evidence they cause hypoglycemia independently.
real_deepseek_v4pro_50,run_015,aaps.core.smb_activation,aaps,True,smb_always_enabled=true; smb_with_cob_enabled=false; smb_after_carbs_enabled=false; smb_with_temp_target_enabled=true; smb_with_high_temp_target_enabled=false,keep,smb_always_enabled=true; smb_with_cob_enabled=false; smb_after_carbs_enabled=false; smb_with_temp_target_enabled=true; smb_with_high_temp_target_enabled=false,Current activation logic is appropriate; no safety or performance issues evident.
real_deepseek_v4pro_50,run_015,aaps.core.smb_delivery,aaps,True,smb_interval_minutes=3 min; max_smb_basal_minutes=15 min; max_uam_smb_basal_minutes=20 min,keep,smb_interval_minutes=3 min; max_smb_basal_minutes=15 min; max_uam_smb_basal_minutes=20 min,These limits are within typical ranges and not causing safety problems.
real_deepseek_v4pro_50,run_015,aaps.core.safety_limits,aaps,True,max_basal_u_per_hour=12 U/h; max_iob_units=25 U,change,max_basal_u_per_hour=12 U/h; max_iob_units=5 U,"The max IOB of 25 U is a clear safety hazard, allowing extreme insulin stacking. Reducing it to 5 U aligns with observed safe IOB peaks and will prevent severe hypoglycemia. The max basal rate (12 U/h) is excessive but rarely used; keeping it unchanged for now."
real_deepseek_v4pro_50,run_015,aaps.core.sensitivity,aaps,True,autosens_enabled=false; dynamic_sensitivity_enabled=true; autosens_raises_target=false; autosens_lowers_target=false; dynamic_isf_adjustment_factor_percent=70 %,keep,autosens_enabled=false; dynamic_sensitivity_enabled=true; autosens_raises_target=false; autosens_lowers_target=false; dynamic_isf_adjustment_factor_percent=70 %,Dynamic ISF appears to be compensating for an overly aggressive basal. Changing the factor now could worsen control. Keep and reassess after basal and IOB adjustments.
real_deepseek_v4pro_50,run_015,aaps.core.carb_absorption,aaps,True,min_5m_carbimpact=8 mg/dL/5 min; meal_max_absorption_hours=7 h,keep,min_5m_carbimpact=8 mg/dL/5 min; meal_max_absorption_hours=7 h,No carb data to evaluate these; keeping default values is appropriate until meal logging is established.
real_deepseek_v4pro_50,run_016,profile.basal.00_00,profile,True,0.6 U/h,change,0.5 U/h,"Nocturnal hypoglycemia (TBR 10‑18% at 01‑03 local) despite frequent zero‑temp suspensions indicates the current basal rate is too high. A 0.1 U/h reduction is a conservative, testable change."
real_deepseek_v4pro_50,run_016,profile.basal.05_00,profile,True,0.7 U/h,keep,0.7 U/h,Insufficient evidence to change; early morning hours show modest TBR that may improve after overnight reduction.
real_deepseek_v4pro_50,run_016,profile.basal.06_00,profile,True,0.8 U/h,keep,0.8 U/h,Morning hours show adequate TIR. No clear pattern of hypo or hyper requiring adjustment.
real_deepseek_v4pro_50,run_016,profile.basal.10_00,profile,True,0.7 U/h,keep,0.7 U/h,Daytime basal appears reasonable; late-morning TIR is good. Afternoon hyper may be more related to meal/activity than basal.
real_deepseek_v4pro_50,run_016,profile.basal.16_00,profile,True,0.5 U/h,keep,0.5 U/h,"Afternoon TAR is elevated (32% at 16:00), but without meal data it is unclear if raising basal would help or just shift the problem. Keep for now; re‑evaluate with meal logs."
real_deepseek_v4pro_50,run_016,profile.basal.18_00,profile,True,0.6 U/h,keep,0.6 U/h,Evening TBR decreases after this change; insufficient evidence to alter.
real_deepseek_v4pro_50,run_016,profile.basal.19_00,profile,True,0.7 U/h,keep,0.7 U/h,Late evening TIR is acceptable. Lowering overnight basal is the priority.
real_deepseek_v4pro_50,run_016,profile.cr.00_00,profile,True,13 g/U,keep,13 g/U,No carbohydrate entries exist; CR cannot be evaluated. Defer change until meal data are available.
real_deepseek_v4pro_50,run_016,profile.cr.04_00,profile,True,11.1 g/U,keep,11.1 g/U,No meal data to assess. Cannot recommend change.
real_deepseek_v4pro_50,run_016,profile.cr.08_00,profile,True,13.2 g/U,keep,13.2 g/U,No meal data.
real_deepseek_v4pro_50,run_016,profile.cr.16_00,profile,True,10.5 g/U,keep,10.5 g/U,No meal data.
real_deepseek_v4pro_50,run_016,profile.cr.20_00,profile,True,12.6 g/U,keep,12.6 g/U,No meal data.
real_deepseek_v4pro_50,run_016,profile.isf.00_00,profile,True,56 mg/dL/U,keep,56 mg/dL/U,"Dynamic ISF is active; static ISF may contribute to overdosing, but direct change could interact unpredictably with the algorithm. Stabilize basal first, collect meal data, then reassess ISF with manual correction tests."
real_deepseek_v4pro_50,run_016,profile.target.00_00,profile,True,90 mg/dL,keep,90 mg/dL,Target is appropriate; the problem is basal delivery not the target value.
real_deepseek_v4pro_50,run_016,profile.target.08_00,profile,True,100 mg/dL,keep,100 mg/dL,Daytime target is reasonable; no evidence it needs adjustment.
real_deepseek_v4pro_50,run_016,profile.target.23_00,profile,True,90 mg/dL,keep,90 mg/dL,Consistent with overnight target.
real_deepseek_v4pro_50,run_016,profile.dia,profile,True,10 h,keep,10 h,No direct evidence of insulin stacking or prolonged tail effects. Can be revisited with meal data.
real_deepseek_v4pro_50,run_016,aaps.core.smb_uam,aaps,True,smb_enabled=true; uam_enabled=true,keep,smb_enabled=true; uam_enabled=true,Both are required for closed‑loop operation. Disabling them would be a major safety change not justified by current data.
real_deepseek_v4pro_50,run_016,aaps.core.smb_activation,aaps,True,smb_always_enabled=true; smb_with_cob_enabled=false; smb_after_carbs_enabled=false; smb_with_temp_target_enabled=true; smb_with_high_temp_target_enabled=false,keep,smb_always_enabled=true; smb_with_cob_enabled=false; smb_after_carbs_enabled=false; smb_with_temp_target_enabled=true; smb_with_high_temp_target_enabled=false,No strong evidence that these activation conditions cause overdosing. Adjustment may be considered after basal and meal evaluation.
real_deepseek_v4pro_50,run_016,aaps.core.smb_delivery,aaps,True,smb_interval_minutes=3 min; max_smb_basal_minutes=15 min; max_uam_smb_basal_minutes=20 min,keep,smb_interval_minutes=3 min; max_smb_basal_minutes=15 min; max_uam_smb_basal_minutes=20 min,"Values within typical ranges. Hypoglycemia is likely driven by basal/ISF, not SMB timing."
real_deepseek_v4pro_50,run_016,aaps.core.safety_limits,aaps,True,max_basal_u_per_hour=12 U/h; max_iob_units=25 U,keep,max_basal_u_per_hour=12 U/h; max_iob_units=25 U,These limits are far above current usage and do not constrain the system. No safety‑oriented reduction required.
real_deepseek_v4pro_50,run_016,aaps.core.sensitivity,aaps,True,autosens_enabled=false; dynamic_sensitivity_enabled=true; autosens_raises_target=false; autosens_lowers_target=false; dynamic_isf_adjustment_factor_percent=70 %,keep,autosens_enabled=false; dynamic_sensitivity_enabled=true; autosens_raises_target=false; autosens_lowers_target=false; dynamic_isf_adjustment_factor_percent=70 %,"Dynamic ISF is active and may contribute to overdosing via underestimated sensitivity, but altering the factor now, while basal is unverified, could create new risks. Defer to a later step."
real_deepseek_v4pro_50,run_016,aaps.core.carb_absorption,aaps,True,min_5m_carbimpact=8 mg/dL/5 min; meal_max_absorption_hours=7 h,keep,min_5m_carbimpact=8 mg/dL/5 min; meal_max_absorption_hours=7 h,Cannot evaluate without meal data. Keep defaults until carb logs provide absorption evidence.
real_deepseek_v4pro_50,run_017,profile.basal.00_00,profile,True,0.6 U/h,change,0.5 U/h,Frequent overnight lows and TBR 18.5% at 01:00 despite zero temp basals. Reducing by 0.1 U/h is a safe first step.
real_deepseek_v4pro_50,run_017,profile.basal.05_00,profile,True,0.7 U/h,keep,0.7 U/h,Early morning glucose (05:00-06:00) averages 99-105 mg/dL with TBR <5%; no evidence of over- or under-basal.
real_deepseek_v4pro_50,run_017,profile.basal.06_00,profile,True,0.8 U/h,keep,0.8 U/h,"Hour 06:00 local average 99.5 mg/dL, TBR 1.3%. Stable and safe."
real_deepseek_v4pro_50,run_017,profile.basal.10_00,profile,True,0.7 U/h,keep,0.7 U/h,"Daytime hyperglycemia is likely meal-driven, not basal deficiency."
real_deepseek_v4pro_50,run_017,profile.basal.16_00,profile,True,0.5 U/h,keep,0.5 U/h,"Although late afternoon glucose remains high, increasing basal without meal context could worsen evening lows."
real_deepseek_v4pro_50,run_017,profile.basal.18_00,profile,True,0.6 U/h,keep,0.6 U/h,Evening TBR at 18:00 is 7.7% but may be influenced by post-meal activity; watch before changing.
real_deepseek_v4pro_50,run_017,profile.basal.19_00,profile,True,0.7 U/h,change,0.6 U/h,"TBR 15.3% at 19:00 local, with average glucose 105 mg/dL. Reducing by 0.1 U/h could safely lower hypoglycemia risk, but implement only after overnight basal change and meal logging."
real_deepseek_v4pro_50,run_017,profile.cr.00_00,profile,True,13 g/U,keep,13 g/U,No carb data available to evaluate.
real_deepseek_v4pro_50,run_017,profile.cr.04_00,profile,True,11.1 g/U,keep,11.1 g/U,No carb data available to evaluate.
real_deepseek_v4pro_50,run_017,profile.cr.08_00,profile,True,13.2 g/U,keep,13.2 g/U,No carb data available to evaluate.
real_deepseek_v4pro_50,run_017,profile.cr.16_00,profile,True,10.5 g/U,keep,10.5 g/U,No carb data available to evaluate.
real_deepseek_v4pro_50,run_017,profile.cr.20_00,profile,True,12.6 g/U,keep,12.6 g/U,No carb data available to evaluate.
real_deepseek_v4pro_50,run_017,profile.isf.00_00,profile,True,56 mg/dL/U,keep,56 mg/dL/U,Dynamic ISF compensates; static ISF cannot be reliably adjusted without meal data and a full sensitivity test.
real_deepseek_v4pro_50,run_017,profile.target.00_00,profile,True,90 mg/dL,keep,90 mg/dL,Reducing basal is the first-line measure; target increase may be considered later if lows persist.
real_deepseek_v4pro_50,run_017,profile.target.08_00,profile,True,100 mg/dL,keep,100 mg/dL,Daytime target is appropriate given post-meal variability.
real_deepseek_v4pro_50,run_017,profile.target.23_00,profile,True,90 mg/dL,keep,90 mg/dL,Keep consistent with 00:00 target.
real_deepseek_v4pro_50,run_017,profile.dia,profile,True,10 h,change,8 h,"10-hour DIA promotes IOB stacking and delayed hypoglycemia; shortening to 8 h will improve insulin-on-board dynamics without compromising safety, provided it is done after overnight basal reduction."
real_deepseek_v4pro_50,run_017,aaps.core.smb_uam,aaps,True,smb_enabled=true; uam_enabled=true,keep,smb_enabled=true; uam_enabled=true,Both are necessary for automated insulin delivery; no reason to disable.
real_deepseek_v4pro_50,run_017,aaps.core.smb_activation,aaps,True,smb_always_enabled=true; smb_with_cob_enabled=false; smb_after_carbs_enabled=false; smb_with_temp_target_enabled=true; smb_with_high_temp_target_enabled=false,keep,smb_always_enabled=true; smb_with_cob_enabled=false; smb_after_carbs_enabled=false; smb_with_temp_target_enabled=true; smb_with_high_temp_target_enabled=false,Settings are consistent with unannounced meals and safety; no need to change.
real_deepseek_v4pro_50,run_017,aaps.core.smb_delivery,aaps,True,smb_interval_minutes=3 min; max_smb_basal_minutes=15 min; max_uam_smb_basal_minutes=20 min,keep,smb_interval_minutes=3 min; max_smb_basal_minutes=15 min; max_uam_smb_basal_minutes=20 min,Delivery limits are within safe range; no evidence of excessive SMB dosing.
real_deepseek_v4pro_50,run_017,aaps.core.safety_limits,aaps,True,max_basal_u_per_hour=12 U/h; max_iob_units=25 U,change,max_basal_u_per_hour=12 U/h; max_iob_units=10 U,Max IOB of 25 U poses a significant safety risk far beyond required insulin. Reducing to 10 U preserves loop capability while preventing catastrophic overdosing.
real_deepseek_v4pro_50,run_017,aaps.core.sensitivity,aaps,True,autosens_enabled=false; dynamic_sensitivity_enabled=true; autosens_raises_target=false; autosens_lowers_target=false; dynamic_isf_adjustment_factor_percent=70 %,keep,autosens_enabled=false; dynamic_sensitivity_enabled=true; autosens_raises_target=false; autosens_lowers_target=false; dynamic_isf_adjustment_factor_percent=70 %,Dynamic ISF is necessary to adjust for varying sensitivity; lowering the factor prematurely could worsen daytime hyperglycemia. Re-evaluate after basal and DIA adjustments.
real_deepseek_v4pro_50,run_017,aaps.core.carb_absorption,aaps,True,min_5m_carbimpact=8 mg/dL/5 min; meal_max_absorption_hours=7 h,keep,min_5m_carbimpact=8 mg/dL/5 min; meal_max_absorption_hours=7 h,Lack of meal data prevents evaluation; default values are reasonable.
real_deepseek_v4pro_50,run_018,profile.basal.00_00,profile,True,0.6 U/h,keep,0.6 U/h,"No direct evidence of basal rate error; overnight lows are primarily caused by automation-driven IOB, not basal over-delivery. Keep current value and reassess after automation changes."
real_deepseek_v4pro_50,run_018,profile.basal.05_00,profile,True,0.7 U/h,keep,0.7 U/h,No evidence of basal rate error; keep until stable automation data with carb logs allow evaluation.
real_deepseek_v4pro_50,run_018,profile.basal.06_00,profile,True,0.8 U/h,keep,0.8 U/h,No evidence of basal rate error; daytime behavior is masked by automation.
real_deepseek_v4pro_50,run_018,profile.basal.10_00,profile,True,0.7 U/h,keep,0.7 U/h,No evidence of basal rate error.
real_deepseek_v4pro_50,run_018,profile.basal.16_00,profile,True,0.5 U/h,keep,0.5 U/h,No evidence of basal rate error.
real_deepseek_v4pro_50,run_018,profile.basal.18_00,profile,True,0.6 U/h,keep,0.6 U/h,No evidence of basal rate error.
real_deepseek_v4pro_50,run_018,profile.basal.19_00,profile,True,0.7 U/h,keep,0.7 U/h,No evidence of basal rate error.
real_deepseek_v4pro_50,run_018,profile.cr.00_00,profile,True,13 g/U,keep,13 g/U,CR cannot be validated without carb entries. Keep current value and await meal logging.
real_deepseek_v4pro_50,run_018,profile.cr.04_00,profile,True,11.1 g/U,keep,11.1 g/U,No carb data.
real_deepseek_v4pro_50,run_018,profile.cr.08_00,profile,True,13.2 g/U,keep,13.2 g/U,No carb data.
real_deepseek_v4pro_50,run_018,profile.cr.16_00,profile,True,10.5 g/U,keep,10.5 g/U,No carb data.
real_deepseek_v4pro_50,run_018,profile.cr.20_00,profile,True,12.6 g/U,keep,12.6 g/U,No carb data.
real_deepseek_v4pro_50,run_018,profile.isf.00_00,profile,True,56 mg/dL/U,keep,56 mg/dL/U,Profile ISF is reasonable but is currently overridden by dynamic ISF. No change needed; automation fix will restore proper scaling.
real_deepseek_v4pro_50,run_018,profile.target.00_00,profile,True,90 mg/dL,keep,90 mg/dL,Overnight lows are not due to target being too low; they are caused by excessive IOB. Keep target.
real_deepseek_v4pro_50,run_018,profile.target.08_00,profile,True,100 mg/dL,keep,100 mg/dL,Daytime target is appropriate.
real_deepseek_v4pro_50,run_018,profile.target.23_00,profile,True,90 mg/dL,keep,90 mg/dL,Evening target is fine.
real_deepseek_v4pro_50,run_018,profile.dia,profile,True,10 h,keep,10 h,"Evidence suggests DIA may be too long, but confounded by dynamic ISF. Keep until verified with an insulin duration test after automation changes."
real_deepseek_v4pro_50,run_018,aaps.core.smb_uam,aaps,True,smb_enabled=true; uam_enabled=true,change,smb_enabled=true; uam_enabled=false,UAM is currently dangerous because it misinterprets unlogged meals and feeds over-aggressive SMB under dynamic ISF. Disabling UAM is a safety requirement while meal logging is established. SMB remains enabled for correction boluses.
real_deepseek_v4pro_50,run_018,aaps.core.smb_activation,aaps,True,smb_always_enabled=true; smb_with_cob_enabled=false; smb_after_carbs_enabled=false; smb_with_temp_target_enabled=true; smb_with_high_temp_target_enabled=false,keep,smb_always_enabled=true; smb_with_cob_enabled=false; smb_after_carbs_enabled=false; smb_with_temp_target_enabled=true; smb_with_high_temp_target_enabled=false,Current activation conditions are acceptable once UAM is off. smb_after_carbs could be enabled later when meals are logged. No safety concern with the current settings given other safeties in place.
real_deepseek_v4pro_50,run_018,aaps.core.smb_delivery,aaps,True,smb_interval_minutes=3 min; max_smb_basal_minutes=15 min; max_uam_smb_basal_minutes=20 min,keep,smb_interval_minutes=3 min; max_smb_basal_minutes=15 min; max_uam_smb_basal_minutes=20 min,"Delivery strength is aggressive but will be limited by the new max IOB and max basal caps. With dynamic ISF neutralized and UAM off, SMB sizes will be much smaller and safer."
real_deepseek_v4pro_50,run_018,aaps.core.safety_limits,aaps,True,max_basal_u_per_hour=12 U/h; max_iob_units=25 U,change,max_basal_u_per_hour=4 U/h; max_iob_units=5 U,"Current limits are far too high, allowing dangerous IOB stacking. Lowering max basal to 4 U/h and max IOB to 5 U creates safe ceilings that prevent massive insulin accumulation. These values are sufficient to cover any likely correction need."
real_deepseek_v4pro_50,run_018,aaps.core.sensitivity,aaps,True,autosens_enabled=false; dynamic_sensitivity_enabled=true; autosens_raises_target=false; autosens_lowers_target=false; dynamic_isf_adjustment_factor_percent=70 %,change,autosens_enabled=false; dynamic_sensitivity_enabled=true; autosens_raises_target=false; autosens_lowers_target=false; dynamic_isf_adjustment_factor_percent=0 %,"Dynamic ISF with 70% adjustment factor is causing dangerous over-amplification of insulin sensitivity. Setting the factor to 0% effectively disables dynamic ISF, stopping the extreme sensitivity adjustments. Keep dynamic_sensitivity_enabled=true to allow future re-evaluation with a smaller factor once data supports it."
real_deepseek_v4pro_50,run_018,aaps.core.carb_absorption,aaps,True,min_5m_carbimpact=8 mg/dL/5 min; meal_max_absorption_hours=7 h,keep,min_5m_carbimpact=8 mg/dL/5 min; meal_max_absorption_hours=7 h,"Absorption model may be too aggressive and contributing to UAM overestimation, but without carb logs it is speculative. Keep as is; after meal logging and UAM re-evaluation, this can be assessed."
real_deepseek_v4pro_50,run_019,profile.basal.00_00,profile,True,0.6 U/h,change,0.5 U/h,"Overnight hypoglycemia frequent despite zero temp basals; reduction likely to reduce lows. Evidence: hourly_glucose_local 01:00 below 18.5%, loop statuses show zero temp delivery. Uncertainty medium: contribution of daytime IOB unclear."
real_deepseek_v4pro_50,run_019,profile.basal.05_00,profile,True,0.7 U/h,keep,,Hypoglycemia is less pronounced after 05:00; no direct evidence that this rate causes lows. Keeping unchanged while monitoring effect of earlier reduction.
real_deepseek_v4pro_50,run_019,profile.basal.06_00,profile,True,0.8 U/h,keep,,Early morning glucose stable with very low below-range time. No evidence of basal excess.
real_deepseek_v4pro_50,run_019,profile.basal.10_00,profile,True,0.7 U/h,keep,,Daytime rises likely due to unannounced meals; basal appears appropriate with no hypoglycemia.
real_deepseek_v4pro_50,run_019,profile.basal.16_00,profile,True,0.5 U/h,keep,,"Evening lows may be influenced, but primary focus is overnight basal. Would be re-evaluated after overnight improvement."
real_deepseek_v4pro_50,run_019,profile.basal.18_00,profile,True,0.6 U/h,keep,,Similar to 16:00; kept for now to avoid multiple changes.
real_deepseek_v4pro_50,run_019,profile.basal.19_00,profile,True,0.7 U/h,keep,,No independent evidence of excess; may be contributing to evening lows but one change at a time.
real_deepseek_v4pro_50,run_019,profile.cr.00_00,profile,True,13 g/U,keep,,Carb data absent; CR cannot be evaluated. Keeping current value.
real_deepseek_v4pro_50,run_019,profile.cr.04_00,profile,True,11.1 g/U,keep,,No meal data to test.
real_deepseek_v4pro_50,run_019,profile.cr.08_00,profile,True,13.2 g/U,keep,,No meal data to test.
real_deepseek_v4pro_50,run_019,profile.cr.16_00,profile,True,10.5 g/U,keep,,No meal data to test.
real_deepseek_v4pro_50,run_019,profile.cr.20_00,profile,True,12.6 g/U,keep,,No meal data to test.
real_deepseek_v4pro_50,run_019,profile.isf.00_00,profile,True,56 mg/dL/U,keep,,Dynamic ISF overrides static ISF; observed sensitivity range handled adequately. No change needed.
real_deepseek_v4pro_50,run_019,profile.target.00_00,profile,True,90 mg/dL,keep,,Target values appropriate for observed glucose patterns; no evidence of target mismatch.
real_deepseek_v4pro_50,run_019,profile.target.08_00,profile,True,100 mg/dL,keep,,Daytime target appears suitable.
real_deepseek_v4pro_50,run_019,profile.target.23_00,profile,True,90 mg/dL,keep,,Consistent with overnight needs.
real_deepseek_v4pro_50,run_019,profile.dia,profile,True,10 h,keep,,No IOB stacking evident; DIA appears suitable with insulin type free_peak_oref.
real_deepseek_v4pro_50,run_019,aaps.core.smb_uam,aaps,True,smb_enabled=true; uam_enabled=true,keep,,Enabled settings provide appropriate micro-bolus support without observed risk.
real_deepseek_v4pro_50,run_019,aaps.core.smb_activation,aaps,True,smb_always_enabled=true; smb_with_cob_enabled=false; smb_after_carbs_enabled=false; smb_with_temp_target_enabled=true; smb_with_high_temp_target_enabled=false,keep,,Settings are safe given zero-carb environment; no indication to change.
real_deepseek_v4pro_50,run_019,aaps.core.smb_delivery,aaps,True,smb_interval_minutes=3 min; max_smb_basal_minutes=15 min; max_uam_smb_basal_minutes=20 min,keep,,Conservative delivery parameters; no hypoglycemia attributable to SMB volume.
real_deepseek_v4pro_50,run_019,aaps.core.safety_limits,aaps,True,max_basal_u_per_hour=12 U/h; max_iob_units=25 U,keep,,"Limits far exceed observed usage; no immediate safety issue, but could be lowered in future for extra caution."
real_deepseek_v4pro_50,run_019,aaps.core.sensitivity,aaps,True,autosens_enabled=false; dynamic_sensitivity_enabled=true; autosens_raises_target=false; autosens_lowers_target=false; dynamic_isf_adjustment_factor_percent=70 %,keep,,Dynamic ISF effectively compensates for profile ISF; no adverse target adjustments.
real_deepseek_v4pro_50,run_019,aaps.core.carb_absorption,aaps,True,min_5m_carbimpact=8 mg/dL/5 min; meal_max_absorption_hours=7 h,keep,,Settings are defaults and cannot be tested without carb data.
real_deepseek_v4pro_50,run_020,profile.basal.00_00,profile,True,0.6 U/h,change,0.55 U/h,"Overnight hypoglycemia frequency and extremes indicate excess basal. Hourly TBR 18.5% at 01:00. Dependencies: target appropriate; no other factor explains the pattern. Caution: GLP‑1 may transiently increase sensitivity, but baseline reduction is low‑risk."
real_deepseek_v4pro_50,run_020,profile.basal.05_00,profile,True,0.7 U/h,keep,0.7 U/h,"Some early morning lows exist, but pattern is less consistent. Monitor after first change; if morning lows persist, consider reducing to 0.65 U/h later."
real_deepseek_v4pro_50,run_020,profile.basal.06_00,profile,True,0.8 U/h,keep,0.8 U/h,Daytime glucoses do not indicate basal over‑delivery from this segment; no change warranted.
real_deepseek_v4pro_50,run_020,profile.basal.10_00,profile,True,0.7 U/h,keep,0.7 U/h,No evidence of excess basal during this period.
real_deepseek_v4pro_50,run_020,profile.basal.16_00,profile,True,0.5 U/h,keep,0.5 U/h,No evidence of excess basal; some afternoon rises suggest adequate rate.
real_deepseek_v4pro_50,run_020,profile.basal.18_00,profile,True,0.6 U/h,keep,0.6 U/h,Evening pattern does not show consistent lows; basal reduction not indicated.
real_deepseek_v4pro_50,run_020,profile.basal.19_00,profile,True,0.7 U/h,keep,0.7 U/h,Late evening basal appears appropriate.
real_deepseek_v4pro_50,run_020,profile.cr.00_00,profile,True,13 g/U,keep,13 g/U,No carb data; cannot evaluate. Keep until carb logging enables assessment.
real_deepseek_v4pro_50,run_020,profile.cr.04_00,profile,True,11.1 g/U,keep,11.1 g/U,No carb data.
real_deepseek_v4pro_50,run_020,profile.cr.08_00,profile,True,13.2 g/U,keep,13.2 g/U,No carb data.
real_deepseek_v4pro_50,run_020,profile.cr.16_00,profile,True,10.5 g/U,keep,10.5 g/U,No carb data.
real_deepseek_v4pro_50,run_020,profile.cr.20_00,profile,True,12.6 g/U,keep,12.6 g/U,No carb data.
real_deepseek_v4pro_50,run_020,profile.isf.00_00,profile,True,56 mg/dL/U,keep,56 mg/dL/U,"Strong evidence of mismatch, but changing ISF while Dynamic ISF is active and baseline sensitivity is uncertain (carb data missing) could cause instability. Keep and reassess after basal stable and carb data collected; candidate range 30‑40 mg/dL/U."
real_deepseek_v4pro_50,run_020,profile.target.00_00,profile,True,90 mg/dL,keep,90 mg/dL,"Target is appropriate; hypoglycemia stems from basal excess, not target."
real_deepseek_v4pro_50,run_020,profile.target.08_00,profile,True,100 mg/dL,keep,100 mg/dL,Daytime target fine.
real_deepseek_v4pro_50,run_020,profile.target.23_00,profile,True,90 mg/dL,keep,90 mg/dL,Evening target fine.
real_deepseek_v4pro_50,run_020,profile.dia,profile,True,10 h,keep,10 h,Cannot evaluate independently. No direct evidence of mismatch; keep for now.
real_deepseek_v4pro_50,run_020,aaps.core.smb_uam,aaps,True,smb_enabled=true; uam_enabled=true,keep,smb_enabled=true; uam_enabled=true,Both are essential for unannounced meal coverage. Disabling would increase hyperglycemia; profile fixes should reduce hypoglycemia risk.
real_deepseek_v4pro_50,run_020,aaps.core.smb_activation,aaps,True,smb_always_enabled=true; smb_with_cob_enabled=false; smb_after_carbs_enabled=false; smb_with_temp_target_enabled=true; smb_with_high_temp_target_enabled=false,keep,smb_always_enabled=true; smb_with_cob_enabled=false; smb_after_carbs_enabled=false; smb_with_temp_target_enabled=true; smb_with_high_temp_target_enabled=false,Activation conditions appropriately set. No evidence they cause independent lows beyond profile issues.
real_deepseek_v4pro_50,run_020,aaps.core.smb_delivery,aaps,True,smb_interval_minutes=3 min; max_smb_basal_minutes=15 min; max_uam_smb_basal_minutes=20 min,keep,smb_interval_minutes=3 min; max_smb_basal_minutes=15 min; max_uam_smb_basal_minutes=20 min,Aggressive UAM SMBs may contribute to daytime lows but the overnight pattern is independent. Profile tuning must come first; then evaluate.
real_deepseek_v4pro_50,run_020,aaps.core.safety_limits,aaps,True,max_basal_u_per_hour=12 U/h; max_iob_units=25 U,keep,max_basal_u_per_hour=12 U/h; max_iob_units=25 U,Safety limits are far above current usage and safe.
real_deepseek_v4pro_50,run_020,aaps.core.sensitivity,aaps,True,autosens_enabled=false; dynamic_sensitivity_enabled=true; autosens_raises_target=false; autosens_lowers_target=false; dynamic_isf_adjustment_factor_percent=70 %,keep,autosens_enabled=false; dynamic_sensitivity_enabled=true; autosens_raises_target=false; autosens_lowers_target=false; dynamic_isf_adjustment_factor_percent=70 %,"Dynamic ISF is compensating for ISF error; changing its factor would mask the problem. After basal and carb data, ISF profile adjustment will reduce Dynamic ISF swings."
real_deepseek_v4pro_50,run_020,aaps.core.carb_absorption,aaps,True,min_5m_carbimpact=8 mg/dL/5 min; meal_max_absorption_hours=7 h,keep,min_5m_carbimpact=8 mg/dL/5 min; meal_max_absorption_hours=7 h,No carb data to tune. Settings are not contributing to current issues.
real_deepseek_v4pro_50,run_021,profile.basal.00_00,profile,True,0.6 U/h,change,0.5 U/h,Overnight hypoglycemia (TBR 18.5% at 01:00) with automation zeroing basal indicates basal excess. A 0.1 U/h reduction targets this period without affecting daytime stability.
real_deepseek_v4pro_50,run_021,profile.basal.05_00,profile,True,0.7 U/h,keep,0.7 U/h,Hypoglycemia resolves after 03:00; no pattern of lows or highs requires adjustment during this short segment.
real_deepseek_v4pro_50,run_021,profile.basal.06_00,profile,True,0.8 U/h,keep,0.8 U/h,Morning glucose is well maintained; TBR is low and no hyperglycemia indicates underdosing. Keep while overnight change is assessed.
real_deepseek_v4pro_50,run_021,profile.basal.10_00,profile,True,0.7 U/h,keep,0.7 U/h,Daytime patterns are confounded by unannounced meals; insufficient evidence to adjust.
real_deepseek_v4pro_50,run_021,profile.basal.16_00,profile,True,0.5 U/h,keep,0.5 U/h,"Afternoon hyperglycemia could reflect low basal, but unannounced meals prevent distinguishing the cause. Keep until meal data is available; then reconsider."
real_deepseek_v4pro_50,run_021,profile.basal.18_00,profile,True,0.6 U/h,keep,0.6 U/h,Transition segment with no isolated defect.
real_deepseek_v4pro_50,run_021,profile.basal.19_00,profile,True,0.7 U/h,keep,0.7 U/h,Evening glucose is generally stable; no change warranted.
real_deepseek_v4pro_50,run_021,profile.cr.00_00,profile,True,13 g/U,keep,13 g/U,No meal data; CR cannot be evaluated.
real_deepseek_v4pro_50,run_021,profile.cr.04_00,profile,True,11.1 g/U,keep,11.1 g/U,No meal data.
real_deepseek_v4pro_50,run_021,profile.cr.08_00,profile,True,13.2 g/U,keep,13.2 g/U,No meal data.
real_deepseek_v4pro_50,run_021,profile.cr.16_00,profile,True,10.5 g/U,keep,10.5 g/U,No meal data.
real_deepseek_v4pro_50,run_021,profile.cr.20_00,profile,True,12.6 g/U,keep,12.6 g/U,No meal data.
real_deepseek_v4pro_50,run_021,profile.isf.00_00,profile,True,56 mg/dL/U,keep,56 mg/dL/U,Dynamic ISF adapts sensitivity; static ISF is merely baseline and shows no consistent mismatch.
real_deepseek_v4pro_50,run_021,profile.target.00_00,profile,True,90 mg/dL,keep,90 mg/dL,90 mg/dL overnight is appropriate; hypoglycemia is not due to target but to basal excess. Changing the target would not address the root cause.
real_deepseek_v4pro_50,run_021,profile.target.08_00,profile,True,100 mg/dL,keep,100 mg/dL,Daytime target is standard and shows no evidence of causing hyperglycemia beyond meal effects.
real_deepseek_v4pro_50,run_021,profile.target.23_00,profile,True,90 mg/dL,keep,90 mg/dL,Evening transition target is safe and has not generated issues.
real_deepseek_v4pro_50,run_021,profile.dia,profile,True,10 h,keep,10 h,Insulin action duration in correction windows is consistent with a 10‑h DIA; no stacking or early washout observed.
real_deepseek_v4pro_50,run_021,aaps.core.smb_uam,aaps,True,smb_enabled=true; uam_enabled=true,keep,smb_enabled=true; uam_enabled=true,"SMB/UAM are functioning safely and are the only insulin delivery mechanism for unannounced meals. Disabling either would remove critical automation, increasing hypo/hyper risk."
real_deepseek_v4pro_50,run_021,aaps.core.smb_activation,aaps,True,smb_always_enabled=true; smb_with_cob_enabled=false; smb_after_carbs_enabled=false; smb_with_temp_target_enabled=true; smb_with_high_temp_target_enabled=false,keep,smb_always_enabled=true; smb_with_cob_enabled=false; smb_after_carbs_enabled=false; smb_with_temp_target_enabled=true; smb_with_high_temp_target_enabled=false,Activation logic is conservative and prevents over-aggressive dosing during low confidence. No unsafe pattern linked to these settings.
real_deepseek_v4pro_50,run_021,aaps.core.smb_delivery,aaps,True,smb_interval_minutes=3 min; max_smb_basal_minutes=15 min; max_uam_smb_basal_minutes=20 min,keep,smb_interval_minutes=3 min; max_smb_basal_minutes=15 min; max_uam_smb_basal_minutes=20 min,Current intervals and caps avoid excessive insulin stacking. Loosening before basal and meal issues are resolved could increase hypoglycemia risk.
real_deepseek_v4pro_50,run_021,aaps.core.safety_limits,aaps,True,max_basal_u_per_hour=12 U/h; max_iob_units=25 U,keep,max_basal_u_per_hour=12 U/h; max_iob_units=25 U,"Actual usage is far below limits (max temp basal 3.6 U/h, max IOB ~5.9 U). These limits do not impact therapy and are not a safety concern."
real_deepseek_v4pro_50,run_021,aaps.core.sensitivity,aaps,True,autosens_enabled=false; dynamic_sensitivity_enabled=true; autosens_raises_target=false; autosens_lowers_target=false; dynamic_isf_adjustment_factor_percent=70 %,keep,autosens_enabled=false; dynamic_sensitivity_enabled=true; autosens_raises_target=false; autosens_lowers_target=false; dynamic_isf_adjustment_factor_percent=70 %,Dynamic ISF is working; variable sensitivity ratios and stable control support its validity. No need to enable Autosens at this time.
real_deepseek_v4pro_50,run_021,aaps.core.carb_absorption,aaps,True,min_5m_carbimpact=8 mg/dL/5 min; meal_max_absorption_hours=7 h,keep,min_5m_carbimpact=8 mg/dL/5 min; meal_max_absorption_hours=7 h,"Default absorption parameters are standard and are not implicated in the observed patterns. Without meal logs, no adjustment is warranted."
real_deepseek_v4pro_50,run_022,profile.basal.00_00,profile,True,0.6 U/h,change,0.5 U/h,"High hypoglycemia rate (18.5% below range at hour 1) with average glucose 90.6 mg/dL, indicating basal is too high. Reducing to 0.5 U/h may lessen early-night lows without causing dangerous hyperglycemia."
real_deepseek_v4pro_50,run_022,profile.basal.05_00,profile,True,0.7 U/h,keep,0.7 U/h,No clear hypoglycemia pattern specific to this segment; the dawn rises are observed but confounded by missing meals. Premature adjustment without meal data risks hyperglycemia.
real_deepseek_v4pro_50,run_022,profile.basal.06_00,profile,True,0.8 U/h,keep,0.8 U/h,"Insufficient evidence to change; morning rise may be meal-related, not basal-deficient."
real_deepseek_v4pro_50,run_022,profile.basal.10_00,profile,True,0.7 U/h,keep,0.7 U/h,"Stable daytime pattern, no severe hypo/hyper attributable to this segment alone."
real_deepseek_v4pro_50,run_022,profile.basal.16_00,profile,True,0.5 U/h,keep,0.5 U/h,Afternoon hyperglycemia is evident but likely with meal contributions; changing basal without carb logs is premature.
real_deepseek_v4pro_50,run_022,profile.basal.18_00,profile,True,0.6 U/h,keep,0.6 U/h,No isolated problem; early evening data confounded.
real_deepseek_v4pro_50,run_022,profile.basal.19_00,profile,True,0.7 U/h,keep,0.7 U/h,No clear safety issue; supported by general data but insufficient for specific change.
real_deepseek_v4pro_50,run_022,profile.cr.00_00,profile,True,13 g/U,keep,13 g/U,Blocked by missing meal data. Any change would be unsupported.
real_deepseek_v4pro_50,run_022,profile.cr.04_00,profile,True,11.1 g/U,keep,11.1 g/U,No carb entries to evaluate; change unsupported.
real_deepseek_v4pro_50,run_022,profile.cr.08_00,profile,True,13.2 g/U,keep,13.2 g/U,Blocked; missing meal data.
real_deepseek_v4pro_50,run_022,profile.cr.16_00,profile,True,10.5 g/U,keep,10.5 g/U,Blocked; missing meal data.
real_deepseek_v4pro_50,run_022,profile.cr.20_00,profile,True,12.6 g/U,keep,12.6 g/U,Blocked; missing meal data.
real_deepseek_v4pro_50,run_022,profile.isf.00_00,profile,True,56 mg/dL/U,keep,56 mg/dL/U,"Several post-correction hypos suggest ISF may be too aggressive, but this is also influenced by dynamic ISF. Changing ISF now would be premature; first adjust dynamic ISF and basal, then reassess."
real_deepseek_v4pro_50,run_022,profile.target.00_00,profile,True,90 mg/dL,keep,90 mg/dL,"Target 90 mg/dL overnight is typical but may contribute to lows. However, reducing basal is more direct; changing target could blunt correction response."
real_deepseek_v4pro_50,run_022,profile.target.08_00,profile,True,100 mg/dL,keep,100 mg/dL,No evidence to change.
real_deepseek_v4pro_50,run_022,profile.target.23_00,profile,True,90 mg/dL,keep,90 mg/dL,Same as 00:00 target; basal change preferred.
real_deepseek_v4pro_50,run_022,profile.dia,profile,True,10 h,keep,10 h,"10 h DIA is longer than typical, but shortening could increase IOB stacking and hypos. Insufficient data to change without risking further lows."
real_deepseek_v4pro_50,run_022,aaps.core.smb_uam,aaps,True,smb_enabled=true; uam_enabled=true,keep,smb_enabled=true; uam_enabled=true,SMB and UAM are essential for automation. No safety reason to disable them; the problem lies in their intensity settings.
real_deepseek_v4pro_50,run_022,aaps.core.smb_activation,aaps,True,smb_always_enabled=true; smb_with_cob_enabled=false; smb_after_carbs_enabled=false; smb_with_temp_target_enabled=true; smb_with_high_temp_target_enabled=false,keep,smb_always_enabled=true; smb_with_cob_enabled=false; smb_after_carbs_enabled=false; smb_with_temp_target_enabled=true; smb_with_high_temp_target_enabled=false,Current activation settings are standard and not implicated in hypoglycemia; SMB with temp target enabled is appropriate.
real_deepseek_v4pro_50,run_022,aaps.core.smb_delivery,aaps,True,smb_interval_minutes=3 min; max_smb_basal_minutes=15 min; max_uam_smb_basal_minutes=20 min,change,smb_interval_minutes=3 min; max_smb_basal_minutes=15 min; max_uam_smb_basal_minutes=15 min,"UAM max SMB basal minutes of 20 allows more insulin than regular SMB (15 min), contributing to hypoglycemic overshoots. Reducing to 15 min aligns with standard SMB and reduces risk."
real_deepseek_v4pro_50,run_022,aaps.core.safety_limits,aaps,True,max_basal_u_per_hour=12 U/h; max_iob_units=25 U,keep,max_basal_u_per_hour=12 U/h; max_iob_units=25 U,Limits are high and not restricting therapy; no adjustment needed.
real_deepseek_v4pro_50,run_022,aaps.core.sensitivity,aaps,True,autosens_enabled=false; dynamic_sensitivity_enabled=true; autosens_raises_target=false; autosens_lowers_target=false; dynamic_isf_adjustment_factor_percent=70 %,change,autosens_enabled=false; dynamic_sensitivity_enabled=true; autosens_raises_target=false; autosens_lowers_target=false; dynamic_isf_adjustment_factor_percent=100 %,"Dynamic ISF factor 70% amplifies insulin delivery during perceived sensitivity, likely contributing to severe lows. Setting to 100% removes the amplification while keeping Dynamic ISF enabled for future evaluation."
real_deepseek_v4pro_50,run_022,aaps.core.carb_absorption,aaps,True,min_5m_carbimpact=8 mg/dL/5 min; meal_max_absorption_hours=7 h,keep,min_5m_carbimpact=8 mg/dL/5 min; meal_max_absorption_hours=7 h,Absorption settings are within typical range; no evidence to change without meal data.
real_deepseek_v4pro_50,run_023,profile.basal.00_00,profile,True,0.6 U/h,keep,0.6 U/h,"Overnight lows observed, but causation is confounded by UAM and evening correction IOB. No adjustment until carb‑logging and fasting windows are re‑evaluated."
real_deepseek_v4pro_50,run_023,profile.basal.05_00,profile,True,0.7 U/h,keep,0.7 U/h,Glucose in this window appears acceptable; no evidence of systematic under‑ or over‑basal.
real_deepseek_v4pro_50,run_023,profile.basal.06_00,profile,True,0.8 U/h,keep,0.8 U/h,"Morning rise often seen, but without carb logs cannot distinguish from breakfast rise; keep for now."
real_deepseek_v4pro_50,run_023,profile.basal.10_00,profile,True,0.7 U/h,keep,0.7 U/h,No clear pattern of drift; adequate on current mixed data.
real_deepseek_v4pro_50,run_023,profile.basal.16_00,profile,True,0.5 U/h,keep,0.5 U/h,"Late afternoon averages 153‑163 mg/dL, but this timing aligns with possible meal and activity effects. Keep until meal‑data available."
real_deepseek_v4pro_50,run_023,profile.basal.18_00,profile,True,0.6 U/h,keep,0.6 U/h,"Evening average drops, no clear basal error beyond confounding variables."
real_deepseek_v4pro_50,run_023,profile.basal.19_00,profile,True,0.7 U/h,keep,0.7 U/h,Evening pattern is acceptable; too early to change without meal data.
real_deepseek_v4pro_50,run_023,profile.cr.00_00,profile,True,13 g/U,keep,13 g/U,No carb entries exist to assess; no basis for change.
real_deepseek_v4pro_50,run_023,profile.cr.04_00,profile,True,11.1 g/U,keep,11.1 g/U,No carb data; keep.
real_deepseek_v4pro_50,run_023,profile.cr.08_00,profile,True,13.2 g/U,keep,13.2 g/U,No carb data; keep.
real_deepseek_v4pro_50,run_023,profile.cr.16_00,profile,True,10.5 g/U,keep,10.5 g/U,No carb data; keep.
real_deepseek_v4pro_50,run_023,profile.cr.20_00,profile,True,12.6 g/U,keep,12.6 g/U,No carb data; keep.
real_deepseek_v4pro_50,run_023,profile.isf.00_00,profile,True,56 mg/dL/U,keep,56 mg/dL/U,"Static ISF is rarely used due to Dynamic ISF; corrective drops appear larger but likely from UAM stacking. Without carb data, ISF cannot be reliably assessed."
real_deepseek_v4pro_50,run_023,profile.target.00_00,profile,True,90 mg/dL,keep,90 mg/dL,"Target is appropriate; hypoglycemia is from over‑delivery, not target level."
real_deepseek_v4pro_50,run_023,profile.target.08_00,profile,True,100 mg/dL,keep,100 mg/dL,Daytime target is reasonable.
real_deepseek_v4pro_50,run_023,profile.target.23_00,profile,True,90 mg/dL,keep,90 mg/dL,Consistent with other targets.
real_deepseek_v4pro_50,run_023,profile.dia,profile,True,10 h,keep,10 h,Observed correction action times are consistent with 10‑hour DIA; no evidence of insulin stacking or premature tail‑off.
real_deepseek_v4pro_50,run_023,aaps.core.smb_uam,aaps,True,smb_enabled=true; uam_enabled=true,keep,smb_enabled=true; uam_enabled=true,"SMB and UAM are essential for coverage of unannounced meals. Disabling either would worsen control given no carb logging. The problem is aggressiveness, not enablement."
real_deepseek_v4pro_50,run_023,aaps.core.smb_activation,aaps,True,smb_always_enabled=true; smb_with_cob_enabled=false; smb_after_carbs_enabled=false; smb_with_temp_target_enabled=true; smb_with_high_temp_target_enabled=false,keep,smb_always_enabled=true; smb_with_cob_enabled=false; smb_after_carbs_enabled=false; smb_with_temp_target_enabled=true; smb_with_high_temp_target_enabled=false,Activation rules are appropriate currently. SMB during temp targets is acceptable; COB‑based SMB cannot be used because no carbs are logged.
real_deepseek_v4pro_50,run_023,aaps.core.smb_delivery,aaps,True,smb_interval_minutes=3 min; max_smb_basal_minutes=15 min; max_uam_smb_basal_minutes=20 min,change,smb_interval_minutes=3 min; max_smb_basal_minutes=15 min; max_uam_smb_basal_minutes=15 min,"max_uam_smb_basal_minutes of 20 minutes allows large UAM boluses that contribute to hypoglycemia. Reducing to 15 minutes aligns with regular SMB basal minutes, limiting UAM bolus size while still covering meals."
real_deepseek_v4pro_50,run_023,aaps.core.safety_limits,aaps,True,max_basal_u_per_hour=12 U/h; max_iob_units=25 U,change,max_basal_u_per_hour=12 U/h; max_iob_units=6 U,max_iob of 25 U is excessively high; observed maximum IOB is ~6 U. Reducing to 6 U enhances safety without restricting treatment. max_basal is kept because it is not currently limiting and no safe reduction is de‑indexed.
real_deepseek_v4pro_50,run_023,aaps.core.sensitivity,aaps,True,autosens_enabled=false; dynamic_sensitivity_enabled=true; autosens_raises_target=false; autosens_lowers_target=false; dynamic_isf_adjustment_factor_percent=70 %,keep,autosens_enabled=false; dynamic_sensitivity_enabled=true; autosens_raises_target=false; autosens_lowers_target=false; dynamic_isf_adjustment_factor_percent=70 %,Dynamic ISF is working correctly; no evidence that adjusting the factor would improve safety. Autosens is appropriately off.
real_deepseek_v4pro_50,run_023,aaps.core.carb_absorption,aaps,True,min_5m_carbimpact=8 mg/dL/5 min; meal_max_absorption_hours=7 h,keep,min_5m_carbimpact=8 mg/dL/5 min; meal_max_absorption_hours=7 h,No carb data to adjust absorption model. These defaults are reasonable; no evidence they cause harm.
real_deepseek_v4pro_50,run_024,profile.basal.00_00,profile,True,0.6 U/h,keep,,"The overnight hypoglycemia pattern is primarily driven by IOB accumulation, not by an excessively high basal rate. This rate will be kept and re-evaluated after DIA and other changes take effect."
real_deepseek_v4pro_50,run_024,profile.basal.05_00,profile,True,0.7 U/h,keep,,No clear evidence of basal insufficiency; morning rises may be post-prandial. Will re-assess after meal logging begins.
real_deepseek_v4pro_50,run_024,profile.basal.06_00,profile,True,0.8 U/h,keep,,No clear evidence of basal insufficiency; pattern suggests meal-related peaks.
real_deepseek_v4pro_50,run_024,profile.basal.10_00,profile,True,0.7 U/h,keep,,Daytime hyperglycemia cannot be attributed to basal without meal data.
real_deepseek_v4pro_50,run_024,profile.basal.16_00,profile,True,0.5 U/h,keep,,Afternoon TAR may be due to missing meal boluses rather than insufficient basal.
real_deepseek_v4pro_50,run_024,profile.basal.18_00,profile,True,0.6 U/h,keep,,No strong evidence for change; evening lows likely IOB-related.
real_deepseek_v4pro_50,run_024,profile.basal.19_00,profile,True,0.7 U/h,keep,,No strong evidence for change.
real_deepseek_v4pro_50,run_024,profile.cr.00_00,profile,True,13 g/U,keep,,Cannot evaluate without carb entries.
real_deepseek_v4pro_50,run_024,profile.cr.04_00,profile,True,11.1 g/U,keep,,Cannot evaluate without carb entries.
real_deepseek_v4pro_50,run_024,profile.cr.08_00,profile,True,13.2 g/U,keep,,Cannot evaluate without carb entries.
real_deepseek_v4pro_50,run_024,profile.cr.16_00,profile,True,10.5 g/U,keep,,Cannot evaluate without carb entries.
real_deepseek_v4pro_50,run_024,profile.cr.20_00,profile,True,12.6 g/U,keep,,Cannot evaluate without carb entries.
real_deepseek_v4pro_50,run_024,profile.isf.00_00,profile,True,56 mg/dL/U,change,70 mg/dL/U,Observed correction responses drop much more than 56 mg/dL per unit; raising ISF to 70 will reduce insulin delivery for corrections and lower post-correction hypoglycemia risk. Dependent on DIA reduction first.
real_deepseek_v4pro_50,run_024,profile.target.00_00,profile,True,90 mg/dL,keep,,"Target is appropriate; overnight lows are IOB-driven, not target-driven."
real_deepseek_v4pro_50,run_024,profile.target.08_00,profile,True,100 mg/dL,keep,,Target is reasonable; daytime patterns cannot be separated from meal effects.
real_deepseek_v4pro_50,run_024,profile.target.23_00,profile,True,90 mg/dL,keep,,Target is appropriate.
real_deepseek_v4pro_50,run_024,profile.dia,profile,True,10 h,change,6 h,Primary driver of IOB accumulation; shortening to 6 h will reduce insulin stacking and overnight hypoglycemia.
real_deepseek_v4pro_50,run_024,aaps.core.smb_uam,aaps,True,smb_enabled=true; uam_enabled=true,keep,,Retaining UAM is necessary to detect unannounced meals; SMB will be tempered through activation and strength changes rather than disabling core SMB.
real_deepseek_v4pro_50,run_024,aaps.core.smb_activation,aaps,True,smb_always_enabled=true; smb_with_cob_enabled=false; smb_after_carbs_enabled=false; smb_with_temp_target_enabled=true; smb_with_high_temp_target_enabled=false,change,smb_always_enabled=false; smb_with_cob_enabled=false; smb_after_carbs_enabled=false; smb_with_temp_target_enabled=true; smb_with_high_temp_target_enabled=false,"Disabling always-on SMB eliminates micro-boluses during unexplained BG rises, reducing insulin stacking until carb data are available. Other conditions are unchanged."
real_deepseek_v4pro_50,run_024,aaps.core.smb_delivery,aaps,True,smb_interval_minutes=3 min; max_smb_basal_minutes=15 min; max_uam_smb_basal_minutes=20 min,change,smb_interval_minutes=10 min; max_smb_basal_minutes=10 min; max_uam_smb_basal_minutes=15 min,"Increasing the interval and decreasing max basal minutes reduce the frequency and size of micro-boluses, further lowering IOB accumulation while preserving some UAM response."
real_deepseek_v4pro_50,run_024,aaps.core.safety_limits,aaps,True,max_basal_u_per_hour=12 U/h; max_iob_units=25 U,keep,,Limits are not restrictive and not contributing to hypoglycemia; they provide a safe ceiling currently.
real_deepseek_v4pro_50,run_024,aaps.core.sensitivity,aaps,True,autosens_enabled=false; dynamic_sensitivity_enabled=true; autosens_raises_target=false; autosens_lowers_target=false; dynamic_isf_adjustment_factor_percent=70 %,change,autosens_enabled=false; dynamic_sensitivity_enabled=true; autosens_raises_target=false; autosens_lowers_target=false; dynamic_isf_adjustment_factor_percent=50 %,"Lowering the factor to 50% reduces the risk of Dynamic ISF over-estimating insulin resistance, which currently increases insulin delivery in the absence of meal declarations."
real_deepseek_v4pro_50,run_024,aaps.core.carb_absorption,aaps,True,min_5m_carbimpact=8 mg/dL/5 min; meal_max_absorption_hours=7 h,keep,,These settings cannot be verified without meal logs; they are unlikely primary drivers of hypoglycemia.
real_deepseek_v4pro_50,run_025,profile.basal.00_00,profile,True,0.6 U/h,keep,0.6 U/h,"Overnight lows suggest possible excess, but meal and correction confounding prevent confident adjustment. Verify after ISF change and fasting tests."
real_deepseek_v4pro_50,run_025,profile.basal.05_00,profile,True,0.7 U/h,keep,0.7 U/h,No clear need for change without dawn-effect separation from meals.
real_deepseek_v4pro_50,run_025,profile.basal.06_00,profile,True,0.8 U/h,keep,0.8 U/h,Morning rise could be dawn or meal-related; insufficient data to change.
real_deepseek_v4pro_50,run_025,profile.basal.10_00,profile,True,0.7 U/h,keep,0.7 U/h,No evidence against day basal; keep until meal patterns documented.
real_deepseek_v4pro_50,run_025,profile.basal.16_00,profile,True,0.5 U/h,keep,0.5 U/h,Late-afternoon highs are ambiguous (meal vs. basal). Fasting tests after ISF change will clarify.
real_deepseek_v4pro_50,run_025,profile.basal.18_00,profile,True,0.6 U/h,keep,0.6 U/h,Evening basal appears adequate; no change supported.
real_deepseek_v4pro_50,run_025,profile.basal.19_00,profile,True,0.7 U/h,keep,0.7 U/h,Evening basal appears adequate; no change supported.
real_deepseek_v4pro_50,run_025,profile.cr.00_00,profile,True,13 g/U,keep,13 g/U,No carb entries to evaluate; keep current CR as starting point.
real_deepseek_v4pro_50,run_025,profile.cr.04_00,profile,True,11.1 g/U,keep,11.1 g/U,No carb entries; keep until meals logged.
real_deepseek_v4pro_50,run_025,profile.cr.08_00,profile,True,13.2 g/U,keep,13.2 g/U,No carb entries; keep until meals logged.
real_deepseek_v4pro_50,run_025,profile.cr.16_00,profile,True,10.5 g/U,keep,10.5 g/U,No carb entries; keep until meals logged.
real_deepseek_v4pro_50,run_025,profile.cr.20_00,profile,True,12.6 g/U,keep,12.6 g/U,No carb entries; keep until meals logged.
real_deepseek_v4pro_50,run_025,profile.isf.00_00,profile,True,56 mg/dL/U,change,100 mg/dL/U,Correction-only boluses show insulin effect far stronger than 56 mg/dL/U; 100 mg/dL/U is a safer starting point. Reduces over-correction and hypoglycemia risk.
real_deepseek_v4pro_50,run_025,profile.target.00_00,profile,True,90 mg/dL,keep,90 mg/dL,Target is appropriate; no evidence to justify change.
real_deepseek_v4pro_50,run_025,profile.target.08_00,profile,True,100 mg/dL,keep,100 mg/dL,Daytime target provides sufficient safety margin.
real_deepseek_v4pro_50,run_025,profile.target.23_00,profile,True,90 mg/dL,keep,90 mg/dL,Evening target is appropriate.
real_deepseek_v4pro_50,run_025,profile.dia,profile,True,10 h,keep,10 h,No evidence of DIA mismatch; 10 h is typical. Change only after meal data available.
real_deepseek_v4pro_50,run_025,aaps.core.smb_uam,aaps,True,smb_enabled=true; uam_enabled=true,keep,smb_enabled=true; uam_enabled=true,SMB and UAM are essential to current automation and not causing harm.
real_deepseek_v4pro_50,run_025,aaps.core.smb_activation,aaps,True,smb_always_enabled=true; smb_with_cob_enabled=false; smb_after_carbs_enabled=false; smb_with_temp_target_enabled=true; smb_with_high_temp_target_enabled=false,keep,smb_always_enabled=true; smb_with_cob_enabled=false; smb_after_carbs_enabled=false; smb_with_temp_target_enabled=true; smb_with_high_temp_target_enabled=false,Settings are appropriate given no carb entries; no change needed.
real_deepseek_v4pro_50,run_025,aaps.core.smb_delivery,aaps,True,smb_interval_minutes=3 min; max_smb_basal_minutes=15 min; max_uam_smb_basal_minutes=20 min,keep,smb_interval_minutes=3 min; max_smb_basal_minutes=15 min; max_uam_smb_basal_minutes=20 min,Standard safe values; no data to justify modification.
real_deepseek_v4pro_50,run_025,aaps.core.safety_limits,aaps,True,max_basal_u_per_hour=12 U/h; max_iob_units=25 U,change,max_basal_u_per_hour=12 U/h; max_iob_units=7 U,25 U max IOB is dangerously high given ~20 U daily insulin and low ISF. Reducing to 7 U eliminates severe stacking risk without affecting current loop performance.
real_deepseek_v4pro_50,run_025,aaps.core.sensitivity,aaps,True,autosens_enabled=false; dynamic_sensitivity_enabled=true; autosens_raises_target=false; autosens_lowers_target=false; dynamic_isf_adjustment_factor_percent=70 %,keep,autosens_enabled=false; dynamic_sensitivity_enabled=true; autosens_raises_target=false; autosens_lowers_target=false; dynamic_isf_adjustment_factor_percent=70 %,Dynamic ISF will work correctly once base ISF is corrected; no need to change its settings now.
real_deepseek_v4pro_50,run_025,aaps.core.carb_absorption,aaps,True,min_5m_carbimpact=8 mg/dL/5 min; meal_max_absorption_hours=7 h,keep,min_5m_carbimpact=8 mg/dL/5 min; meal_max_absorption_hours=7 h,No carbohydrate data to assess; defaults are acceptable.
real_deepseek_v4pro_50,run_026,profile.basal.00_00,profile,True,0.6 U/h,keep,0.6 U/h,Overnight lows may be caused by IOB rather than basal; changing basal without meal data could mask other issues. Retain current value until fasting pattern is confirmed with logged meals.
real_deepseek_v4pro_50,run_026,profile.basal.05_00,profile,True,0.7 U/h,keep,0.7 U/h,No clear dawn phenomenon; early morning glucose stable. No evidence to change.
real_deepseek_v4pro_50,run_026,profile.basal.06_00,profile,True,0.8 U/h,keep,0.8 U/h,Morning rise is likely meal‑related; basal increase might worsen afternoon lows. Keep pending meal data.
real_deepseek_v4pro_50,run_026,profile.basal.10_00,profile,True,0.7 U/h,keep,0.7 U/h,No isolated basal pattern identified; glucose elevation around this time appears linked to unannounced meals.
real_deepseek_v4pro_50,run_026,profile.basal.16_00,profile,True,0.5 U/h,keep,0.5 U/h,"This segment coincides with frequent afternoon hypoglycemia; however, the drops are likely driven by accumulated meal‑reactive insulin rather than basal excess. Reducing further may not address the root cause."
real_deepseek_v4pro_50,run_026,profile.basal.18_00,profile,True,0.6 U/h,keep,0.6 U/h,Stable glucose in early evening when meals are absent; no clear indication for change.
real_deepseek_v4pro_50,run_026,profile.basal.19_00,profile,True,0.7 U/h,keep,0.7 U/h,Evening glucose stable; no change indicated.
real_deepseek_v4pro_50,run_026,profile.cr.00_00,profile,True,13 g/U,keep,13 g/U,No meal data to evaluate this segment.
real_deepseek_v4pro_50,run_026,profile.cr.04_00,profile,True,11.1 g/U,keep,11.1 g/U,Insufficient meal evidence.
real_deepseek_v4pro_50,run_026,profile.cr.08_00,profile,True,13.2 g/U,keep,13.2 g/U,"Potential post‑breakfast spike, but without carb quantities, ratio cannot be validated."
real_deepseek_v4pro_50,run_026,profile.cr.16_00,profile,True,10.5 g/U,keep,10.5 g/U,"Daytime hyperglycemia may involve this segment, but UAM SMBs confound assessment."
real_deepseek_v4pro_50,run_026,profile.cr.20_00,profile,True,12.6 g/U,keep,12.6 g/U,Evening meals not recorded; keep pending data.
real_deepseek_v4pro_50,run_026,profile.isf.00_00,profile,True,56 mg/dL/U,keep,56 mg/dL/U,Static ISF differs from observed dynamic ISF but may be correct when insulin stacking is eliminated. Clean fasting tests needed.
real_deepseek_v4pro_50,run_026,profile.target.00_00,profile,True,90 mg/dL,keep,90 mg/dL,Target is safe and not the cause of overnight lows.
real_deepseek_v4pro_50,run_026,profile.target.08_00,profile,True,100 mg/dL,keep,100 mg/dL,Daytime target appropriate; changing it would not address the meal‑related instability.
real_deepseek_v4pro_50,run_026,profile.target.23_00,profile,True,90 mg/dL,keep,90 mg/dL,No issue with this target.
real_deepseek_v4pro_50,run_026,profile.dia,profile,True,10 h,keep,10 h,No clear over‑ or under‑estimation pattern; other factors more likely responsible for lows.
real_deepseek_v4pro_50,run_026,aaps.core.smb_uam,aaps,True,smb_enabled=true; uam_enabled=true,keep,smb_enabled=true; uam_enabled=true,Both features are integral to AAPS operation and not causing issues independently; the aggression settings matter more.
real_deepseek_v4pro_50,run_026,aaps.core.smb_activation,aaps,True,smb_always_enabled=true; smb_with_cob_enabled=false; smb_after_carbs_enabled=false; smb_with_temp_target_enabled=true; smb_with_high_temp_target_enabled=false,keep,smb_always_enabled=true; smb_with_cob_enabled=false; smb_after_carbs_enabled=false; smb_with_temp_target_enabled=true; smb_with_high_temp_target_enabled=false,Current settings provide reasonable activation rules; reducing SMB delivery aggression is the safer first step than disabling always‑enabled SMBs.
real_deepseek_v4pro_50,run_026,aaps.core.smb_delivery,aaps,True,smb_interval_minutes=3 min; max_smb_basal_minutes=15 min; max_uam_smb_basal_minutes=20 min,change,smb_interval_minutes=3 min; max_smb_basal_minutes=15 min; max_uam_smb_basal_minutes=10 min,"High UAM SMB minutes (20) amplify insulin stacking from unannounced meals, contributing to severe hypoglycemia. Reducing to 10 minutes will curtail over‑delivery while preserving necessary responsiveness. This change is a temporary safety measure pending proper meal logging."
real_deepseek_v4pro_50,run_026,aaps.core.safety_limits,aaps,True,max_basal_u_per_hour=12 U/h; max_iob_units=25 U,keep,max_basal_u_per_hour=12 U/h; max_iob_units=25 U,Limits have not been reached in practice; they do not currently constrain safety. No change needed.
real_deepseek_v4pro_50,run_026,aaps.core.sensitivity,aaps,True,autosens_enabled=false; dynamic_sensitivity_enabled=true; autosens_raises_target=false; autosens_lowers_target=false; dynamic_isf_adjustment_factor_percent=70 %,keep,autosens_enabled=false; dynamic_sensitivity_enabled=true; autosens_raises_target=false; autosens_lowers_target=false; dynamic_isf_adjustment_factor_percent=70 %,Dynamic ISF is reacting to insulin stacking; changing it now would add instability. Retain until basal and meal strategies are corrected.
real_deepseek_v4pro_50,run_026,aaps.core.carb_absorption,aaps,True,min_5m_carbimpact=8 mg/dL/5 min; meal_max_absorption_hours=7 h,keep,min_5m_carbimpact=8 mg/dL/5 min; meal_max_absorption_hours=7 h,No meal data to evaluate these parameters; defaults are not causing safety issues.
real_deepseek_v4pro_50,run_027,profile.basal.00_00,profile,True,0.6 U/h,change,0.55 U/h,Overnight hypoglycemia (TBR 18.5% at hour 01) suggests excessive basal. A small reduction is a safe initial step to lower nocturnal lows.
real_deepseek_v4pro_50,run_027,profile.basal.05_00,profile,True,0.7 U/h,keep,0.7 U/h,Early-morning glucose is stable with low TBR; no evidence for change.
real_deepseek_v4pro_50,run_027,profile.basal.06_00,profile,True,0.8 U/h,keep,0.8 U/h,Dawn rise is well controlled; no hypoglycemia pattern in this window.
real_deepseek_v4pro_50,run_027,profile.basal.10_00,profile,True,0.7 U/h,keep,0.7 U/h,Daytime basal appears adequate; no consistent lows or highs attributable to this segment.
real_deepseek_v4pro_50,run_027,profile.basal.16_00,profile,True,0.5 U/h,keep,0.5 U/h,"Evening hypoglycemia is correction-driven, not a basal defect. Changing this basal could introduce pre-meal lows."
real_deepseek_v4pro_50,run_027,profile.basal.18_00,profile,True,0.6 U/h,keep,0.6 U/h,No independent evidence that basal here causes lows; corrections are the primary driver. Keep unchanged.
real_deepseek_v4pro_50,run_027,profile.basal.19_00,profile,True,0.7 U/h,keep,0.7 U/h,Evening hyperglycemia is sometimes present; reducing basal could worsen it. Keep unchanged.
real_deepseek_v4pro_50,run_027,profile.cr.00_00,profile,True,13 g/U,keep,13 g/U,No meal data exists to evaluate this ratio. Must keep until logging begins.
real_deepseek_v4pro_50,run_027,profile.cr.04_00,profile,True,11.1 g/U,keep,11.1 g/U,No meal data; cannot assess.
real_deepseek_v4pro_50,run_027,profile.cr.08_00,profile,True,13.2 g/U,keep,13.2 g/U,No meal data; keep until validated.
real_deepseek_v4pro_50,run_027,profile.cr.16_00,profile,True,10.5 g/U,keep,10.5 g/U,No meal data; keep.
real_deepseek_v4pro_50,run_027,profile.cr.20_00,profile,True,12.6 g/U,keep,12.6 g/U,No meal data; keep.
real_deepseek_v4pro_50,run_027,profile.isf.00_00,profile,True,56 mg/dL/U,change,38 mg/dL/U,"Frequent correction doses produce drops far larger than 56 mg/dL/U predicts, causing hypoglycemia. Reducing to 38 mg/dL/U will make corrections smaller and safer while still allowing adequate control."
real_deepseek_v4pro_50,run_027,profile.target.00_00,profile,True,90 mg/dL,keep,90 mg/dL,"Target is appropriate; the issue is insulin dosing, not target values."
real_deepseek_v4pro_50,run_027,profile.target.08_00,profile,True,100 mg/dL,keep,100 mg/dL,No evidence that changing the daytime target would improve outcomes. Keep.
real_deepseek_v4pro_50,run_027,profile.target.23_00,profile,True,90 mg/dL,keep,90 mg/dL,Target consistent with overnight needs.
real_deepseek_v4pro_50,run_027,profile.dia,profile,True,10 h,keep,10 h,Insufficient data to justify a change; keep to avoid unintended IOB miscalculations.
real_deepseek_v4pro_50,run_027,aaps.core.smb_uam,aaps,True,smb_enabled=true; uam_enabled=true,keep,smb_enabled=true; uam_enabled=true,These features are essential when meals are not logged. No configuration issue detected; hypoglycemia stems from ISF miscalibration.
real_deepseek_v4pro_50,run_027,aaps.core.smb_activation,aaps,True,smb_always_enabled=true; smb_with_cob_enabled=false; smb_after_carbs_enabled=false; smb_with_temp_target_enabled=true; smb_with_high_temp_target_enabled=false,keep,smb_always_enabled=true; smb_with_cob_enabled=false; smb_after_carbs_enabled=false; smb_with_temp_target_enabled=true; smb_with_high_temp_target_enabled=false,"Settings align with UAM-only strategy. May reconsider smb_with_cob_enabled after meal logging begins, but no change now."
real_deepseek_v4pro_50,run_027,aaps.core.smb_delivery,aaps,True,smb_interval_minutes=3 min; max_smb_basal_minutes=15 min; max_uam_smb_basal_minutes=20 min,keep,smb_interval_minutes=3 min; max_smb_basal_minutes=15 min; max_uam_smb_basal_minutes=20 min,Current delivery parameters are safe and not the source of hypoglycemia.
real_deepseek_v4pro_50,run_027,aaps.core.safety_limits,aaps,True,max_basal_u_per_hour=12 U/h; max_iob_units=25 U,keep,max_basal_u_per_hour=12 U/h; max_iob_units=25 U,Limits are never reached; no change needed.
real_deepseek_v4pro_50,run_027,aaps.core.sensitivity,aaps,True,autosens_enabled=false; dynamic_sensitivity_enabled=true; autosens_raises_target=false; autosens_lowers_target=false; dynamic_isf_adjustment_factor_percent=70 %,keep,autosens_enabled=false; dynamic_sensitivity_enabled=true; autosens_raises_target=false; autosens_lowers_target=false; dynamic_isf_adjustment_factor_percent=70 %,"Dynamic ISF is amplifying the ISF error; after ISF correction, its behavior will improve. Do not change now."
real_deepseek_v4pro_50,run_027,aaps.core.carb_absorption,aaps,True,min_5m_carbimpact=8 mg/dL/5 min; meal_max_absorption_hours=7 h,keep,min_5m_carbimpact=8 mg/dL/5 min; meal_max_absorption_hours=7 h,No meal data to validate; keep defaults until logging provides insight.
real_deepseek_v4pro_50,run_028,profile.basal.00_00,profile,True,0.6 U/h,keep,0.6 U/h,Overnight hypoglycemia may be due to correction stacking rather than excessive basal; changing basal before addressing ISF and IOB limits could mask the true cause and risk worsening daytime control. Keep unchanged for now.
real_deepseek_v4pro_50,run_028,profile.basal.05_00,profile,True,0.7 U/h,keep,0.7 U/h,"Evidence of low blood glucose in this segment is present, but the contribution of residual IOB from earlier corrections is unclear. Basal change deferred until after ISF/IOB adjustments."
real_deepseek_v4pro_50,run_028,profile.basal.06_00,profile,True,0.8 U/h,keep,0.8 U/h,Morning glucose is mostly in range with low hypoglycemia; increasing to address daytime highs could worsen safety. Keep until ISF change effect is known.
real_deepseek_v4pro_50,run_028,profile.basal.10_00,profile,True,0.7 U/h,keep,0.7 U/h,"Daytime hyperglycemia may be due to insufficient meal bolusing (via UAM) rather than basal deficit. Without carb data, raising basal risks increasing pre-meal lows later in the day."
real_deepseek_v4pro_50,run_028,profile.basal.16_00,profile,True,0.5 U/h,keep,0.5 U/h,This segment coincides with falling glucose from afternoon highs; hypoglycemia after 18:00 is more likely caused by correction insulin than by the 0.5 U/h basal. Changing it could worsen daytime highs.
real_deepseek_v4pro_50,run_028,profile.basal.18_00,profile,True,0.6 U/h,keep,0.6 U/h,"Hypoglycemia risk is high in late evening; however, lowering this rate without first controlling IOB could lead to elevated fasting glucose. Keep until IOB and ISF changes are evaluated."
real_deepseek_v4pro_50,run_028,profile.basal.19_00,profile,True,0.7 U/h,keep,0.7 U/h,Evening glucose trends are dominated by meal and correction insulin; basal change is not supported without meal logs and IOB constraint testing.
real_deepseek_v4pro_50,run_028,profile.cr.00_00,profile,True,13 g/U,keep,13 g/U,No carbohydrate records available; CR cannot be assessed. Must remain unchanged until meal data is provided.
real_deepseek_v4pro_50,run_028,profile.cr.04_00,profile,True,11.1 g/U,keep,11.1 g/U,Same as above; CR evaluation blocked by missing carb data.
real_deepseek_v4pro_50,run_028,profile.cr.08_00,profile,True,13.2 g/U,keep,13.2 g/U,"No carbohydrate entries; cannot determine if daytime highs are due to weak CR, slow UAM response, or other factors."
real_deepseek_v4pro_50,run_028,profile.cr.16_00,profile,True,10.5 g/U,keep,10.5 g/U,"Unable to evaluate without carb data. Afternoon glucose trends suggest possible over-delivery from UAM, not necessarily an incorrect CR."
real_deepseek_v4pro_50,run_028,profile.cr.20_00,profile,True,12.6 g/U,keep,12.6 g/U,Evening meal data absent; keep unchanged until carb logs allow assessment.
real_deepseek_v4pro_50,run_028,profile.isf.00_00,profile,True,56 mg/dL/U,change,70 mg/dL/U,"Profile ISF is too weak; dynamic ISF must over-compensate, causing correction overshoots and hypoglycemia. Increasing to 70 mg/dL/U will reduce aggressive scaling and lower hypoglycemia risk. This is the single most impactful safe profile change supported by the data."
real_deepseek_v4pro_50,run_028,profile.target.00_00,profile,True,90 mg/dL,keep,90 mg/dL,Low target contributes to alarm frequency but does not directly cause the hypoglycemia seen; changing it would not address the underlying insulin delivery issues.
real_deepseek_v4pro_50,run_028,profile.target.08_00,profile,True,100 mg/dL,keep,100 mg/dL,Target is reasonable; daytime highs are not due to a low target but to insufficient insulin action. Keep unchanged.
real_deepseek_v4pro_50,run_028,profile.target.23_00,profile,True,90 mg/dL,keep,90 mg/dL,Similar to other targets; no evidence that adjusting the target will improve safety in absence of basal/ISF changes.
real_deepseek_v4pro_50,run_028,profile.dia,profile,True,10 h,keep,10 h,IOB decay patterns appear appropriate; no evidence of over- or under-estimation. Keep at 10 hours.
real_deepseek_v4pro_50,run_028,aaps.core.smb_uam,aaps,True,smb_enabled=true; uam_enabled=true,keep,smb_enabled=true; uam_enabled=true,"SMB and UAM are essential for unannounced meal coverage. No evidence to disable them; the issues stem from related settings (max IOB, min_5m_carbimpact) not from the core features."
real_deepseek_v4pro_50,run_028,aaps.core.smb_activation,aaps,True,smb_always_enabled=true; smb_with_cob_enabled=false; smb_after_carbs_enabled=false; smb_with_temp_target_enabled=true; smb_with_high_temp_target_enabled=false,keep,smb_always_enabled=true; smb_with_cob_enabled=false; smb_after_carbs_enabled=false; smb_with_temp_target_enabled=true; smb_with_high_temp_target_enabled=false,Current activation logic is consistent with UAM-only meal handling. Enabling COB-tied SMBs without carb entries would be ineffective; keeping smb_with_temp_target_enabled is safe.
real_deepseek_v4pro_50,run_028,aaps.core.smb_delivery,aaps,True,smb_interval_minutes=3 min; max_smb_basal_minutes=15 min; max_uam_smb_basal_minutes=20 min,keep,smb_interval_minutes=3 min; max_smb_basal_minutes=15 min; max_uam_smb_basal_minutes=20 min,Per-SMB size is already small; delivery parameters are not the cause of hypoglycemia. Changing them could unduly limit meal corrections when ISF and IOB are adjusted.
real_deepseek_v4pro_50,run_028,aaps.core.safety_limits,aaps,True,max_basal_u_per_hour=12 U/h; max_iob_units=25 U,change,max_basal_u_per_hour=12 U/h; max_iob_units=5 U,"max_iob_units of 25 U is dangerously high relative to the observed daily insulin usage and permits excessive IOB accumulation, contributing to hypoglycemia. Reducing it to 5 U (approximately 1.25× the highest daily insulin) will cap IOB stacking safely. max_basal_u_per_hour remains unchanged as it is not binding."
real_deepseek_v4pro_50,run_028,aaps.core.sensitivity,aaps,True,autosens_enabled=false; dynamic_sensitivity_enabled=true; autosens_raises_target=false; autosens_lowers_target=false; dynamic_isf_adjustment_factor_percent=70 %,keep,autosens_enabled=false; dynamic_sensitivity_enabled=true; autosens_raises_target=false; autosens_lowers_target=false; dynamic_isf_adjustment_factor_percent=70 %,Dynamic ISF is correctly adjusting for the weak profile ISF; raising the profile ISF will naturally reduce its aggressiveness. Keep the factor at 70% for now; it can be reassessed if the ISF change proves insufficient.
real_deepseek_v4pro_50,run_028,aaps.core.carb_absorption,aaps,True,min_5m_carbimpact=8 mg/dL/5 min; meal_max_absorption_hours=7 h,change,min_5m_carbimpact=5 mg/dL/5 min; meal_max_absorption_hours=7 h,The high min_5m_carbimpact likely causes UAM to over-estimate carbohydrate absorption and deliver excessive SMBs. Lowering it to 5 mg/dL/5min will moderate UAM responses without eliminating its ability to handle unannounced meals. This change should be made after the max IOB and ISF adjustments have been evaluated.
real_deepseek_v4pro_50,run_029,profile.basal.00_00,profile,True,0.6 U/h,keep,,"Basal rate appears modest. Overnight lows are driven by IOB miscalculation, not basal excess. Re-evaluate after DIA correction."
real_deepseek_v4pro_50,run_029,profile.basal.05_00,profile,True,0.7 U/h,keep,,No direct evidence of basal mismatch; early morning TBR is likely IOB-related. Keep until DIA corrected.
real_deepseek_v4pro_50,run_029,profile.basal.06_00,profile,True,0.8 U/h,keep,,"Higher rate corresponds to dawn phenomenon, but current data cannot isolate basal need from meal/IOB effects. Retain for now."
real_deepseek_v4pro_50,run_029,profile.basal.10_00,profile,True,0.7 U/h,keep,,Midday segment consistent; no evidence of basal insufficiency. Reassess after meal data available.
real_deepseek_v4pro_50,run_029,profile.basal.16_00,profile,True,0.5 U/h,keep,,Low afternoon basal; no hypoglycemic pattern during that time. Keep pending meal data and DIA fix.
real_deepseek_v4pro_50,run_029,profile.basal.18_00,profile,True,0.6 U/h,keep,,Evening basal increase modest; overt lows at 22-23 may be IOB residue. No change now.
real_deepseek_v4pro_50,run_029,profile.basal.19_00,profile,True,0.7 U/h,keep,,Same rationale as previous segment. Evaluate after DIA correction.
real_deepseek_v4pro_50,run_029,profile.cr.00_00,profile,True,13 g/U,keep,,Carb ratio during overnight period cannot be validated without meal logs. No concerning postprandial excursions noted that would indicate incorrect ratio.
real_deepseek_v4pro_50,run_029,profile.cr.04_00,profile,True,11.1 g/U,keep,,Early morning ratio likely for breakfast; no data to challenge.
real_deepseek_v4pro_50,run_029,profile.cr.08_00,profile,True,13.2 g/U,keep,,Daytime ratio; meal data needed for adjustment.
real_deepseek_v4pro_50,run_029,profile.cr.16_00,profile,True,10.5 g/U,keep,,Afternoon ratio; no meal data to contradict.
real_deepseek_v4pro_50,run_029,profile.cr.20_00,profile,True,12.6 g/U,keep,,Evening ratio; keep pending meal logs.
real_deepseek_v4pro_50,run_029,profile.isf.00_00,profile,True,56 mg/dL/U,keep,,"Apparent hyper-sensitivity to corrections (e.g., 0.2 U → 178 mg/dL drop) is likely an artifact of IOB stacking from DIA error. Keeping ISF unchanged is safer until DIA corrected; then recheck correction doses."
real_deepseek_v4pro_50,run_029,profile.target.00_00,profile,True,90 mg/dL,keep,,"Target of 90 mg/dL overnight is standard and not causing harm. The lows are from excess insulin, not the target value."
real_deepseek_v4pro_50,run_029,profile.target.08_00,profile,True,100 mg/dL,keep,,Slightly higher daytime target may reduce bolus aggressiveness; keep as is.
real_deepseek_v4pro_50,run_029,profile.target.23_00,profile,True,90 mg/dL,keep,,Evening target back to 90 mg/dL; consistent and safe after DIA fix.
real_deepseek_v4pro_50,run_029,profile.dia,profile,True,10 h,change,5 h,"10 h DIA overestimates IOB for rapid-acting insulin, leading to excessive SMB/temp basal delivery. Changing to 5 h aligns IOB with actual insulin action and immediately reduces hypoglycemia risk. Supported by multiple therapy response windows showing massive drops after small corrections."
real_deepseek_v4pro_50,run_029,aaps.core.smb_uam,aaps,True,smb_enabled=true; uam_enabled=true,keep,,"SMB and UAM are functioning correctly; the hypoglycemia is caused by IOB miscalculation from DIA, not by these features. After DIA correction, their behavior should be safe."
real_deepseek_v4pro_50,run_029,aaps.core.smb_activation,aaps,True,smb_always_enabled=true; smb_with_cob_enabled=false; smb_after_carbs_enabled=false; smb_with_temp_target_enabled=true; smb_with_high_temp_target_enabled=false,keep,,Current activation settings are conservative enough (no SMB with COB or after carbs). SMB with temp target enabled is acceptable; no evidence of misuse.
real_deepseek_v4pro_50,run_029,aaps.core.smb_delivery,aaps,True,smb_interval_minutes=3 min; max_smb_basal_minutes=15 min; max_uam_smb_basal_minutes=20 min,keep,,"SMB frequency and dose limits are within typical safe ranges. Over-delivery stems from inaccurate IOB, not from these limits. No change needed."
real_deepseek_v4pro_50,run_029,aaps.core.safety_limits,aaps,True,max_basal_u_per_hour=12 U/h; max_iob_units=25 U,keep,,"These high limits are not currently approached, so they do not cause harm. After DIA correction, if IOB ceilings become relevant, reassess. For now, keep."
real_deepseek_v4pro_50,run_029,aaps.core.sensitivity,aaps,True,autosens_enabled=false; dynamic_sensitivity_enabled=true; autosens_raises_target=false; autosens_lowers_target=false; dynamic_isf_adjustment_factor_percent=70 %,keep,,Dynamic ISF is working gently (ratios near 1.0) and not driving the hypoglycemia. Keep settings stable; reevaluate after DIA fix and basal reassessment.
real_deepseek_v4pro_50,run_029,aaps.core.carb_absorption,aaps,True,min_5m_carbimpact=8 mg/dL/5 min; meal_max_absorption_hours=7 h,keep,,Defaults are reasonable and no absorption-related issues detected. Meal logging will allow later tuning if needed.
real_deepseek_v4pro_50,run_030,profile.basal.00_00,profile,True,0.6 U/h,change,0.5 U/h,Overnight hypoglycemia (18.5% TBR at 01:00) with loop frequently zeroing basal; evidence points to basal excess. Reducing to 0.5 U/h targets the hypoing period directly. Further monitoring required.
real_deepseek_v4pro_50,run_030,profile.basal.05_00,profile,True,0.7 U/h,keep,0.7 U/h,No hypoglycemia pattern after 05:00; glucose stabilizes. Daytime rises are confounded by missing meal data; no evidence for basal mismatch here.
real_deepseek_v4pro_50,run_030,profile.basal.06_00,profile,True,0.8 U/h,keep,0.8 U/h,"Daytime hours see hyperglycemia, but this is likely meal-related given missing carb records. Changing basal without meal data risks worsening post-prandial control."
real_deepseek_v4pro_50,run_030,profile.basal.10_00,profile,True,0.7 U/h,keep,0.7 U/h,No isolated pattern of hypo or hyper attributable to this segment; preserved pending meal data.
real_deepseek_v4pro_50,run_030,profile.basal.16_00,profile,True,0.5 U/h,keep,0.5 U/h,Evening transition; no clear safety signal.
real_deepseek_v4pro_50,run_030,profile.basal.18_00,profile,True,0.6 U/h,keep,0.6 U/h,No evidence that this segment drives hypoglycemia or hyperglycemia.
real_deepseek_v4pro_50,run_030,profile.basal.19_00,profile,True,0.7 U/h,keep,0.7 U/h,"Late evening, typically stable."
real_deepseek_v4pro_50,run_030,profile.cr.00_00,profile,True,13 g/U,keep,13 g/U,No carb data available; cannot evaluate CR. Keeping until meal logs provide evidence.
real_deepseek_v4pro_50,run_030,profile.cr.04_00,profile,True,11.1 g/U,keep,11.1 g/U,No carb data; CR evaluation blocked.
real_deepseek_v4pro_50,run_030,profile.cr.08_00,profile,True,13.2 g/U,keep,13.2 g/U,No carb data.
real_deepseek_v4pro_50,run_030,profile.cr.16_00,profile,True,10.5 g/U,keep,10.5 g/U,No carb data.
real_deepseek_v4pro_50,run_030,profile.cr.20_00,profile,True,12.6 g/U,keep,12.6 g/U,No carb data.
real_deepseek_v4pro_50,run_030,profile.isf.00_00,profile,True,56 mg/dL/U,keep,56 mg/dL/U,"Dynamic ISF values hover near 1.0, suggesting the profile ISF is appropriate. Correction bolus responses confirm high sensitivity but no systematic error."
real_deepseek_v4pro_50,run_030,profile.target.00_00,profile,True,90 mg/dL,keep,90 mg/dL,"Overnight hypoglycemia is being addressed via basal reduction. Keeping the target stable allows evaluation of that change. If lows persist, raising to 100 mg/dL could be considered later."
real_deepseek_v4pro_50,run_030,profile.target.08_00,profile,True,100 mg/dL,keep,100 mg/dL,Daytime target 100 mg/dL appears safe and appropriate.
real_deepseek_v4pro_50,run_030,profile.target.23_00,profile,True,90 mg/dL,keep,90 mg/dL,Transition to overnight target; consistent with 00:00 target.
real_deepseek_v4pro_50,run_030,profile.dia,profile,True,10 h,keep,10 h,Standard DIA for rapid-acting insulin; no evidence of insulin stacking or tail mismatch.
real_deepseek_v4pro_50,run_030,aaps.core.smb_uam,aaps,True,smb_enabled=true; uam_enabled=true,keep,smb_enabled=true; uam_enabled=true,Both enabled with conservative delivery parameters; essential for closed-loop function; no evidence of over-delivery.
real_deepseek_v4pro_50,run_030,aaps.core.smb_activation,aaps,True,smb_always_enabled=true; smb_with_cob_enabled=false; smb_after_carbs_enabled=false; smb_with_temp_target_enabled=true; smb_with_high_temp_target_enabled=false,keep,smb_always_enabled=true; smb_with_cob_enabled=false; smb_after_carbs_enabled=false; smb_with_temp_target_enabled=true; smb_with_high_temp_target_enabled=false,"Settings are consistent and do not cause observed problems. SMB always on ensures aggressive correction of highs; with low TDI, this is safe. No COB-based SMB because no meals are logged."
real_deepseek_v4pro_50,run_030,aaps.core.smb_delivery,aaps,True,smb_interval_minutes=3 min; max_smb_basal_minutes=15 min; max_uam_smb_basal_minutes=20 min,keep,smb_interval_minutes=3 min; max_smb_basal_minutes=15 min; max_uam_smb_basal_minutes=20 min,Delivery parameters are appropriately conservative for this high-sensitivity individual. No adverse patterns seen.
real_deepseek_v4pro_50,run_030,aaps.core.safety_limits,aaps,True,max_basal_u_per_hour=12 U/h; max_iob_units=25 U,change,max_basal_u_per_hour=3 U/h; max_iob_units=5 U,"Current limits vastly exceed any safe requirement (typical basal 0.6–0.8 U/h, total daily insulin ~20 U). In a malfunction, 12 U/h could cause fatal hypoglycemia. Reducing to 3 U/h and 5 U provides essential safety while still far exceeding normal needs."
real_deepseek_v4pro_50,run_030,aaps.core.sensitivity,aaps,True,autosens_enabled=false; dynamic_sensitivity_enabled=true; autosens_raises_target=false; autosens_lowers_target=false; dynamic_isf_adjustment_factor_percent=70 %,keep,autosens_enabled=false; dynamic_sensitivity_enabled=true; autosens_raises_target=false; autosens_lowers_target=false; dynamic_isf_adjustment_factor_percent=70 %,"Dynamic ISF is active and stable (sensitivity_ratio ~1.0), indicating profile ISF is well-matched. Autosens disabled; target adjustments not needed. No reason to change."
real_deepseek_v4pro_50,run_030,aaps.core.carb_absorption,aaps,True,min_5m_carbimpact=8 mg/dL/5 min; meal_max_absorption_hours=7 h,keep,min_5m_carbimpact=8 mg/dL/5 min; meal_max_absorption_hours=7 h,Cannot evaluate without carb entries; settings appear aggressive but are untested. Will reassess once meal logging begins.
real_deepseek_v4pro_50,run_031,profile.basal.00_00,profile,True,0.6 U/h,keep,0.6 U/h,"Overnight hypoglycemia may be related to IOB from prior corrections (with low ISF), not necessarily basal over‑delivery. Reassess after ISF correction and carb logging."
real_deepseek_v4pro_50,run_031,profile.basal.05_00,profile,True,0.7 U/h,keep,0.7 U/h,Same as basal 00:00; pattern may improve with corrected ISF. Adjust only if lows persist afterward.
real_deepseek_v4pro_50,run_031,profile.basal.06_00,profile,True,0.8 U/h,keep,0.8 U/h,Daytime rise period; no direct evidence of over‑basalising separable from meal/correction effects.
real_deepseek_v4pro_50,run_031,profile.basal.10_00,profile,True,0.7 U/h,keep,0.7 U/h,Same as 06:00.
real_deepseek_v4pro_50,run_031,profile.basal.16_00,profile,True,0.5 U/h,keep,0.5 U/h,Low rate possibly appropriate for later day; post‑correction drops (ISF driven) may appear like over‑basalising.
real_deepseek_v4pro_50,run_031,profile.basal.18_00,profile,True,0.6 U/h,keep,0.6 U/h,"Coincides with early‑evening hypo risk, but IOB from afternoon corrections is plausible contributor; wait until ISF corrected."
real_deepseek_v4pro_50,run_031,profile.basal.19_00,profile,True,0.7 U/h,keep,0.7 U/h,Same as 18:00.
real_deepseek_v4pro_50,run_031,profile.cr.00_00,profile,True,13 g/U,keep,13 g/U,No carb data to evaluate; retain current value.
real_deepseek_v4pro_50,run_031,profile.cr.04_00,profile,True,11.1 g/U,keep,11.1 g/U,No carb data; retain.
real_deepseek_v4pro_50,run_031,profile.cr.08_00,profile,True,13.2 g/U,keep,13.2 g/U,No carb data; retain.
real_deepseek_v4pro_50,run_031,profile.cr.16_00,profile,True,10.5 g/U,keep,10.5 g/U,No carb data; retain.
real_deepseek_v4pro_50,run_031,profile.cr.20_00,profile,True,12.6 g/U,keep,12.6 g/U,No carb data; retain.
real_deepseek_v4pro_50,run_031,profile.isf.00_00,profile,True,56 mg/dL/U,change,90 mg/dL/U,"Multiple correction bolus windows show drops 5-10x larger than profile ISF predicts, indicating actual sensitivity is much higher. Changing ISF is the primary necessary adjustment to reduce hypoglycemia."
real_deepseek_v4pro_50,run_031,profile.target.00_00,profile,True,90 mg/dL,keep,90 mg/dL,Mild potential contributor but not primary; ISF correction will reduce aggressive SMBs; consider adjusting only if overnight lows persist after ISF change.
real_deepseek_v4pro_50,run_031,profile.target.08_00,profile,True,100 mg/dL,keep,100 mg/dL,Daytime target stable; no evidence for change.
real_deepseek_v4pro_50,run_031,profile.target.23_00,profile,True,90 mg/dL,keep,90 mg/dL,Same as target 00:00.
real_deepseek_v4pro_50,run_031,profile.dia,profile,True,10 h,keep,10 h,No evidence of prolonged insulin action beyond 10 h; keep pending further IOB analysis.
real_deepseek_v4pro_50,run_031,aaps.core.smb_uam,aaps,True,smb_enabled=true; uam_enabled=true,keep,smb_enabled=true; uam_enabled=true,SMB/UAM are not the cause of hypoglycemia; their effect will be corrected by the ISF change.
real_deepseek_v4pro_50,run_031,aaps.core.smb_activation,aaps,True,smb_always_enabled=true; smb_with_cob_enabled=false; smb_after_carbs_enabled=false; smb_with_temp_target_enabled=true; smb_with_high_temp_target_enabled=false,keep,smb_always_enabled=true; smb_with_cob_enabled=false; smb_after_carbs_enabled=false; smb_with_temp_target_enabled=true; smb_with_high_temp_target_enabled=false,Settings are safe and appropriate; the low ISF is the root issue.
real_deepseek_v4pro_50,run_031,aaps.core.smb_delivery,aaps,True,smb_interval_minutes=3 min; max_smb_basal_minutes=15 min; max_uam_smb_basal_minutes=20 min,keep,smb_interval_minutes=3 min; max_smb_basal_minutes=15 min; max_uam_smb_basal_minutes=20 min,Standard values; no evidence of excessive SMB strength unrelated to ISF error.
real_deepseek_v4pro_50,run_031,aaps.core.safety_limits,aaps,True,max_basal_u_per_hour=12 U/h; max_iob_units=25 U,keep,max_basal_u_per_hour=12 U/h; max_iob_units=25 U,Limits are safely above actual usage; no change needed.
real_deepseek_v4pro_50,run_031,aaps.core.sensitivity,aaps,True,autosens_enabled=false; dynamic_sensitivity_enabled=true; autosens_raises_target=false; autosens_lowers_target=false; dynamic_isf_adjustment_factor_percent=70 %,keep,autosens_enabled=false; dynamic_sensitivity_enabled=true; autosens_raises_target=false; autosens_lowers_target=false; dynamic_isf_adjustment_factor_percent=70 %,Dynamic ISF is working but cannot overcome base ISF error; keep settings.
real_deepseek_v4pro_50,run_031,aaps.core.carb_absorption,aaps,True,min_5m_carbimpact=8 mg/dL/5 min; meal_max_absorption_hours=7 h,keep,min_5m_carbimpact=8 mg/dL/5 min; meal_max_absorption_hours=7 h,No carb data to evaluate; retain default values.
real_deepseek_v4pro_50,run_032,profile.basal.00_00,profile,True,0.6 U/h,keep,0.6 U/h,Overnight fasting glucose (04‑07) is stable with this segment; no evidence of basal excess.
real_deepseek_v4pro_50,run_032,profile.basal.05_00,profile,True,0.7 U/h,keep,0.7 U/h,Corresponds to late‑fasting stability.
real_deepseek_v4pro_50,run_032,profile.basal.06_00,profile,True,0.8 U/h,keep,0.8 U/h,No hypoglycemia driven by basal in early morning before meals.
real_deepseek_v4pro_50,run_032,profile.basal.10_00,profile,True,0.7 U/h,keep,0.7 U/h,"Daytime segment; fluctuations stem from meals, not basal."
real_deepseek_v4pro_50,run_032,profile.basal.16_00,profile,True,0.5 U/h,keep,0.5 U/h,Late afternoon; no fasting evidence for change.
real_deepseek_v4pro_50,run_032,profile.basal.18_00,profile,True,0.6 U/h,keep,0.6 U/h,"Evening lows attributed to IOB, not basal rate."
real_deepseek_v4pro_50,run_032,profile.basal.19_00,profile,True,0.7 U/h,keep,0.7 U/h,No isolated fasting data suggests basal excess.
real_deepseek_v4pro_50,run_032,profile.cr.00_00,profile,True,13 g/U,keep,13 g/U,Cannot evaluate without meal logging; no evidence of mismatch.
real_deepseek_v4pro_50,run_032,profile.cr.04_00,profile,True,11.1 g/U,keep,11.1 g/U,Same as above.
real_deepseek_v4pro_50,run_032,profile.cr.08_00,profile,True,13.2 g/U,keep,13.2 g/U,Same as above.
real_deepseek_v4pro_50,run_032,profile.cr.16_00,profile,True,10.5 g/U,keep,10.5 g/U,Same as above.
real_deepseek_v4pro_50,run_032,profile.cr.20_00,profile,True,12.6 g/U,keep,12.6 g/U,Same as above.
real_deepseek_v4pro_50,run_032,profile.isf.00_00,profile,True,56 mg/dL/U,keep,56 mg/dL/U,"Static ISF is overridden by dynamic ISF; the value itself is typical. Real issue is automation factor, not profile."
real_deepseek_v4pro_50,run_032,profile.target.00_00,profile,True,90 mg/dL,keep,90 mg/dL,"The target is reasonable; hypoglycemia arises from over‑delivery, not target setting. May be reconsidered later if lows persist after automation tuning."
real_deepseek_v4pro_50,run_032,profile.target.08_00,profile,True,100 mg/dL,keep,100 mg/dL,Daytime target is appropriate; no data suggest a different value is needed.
real_deepseek_v4pro_50,run_032,profile.target.23_00,profile,True,90 mg/dL,keep,90 mg/dL,Same reasoning as 00:00.
real_deepseek_v4pro_50,run_032,profile.dia,profile,True,10 h,keep,10 h,Standard DIA; no evidence of inconsistent insulin action from therapy windows.
real_deepseek_v4pro_50,run_032,aaps.core.smb_uam,aaps,True,smb_enabled=true; uam_enabled=true,keep,smb_enabled=true; uam_enabled=true,"SMB and UAM are essential for loop operation; turning either off would degrade meal response before meal logging is in place. Over‑delivery is due to dynamic ISF, not activation state."
real_deepseek_v4pro_50,run_032,aaps.core.smb_activation,aaps,True,smb_always_enabled=true; smb_with_cob_enabled=false; smb_after_carbs_enabled=false; smb_with_temp_target_enabled=true; smb_with_high_temp_target_enabled=false,keep,smb_always_enabled=true; smb_with_cob_enabled=false; smb_after_carbs_enabled=false; smb_with_temp_target_enabled=true; smb_with_high_temp_target_enabled=false,Current activations are appropriate; changing conditions now would complicate interpretation. Focus on sensitivity factor first.
real_deepseek_v4pro_50,run_032,aaps.core.smb_delivery,aaps,True,smb_interval_minutes=3 min; max_smb_basal_minutes=15 min; max_uam_smb_basal_minutes=20 min,keep,smb_interval_minutes=3 min; max_smb_basal_minutes=15 min; max_uam_smb_basal_minutes=20 min,"Aggressive but small SMB doses observed. Primary over‑delivery is from the ISF calculation, not these time limits. Reduce ISF aggressiveness first; if lows persist, then reduce max_uam_smb_basal_minutes."
real_deepseek_v4pro_50,run_032,aaps.core.safety_limits,aaps,True,max_basal_u_per_hour=12 U/h; max_iob_units=25 U,change,max_basal_u_per_hour=2 U/h; max_iob_units=10 U,25 U IOB far exceeds daily insulin dose and poses a stack risk; 10 U provides a safe ceiling (≈ half daily insulin). 12 U/h max basal is never needed and removes a protective upper limit; 2 U/h is about 2.5× the highest scheduled basal and allows sufficient temporary basal while preventing extreme rates.
real_deepseek_v4pro_50,run_032,aaps.core.sensitivity,aaps,True,autosens_enabled=false; dynamic_sensitivity_enabled=true; autosens_raises_target=false; autosens_lowers_target=false; dynamic_isf_adjustment_factor_percent=70 %,change,autosens_enabled=false; dynamic_sensitivity_enabled=true; autosens_raises_target=false; autosens_lowers_target=false; dynamic_isf_adjustment_factor_percent=100 %,"70% factor is causing effective ISF as low as 28 mg/dL/U, driving over‑correction and severe lows. Increasing to 100% restores the static ISF as the basis for dosing, reducing insulin per correction and allowing SMB/UAM to act within a safer range."
real_deepseek_v4pro_50,run_032,aaps.core.carb_absorption,aaps,True,min_5m_carbimpact=8 mg/dL/5 min; meal_max_absorption_hours=7 h,keep,min_5m_carbimpact=8 mg/dL/5 min; meal_max_absorption_hours=7 h,min_5m_carbimpact is high but the dominant over‑delivery issue is dynamic ISF. Keep absorption parameters unchanged until after ISF adjustment and meal logging provide clearer data; then assess if UAM carb absorption estimates still cause over‑reaction.
real_deepseek_v4pro_50,run_033,profile.basal.00_00,profile,True,0.6 U/h,change,0.5 U/h,"Severe nocturnal hypoglycemia with TBR 18.5% at 1-2 AM local; loop consistently delivers zero temp basals. However, this change is secondary to ISF correction and should be done only if lows persist after ISF adjustment. Suggested value reflects a conservative 0.1 U/h reduction based on the high TBR pattern."
real_deepseek_v4pro_50,run_033,profile.basal.05_00,profile,True,0.7 U/h,keep,0.7 U/h,Lows occur primarily before 05:00; after 05:00 glucose rises gradually with low TBR. No evidence of excess; keeping current rate.
real_deepseek_v4pro_50,run_033,profile.basal.06_00,profile,True,0.8 U/h,keep,0.8 U/h,Morning basal appears adequate; glucose rises appropriately without excessive hypoglycemia.
real_deepseek_v4pro_50,run_033,profile.basal.10_00,profile,True,0.7 U/h,keep,0.7 U/h,"Afternoon hyperglycemia exists but may be meal-related; without carb data, cannot confirm under-basal. Keep pending meal logging."
real_deepseek_v4pro_50,run_033,profile.basal.16_00,profile,True,0.5 U/h,keep,0.5 U/h,"This low basal aims to prevent evening drops; current pattern shows TBR after this block, but it is likely driven by earlier corrections, not this basal. No change without further observation."
real_deepseek_v4pro_50,run_033,profile.basal.18_00,profile,True,0.6 U/h,keep,0.6 U/h,"Evening basal is in line with overnight needs; after ISF correction, nocturnal risk should decrease."
real_deepseek_v4pro_50,run_033,profile.basal.19_00,profile,True,0.7 U/h,keep,0.7 U/h,"Late evening basal adequate; TBR mainly in later overnight hours, not this segment."
real_deepseek_v4pro_50,run_033,profile.cr.00_00,profile,True,13 g/U,keep,13 g/U,No carb data available to evaluate; cannot justify change.
real_deepseek_v4pro_50,run_033,profile.cr.04_00,profile,True,11.1 g/U,keep,11.1 g/U,No carb data; no evidence for change.
real_deepseek_v4pro_50,run_033,profile.cr.08_00,profile,True,13.2 g/U,keep,13.2 g/U,No carb data.
real_deepseek_v4pro_50,run_033,profile.cr.16_00,profile,True,10.5 g/U,keep,10.5 g/U,No carb data.
real_deepseek_v4pro_50,run_033,profile.cr.20_00,profile,True,12.6 g/U,keep,12.6 g/U,No carb data.
real_deepseek_v4pro_50,run_033,profile.isf.00_00,profile,True,56 mg/dL/U,change,75 mg/dL/U,Primary cause of hypoglycemia: too aggressive. Multiple correction bolus windows show drops far exceeding ISF expectation; Dynamic ISF amplifies this further to effective ISF of 27-43. Raising to 75 reduces overall potency while still being conservative relative to observed sensitivity.
real_deepseek_v4pro_50,run_033,profile.target.00_00,profile,True,90 mg/dL,keep,90 mg/dL,"Hypoglycemia is driven by excessive insulin sensitivity, not target. After ISF correction, the 90 mg/dL target is safe; loop will be less aggressive in driving glucose down."
real_deepseek_v4pro_50,run_033,profile.target.08_00,profile,True,100 mg/dL,keep,100 mg/dL,Daytime target appropriate; no evidence linking it to hypoglycemia.
real_deepseek_v4pro_50,run_033,profile.target.23_00,profile,True,90 mg/dL,keep,90 mg/dL,Consistent with overnight target; safe after ISF correction.
real_deepseek_v4pro_50,run_033,profile.dia,profile,True,10 h,keep,10 h,DIA appropriate for insulin type; no evidence of IOB stacking or excessive tail.
real_deepseek_v4pro_50,run_033,aaps.core.smb_uam,aaps,True,smb_enabled=true; uam_enabled=true,keep,smb_enabled=true; uam_enabled=true,"SMB/UAM necessary for unannounced meal coverage. Hypoglycemia stems from ISF sensitivity, not these switches."
real_deepseek_v4pro_50,run_033,aaps.core.smb_activation,aaps,True,smb_always_enabled=true; smb_with_cob_enabled=false; smb_after_carbs_enabled=false; smb_with_temp_target_enabled=true; smb_with_high_temp_target_enabled=false,keep,smb_always_enabled=true; smb_with_cob_enabled=false; smb_after_carbs_enabled=false; smb_with_temp_target_enabled=true; smb_with_high_temp_target_enabled=false,Current activation conditions are safe and conservative for a system with no carb entries.
real_deepseek_v4pro_50,run_033,aaps.core.smb_delivery,aaps,True,smb_interval_minutes=3 min; max_smb_basal_minutes=15 min; max_uam_smb_basal_minutes=20 min,keep,smb_interval_minutes=3 min; max_smb_basal_minutes=15 min; max_uam_smb_basal_minutes=20 min,"These settings are moderate; the problem is ISF, not SMB dosing rules."
real_deepseek_v4pro_50,run_033,aaps.core.safety_limits,aaps,True,max_basal_u_per_hour=12 U/h; max_iob_units=25 U,keep,max_basal_u_per_hour=12 U/h; max_iob_units=25 U,Limits are not currently restricting safe operations; no evidence of them binding.
real_deepseek_v4pro_50,run_033,aaps.core.sensitivity,aaps,True,autosens_enabled=false; dynamic_sensitivity_enabled=true; autosens_raises_target=false; autosens_lowers_target=false; dynamic_isf_adjustment_factor_percent=70 %,change,autosens_enabled=false; dynamic_sensitivity_enabled=true; autosens_raises_target=false; autosens_lowers_target=false; dynamic_isf_adjustment_factor_percent=100 %,"Dynamic ISF 70% dramatically amplifies insulin sensitivity, causing severe hypoglycemia. Raising factor to 100% disables the amplification, aligning effective ISF with the newly raised profile ISF of 75 mg/dL/U. This is the most impactful single safety change."
real_deepseek_v4pro_50,run_033,aaps.core.carb_absorption,aaps,True,min_5m_carbimpact=8 mg/dL/5 min; meal_max_absorption_hours=7 h,keep,min_5m_carbimpact=8 mg/dL/5 min; meal_max_absorption_hours=7 h,No carb data to evaluate; settings appear neutral.
real_deepseek_v4pro_50,run_034,profile.basal.00_00,profile,True,0.6 U/h,keep,0.6 U/h,"Basal 0.6 U/h may contribute to overnight hypos, but the primary driver appears to be excessive IOB from the too‑high ISF. After reducing ISF, basal adequacy should be re‑evaluated. No change now."
real_deepseek_v4pro_50,run_034,profile.basal.05_00,profile,True,0.7 U/h,keep,0.7 U/h,No significant hypo or hyper at this segment; basal appears appropriate.
real_deepseek_v4pro_50,run_034,profile.basal.06_00,profile,True,0.8 U/h,keep,0.8 U/h,Morning rise is common and not clearly attributable to basal; CR assessment needed first. Keep.
real_deepseek_v4pro_50,run_034,profile.basal.10_00,profile,True,0.7 U/h,keep,0.7 U/h,Afternoon hyperglycemia may be meal‑ or ISF‑related; basal contribution unclear. Keep while ISF is adjusted.
real_deepseek_v4pro_50,run_034,profile.basal.16_00,profile,True,0.5 U/h,keep,0.5 U/h,Lowest basal rate; no isolated pattern of hyper during this time. Keep.
real_deepseek_v4pro_50,run_034,profile.basal.18_00,profile,True,0.6 U/h,keep,0.6 U/h,Evening lows appear driven by post‑dinner IOB rather than basal. ISF change should address this; re‑evaluate later.
real_deepseek_v4pro_50,run_034,profile.basal.19_00,profile,True,0.7 U/h,keep,0.7 U/h,"Similar to 18:00, hypos at hour 19 may stem from earlier bolus stacking. Monitor after ISF change."
real_deepseek_v4pro_50,run_034,profile.cr.00_00,profile,True,13 g/U,keep,13 g/U,Carb data missing; cannot assess CR. No change without meal logs.
real_deepseek_v4pro_50,run_034,profile.cr.04_00,profile,True,11.1 g/U,keep,11.1 g/U,No carb data; keep.
real_deepseek_v4pro_50,run_034,profile.cr.08_00,profile,True,13.2 g/U,keep,13.2 g/U,No carb data; keep.
real_deepseek_v4pro_50,run_034,profile.cr.16_00,profile,True,10.5 g/U,keep,10.5 g/U,No carb data; keep.
real_deepseek_v4pro_50,run_034,profile.cr.20_00,profile,True,12.6 g/U,keep,12.6 g/U,No carb data; keep.
real_deepseek_v4pro_50,run_034,profile.isf.00_00,profile,True,56 mg/dL/U,change,50 mg/dL/U,"Evidence from correction bolus responses and dynamic ISF compensation indicates the current ISF overestimates insulin sensitivity. Reducing to 50 mg/dL/U provides larger, more timely corrections and lower late‑hypo risk. Change is small and verifiable."
real_deepseek_v4pro_50,run_034,profile.target.00_00,profile,True,90 mg/dL,keep,90 mg/dL,Target is appropriate and does not drive hypoglycemia independently; ISF change addresses the underlying issue.
real_deepseek_v4pro_50,run_034,profile.target.08_00,profile,True,100 mg/dL,keep,100 mg/dL,Daytime target of 100 mg/dL is reasonable and not a safety concern.
real_deepseek_v4pro_50,run_034,profile.target.23_00,profile,True,90 mg/dL,keep,90 mg/dL,Night target returning to 90 mg/dL is aligned with typical strategy; no change needed.
real_deepseek_v4pro_50,run_034,profile.dia,profile,True,10 h,keep,10 h,DIA of 10 h is compatible with insulin duration; no concrete evidence of excessive IOB accumulation beyond ISF issue. Keep.
real_deepseek_v4pro_50,run_034,aaps.core.smb_uam,aaps,True,smb_enabled=true; uam_enabled=true,keep,smb_enabled=true; uam_enabled=true,Settings are safe and not causing hypos independently; the ISF error is the root cause. No change needed.
real_deepseek_v4pro_50,run_034,aaps.core.smb_activation,aaps,True,smb_always_enabled=true; smb_with_cob_enabled=false; smb_after_carbs_enabled=false; smb_with_temp_target_enabled=true; smb_with_high_temp_target_enabled=false,keep,smb_always_enabled=true; smb_with_cob_enabled=false; smb_after_carbs_enabled=false; smb_with_temp_target_enabled=true; smb_with_high_temp_target_enabled=false,Activation conditions are appropriate; always‑on SMB with temp‑target allows corrections while preventing excessive dosing during hypoglycemia risk. Keep.
real_deepseek_v4pro_50,run_034,aaps.core.smb_delivery,aaps,True,smb_interval_minutes=3 min; max_smb_basal_minutes=15 min; max_uam_smb_basal_minutes=20 min,keep,smb_interval_minutes=3 min; max_smb_basal_minutes=15 min; max_uam_smb_basal_minutes=20 min,Delivery parameters are within normal ranges; not contributing to observed hypos. Keep.
real_deepseek_v4pro_50,run_034,aaps.core.safety_limits,aaps,True,max_basal_u_per_hour=12 U/h; max_iob_units=25 U,keep,max_basal_u_per_hour=12 U/h; max_iob_units=25 U,Limits are far above actual usage; no safety concern. Keep.
real_deepseek_v4pro_50,run_034,aaps.core.sensitivity,aaps,True,autosens_enabled=false; dynamic_sensitivity_enabled=true; autosens_raises_target=false; autosens_lowers_target=false; dynamic_isf_adjustment_factor_percent=70 %,keep,autosens_enabled=false; dynamic_sensitivity_enabled=true; autosens_raises_target=false; autosens_lowers_target=false; dynamic_isf_adjustment_factor_percent=70 %,Dynamic ISF is compensating for the profile ISF error. Do not disable or change it until the profile ISF is corrected; then re‑evaluate. Keep current settings.
real_deepseek_v4pro_50,run_034,aaps.core.carb_absorption,aaps,True,min_5m_carbimpact=8 mg/dL/5 min; meal_max_absorption_hours=7 h,keep,min_5m_carbimpact=8 mg/dL/5 min; meal_max_absorption_hours=7 h,Absorption parameters are standard and have not been activated due to missing carbs. Keep.
real_deepseek_v4pro_50,run_035,profile.basal.00_00,profile,True,0.6 U/h,keep,0.6 U/h,Overnight glucose stable; no evidence of basal insufficiency.
real_deepseek_v4pro_50,run_035,profile.basal.05_00,profile,True,0.7 U/h,keep,0.7 U/h,Glucose remains in range after the slight basal increase.
real_deepseek_v4pro_50,run_035,profile.basal.06_00,profile,True,0.8 U/h,keep,0.8 U/h,No morning rise; early daytime glucose is well controlled.
real_deepseek_v4pro_50,run_035,profile.basal.10_00,profile,True,0.7 U/h,keep,0.7 U/h,Glucose remains in target through late morning.
real_deepseek_v4pro_50,run_035,profile.basal.16_00,profile,True,0.5 U/h,keep,0.5 U/h,Hyperglycemia in late afternoon cannot be confidently attributed to basal without meal logs.
real_deepseek_v4pro_50,run_035,profile.basal.18_00,profile,True,0.6 U/h,keep,0.6 U/h,Evening glucose improvement starts after 18:00; no change indicated.
real_deepseek_v4pro_50,run_035,profile.basal.19_00,profile,True,0.7 U/h,keep,0.7 U/h,Evening basal appears appropriate.
real_deepseek_v4pro_50,run_035,profile.cr.00_00,profile,True,13 g/U,keep,13 g/U,No meal data to assess.
real_deepseek_v4pro_50,run_035,profile.cr.04_00,profile,True,11.1 g/U,keep,11.1 g/U,No meal data to assess.
real_deepseek_v4pro_50,run_035,profile.cr.08_00,profile,True,13.2 g/U,keep,13.2 g/U,No meal data to assess.
real_deepseek_v4pro_50,run_035,profile.cr.16_00,profile,True,10.5 g/U,keep,10.5 g/U,No meal data to assess.
real_deepseek_v4pro_50,run_035,profile.cr.20_00,profile,True,12.6 g/U,keep,12.6 g/U,No meal data to assess.
real_deepseek_v4pro_50,run_035,profile.isf.00_00,profile,True,56 mg/dL/U,keep,56 mg/dL/U,"Correction hypos suggest ISF may be too high (indicating higher sensitivity), but without meal data and IOB context, a change is premature. Reassessment required after carbohydrate logging."
real_deepseek_v4pro_50,run_035,profile.target.00_00,profile,True,90 mg/dL,keep,90 mg/dL,Appropriate for overnight; no evidence of excessive hypoglycemia from target alone.
real_deepseek_v4pro_50,run_035,profile.target.08_00,profile,True,100 mg/dL,keep,100 mg/dL,Daytime target is reasonable and does not appear to drive hyperglycemia.
real_deepseek_v4pro_50,run_035,profile.target.23_00,profile,True,90 mg/dL,keep,90 mg/dL,Consistent with overnight target.
real_deepseek_v4pro_50,run_035,profile.dia,profile,True,10 h,keep,10 h,Matches typical rapid-acting insulin kinetics; no tail stacking observed.
real_deepseek_v4pro_50,run_035,aaps.core.smb_uam,aaps,True,smb_enabled=true; uam_enabled=true,keep,smb_enabled=true; uam_enabled=true,"Both features are essential for the current automation strategy. Although they may contribute to stacking, the primary safety issue is addressed by tightening IOB limits."
real_deepseek_v4pro_50,run_035,aaps.core.smb_activation,aaps,True,smb_always_enabled=true; smb_with_cob_enabled=false; smb_after_carbs_enabled=false; smb_with_temp_target_enabled=true; smb_with_high_temp_target_enabled=false,keep,smb_always_enabled=true; smb_with_cob_enabled=false; smb_after_carbs_enabled=false; smb_with_temp_target_enabled=true; smb_with_high_temp_target_enabled=false,"The aggressive SMB always-enabled setting is consistent with the user's open-loop trust in automation. Without meal data, turning it off could increase hyperglycemia risk. Retain for now; re-evaluate after meal logging."
real_deepseek_v4pro_50,run_035,aaps.core.smb_delivery,aaps,True,smb_interval_minutes=3 min; max_smb_basal_minutes=15 min; max_uam_smb_basal_minutes=20 min,keep,smb_interval_minutes=3 min; max_smb_basal_minutes=15 min; max_uam_smb_basal_minutes=20 min,Standard values that do not independently cause hypoglycemia.
real_deepseek_v4pro_50,run_035,aaps.core.safety_limits,aaps,True,max_basal_u_per_hour=12 U/h; max_iob_units=25 U,change,max_basal_u_per_hour=4 U/h; max_iob_units=5 U,"Current limits are excessively high relative to actual insulin usage, posing a latent safety risk. Reducing them to physiological safe ceilings (max basal to 4 U/h, max IOB to 5 U) maintains therapeutic headroom while preventing accidental overdosing."
real_deepseek_v4pro_50,run_035,aaps.core.sensitivity,aaps,True,autosens_enabled=false; dynamic_sensitivity_enabled=true; autosens_raises_target=false; autosens_lowers_target=false; dynamic_isf_adjustment_factor_percent=70 %,keep,autosens_enabled=false; dynamic_sensitivity_enabled=true; autosens_raises_target=false; autosens_lowers_target=false; dynamic_isf_adjustment_factor_percent=70 %,Dynamic ISF effectively compensates for variable sensitivity; 70% damping is a reasonable starting point. No change needed.
real_deepseek_v4pro_50,run_035,aaps.core.carb_absorption,aaps,True,min_5m_carbimpact=8 mg/dL/5 min; meal_max_absorption_hours=7 h,keep,min_5m_carbimpact=8 mg/dL/5 min; meal_max_absorption_hours=7 h,Defaults are acceptable; no meal data to evaluate performance.
real_deepseek_v4pro_50,run_036,profile.basal.00_00,profile,True,0.6 U/h,keep,0.6 U/h,"Overnight hypoglycemia is primarily driven by aggressive UAM/SMB and low effective ISF, not purely by basal rate. After the recommended ISF and UAM adjustments are stable, if nocturnal lows persist, consider a cautious reduction to 0.5 U/h. For now, no change."
real_deepseek_v4pro_50,run_036,profile.basal.05_00,profile,True,0.7 U/h,keep,0.7 U/h,"Early morning hours show stable glucose near 100 mg/dL with high TIR, indicating this basal rate is appropriate. Any adjustment would be premature before automation changes."
real_deepseek_v4pro_50,run_036,profile.basal.06_00,profile,True,0.8 U/h,keep,0.8 U/h,Morning rise is well controlled with minimal hypoglycemia. No immediate change needed.
real_deepseek_v4pro_50,run_036,profile.basal.10_00,profile,True,0.7 U/h,keep,0.7 U/h,"Daytime glucose starts rising after 13:00, but the basal deficit likely occurs later (16:00) rather than here. Will be reassessed after automation changes and carb logging."
real_deepseek_v4pro_50,run_036,profile.basal.16_00,profile,True,0.5 U/h,keep,0.5 U/h,"Afternoon hyperglycemia is a concern, but it may be meal‑related and overcorrection by SMB is already happening; increasing basal now without carb data could worsen post‑meal lows once ISF is raised. Defer change until after ISF and UAM adjustments and at least 7 days of carb logging."
real_deepseek_v4pro_50,run_036,profile.basal.18_00,profile,True,0.6 U/h,keep,0.6 U/h,"Immediately post‑dinner evening low could be influenced by this basal, but automation changes (UAM, DIA) will likely reduce the evening hypoglycemia risk. Monitor before adjusting."
real_deepseek_v4pro_50,run_036,profile.basal.19_00,profile,True,0.7 U/h,keep,0.7 U/h,"Evening hypoglycemia may partly originate from earlier insulin action. Wait for automation adjustments to take effect, then reassess after a few days of consistent carb logging."
real_deepseek_v4pro_50,run_036,profile.cr.00_00,profile,True,13 g/U,keep,13 g/U,No carbohydrate entries exist to evaluate this ratio. Keep unchanged.
real_deepseek_v4pro_50,run_036,profile.cr.04_00,profile,True,11.1 g/U,keep,11.1 g/U,Lack of carb data prevents assessment.
real_deepseek_v4pro_50,run_036,profile.cr.08_00,profile,True,13.2 g/U,keep,13.2 g/U,Requires carb logging to evaluate.
real_deepseek_v4pro_50,run_036,profile.cr.16_00,profile,True,10.5 g/U,keep,10.5 g/U,"Afternoon hyperglycemia may indicate need for a stronger ratio, but no meal data to confirm; must keep until logging starts."
real_deepseek_v4pro_50,run_036,profile.cr.20_00,profile,True,12.6 g/U,keep,12.6 g/U,Evening meal ratios cannot be assessed without carb records.
real_deepseek_v4pro_50,run_036,profile.isf.00_00,profile,True,56 mg/dL/U,change,70 mg/dL/U,"The observed severe hypoglycemia after micro‑boluses and very low effective ISF values (27.8 mg/dL/U) indicate the base ISF is too potent. Raising to 70 mg/dL/U will reduce per‑unit insulin effect by approximately 20% and improve safety, especially given the aggressive dynamic sensitivity. This is the highest‑priority profile change."
real_deepseek_v4pro_50,run_036,profile.target.00_00,profile,True,90 mg/dL,keep,90 mg/dL,"A tight target may increase hypoglycemia risk overnight, but changing it would not address the root cause (over‑sensitive ISF). The safer approach is to adjust ISF first. If hypoglycemia persists after ISF and UAM changes, a temporary overnight target of 100 mg/dL could be considered."
real_deepseek_v4pro_50,run_036,profile.target.08_00,profile,True,100 mg/dL,keep,100 mg/dL,Daytime target is appropriate; no change needed while addressing insulin sensitivity.
real_deepseek_v4pro_50,run_036,profile.target.23_00,profile,True,90 mg/dL,keep,90 mg/dL,See overnight target rationale; modification deferred until after other changes.
real_deepseek_v4pro_50,run_036,profile.dia,profile,True,10 h,change,7 h,"A 10‑hour DIA prolongs insulin‑on‑board and contributes to stacking, particularly when UAM sustains micro‑boluses. Reducing to 7 h will lower IOB tail risk and reduce post‑prandial and nocturnal hypoglycemia. This change should be implemented after the ISF increase and after 2‑3 days of observation."
real_deepseek_v4pro_50,run_036,aaps.core.smb_uam,aaps,True,smb_enabled=true; uam_enabled=true,keep,smb_enabled=true; uam_enabled=true,"SMB and UAM are essential features for closed‑loop operation with unannounced meals. The observed over‑correction is being addressed by other settings (ISF, DIA, UAM parameters) rather than disabling core delivery. No safety reason to turn off."
real_deepseek_v4pro_50,run_036,aaps.core.smb_activation,aaps,True,smb_always_enabled=true; smb_with_cob_enabled=false; smb_after_carbs_enabled=false; smb_with_temp_target_enabled=true; smb_with_high_temp_target_enabled=false,keep,smb_always_enabled=true; smb_with_cob_enabled=false; smb_after_carbs_enabled=false; smb_with_temp_target_enabled=true; smb_with_high_temp_target_enabled=false,Activation settings are consistent with current strategy. smb_with_temp_target_enabled=true provides an important safety brake during temporary targets; no change needed.
real_deepseek_v4pro_50,run_036,aaps.core.smb_delivery,aaps,True,smb_interval_minutes=3 min; max_smb_basal_minutes=15 min; max_uam_smb_basal_minutes=20 min,keep,smb_interval_minutes=3 min; max_smb_basal_minutes=15 min; max_uam_smb_basal_minutes=20 min,"Delivery parameters are moderate; the root cause of excessive insulin is not the interval but the per‑unit effect. Changing these would not solve the core ISF issue and could reduce system responsiveness appropriately if needed later, but for now keep."
real_deepseek_v4pro_50,run_036,aaps.core.safety_limits,aaps,True,max_basal_u_per_hour=12 U/h; max_iob_units=25 U,change,max_basal_u_per_hour=12 U/h; max_iob_units=10 U,"Max IOB of 25 U is far above typical usage (~6 U). Lowering to 10 U provides a safety net to prevent severe insulin stacking if an incorrect profile change were ever made, without restricting normal therapy. Max basal at 12 U/h is acceptable. This change can be implemented independently after the primary ISF adjustment."
real_deepseek_v4pro_50,run_036,aaps.core.sensitivity,aaps,True,autosens_enabled=false; dynamic_sensitivity_enabled=true; autosens_raises_target=false; autosens_lowers_target=false; dynamic_isf_adjustment_factor_percent=70 %,change,autosens_enabled=false; dynamic_sensitivity_enabled=true; autosens_raises_target=false; autosens_lowers_target=false; dynamic_isf_adjustment_factor_percent=100 %,"The 70% adjustment factor permits the ISF to drop to as low as 30% of its base, creating dangerously low effective ISF. Changing to 100% eliminates sensitivity lowering and locks the ISF at or above the set base, dramatically improving safety while still allowing increases when the system detects low sensitivity. This should be implemented after the base ISF increase and after a period of monitoring."
real_deepseek_v4pro_50,run_036,aaps.core.carb_absorption,aaps,True,min_5m_carbimpact=8 mg/dL/5 min; meal_max_absorption_hours=7 h,change,min_5m_carbimpact=3 mg/dL/5 min; meal_max_absorption_hours=5 h,"An 8 mg/dL/5 min carbimpact over‑estimates post‑meal glucose rise, leading UAM to infer large phantom meals and deliver excessive insulin. Reducing to 3 mg/dL/5 min and meal_max_absorption to 5 h will significantly diminish inappropriate UAM‑driven SMBs and reduce overnight and evening hypoglycemia. This direct UAM safety improvement should be the very first adjustment, before changing ISF or DIA."
real_deepseek_v4pro_50,run_037,profile.basal.00_00,profile,True,0.6 U/h,change,0.5 U/h,Overnight lows and frequent 0 U/h temp basals indicate basal oversupply. Reduction to 0.5 U/h likely reduces hypoglycemia while maintaining glucose above target.
real_deepseek_v4pro_50,run_037,profile.basal.05_00,profile,True,0.7 U/h,keep,,No consistent hypoglycemia pattern in this segment; average glucose 104 mg/dL with low TBR. No evidence for change.
real_deepseek_v4pro_50,run_037,profile.basal.06_00,profile,True,0.8 U/h,keep,,Morning glucose stable with minimal lows. No data supporting a change.
real_deepseek_v4pro_50,run_037,profile.basal.10_00,profile,True,0.7 U/h,keep,,Daytime basal adequacy cannot be assessed without meal data; keep at current setting.
real_deepseek_v4pro_50,run_037,profile.basal.16_00,profile,True,0.5 U/h,keep,,"No clear deficit despite afternoon hyperglycemia, which is likely meal-driven. Keep until meals logged."
real_deepseek_v4pro_50,run_037,profile.basal.18_00,profile,True,0.6 U/h,keep,,Evening glucose patterns show some post-meal lows but insufficient evidence to isolate basal from meal/bolus effects.
real_deepseek_v4pro_50,run_037,profile.basal.19_00,profile,True,0.7 U/h,keep,,"Stable overnight after 19:00, no consistent excessive drop. No change indicated."
real_deepseek_v4pro_50,run_037,profile.cr.00_00,profile,True,13 g/U,keep,,No meal data available to assess.
real_deepseek_v4pro_50,run_037,profile.cr.04_00,profile,True,11.1 g/U,keep,,No meal data available to assess.
real_deepseek_v4pro_50,run_037,profile.cr.08_00,profile,True,13.2 g/U,keep,,No meal data available to assess.
real_deepseek_v4pro_50,run_037,profile.cr.16_00,profile,True,10.5 g/U,keep,,No meal data available to assess.
real_deepseek_v4pro_50,run_037,profile.cr.20_00,profile,True,12.6 g/U,keep,,No meal data available to assess.
real_deepseek_v4pro_50,run_037,profile.isf.00_00,profile,True,56 mg/dL/U,keep,,"Correction drops suggest ISF may be too strong, but without meal data and targeted correction-only windows, cannot confidently separate from DIA or dynamic ISF influence. Reevaluate after meal logging."
real_deepseek_v4pro_50,run_037,profile.target.00_00,profile,True,90 mg/dL,keep,,"Target is appropriate. Hypoglycemia stems from basal oversupply, not target value."
real_deepseek_v4pro_50,run_037,profile.target.08_00,profile,True,100 mg/dL,keep,,No evidence to alter daytime target.
real_deepseek_v4pro_50,run_037,profile.target.23_00,profile,True,90 mg/dL,keep,,Consistent with overnight management goals.
real_deepseek_v4pro_50,run_037,profile.dia,profile,True,10 h,keep,,"No conclusive evidence that DIA is too long; however, extended duration may contribute to stacking. Withhold change until meal data reveals true insulin action."
real_deepseek_v4pro_50,run_037,aaps.core.smb_uam,aaps,True,smb_enabled=true; uam_enabled=true,keep,,Settings appropriate for current automation strategy.
real_deepseek_v4pro_50,run_037,aaps.core.smb_activation,aaps,True,smb_always_enabled=true; smb_with_cob_enabled=false; smb_after_carbs_enabled=false; smb_with_temp_target_enabled=true; smb_with_high_temp_target_enabled=false,keep,,Activation conditions safe; SMB fires whenever needed.
real_deepseek_v4pro_50,run_037,aaps.core.smb_delivery,aaps,True,smb_interval_minutes=3 min; max_smb_basal_minutes=15 min; max_uam_smb_basal_minutes=20 min,keep,,Delivery limits align well with low basal rates; no evidence of excessive dosing.
real_deepseek_v4pro_50,run_037,aaps.core.safety_limits,aaps,True,max_basal_u_per_hour=12 U/h; max_iob_units=25 U,change,max_basal_u_per_hour=12 U/h; max_iob_units=8 U,Max IOB of 25 U is far above typical needs (peak IOB 5.9 U). Reducing to 8 U adds a meaningful safety cap against insulin stacking without hindering corrections.
real_deepseek_v4pro_50,run_037,aaps.core.sensitivity,aaps,True,autosens_enabled=false; dynamic_sensitivity_enabled=true; autosens_raises_target=false; autosens_lowers_target=false; dynamic_isf_adjustment_factor_percent=70 %,keep,,Dynamic ISF is functioning as intended; any aggressive action results from underlying profile ISF rather than this setting.
real_deepseek_v4pro_50,run_037,aaps.core.carb_absorption,aaps,True,min_5m_carbimpact=8 mg/dL/5 min; meal_max_absorption_hours=7 h,keep,,Default values; no inconsistent data to warrant change.
real_deepseek_v4pro_50,run_038,profile.basal.00_00,profile,True,0.6 U/h,change,0.5 U/h,Overnight hypoglycemia despite system zero-temp actions indicates basal excess. Reducing to 0.5 U/h is the primary safe adjustment.
real_deepseek_v4pro_50,run_038,profile.basal.05_00,profile,True,0.7 U/h,keep,,No strong evidence of hypoglycemia in the 05:00-06:00 window warranting change at this time.
real_deepseek_v4pro_50,run_038,profile.basal.06_00,profile,True,0.8 U/h,keep,,The 06:00-10:00 window shows adequate glucose levels; no hypoglycemia trend.
real_deepseek_v4pro_50,run_038,profile.basal.10_00,profile,True,0.7 U/h,keep,,No clear evidence of daytime basal excess or deficiency.
real_deepseek_v4pro_50,run_038,profile.basal.16_00,profile,True,0.5 U/h,keep,,No clear evidence for change; low rate may be appropriate.
real_deepseek_v4pro_50,run_038,profile.basal.18_00,profile,True,0.6 U/h,keep,,No distinct pattern of hypo or hyper; keep while other adjustments settle.
real_deepseek_v4pro_50,run_038,profile.basal.19_00,profile,True,0.7 U/h,keep,,No distinct pattern warranting change.
real_deepseek_v4pro_50,run_038,profile.cr.00_00,profile,True,13 g/U,keep,,No meal data to validate; must keep until carbohydrate logging and basal/ISF are corrected.
real_deepseek_v4pro_50,run_038,profile.cr.04_00,profile,True,11.1 g/U,keep,,No meal data to validate.
real_deepseek_v4pro_50,run_038,profile.cr.08_00,profile,True,13.2 g/U,keep,,No meal data to validate.
real_deepseek_v4pro_50,run_038,profile.cr.16_00,profile,True,10.5 g/U,keep,,No meal data to validate.
real_deepseek_v4pro_50,run_038,profile.cr.20_00,profile,True,12.6 g/U,keep,,No meal data to validate.
real_deepseek_v4pro_50,run_038,profile.isf.00_00,profile,True,56 mg/dL/U,keep,,"Corrections frequently overshoot, and dynamic ISF often reduces effective ISF far below 56, suggesting the profile ISF is too low. However, changing ISF now would complicate basal adjustments; keep and re-evaluate after basal correction and carb logging."
real_deepseek_v4pro_50,run_038,profile.target.00_00,profile,True,90 mg/dL,keep,,"Target is appropriate for overnight; low glucose is from basal excess, not target setting."
real_deepseek_v4pro_50,run_038,profile.target.08_00,profile,True,100 mg/dL,keep,,Daytime target is reasonable.
real_deepseek_v4pro_50,run_038,profile.target.23_00,profile,True,90 mg/dL,keep,,Evening target is reasonable.
real_deepseek_v4pro_50,run_038,profile.dia,profile,True,10 h,keep,,"Long DIA may contribute to IOB stacking, but evidence is not strong enough to change now. Reassess after basal and ISF corrections."
real_deepseek_v4pro_50,run_038,aaps.core.smb_uam,aaps,True,smb_enabled=true; uam_enabled=true,keep,,SMB and UAM are enabled and not the primary cause of hypoglycemia; they are affected by the over-aggressive insulin profile. Keep while profile is adjusted.
real_deepseek_v4pro_50,run_038,aaps.core.smb_activation,aaps,True,smb_always_enabled=true; smb_with_cob_enabled=false; smb_after_carbs_enabled=false; smb_with_temp_target_enabled=true; smb_with_high_temp_target_enabled=false,keep,,Activation conditions are safe and appropriate for the current unannounced-meal pattern.
real_deepseek_v4pro_50,run_038,aaps.core.smb_delivery,aaps,True,smb_interval_minutes=3 min; max_smb_basal_minutes=15 min; max_uam_smb_basal_minutes=20 min,keep,,Delivery caps are standard and not the source of overcorrection.
real_deepseek_v4pro_50,run_038,aaps.core.safety_limits,aaps,True,max_basal_u_per_hour=12 U/h; max_iob_units=25 U,keep,,Limits are high relative to actual usage and do not cause hypoglycemia.
real_deepseek_v4pro_50,run_038,aaps.core.sensitivity,aaps,True,autosens_enabled=false; dynamic_sensitivity_enabled=true; autosens_raises_target=false; autosens_lowers_target=false; dynamic_isf_adjustment_factor_percent=70 %,keep,,Dynamic ISF is functioning but amplifies overcorrection because the underlying profile ISF is too low; keep settings and correct the profile ISF first.
real_deepseek_v4pro_50,run_038,aaps.core.carb_absorption,aaps,True,min_5m_carbimpact=8 mg/dL/5 min; meal_max_absorption_hours=7 h,keep,,Settings are reasonable; no meal data to suggest a change.
real_deepseek_v4pro_50,run_039,profile.basal.00_00,profile,True,0.6 U/h,change,0.5 U/h,Strong evidence of overnight hypoglycemia in first segment; 0.6 U/h is excessive; a trial reduction to 0.5 U/h is conservative and supported by hourly low‑% data.
real_deepseek_v4pro_50,run_039,profile.basal.05_00,profile,True,0.7 U/h,keep,,Low% drops to 2.5‑4.8% after 04:00; no evidence of over‑delivery in this segment. Keep unchanged while observing effect of earlier basal reduction.
real_deepseek_v4pro_50,run_039,profile.basal.06_00,profile,True,0.8 U/h,keep,,Morning rise is well handled; low% minimal. No change warranted without meal data.
real_deepseek_v4pro_50,run_039,profile.basal.10_00,profile,True,0.7 U/h,keep,,Daytime basal appears adequate; observed highs are likely meal‑related (no carb data). Keep.
real_deepseek_v4pro_50,run_039,profile.basal.16_00,profile,True,0.5 U/h,keep,,This is the lowest day rate; no evidence of afternoon lows. Keep.
real_deepseek_v4pro_50,run_039,profile.basal.18_00,profile,True,0.6 U/h,keep,,Evening basal moderate; no isolated pattern of lows. Keep.
real_deepseek_v4pro_50,run_039,profile.basal.19_00,profile,True,0.7 U/h,keep,,Evening rise period; no evidence of over‑delivery. Keep.
real_deepseek_v4pro_50,run_039,profile.cr.00_00,profile,True,13 g/U,keep,,No carbohydrate entries to evaluate. Keep pending meal logging.
real_deepseek_v4pro_50,run_039,profile.cr.04_00,profile,True,11.1 g/U,keep,,No carb data. Keep.
real_deepseek_v4pro_50,run_039,profile.cr.08_00,profile,True,13.2 g/U,keep,,No carb data. Keep.
real_deepseek_v4pro_50,run_039,profile.cr.16_00,profile,True,10.5 g/U,keep,,No carb data. Keep.
real_deepseek_v4pro_50,run_039,profile.cr.20_00,profile,True,12.6 g/U,keep,,No carb data. Keep.
real_deepseek_v4pro_50,run_039,profile.isf.00_00,profile,True,56 mg/dL/U,keep,,Static ISF is heavily influenced by dynamic ISF and basal over‑delivery; cannot reliably adjust until basal is corrected and meal data logged.
real_deepseek_v4pro_50,run_039,profile.target.00_00,profile,True,90 mg/dL,keep,,"Target 90 mg/dL overnight is appropriate; low problems are driven by basal rate, not target."
real_deepseek_v4pro_50,run_039,profile.target.08_00,profile,True,100 mg/dL,keep,,Daytime target 100 mg/dL is a standard choice; no evidence it needs change.
real_deepseek_v4pro_50,run_039,profile.target.23_00,profile,True,90 mg/dL,keep,,Evening target matches overnight; consistent.
real_deepseek_v4pro_50,run_039,profile.dia,profile,True,10 h,keep,,Observed insulin action durations in correction windows are within 4‑6 h; no evidence that 10 h causes extended hypoglycemia. Keep.
real_deepseek_v4pro_50,run_039,aaps.core.smb_uam,aaps,True,smb_enabled=true; uam_enabled=true,keep,,Both are essential for the closed loop; no misconfiguration. Basal correction will reduce erratic UAM activation.
real_deepseek_v4pro_50,run_039,aaps.core.smb_activation,aaps,True,smb_always_enabled=true; smb_with_cob_enabled=false; smb_after_carbs_enabled=false; smb_with_temp_target_enabled=true; smb_with_high_temp_target_enabled=false,keep,,"Activation switches are appropriate; smb_always poses risk only when basal excess causes volatile glucose; after basal fix, stability should improve. Keep."
real_deepseek_v4pro_50,run_039,aaps.core.smb_delivery,aaps,True,smb_interval_minutes=3 min; max_smb_basal_minutes=15 min; max_uam_smb_basal_minutes=20 min,keep,,Delivery limits are conservative and provide adequate safety margins. No change needed.
real_deepseek_v4pro_50,run_039,aaps.core.safety_limits,aaps,True,max_basal_u_per_hour=12 U/h; max_iob_units=25 U,change,max_basal_u_per_hour=12 U/h; max_iob_units=5 U,"Max IOB of 25 U is a severe safety risk; total daily insulin ~19.7 U, observed IOB peaks ≤6 U. Reduction to 5 U prevents catastrophic stacking. Max basal remains at 12 U/h for now but should be reconsidered later."
real_deepseek_v4pro_50,run_039,aaps.core.sensitivity,aaps,True,autosens_enabled=false; dynamic_sensitivity_enabled=true; autosens_raises_target=false; autosens_lowers_target=false; dynamic_isf_adjustment_factor_percent=70 %,keep,,"Dynamic ISF is compensating for basal excess; keep current settings until basal is corrected, then reassess factor. Autosens disabled is fine."
real_deepseek_v4pro_50,run_039,aaps.core.carb_absorption,aaps,True,min_5m_carbimpact=8 mg/dL/5 min; meal_max_absorption_hours=7 h,keep,,"Without carbohydrate entries, no evidence to adjust; after basal correction and meal logging, evaluate if a lower min_5m_carbimpact reduces UAM oversensitivity."
real_deepseek_v4pro_50,run_040,profile.basal.00_00,profile,True,0.6 U/h,keep,0.6 U/h,Cannot be changed without fasting test; current data insufficient due to missing meal logs.
real_deepseek_v4pro_50,run_040,profile.basal.05_00,profile,True,0.7 U/h,keep,0.7 U/h,No clear evidence of basal error at this time segment; glucose is stable with acceptable TIR.
real_deepseek_v4pro_50,run_040,profile.basal.06_00,profile,True,0.8 U/h,keep,0.8 U/h,"Morning rise is well managed; TIR >91% at this time, no hypoglycemia."
real_deepseek_v4pro_50,run_040,profile.basal.10_00,profile,True,0.7 U/h,keep,0.7 U/h,"Daytime TIR remains acceptable; afternoon hyperglycemia likely meal-driven, not basal."
real_deepseek_v4pro_50,run_040,profile.basal.16_00,profile,True,0.5 U/h,keep,0.5 U/h,This drop may be intentional to prevent evening lows; cannot assess without meal context.
real_deepseek_v4pro_50,run_040,profile.basal.18_00,profile,True,0.6 U/h,keep,0.6 U/h,Evening glucose dips may be influenced by earlier meals; no clear evidence of basal error.
real_deepseek_v4pro_50,run_040,profile.basal.19_00,profile,True,0.7 U/h,keep,0.7 U/h,Stable overnight pattern supports this rate; cannot change without fasting test.
real_deepseek_v4pro_50,run_040,profile.cr.00_00,profile,True,13 g/U,keep,13 g/U,No meal entries to evaluate carb ratio; any change would be speculative.
real_deepseek_v4pro_50,run_040,profile.cr.04_00,profile,True,11.1 g/U,keep,11.1 g/U,No meal data; cannot justify adjustment.
real_deepseek_v4pro_50,run_040,profile.cr.08_00,profile,True,13.2 g/U,keep,13.2 g/U,No meal data available to evaluate.
real_deepseek_v4pro_50,run_040,profile.cr.16_00,profile,True,10.5 g/U,keep,10.5 g/U,No meal data; confidence extremely low.
real_deepseek_v4pro_50,run_040,profile.cr.20_00,profile,True,12.6 g/U,keep,12.6 g/U,Insufficient information to modify.
real_deepseek_v4pro_50,run_040,profile.isf.00_00,profile,True,56 mg/dL/U,keep,56 mg/dL/U,No correction bolus data free from meal confounding; dynamic ISF already provides adaptive compensation.
real_deepseek_v4pro_50,run_040,profile.target.00_00,profile,True,90 mg/dL,keep,90 mg/dL,"Low target may contribute to automation aggressiveness, but raising it could mask basal excess; fasting test should guide change."
real_deepseek_v4pro_50,run_040,profile.target.08_00,profile,True,100 mg/dL,keep,100 mg/dL,Daytime target appears appropriate; no evidence of need to change.
real_deepseek_v4pro_50,run_040,profile.target.23_00,profile,True,90 mg/dL,keep,90 mg/dL,Evening target is safe; hypoglycemia may be from other factors.
real_deepseek_v4pro_50,run_040,profile.dia,profile,True,10 h,keep,10 h,Standard value; no data contradict it.
real_deepseek_v4pro_50,run_040,aaps.core.smb_uam,aaps,True,smb_enabled=true; uam_enabled=true,keep,smb_enabled=true; uam_enabled=true,Both are essential for closed-loop function; no adverse effects detected.
real_deepseek_v4pro_50,run_040,aaps.core.smb_activation,aaps,True,smb_always_enabled=true; smb_with_cob_enabled=false; smb_after_carbs_enabled=false; smb_with_temp_target_enabled=true; smb_with_high_temp_target_enabled=false,keep,smb_always_enabled=true; smb_with_cob_enabled=false; smb_after_carbs_enabled=false; smb_with_temp_target_enabled=true; smb_with_high_temp_target_enabled=false,Conservative carb-related settings prevent insulin stacking; no evidence of over-aggression.
real_deepseek_v4pro_50,run_040,aaps.core.smb_delivery,aaps,True,smb_interval_minutes=3 min; max_smb_basal_minutes=15 min; max_uam_smb_basal_minutes=20 min,keep,smb_interval_minutes=3 min; max_smb_basal_minutes=15 min; max_uam_smb_basal_minutes=20 min,"Safe, standard values; no evidence of excessive micro-bolusing."
real_deepseek_v4pro_50,run_040,aaps.core.safety_limits,aaps,True,max_basal_u_per_hour=12 U/h; max_iob_units=25 U,keep,max_basal_u_per_hour=12 U/h; max_iob_units=25 U,High limits do not cause hypoglycemia because automation suspends appropriately.
real_deepseek_v4pro_50,run_040,aaps.core.sensitivity,aaps,True,autosens_enabled=false; dynamic_sensitivity_enabled=true; autosens_raises_target=false; autosens_lowers_target=false; dynamic_isf_adjustment_factor_percent=70 %,keep,autosens_enabled=false; dynamic_sensitivity_enabled=true; autosens_raises_target=false; autosens_lowers_target=false; dynamic_isf_adjustment_factor_percent=70 %,Dynamic ISF with 70% adjustment provides safe adaptive correction; no signal of misadjustment.
real_deepseek_v4pro_50,run_040,aaps.core.carb_absorption,aaps,True,min_5m_carbimpact=8 mg/dL/5 min; meal_max_absorption_hours=7 h,keep,min_5m_carbimpact=8 mg/dL/5 min; meal_max_absorption_hours=7 h,Standard values; no evidence of prolonged absorption or UAM misbehavior.
real_deepseek_v4pro_50,run_041,profile.basal.00_00,profile,True,0.6 U/h,change,0.5 U/h,Overnight glucose data shows frequent lows and forced temp basal to 0 U/h. A reduction to 0.5 U/h aligns the profile with current system delivery. Evidence: hourly_glucose_local TBR >18% in hour 1; representative_treatments with zero temp basals.
real_deepseek_v4pro_50,run_041,profile.basal.05_00,profile,True,0.7 U/h,keep,0.7 U/h,Hypoglycemia risk decreases after 04:00; time-below-range is under 5% in these hours. No evidence of excess basal in this segment.
real_deepseek_v4pro_50,run_041,profile.basal.06_00,profile,True,0.8 U/h,keep,0.8 U/h,"Morning glucose rise is observed, but without meal logs it is unclear whether this is dawn phenomenon or an unannounced meal. Keeping current value pending meal data."
real_deepseek_v4pro_50,run_041,profile.basal.10_00,profile,True,0.7 U/h,keep,0.7 U/h,"Daytime glucose averages are elevated, but correction boluses and probable unlogged meals make it impossible to isolate basal insufficiency. Keep until meal logging allows review."
real_deepseek_v4pro_50,run_041,profile.basal.16_00,profile,True,0.5 U/h,keep,0.5 U/h,This is the lowest daytime basal; afternoon hyperglycemia may be meal-driven rather than basal deficiency. No data to support change.
real_deepseek_v4pro_50,run_041,profile.basal.18_00,profile,True,0.6 U/h,keep,0.6 U/h,"A slight rise in basal from 16:00. Without meal separation, cannot confirm need for adjustment."
real_deepseek_v4pro_50,run_041,profile.basal.19_00,profile,True,0.7 U/h,keep,0.7 U/h,"Evening basal is higher, but evening glucose patterns are variable; likely confounded by late corrections and possible meals. No clear evidence for change."
real_deepseek_v4pro_50,run_041,profile.cr.00_00,profile,True,13 g/U,keep,13 g/U,Zero meals logged; no data to evaluate any carb ratio. Keep and revisit after meal logging.
real_deepseek_v4pro_50,run_041,profile.cr.04_00,profile,True,11.1 g/U,keep,11.1 g/U,No meal data.
real_deepseek_v4pro_50,run_041,profile.cr.08_00,profile,True,13.2 g/U,keep,13.2 g/U,No meal data.
real_deepseek_v4pro_50,run_041,profile.cr.16_00,profile,True,10.5 g/U,keep,10.5 g/U,No meal data.
real_deepseek_v4pro_50,run_041,profile.cr.20_00,profile,True,12.6 g/U,keep,12.6 g/U,No meal data.
real_deepseek_v4pro_50,run_041,profile.isf.00_00,profile,True,56 mg/dL/U,change,35 mg/dL/U,"Dynamic ISF consistently reduces effective sensitivity to 30–70 mg/dL/U, indicating the static value is too high. Lowering to 35 mg/dL/U reduces compensation demand and improves correction dosing predictability. Evidence: loop statuses showing variable_sens and sensitivity_ratio <1, therapy response windows with variable correction outcomes."
real_deepseek_v4pro_50,run_041,profile.target.00_00,profile,True,90 mg/dL,change,100 mg/dL,90 mg/dL as an overnight target contributes to the frequent hypoglycemia events. Raising to 100 mg/dL provides a safety buffer while still targeting good control. Evidence: hourly_glucose_local TBR up to 18.5% in early morning hours.
real_deepseek_v4pro_50,run_041,profile.target.08_00,profile,True,100 mg/dL,keep,100 mg/dL,100 mg/dL is an appropriate daytime target. No evidence that this is causing hypo- or hyperglycemia beyond what would be explained by meal or basal issues.
real_deepseek_v4pro_50,run_041,profile.target.23_00,profile,True,90 mg/dL,change,100 mg/dL,Aligning the late-night target with the overnight target of 100 mg/dL further reduces hypoglycemia risk during the sleep transition.
real_deepseek_v4pro_50,run_041,profile.dia,profile,True,10 h,change,6 h,"A DIA of 10 h is atypical for rapid-acting insulin and may inflate IOB, causing the algorithm to defer insulin delivery or mis‑time corrections, contributing to both post‑correction lows and daytime highs. Shortening to 6 h will improve IOB accuracy, but should be monitored after other changes are stable."
real_deepseek_v4pro_50,run_041,aaps.core.smb_uam,aaps,True,smb_enabled=true; uam_enabled=true,keep,smb_enabled=true; uam_enabled=true,"Both features are needed for automated response, especially in the absence of logged carbs. No adverse patterns attributable to these settings."
real_deepseek_v4pro_50,run_041,aaps.core.smb_activation,aaps,True,smb_always_enabled=true; smb_with_cob_enabled=false; smb_after_carbs_enabled=false; smb_with_temp_target_enabled=true; smb_with_high_temp_target_enabled=false,keep,smb_always_enabled=true; smb_with_cob_enabled=false; smb_after_carbs_enabled=false; smb_with_temp_target_enabled=true; smb_with_high_temp_target_enabled=false,Conservative SMB activation prevents duplicate insulin for unannounced carbs while still allowing correction. No change needed.
real_deepseek_v4pro_50,run_041,aaps.core.smb_delivery,aaps,True,smb_interval_minutes=3 min; max_smb_basal_minutes=15 min; max_uam_smb_basal_minutes=20 min,keep,smb_interval_minutes=3 min; max_smb_basal_minutes=15 min; max_uam_smb_basal_minutes=20 min,Current settings produce small microboluses and do not cause stacking. Suitable for current insulin sensitivity.
real_deepseek_v4pro_50,run_041,aaps.core.safety_limits,aaps,True,max_basal_u_per_hour=12 U/h; max_iob_units=25 U,change,max_basal_u_per_hour=12 U/h; max_iob_units=8 U,Max basal (12 U/h) far exceeds any observed delivery and is a safe ceiling. Max IOB of 25 U is higher than total daily insulin and unguarded; reducing to 8 U provides safety while still allowing >3× the average observed IOB.
real_deepseek_v4pro_50,run_041,aaps.core.sensitivity,aaps,True,autosens_enabled=false; dynamic_sensitivity_enabled=true; autosens_raises_target=false; autosens_lowers_target=false; dynamic_isf_adjustment_factor_percent=70 %,keep,autosens_enabled=false; dynamic_sensitivity_enabled=true; autosens_raises_target=false; autosens_lowers_target=false; dynamic_isf_adjustment_factor_percent=70 %,"Dynamic ISF is currently essential to compensate for the high static ISF. Once the ISF is reduced, the adjustment factor may need re‑evaluation, but should be kept unchanged initially to isolate the profile change effect."
real_deepseek_v4pro_50,run_041,aaps.core.carb_absorption,aaps,True,min_5m_carbimpact=8 mg/dL/5 min; meal_max_absorption_hours=7 h,keep,min_5m_carbimpact=8 mg/dL/5 min; meal_max_absorption_hours=7 h,No meal data to evaluate absorption model. Default values are standard and not causing harm.
real_deepseek_v4pro_50,run_042,profile.basal.00_00,profile,True,0.6 U/h,keep,,No evidence that basal excess alone causes early‑night lows; likely IOB‑driven. Keep pending post‑automation outcome.
real_deepseek_v4pro_50,run_042,profile.basal.05_00,profile,True,0.7 U/h,keep,,Supports late‑night glucose stability. No change needed now.
real_deepseek_v4pro_50,run_042,profile.basal.06_00,profile,True,0.8 U/h,keep,,Matches rising glucose after 06:00. Safe to keep.
real_deepseek_v4pro_50,run_042,profile.basal.10_00,profile,True,0.7 U/h,keep,,No daytime hypoglycaemia pattern linked to this segment.
real_deepseek_v4pro_50,run_042,profile.basal.16_00,profile,True,0.5 U/h,keep,,Lowest basal rate; coincides with typical afternoon activity. No evidence of deficiency.
real_deepseek_v4pro_50,run_042,profile.basal.18_00,profile,True,0.6 U/h,keep,,Evening hours show acceptable glucose levels on average. No immediate concern.
real_deepseek_v4pro_50,run_042,profile.basal.19_00,profile,True,0.7 U/h,keep,,"Supports early‑night stability; the hypoglycaemia occurs later, when more IOB may be present. No change warranted yet."
real_deepseek_v4pro_50,run_042,profile.cr.00_00,profile,True,13 g/U,keep,,Cannot evaluate without meal data. Keep until validated.
real_deepseek_v4pro_50,run_042,profile.cr.04_00,profile,True,11.1 g/U,keep,,No carb entries.
real_deepseek_v4pro_50,run_042,profile.cr.08_00,profile,True,13.2 g/U,keep,,No carb entries.
real_deepseek_v4pro_50,run_042,profile.cr.16_00,profile,True,10.5 g/U,keep,,No carb entries.
real_deepseek_v4pro_50,run_042,profile.cr.20_00,profile,True,12.6 g/U,keep,,No carb entries.
real_deepseek_v4pro_50,run_042,profile.isf.00_00,profile,True,56 mg/dL/U,keep,,"Base ISF appears reasonable; variability is driven by Dynamic ISF, not incorrect base ISF. No evidence to change."
real_deepseek_v4pro_50,run_042,profile.target.00_00,profile,True,90 mg/dL,keep,,Target 90 mg/dL overnight is standard; raising it could reduce low‑predictive suspensions but may blunt average control. Not recommended at this stage.
real_deepseek_v4pro_50,run_042,profile.target.08_00,profile,True,100 mg/dL,keep,,Daytime target of 100 mg/dL is appropriate. No change needed.
real_deepseek_v4pro_50,run_042,profile.target.23_00,profile,True,90 mg/dL,keep,,"Returns to 90 mg/dL at 23:00, aligning with early‑night hours. No evidence this target is causing the lows; the system already suspends basal."
real_deepseek_v4pro_50,run_042,profile.dia,profile,True,10 h,keep,,IOB tail is adequately managed; no dangerous stacking observed. DIA is safe.
real_deepseek_v4pro_50,run_042,aaps.core.smb_uam,aaps,True,smb_enabled=true; uam_enabled=true,keep,,Both are required for unannounced meal coverage and are functioning safely with respect to low‑predictive suspensions. No reason to disable.
real_deepseek_v4pro_50,run_042,aaps.core.smb_activation,aaps,True,smb_always_enabled=true; smb_with_cob_enabled=false; smb_after_carbs_enabled=false; smb_with_temp_target_enabled=true; smb_with_high_temp_target_enabled=false,keep,,Current settings are appropriate for UAM‑only operation; SMBs are not firing into low forecasts. No change.
real_deepseek_v4pro_50,run_042,aaps.core.smb_delivery,aaps,True,smb_interval_minutes=3 min; max_smb_basal_minutes=15 min; max_uam_smb_basal_minutes=20 min,keep,,"Actual bolus sizes are small; no overshoot from the limits themselves. The over‑delivery originates from UAM detection and ISF reduction, not the max basal minutes. Keep."
real_deepseek_v4pro_50,run_042,aaps.core.safety_limits,aaps,True,max_basal_u_per_hour=12 U/h; max_iob_units=25 U,keep,,Both limits are far above actual usage; no evidence they are causing hypoglycaemia. Safe.
real_deepseek_v4pro_50,run_042,aaps.core.sensitivity,aaps,True,autosens_enabled=false; dynamic_sensitivity_enabled=true; autosens_raises_target=false; autosens_lowers_target=false; dynamic_isf_adjustment_factor_percent=70 %,change,autosens_enabled=false; dynamic_sensitivity_enabled=true; autosens_raises_target=false; autosens_lowers_target=false; dynamic_isf_adjustment_factor_percent=50 %,"70% causes severe ISF reduction during post‑prandial rises, leading to massive insulin delivery and subsequent hypoglycaemia. Reducing to 50% dampens this feedback while preserving adaptive sensitivity."
real_deepseek_v4pro_50,run_042,aaps.core.carb_absorption,aaps,True,min_5m_carbimpact=8 mg/dL/5 min; meal_max_absorption_hours=7 h,change,min_5m_carbimpact=5 mg/dL/5 min; meal_max_absorption_hours=7 h,"8 mg/dL/5 min over‑detects meals, driving UAM‑boosted SMBs. 5 mg/dL/5 min reduces false positives and insulin stacking while still providing responsiveness for unannounced meals."
real_deepseek_v4pro_50,run_043,profile.basal.00_00,profile,True,0.6 U/h,keep,0.6 U/h,Overnight lows may be caused by ISF error rather than basal excess. Keeping basal unchanged and re‑evaluating after ISF correction is safer.
real_deepseek_v4pro_50,run_043,profile.basal.05_00,profile,True,0.7 U/h,keep,0.7 U/h,Keep until ISF is corrected; monitored fasting glucose will inform later adjustments.
real_deepseek_v4pro_50,run_043,profile.basal.06_00,profile,True,0.8 U/h,keep,0.8 U/h,Daytime basal increase coincides with likely waking feet‑on‑floor effect; ISF fix takes priority.
real_deepseek_v4pro_50,run_043,profile.basal.10_00,profile,True,0.7 U/h,keep,0.7 U/h,No isolated basal‑related issue in this window; reevaluate after ISF.
real_deepseek_v4pro_50,run_043,profile.basal.16_00,profile,True,0.5 U/h,keep,0.5 U/h,Lowering basal before evening low period is appropriate; ISF change may resolve the residual low.
real_deepseek_v4pro_50,run_043,profile.basal.18_00,profile,True,0.6 U/h,keep,0.6 U/h,"Evening low may stem from correction overshoot; keep basal, reassess after ISF fix."
real_deepseek_v4pro_50,run_043,profile.basal.19_00,profile,True,0.7 U/h,keep,0.7 U/h,Keep; later evening stability could improve with corrected ISF.
real_deepseek_v4pro_50,run_043,profile.cr.00_00,profile,True,13 g/U,keep,13 g/U,No carb data; any change would be speculative.
real_deepseek_v4pro_50,run_043,profile.cr.04_00,profile,True,11.1 g/U,keep,11.1 g/U,No carb data; cannot assess CR correction.
real_deepseek_v4pro_50,run_043,profile.cr.08_00,profile,True,13.2 g/U,keep,13.2 g/U,No meal events logged; keep unchanged until meal data available.
real_deepseek_v4pro_50,run_043,profile.cr.16_00,profile,True,10.5 g/U,keep,10.5 g/U,Carb data missing; must wait for meal logging.
real_deepseek_v4pro_50,run_043,profile.cr.20_00,profile,True,12.6 g/U,keep,12.6 g/U,Evening meal pattern unconfirmed; no change without meal logs.
real_deepseek_v4pro_50,run_043,profile.isf.00_00,profile,True,56 mg/dL/U,change,180 mg/dL/U,Observed correction bolus drops greatly exceed predictions of 56 mg/dL/U. Starting ISF at 180 mg/dL/U still likely under‑represents true sensitivity but dramatically reduces hypoglycemia risk. Further adjustment will be guided by future correction outcomes.
real_deepseek_v4pro_50,run_043,profile.target.00_00,profile,True,90 mg/dL,keep,90 mg/dL,"Target of 90 mg/dL is appropriate; hypoglycemia driven by ISF, not low target."
real_deepseek_v4pro_50,run_043,profile.target.08_00,profile,True,100 mg/dL,keep,100 mg/dL,Daytime target of 100 mg/dL provides a slight buffer; no change needed now.
real_deepseek_v4pro_50,run_043,profile.target.23_00,profile,True,90 mg/dL,keep,90 mg/dL,"Overnight target is fine; hypoglycemia resulted from insulin potency, not target setting."
real_deepseek_v4pro_50,run_043,profile.dia,profile,True,10 h,keep,10 h,"DIA may be too long but evidence is weak. Correcting ISF first; after that, if post‑correction IOB stacks, DIA can be lowered. Premature DIA change could mask the ISF error."
real_deepseek_v4pro_50,run_043,aaps.core.smb_uam,aaps,True,smb_enabled=true; uam_enabled=true,keep,smb_enabled=true; uam_enabled=true,SMB and UAM are effective tools; after ISF correction their safety profile will improve dramatically. Disabling them now would remove part of the loop’s protection against hyperglycemia.
real_deepseek_v4pro_50,run_043,aaps.core.smb_activation,aaps,True,smb_always_enabled=true; smb_with_cob_enabled=false; smb_after_carbs_enabled=false; smb_with_temp_target_enabled=true; smb_with_high_temp_target_enabled=false,keep,smb_always_enabled=true; smb_with_cob_enabled=false; smb_after_carbs_enabled=false; smb_with_temp_target_enabled=true; smb_with_high_temp_target_enabled=false,"Current activation conditions are appropriate for an SMB‑always system. After ISF correction, the risk of excessive SMB‑induced drops will be much lower. No change is warranted until post‑ISF data are reviewed."
real_deepseek_v4pro_50,run_043,aaps.core.smb_delivery,aaps,True,smb_interval_minutes=3 min; max_smb_basal_minutes=15 min; max_uam_smb_basal_minutes=20 min,keep,smb_interval_minutes=3 min; max_smb_basal_minutes=15 min; max_uam_smb_basal_minutes=20 min,"These settings limit SMB size to <0.3 U typically; the root issue was ISF, not SMB dose caps. After ISF correction, these limits should be safe."
real_deepseek_v4pro_50,run_043,aaps.core.safety_limits,aaps,True,max_basal_u_per_hour=12 U/h; max_iob_units=25 U,change,max_basal_u_per_hour=12 U/h; max_iob_units=2.0 U,Max basal of 12 U/h is not currently harmful but unnecessary; keeping it. Max IOB of 25 U is dangerous given extreme sensitivity; reducing it to 2.0 U prevents catastrophic insulin stacking. This safety change can be made simultaneously with the ISF increase.
real_deepseek_v4pro_50,run_043,aaps.core.sensitivity,aaps,True,autosens_enabled=false; dynamic_sensitivity_enabled=true; autosens_raises_target=false; autosens_lowers_target=false; dynamic_isf_adjustment_factor_percent=70 %,keep,autosens_enabled=false; dynamic_sensitivity_enabled=true; autosens_raises_target=false; autosens_lowers_target=false; dynamic_isf_adjustment_factor_percent=70 %,"Dynamic ISF is compensating; after ISF correction, its effect will be less drastic. No need to adjust the 70% factor now; review after ISF change."
real_deepseek_v4pro_50,run_043,aaps.core.carb_absorption,aaps,True,min_5m_carbimpact=8 mg/dL/5 min; meal_max_absorption_hours=7 h,keep,min_5m_carbimpact=8 mg/dL/5 min; meal_max_absorption_hours=7 h,"Without carb data, these parameters cannot be tuned. They are not causing visible harm currently."
real_deepseek_v4pro_50,run_044,profile.basal.00_00,profile,True,0.6 U/h,keep,0.6 U/h,"Overnight hypoglycemia exists, but small evening correction boluses and their IOB are more likely contributors than the basal rate alone. Changing basal and ISF simultaneously could cause unpredictable swings. Keep basal unchanged pending observations after ISF adjustment."
real_deepseek_v4pro_50,run_044,profile.basal.05_00,profile,True,0.7 U/h,keep,0.7 U/h,No isolated pattern requiring change; dawn phenomenon or meal effects may be involved. Keep stable.
real_deepseek_v4pro_50,run_044,profile.basal.06_00,profile,True,0.8 U/h,keep,0.8 U/h,Daytime basal appears reasonable without carb data.
real_deepseek_v4pro_50,run_044,profile.basal.10_00,profile,True,0.7 U/h,keep,0.7 U/h,No evidence for change.
real_deepseek_v4pro_50,run_044,profile.basal.16_00,profile,True,0.5 U/h,keep,0.5 U/h,"Evening basal is low; hypoglycemia likely from correction IOB, not basal."
real_deepseek_v4pro_50,run_044,profile.basal.18_00,profile,True,0.6 U/h,keep,0.6 U/h,No isolated evidence to alter.
real_deepseek_v4pro_50,run_044,profile.basal.19_00,profile,True,0.7 U/h,keep,0.7 U/h,No isolated evidence to alter.
real_deepseek_v4pro_50,run_044,profile.cr.00_00,profile,True,13 g/U,keep,13 g/U,No carbohydrate entries exist to evaluate this ratio. Keep as is.
real_deepseek_v4pro_50,run_044,profile.cr.04_00,profile,True,11.1 g/U,keep,11.1 g/U,Unevaluable without carb data.
real_deepseek_v4pro_50,run_044,profile.cr.08_00,profile,True,13.2 g/U,keep,13.2 g/U,Unevaluable.
real_deepseek_v4pro_50,run_044,profile.cr.16_00,profile,True,10.5 g/U,keep,10.5 g/U,Unevaluable.
real_deepseek_v4pro_50,run_044,profile.cr.20_00,profile,True,12.6 g/U,keep,12.6 g/U,Unevaluable.
real_deepseek_v4pro_50,run_044,profile.isf.00_00,profile,True,56 mg/dL/U,change,70 mg/dL/U,"Observed correction-only responses show glucose drops far exceeding the predicted effect based on 56. Combined with dynamic ISF amplification, this drives hypoglycemia. Increasing ISF reduces insulin aggressiveness and is the safest initial adjustment given no carb data."
real_deepseek_v4pro_50,run_044,profile.target.00_00,profile,True,90 mg/dL,keep,90 mg/dL,Target is already conservative; raising it could reduce hypoglycemia but is not the primary issue. Keep for now.
real_deepseek_v4pro_50,run_044,profile.target.08_00,profile,True,100 mg/dL,keep,100 mg/dL,Daytime target is appropriate. No change needed.
real_deepseek_v4pro_50,run_044,profile.target.23_00,profile,True,90 mg/dL,keep,90 mg/dL,Same as 00:00 target.
real_deepseek_v4pro_50,run_044,profile.dia,profile,True,10 h,keep,10 h,No direct evidence that DIA is causing issues in the absence of meal boluses. Keep unchanged.
real_deepseek_v4pro_50,run_044,aaps.core.smb_uam,aaps,True,smb_enabled=true; uam_enabled=true,keep,smb_enabled=true; uam_enabled=true,SMB/UAM are core to the loop's operation and are not the root cause of hypoglycemia; the overly aggressive ISF is.
real_deepseek_v4pro_50,run_044,aaps.core.smb_activation,aaps,True,smb_always_enabled=true; smb_with_cob_enabled=false; smb_after_carbs_enabled=false; smb_with_temp_target_enabled=true; smb_with_high_temp_target_enabled=false,keep,smb_always_enabled=true; smb_with_cob_enabled=false; smb_after_carbs_enabled=false; smb_with_temp_target_enabled=true; smb_with_high_temp_target_enabled=false,Settings align with the current carb-agnostic strategy; no change warranted.
real_deepseek_v4pro_50,run_044,aaps.core.smb_delivery,aaps,True,smb_interval_minutes=3 min; max_smb_basal_minutes=15 min; max_uam_smb_basal_minutes=20 min,keep,smb_interval_minutes=3 min; max_smb_basal_minutes=15 min; max_uam_smb_basal_minutes=20 min,"SMB doses are small, but the ISF issue makes them overly powerful. Changing SMB limits is less precise than fixing ISF."
real_deepseek_v4pro_50,run_044,aaps.core.safety_limits,aaps,True,max_basal_u_per_hour=12 U/h; max_iob_units=25 U,keep,max_basal_u_per_hour=12 U/h; max_iob_units=25 U,These are safety ceilings and are not restricting therapy.
real_deepseek_v4pro_50,run_044,aaps.core.sensitivity,aaps,True,autosens_enabled=false; dynamic_sensitivity_enabled=true; autosens_raises_target=false; autosens_lowers_target=false; dynamic_isf_adjustment_factor_percent=70 %,keep,autosens_enabled=false; dynamic_sensitivity_enabled=true; autosens_raises_target=false; autosens_lowers_target=false; dynamic_isf_adjustment_factor_percent=70 %,"Dynamic ISF is a safety mechanism; it should be kept on. The root cause is the base ISF, not the adjustment factor."
real_deepseek_v4pro_50,run_044,aaps.core.carb_absorption,aaps,True,min_5m_carbimpact=8 mg/dL/5 min; meal_max_absorption_hours=7 h,keep,min_5m_carbimpact=8 mg/dL/5 min; meal_max_absorption_hours=7 h,Settings are standard and unused due to no carb entries. Keep as is.
real_deepseek_v4pro_50,run_045,profile.basal.00_00,profile,True,0.6 U/h,keep,0.6 U/h,"Nocturnal hypoglycemia likely originates from daytime insulin stacking, not basal excess. Changing basal while ISF is erroneous could mask symptoms and increase risk."
real_deepseek_v4pro_50,run_045,profile.basal.05_00,profile,True,0.7 U/h,keep,0.7 U/h,Early morning glucose is generally stable; no evidence of basal insufficiency.
real_deepseek_v4pro_50,run_045,profile.basal.06_00,profile,True,0.8 U/h,keep,0.8 U/h,Morning rise may be due to dawn phenomenon partially covered by the higher basal; no pattern indicating a change.
real_deepseek_v4pro_50,run_045,profile.basal.10_00,profile,True,0.7 U/h,keep,0.7 U/h,Daytime hyperglycemia is dominated by unannounced meals; basal cannot be assessed separately.
real_deepseek_v4pro_50,run_045,profile.basal.16_00,profile,True,0.5 U/h,keep,0.5 U/h,Afternoon hyper‑ then hypoglycemia swings are driven by meal‑related corrections; a basal change could disrupt the late‑day pattern unpredictably.
real_deepseek_v4pro_50,run_045,profile.basal.18_00,profile,True,0.6 U/h,keep,0.6 U/h,"Evening hypoglycemia coincides with post‑meal over‑correction, not clear basal excess."
real_deepseek_v4pro_50,run_045,profile.basal.19_00,profile,True,0.7 U/h,keep,0.7 U/h,No independent evidence supports a basal increase; the 19:00 TBR rise is better explained by ISF mismatch.
real_deepseek_v4pro_50,run_045,profile.cr.00_00,profile,True,13 g/U,keep,13 g/U,No carbohydrate intake to evaluate; cannot assess CR.
real_deepseek_v4pro_50,run_045,profile.cr.04_00,profile,True,11.1 g/U,keep,11.1 g/U,No meal data.
real_deepseek_v4pro_50,run_045,profile.cr.08_00,profile,True,13.2 g/U,keep,13.2 g/U,No meal data.
real_deepseek_v4pro_50,run_045,profile.cr.16_00,profile,True,10.5 g/U,keep,10.5 g/U,No meal data.
real_deepseek_v4pro_50,run_045,profile.cr.20_00,profile,True,12.6 g/U,keep,12.6 g/U,No meal data.
real_deepseek_v4pro_50,run_045,profile.isf.00_00,profile,True,56 mg/dL/U,change,40 mg/dL/U,"Observed correction bolus drops greatly exceed the ISF prediction, indicating true sensitivity is higher. Reducing ISF directly reduces insulin dosing and lowers hypoglycemia risk."
real_deepseek_v4pro_50,run_045,profile.target.00_00,profile,True,90 mg/dL,keep,90 mg/dL,"Overnight target, while low, is likely safe once ISF is corrected; changing it now would interact with ISF adjustment."
real_deepseek_v4pro_50,run_045,profile.target.08_00,profile,True,100 mg/dL,keep,100 mg/dL,Daytime target is reasonable; no need to alter while still fixing ISF.
real_deepseek_v4pro_50,run_045,profile.target.23_00,profile,True,90 mg/dL,keep,90 mg/dL,Evening target will remain until ISF is proven safe at the new level.
real_deepseek_v4pro_50,run_045,profile.dia,profile,True,10 h,keep,10 h,No evidence to suggest a DIA mismatch; cannot test without meal boluses.
real_deepseek_v4pro_50,run_045,aaps.core.smb_uam,aaps,True,smb_enabled=true; uam_enabled=true,keep,smb_enabled=true; uam_enabled=true,"With ISF correction, UAM‑based meal coverage can safely continue. Disabling would force missed meal coverage."
real_deepseek_v4pro_50,run_045,aaps.core.smb_activation,aaps,True,smb_always_enabled=true; smb_with_cob_enabled=false; smb_after_carbs_enabled=false; smb_with_temp_target_enabled=true; smb_with_high_temp_target_enabled=false,keep,smb_always_enabled=true; smb_with_cob_enabled=false; smb_after_carbs_enabled=false; smb_with_temp_target_enabled=true; smb_with_high_temp_target_enabled=false,These settings are appropriate for UAM‑dominant operation. No safety risk after ISF fix.
real_deepseek_v4pro_50,run_045,aaps.core.smb_delivery,aaps,True,smb_interval_minutes=3 min; max_smb_basal_minutes=15 min; max_uam_smb_basal_minutes=20 min,keep,smb_interval_minutes=3 min; max_smb_basal_minutes=15 min; max_uam_smb_basal_minutes=20 min,"Delivery cadence and maximum doses are typical; once ISF is safer, they need no change."
real_deepseek_v4pro_50,run_045,aaps.core.safety_limits,aaps,True,max_basal_u_per_hour=12 U/h; max_iob_units=25 U,change,max_basal_u_per_hour=3 U/h; max_iob_units=8 U,"Current limits are far above physiological need and failed to prevent IOB accumulations of 5.9 U. Tightening provides a meaningful safety net, especially beneficial after ISF reduction."
real_deepseek_v4pro_50,run_045,aaps.core.sensitivity,aaps,True,autosens_enabled=false; dynamic_sensitivity_enabled=true; autosens_raises_target=false; autosens_lowers_target=false; dynamic_isf_adjustment_factor_percent=70 %,keep,autosens_enabled=false; dynamic_sensitivity_enabled=true; autosens_raises_target=false; autosens_lowers_target=false; dynamic_isf_adjustment_factor_percent=70 %,Dynamic ISF is useful but the adjustment factor may need future tuning; current setting is a clinically reasonable starting point after base ISF correction.
real_deepseek_v4pro_50,run_045,aaps.core.carb_absorption,aaps,True,min_5m_carbimpact=8 mg/dL/5 min; meal_max_absorption_hours=7 h,keep,min_5m_carbimpact=8 mg/dL/5 min; meal_max_absorption_hours=7 h,No meal data to evaluate absorption; default settings are acceptable.
real_deepseek_v4pro_50,run_046,profile.basal.00_00,profile,True,0.6 U/h,keep,0.6 U/h,"Overnight lows are likely due to IOB stacking from long DIA, not purely basal excess. Keep rate unchanged until DIA and max IOB are corrected, then reassess."
real_deepseek_v4pro_50,run_046,profile.basal.05_00,profile,True,0.7 U/h,keep,0.7 U/h,No fasting data without IOB influence; keep until post‑DIA observation.
real_deepseek_v4pro_50,run_046,profile.basal.06_00,profile,True,0.8 U/h,keep,0.8 U/h,Morning hours may still have IOB carryover; no isolated basal defect proven.
real_deepseek_v4pro_50,run_046,profile.basal.10_00,profile,True,0.7 U/h,keep,0.7 U/h,Daytime patterns confounded by UAM meal coverage; keep until meal data available.
real_deepseek_v4pro_50,run_046,profile.basal.16_00,profile,True,0.5 U/h,keep,0.5 U/h,No data proving inadequacy; keep.
real_deepseek_v4pro_50,run_046,profile.basal.18_00,profile,True,0.6 U/h,keep,0.6 U/h,Evening lows likely from correction stacking; keep.
real_deepseek_v4pro_50,run_046,profile.basal.19_00,profile,True,0.7 U/h,keep,0.7 U/h,Same evening confounding; keep.
real_deepseek_v4pro_50,run_046,profile.cr.00_00,profile,True,13 g/U,keep,13 g/U,CR cannot be evaluated without carbohydrate entries.
real_deepseek_v4pro_50,run_046,profile.cr.04_00,profile,True,11.1 g/U,keep,11.1 g/U,Cannot assess; keep until meal data present.
real_deepseek_v4pro_50,run_046,profile.cr.08_00,profile,True,13.2 g/U,keep,13.2 g/U,Cannot assess; keep until meal data present.
real_deepseek_v4pro_50,run_046,profile.cr.16_00,profile,True,10.5 g/U,keep,10.5 g/U,Cannot assess; keep until meal data present.
real_deepseek_v4pro_50,run_046,profile.cr.20_00,profile,True,12.6 g/U,keep,12.6 g/U,Cannot assess; keep until meal data present.
real_deepseek_v4pro_50,run_046,profile.isf.00_00,profile,True,56 mg/dL/U,keep,56 mg/dL/U,ISF likely confounded by long DIA and IOB stacking; correction outcomes vary widely. Keep until DIA correction and carb data allow proper validation.
real_deepseek_v4pro_50,run_046,profile.target.00_00,profile,True,90 mg/dL,keep,90 mg/dL,Target 90 mg/dL is reasonable; changing it would not address the root cause of lows (stacking).
real_deepseek_v4pro_50,run_046,profile.target.08_00,profile,True,100 mg/dL,keep,100 mg/dL,Daytime target of 100 mg/dL is acceptable; no evidence it contributes to hypoglycemia.
real_deepseek_v4pro_50,run_046,profile.target.23_00,profile,True,90 mg/dL,keep,90 mg/dL,Consistent with overnight target; keep.
real_deepseek_v4pro_50,run_046,profile.dia,profile,True,10 h,change,6 h,"Multiple correction events show glucose falling for >6 h; IOB remains high overnight. A 10‑h DIA overestimates remaining insulin action, causing stacking and hypoglycemia. A 6‑h DIA aligns better with typical rapid‑acting insulin duration and will reduce excessive IOB."
real_deepseek_v4pro_50,run_046,aaps.core.smb_uam,aaps,True,smb_enabled=true; uam_enabled=true,keep,smb_enabled=true; uam_enabled=true,UAM is required for unannounced meals. Disabling it would worsen post‑prandial hyperglycemia. SMB remains appropriate but will be safer once DIA and max IOB are corrected.
real_deepseek_v4pro_50,run_046,aaps.core.smb_activation,aaps,True,smb_always_enabled=true; smb_with_cob_enabled=false; smb_after_carbs_enabled=false; smb_with_temp_target_enabled=true; smb_with_high_temp_target_enabled=false,keep,smb_always_enabled=true; smb_with_cob_enabled=false; smb_after_carbs_enabled=false; smb_with_temp_target_enabled=true; smb_with_high_temp_target_enabled=false,"Current activation logic is appropriate; the hypoglycemia problem is from profile parameters, not SMB activation conditions."
real_deepseek_v4pro_50,run_046,aaps.core.smb_delivery,aaps,True,smb_interval_minutes=3 min; max_smb_basal_minutes=15 min; max_uam_smb_basal_minutes=20 min,keep,smb_interval_minutes=3 min; max_smb_basal_minutes=15 min; max_uam_smb_basal_minutes=20 min,Delivery limits are individually reasonable. Risk comes from the combination with long DIA and infinite IOB cap; fixing those settings will restore safety.
real_deepseek_v4pro_50,run_046,aaps.core.safety_limits,aaps,True,max_basal_u_per_hour=12 U/h; max_iob_units=25 U,change,max_basal_u_per_hour=12 U/h; max_iob_units=12 U,"Max basal 12 U/h is far above actual needs and not a safety issue. Max IOB 25 U is a critical hazard: it allows IOB to exceed the entire daily basal dose, removing the system's ability to cap insulin delivery. Reducing to 12 U will provide a safety net while still permitting necessary corrections."
real_deepseek_v4pro_50,run_046,aaps.core.sensitivity,aaps,True,autosens_enabled=false; dynamic_sensitivity_enabled=true; autosens_raises_target=false; autosens_lowers_target=false; dynamic_isf_adjustment_factor_percent=70 %,keep,autosens_enabled=false; dynamic_sensitivity_enabled=true; autosens_raises_target=false; autosens_lowers_target=false; dynamic_isf_adjustment_factor_percent=70 %,"Dynamic ISF is active and may amplify correction strength, but the primary driver of hypoglycemia is DIA and max IOB. Keep current sensitivity settings and re‑evaluate after those changes are implemented."
real_deepseek_v4pro_50,run_046,aaps.core.carb_absorption,aaps,True,min_5m_carbimpact=8 mg/dL/5 min; meal_max_absorption_hours=7 h,keep,min_5m_carbimpact=8 mg/dL/5 min; meal_max_absorption_hours=7 h,The absorption model is aggressive but not directly unsafe; its contribution to hypoglycemia will diminish when IOB is properly capped and DIA shortened. Re‑evaluate after profile and safety limit corrections.
real_deepseek_v4pro_50,run_047,profile.basal.00_00,profile,True,0.6 U/h,keep,0.6 U/h,Overnight lows may be driven by residual IOB or SMB corrections rather than basal excess. Changing ISF first will reduce insulin delivery and likely improve overnight lows. Re-evaluate basal after ISF and meal changes take effect.
real_deepseek_v4pro_50,run_047,profile.basal.05_00,profile,True,0.7 U/h,keep,0.7 U/h,This segment shows minimal hypoglycemia and appears adequate. Adjusting it now could mask the effect of the planned ISF change.
real_deepseek_v4pro_50,run_047,profile.basal.06_00,profile,True,0.8 U/h,keep,0.8 U/h,Morning glucose rises may reflect breakfast more than basal need; no meal data to justify change. Will re-assess after meal logging.
real_deepseek_v4pro_50,run_047,profile.basal.10_00,profile,True,0.7 U/h,keep,0.7 U/h,Daytime hyperglycemia often follows meals; basal appears stable. Keep while gathering meal data.
real_deepseek_v4pro_50,run_047,profile.basal.16_00,profile,True,0.5 U/h,keep,0.5 U/h,"This lowest basal coincides with late afternoon hyperglycemia, but basal increase may worsen evening lows. The reduction in SMB doses from ISF change may mitigate both hyperglycemia and lows; re-evaluate afterward."
real_deepseek_v4pro_50,run_047,profile.basal.18_00,profile,True,0.6 U/h,keep,0.6 U/h,"Evening hypoglycemia appears driven by over-correction, not basal. Changing ISF should reduce this. Keep basal and monitor."
real_deepseek_v4pro_50,run_047,profile.basal.19_00,profile,True,0.7 U/h,keep,0.7 U/h,Evening profile segment; no independent evidence of basal inappropriateness. Maintain for now.
real_deepseek_v4pro_50,run_047,profile.cr.00_00,profile,True,13 g/U,keep,13 g/U,No carbohydrate entries to validate any CR segment. Keep until meal logging provides data.
real_deepseek_v4pro_50,run_047,profile.cr.04_00,profile,True,11.1 g/U,keep,11.1 g/U,Same as above; unvalidatable without meal data.
real_deepseek_v4pro_50,run_047,profile.cr.08_00,profile,True,13.2 g/U,keep,13.2 g/U,No meal data to assess. Future meal logging will test this ratio.
real_deepseek_v4pro_50,run_047,profile.cr.16_00,profile,True,10.5 g/U,keep,10.5 g/U,"Most aggressive CR segment; may contribute to afternoon lows if used, but without meal logs cannot gauge. Keep."
real_deepseek_v4pro_50,run_047,profile.cr.20_00,profile,True,12.6 g/U,keep,12.6 g/U,Evening meal coverage unknown. Retain default.
real_deepseek_v4pro_50,run_047,profile.isf.00_00,profile,True,56 mg/dL/U,change,80 mg/dL/U,"Extensive evidence that 56 mg/dL/U greatly overestimates insulin need; SMB and correction doses produce excessive glucose drops. Raising to 80 is a safe starting point, supported by therapy response data and dynamic ISF calculations indicating true sensitivity in the 30-40 range."
real_deepseek_v4pro_50,run_047,profile.target.00_00,profile,True,90 mg/dL,keep,90 mg/dL,"While an overnight target of 90 may be aggressive given frequent lows, changing ISF will indirectly reduce hypoglycemia. Raising the target now could obscure the effect of the ISF change. Re-evaluate after 2 weeks."
real_deepseek_v4pro_50,run_047,profile.target.08_00,profile,True,100 mg/dL,keep,100 mg/dL,Daytime target appears appropriate; no data to contradict.
real_deepseek_v4pro_50,run_047,profile.target.23_00,profile,True,90 mg/dL,keep,90 mg/dL,Late evening target mirrors overnight; same logic applies—hold change pending ISF effect.
real_deepseek_v4pro_50,run_047,profile.dia,profile,True,10 h,keep,10 h,"10-hour DIA is generally long for adults; no evidence it is causing problems, and typical adjustments would only increase IOB estimates, potentially increasing conservatism. Best unchanged while primary ISF issue is addressed."
real_deepseek_v4pro_50,run_047,aaps.core.smb_uam,aaps,True,smb_enabled=true; uam_enabled=true,keep,smb_enabled=true; uam_enabled=true,SMB and UAM are core to closed-loop operation and are not causing problems independently of the ISF. Keeping them enabled ensures automated coverage during meal logging transition.
real_deepseek_v4pro_50,run_047,aaps.core.smb_activation,aaps,True,smb_always_enabled=true; smb_with_cob_enabled=false; smb_after_carbs_enabled=false; smb_with_temp_target_enabled=true; smb_with_high_temp_target_enabled=false,keep,smb_always_enabled=true; smb_with_cob_enabled=false; smb_after_carbs_enabled=false; smb_with_temp_target_enabled=true; smb_with_high_temp_target_enabled=false,Activation rules are appropriate: SMB always on ensures prompt response; SMB with COB disabled matches absence of meal entries. No change needed.
real_deepseek_v4pro_50,run_047,aaps.core.smb_delivery,aaps,True,smb_interval_minutes=3 min; max_smb_basal_minutes=15 min; max_uam_smb_basal_minutes=20 min,keep,smb_interval_minutes=3 min; max_smb_basal_minutes=15 min; max_uam_smb_basal_minutes=20 min,"The SMB delivery parameters themselves are not excessive; the over-delivery is driven by the low ISF. With a corrected ISF, these settings will result in smaller, safer microboluses. Keep unchanged."
real_deepseek_v4pro_50,run_047,aaps.core.safety_limits,aaps,True,max_basal_u_per_hour=12 U/h; max_iob_units=25 U,keep,max_basal_u_per_hour=12 U/h; max_iob_units=25 U,These limits are extremely permissive and have never been reached. They pose no safety risk and do not need adjustment.
real_deepseek_v4pro_50,run_047,aaps.core.sensitivity,aaps,True,autosens_enabled=false; dynamic_sensitivity_enabled=true; autosens_raises_target=false; autosens_lowers_target=false; dynamic_isf_adjustment_factor_percent=70 %,keep,autosens_enabled=false; dynamic_sensitivity_enabled=true; autosens_raises_target=false; autosens_lowers_target=false; dynamic_isf_adjustment_factor_percent=70 %,"Dynamic ISF is correctly detecting enhanced sensitivity and adjusting dosing downwards. The 70% adjustment factor is appropriate; a higher factor would further lower ISF, potentially worsening overdosing. Autosens being off is standard with Dynamic ISF."
real_deepseek_v4pro_50,run_047,aaps.core.carb_absorption,aaps,True,min_5m_carbimpact=8 mg/dL/5 min; meal_max_absorption_hours=7 h,keep,min_5m_carbimpact=8 mg/dL/5 min; meal_max_absorption_hours=7 h,"While min_5m_carbimpact of 8 may amplify UAM reactivity, reducing it without meal data risks missing actual meal rises. After ISF change and meal logging begin, re-evaluate this value. Keep for now."
real_deepseek_v4pro_50,run_048,profile.basal.00_00,profile,True,0.6 U/h,change,0.5 U/h,Excessive basal rate causes recurrent early-night hypoglycemia and is frequently overridden by loop to zero. Lowering to 0.5 U/h reduces insulin input while still providing baseline coverage.
real_deepseek_v4pro_50,run_048,profile.basal.05_00,profile,True,0.7 U/h,keep,0.7 U/h,"Glucose is stabilizing after 05:00, and no clear hypoglycemia pattern extends into this window at this rate."
real_deepseek_v4pro_50,run_048,profile.basal.06_00,profile,True,0.8 U/h,keep,0.8 U/h,Appropriate morning rise in basal; average glucose remains safe (TBR <2%) before 08:00.
real_deepseek_v4pro_50,run_048,profile.basal.10_00,profile,True,0.7 U/h,keep,0.7 U/h,Midday basal rate is stable; late morning TAR starts to rise but no compelling evidence to increase without meal data.
real_deepseek_v4pro_50,run_048,profile.basal.16_00,profile,True,0.5 U/h,keep,0.5 U/h,Afternoon hyperglycemia may be meal-driven; insufficient evidence to raise basal without meal logs and CR evaluation.
real_deepseek_v4pro_50,run_048,profile.basal.18_00,profile,True,0.6 U/h,keep,0.6 U/h,Rate already increases slightly; further changes depend on meal logging.
real_deepseek_v4pro_50,run_048,profile.basal.19_00,profile,True,0.7 U/h,keep,0.7 U/h,Evening basal appears adequate and does not require immediate adjustment.
real_deepseek_v4pro_50,run_048,profile.cr.00_00,profile,True,13 g/U,keep,13 g/U,No carb entries; cannot assess. Retain until meal data available.
real_deepseek_v4pro_50,run_048,profile.cr.04_00,profile,True,11.1 g/U,keep,11.1 g/U,No carb entries; retain unchanged.
real_deepseek_v4pro_50,run_048,profile.cr.08_00,profile,True,13.2 g/U,keep,13.2 g/U,No carb entries; retain unchanged.
real_deepseek_v4pro_50,run_048,profile.cr.16_00,profile,True,10.5 g/U,keep,10.5 g/U,No carb entries; afternoon hyperglycemia might reflect weak CR but meal logging needed first.
real_deepseek_v4pro_50,run_048,profile.cr.20_00,profile,True,12.6 g/U,keep,12.6 g/U,No carb entries; retain unchanged.
real_deepseek_v4pro_50,run_048,profile.isf.00_00,profile,True,56 mg/dL/U,keep,56 mg/dL/U,Dynamic ISF (70%) aggressively adapts; profile ISF not the primary cause of lows/highs. Re-evaluate after basal changes and meal logging.
real_deepseek_v4pro_50,run_048,profile.target.00_00,profile,True,90 mg/dL,keep,90 mg/dL,Low target is acceptable; adjusting target would only indirectly treat basal excess.
real_deepseek_v4pro_50,run_048,profile.target.08_00,profile,True,100 mg/dL,keep,100 mg/dL,Daytime target moderate; no safety concern.
real_deepseek_v4pro_50,run_048,profile.target.23_00,profile,True,90 mg/dL,keep,90 mg/dL,Consistent with overnight target.
real_deepseek_v4pro_50,run_048,profile.dia,profile,True,10 h,keep,10 h,Appears consistent with observed insulin action duration; no data to suggest a change.
real_deepseek_v4pro_50,run_048,aaps.core.smb_uam,aaps,True,smb_enabled=true; uam_enabled=true,keep,smb_enabled=true; uam_enabled=true,SMB and UAM are actively compensating for unannounced meals and are configured correctly.
real_deepseek_v4pro_50,run_048,aaps.core.smb_activation,aaps,True,smb_always_enabled=true; smb_with_cob_enabled=false; smb_after_carbs_enabled=false; smb_with_temp_target_enabled=true; smb_with_high_temp_target_enabled=false,keep,smb_always_enabled=true; smb_with_cob_enabled=false; smb_after_carbs_enabled=false; smb_with_temp_target_enabled=true; smb_with_high_temp_target_enabled=false,Settings are safe and appropriate for a system lacking carb entries. SMB with temp target enabled matches user behavior.
real_deepseek_v4pro_50,run_048,aaps.core.smb_delivery,aaps,True,smb_interval_minutes=3 min; max_smb_basal_minutes=15 min; max_uam_smb_basal_minutes=20 min,keep,smb_interval_minutes=3 min; max_smb_basal_minutes=15 min; max_uam_smb_basal_minutes=20 min,Current SMB sizes are appropriate at typical basal rates; no excessive bolusing observed.
real_deepseek_v4pro_50,run_048,aaps.core.safety_limits,aaps,True,max_basal_u_per_hour=12 U/h; max_iob_units=25 U,change,max_basal_u_per_hour=4 U/h; max_iob_units=7 U,"Current limits far exceed observed demand (peak basal 3.6 U/h, IOB ≤6 U). Reducing to 4 U/h and 7 U provides a safety margin while preventing catastrophic insulin delivery."
real_deepseek_v4pro_50,run_048,aaps.core.sensitivity,aaps,True,autosens_enabled=false; dynamic_sensitivity_enabled=true; autosens_raises_target=false; autosens_lowers_target=false; dynamic_isf_adjustment_factor_percent=70 %,keep,autosens_enabled=false; dynamic_sensitivity_enabled=true; autosens_raises_target=false; autosens_lowers_target=false; dynamic_isf_adjustment_factor_percent=70 %,Dynamic ISF is handling sensitivity changes appropriately; no need to alter the 70% factor or enable Autosens.
real_deepseek_v4pro_50,run_048,aaps.core.carb_absorption,aaps,True,min_5m_carbimpact=8 mg/dL/5 min; meal_max_absorption_hours=7 h,keep,min_5m_carbimpact=8 mg/dL/5 min; meal_max_absorption_hours=7 h,Settings appear reasonable for an adult using UAM; adjust only after meal logging provides feedback.
real_deepseek_v4pro_50,run_049,profile.basal.00_00,profile,True,0.6 U/h,change,0.5 U/h,Overnight hypoglycemia pattern with TBR 18.5% and frequent zero temp basals indicates basal is too high. A reduction to 0.5 U/h is supported by hourly glucose averages and loop behaviour.
real_deepseek_v4pro_50,run_049,profile.basal.05_00,profile,True,0.7 U/h,keep,0.7 U/h,No overnight lows are clearly caused by this segment; BG begins to rise after 05:00. Change unsupported without meal data.
real_deepseek_v4pro_50,run_049,profile.basal.06_00,profile,True,0.8 U/h,keep,0.8 U/h,Morning rise is generally controlled; any highs could be meal-related and cannot be evaluated without carb logs.
real_deepseek_v4pro_50,run_049,profile.basal.10_00,profile,True,0.7 U/h,keep,0.7 U/h,Daytime basal adequacy cannot be isolated from unknown meal and activity effects.
real_deepseek_v4pro_50,run_049,profile.basal.16_00,profile,True,0.5 U/h,keep,0.5 U/h,Late-afternoon hyperglycemia exists but may be meal-related; no evidence to change.
real_deepseek_v4pro_50,run_049,profile.basal.18_00,profile,True,0.6 U/h,keep,0.6 U/h,Evening BG decline is stable; no pattern indicating need for change.
real_deepseek_v4pro_50,run_049,profile.basal.19_00,profile,True,0.7 U/h,keep,0.7 U/h,Evening BG control is adequate; change unnecessary.
real_deepseek_v4pro_50,run_049,profile.cr.00_00,profile,True,13 g/U,keep,13 g/U,No meal data exists to test this segment.
real_deepseek_v4pro_50,run_049,profile.cr.04_00,profile,True,11.1 g/U,keep,11.1 g/U,No meal data.
real_deepseek_v4pro_50,run_049,profile.cr.08_00,profile,True,13.2 g/U,keep,13.2 g/U,No meal data.
real_deepseek_v4pro_50,run_049,profile.cr.16_00,profile,True,10.5 g/U,keep,10.5 g/U,No meal data.
real_deepseek_v4pro_50,run_049,profile.cr.20_00,profile,True,12.6 g/U,keep,12.6 g/U,No meal data.
real_deepseek_v4pro_50,run_049,profile.isf.00_00,profile,True,56 mg/dL/U,keep,56 mg/dL/U,"Some corrections suggest higher sensitivity, but without meal separation a change could increase hypo risk. Keep until meal data clarifies daytime corrections."
real_deepseek_v4pro_50,run_049,profile.target.00_00,profile,True,90 mg/dL,keep,90 mg/dL,Target is appropriate; basal adjustment should address the lows.
real_deepseek_v4pro_50,run_049,profile.target.08_00,profile,True,100 mg/dL,keep,100 mg/dL,Daytime target is suitable.
real_deepseek_v4pro_50,run_049,profile.target.23_00,profile,True,90 mg/dL,keep,90 mg/dL,Evening target is suitable.
real_deepseek_v4pro_50,run_049,profile.dia,profile,True,10 h,keep,10 h,Long DIA may overestimate IOB but there is no evidence of harm; changing it would affect IOB calculations and could destabilise the system. Re-evaluate after meal data is available.
real_deepseek_v4pro_50,run_049,aaps.core.smb_uam,aaps,True,smb_enabled=true; uam_enabled=true,keep,smb_enabled=true; uam_enabled=true,Both are working appropriately and are not linked to overnight lows. They remain essential for covering unannounced meals.
real_deepseek_v4pro_50,run_049,aaps.core.smb_activation,aaps,True,smb_always_enabled=true; smb_with_cob_enabled=false; smb_after_carbs_enabled=false; smb_with_temp_target_enabled=true; smb_with_high_temp_target_enabled=false,keep,smb_always_enabled=true; smb_with_cob_enabled=false; smb_after_carbs_enabled=false; smb_with_temp_target_enabled=true; smb_with_high_temp_target_enabled=false,Current activation set allows effective UAM-driven SMBs without COB‑dependent delivery. No safety concerns.
real_deepseek_v4pro_50,run_049,aaps.core.smb_delivery,aaps,True,smb_interval_minutes=3 min; max_smb_basal_minutes=15 min; max_uam_smb_basal_minutes=20 min,keep,smb_interval_minutes=3 min; max_smb_basal_minutes=15 min; max_uam_smb_basal_minutes=20 min,SMB doses are small and well-tolerated. No stacking or hypoglycemic events attributable to these settings.
real_deepseek_v4pro_50,run_049,aaps.core.safety_limits,aaps,True,max_basal_u_per_hour=12 U/h; max_iob_units=25 U,keep,max_basal_u_per_hour=12 U/h; max_iob_units=25 U,These are high relative to actual daily insulin use but no evidence of near-limit activation. Maintaining them is safe; the user may consider lowering them for additional safety margin but it is not required at this time.
real_deepseek_v4pro_50,run_049,aaps.core.sensitivity,aaps,True,autosens_enabled=false; dynamic_sensitivity_enabled=true; autosens_raises_target=false; autosens_lowers_target=false; dynamic_isf_adjustment_factor_percent=70 %,keep,autosens_enabled=false; dynamic_sensitivity_enabled=true; autosens_raises_target=false; autosens_lowers_target=false; dynamic_isf_adjustment_factor_percent=70 %,Dynamic ISF is functioning within safe bounds and is not causing overtreatment.
real_deepseek_v4pro_50,run_049,aaps.core.carb_absorption,aaps,True,min_5m_carbimpact=8 mg/dL/5 min; meal_max_absorption_hours=7 h,keep,min_5m_carbimpact=8 mg/dL/5 min; meal_max_absorption_hours=7 h,Settings are standard and not actively used because no carbs were entered. No reason to change.
real_deepseek_v4pro_50,run_050,profile.basal.00_00,profile,True,0.6 U/h,change,0.5 U/h,Frequent nocturnal lows and loop zero-temp interventions support a lower rate; reducing by 0.1 U/h is a conservative first step.
real_deepseek_v4pro_50,run_050,profile.basal.05_00,profile,True,0.7 U/h,keep,0.7 U/h,The early morning rise is well controlled; no hypoglycemia evidence at this time.
real_deepseek_v4pro_50,run_050,profile.basal.06_00,profile,True,0.8 U/h,keep,0.8 U/h,Dawn phenomenon is adequately matched; post‑breakfast hyperglycemia cannot be assessed without meal data.
real_deepseek_v4pro_50,run_050,profile.basal.10_00,profile,True,0.7 U/h,keep,0.7 U/h,Daytime hyperglycemia may be meal‑related; insufficient evidence to change basal alone.
real_deepseek_v4pro_50,run_050,profile.basal.16_00,profile,True,0.5 U/h,keep,0.5 U/h,"The high TAR at this time could be due to missing meal boluses or the basal drop, but without carb logs a change is not justified."
real_deepseek_v4pro_50,run_050,profile.basal.18_00,profile,True,0.6 U/h,keep,0.6 U/h,Evening glucose trends are mixed and may reflect earlier corrections; basal change not supported.
real_deepseek_v4pro_50,run_050,profile.basal.19_00,profile,True,0.7 U/h,keep,0.7 U/h,No consistent pattern necessitating a change.
real_deepseek_v4pro_50,run_050,profile.cr.00_00,profile,True,13 g/U,keep,13 g/U,No meal entries available; carb ratio cannot be evaluated.
real_deepseek_v4pro_50,run_050,profile.cr.04_00,profile,True,11.1 g/U,keep,11.1 g/U,No meal entries available; carb ratio cannot be evaluated.
real_deepseek_v4pro_50,run_050,profile.cr.08_00,profile,True,13.2 g/U,keep,13.2 g/U,No meal entries available; carb ratio cannot be evaluated.
real_deepseek_v4pro_50,run_050,profile.cr.16_00,profile,True,10.5 g/U,keep,10.5 g/U,No meal entries available; carb ratio cannot be evaluated.
real_deepseek_v4pro_50,run_050,profile.cr.20_00,profile,True,12.6 g/U,keep,12.6 g/U,No meal entries available; carb ratio cannot be evaluated.
real_deepseek_v4pro_50,run_050,profile.isf.00_00,profile,True,56 mg/dL/U,change,40 mg/dL/U,"Correction bolus responses and dynamic ISF computations show actual sensitivity is much higher; lowering ISF will reduce over‑correction. Confidence is limited by missing meal data, so a cautious reduction to 40 is proposed."
real_deepseek_v4pro_50,run_050,profile.target.00_00,profile,True,90 mg/dL,keep,90 mg/dL,The target will be reassessed after basal adjustment; raising it now simultaneously would confound the basal evaluation.
real_deepseek_v4pro_50,run_050,profile.target.08_00,profile,True,100 mg/dL,keep,100 mg/dL,Daytime target is appropriate and shows no safety concerns.
real_deepseek_v4pro_50,run_050,profile.target.23_00,profile,True,90 mg/dL,keep,90 mg/dL,Overnight target will be revisited after basal change; a later increase to 100 may be considered.
real_deepseek_v4pro_50,run_050,profile.dia,profile,True,10 h,change,6 h,10 h causes prolonged IOB and nocturnal lows; 6 h is closer to typical rapid‑acting insulin action. Must be changed after ISF and basal are stable.
real_deepseek_v4pro_50,run_050,aaps.core.smb_uam,aaps,True,smb_enabled=true; uam_enabled=true,keep,smb_enabled=true; uam_enabled=true,Core automation is functioning; no evidence to disable.
real_deepseek_v4pro_50,run_050,aaps.core.smb_activation,aaps,True,smb_always_enabled=true; smb_with_cob_enabled=false; smb_after_carbs_enabled=false; smb_with_temp_target_enabled=true; smb_with_high_temp_target_enabled=false,keep,smb_always_enabled=true; smb_with_cob_enabled=false; smb_after_carbs_enabled=false; smb_with_temp_target_enabled=true; smb_with_high_temp_target_enabled=false,Activation rules are reasonable; hypoglycemia stems from profile settings.
real_deepseek_v4pro_50,run_050,aaps.core.smb_delivery,aaps,True,smb_interval_minutes=3 min; max_smb_basal_minutes=15 min; max_uam_smb_basal_minutes=20 min,keep,smb_interval_minutes=3 min; max_smb_basal_minutes=15 min; max_uam_smb_basal_minutes=20 min,Delivery parameters are moderate; adjustment would only mask the underlying profile issues.
real_deepseek_v4pro_50,run_050,aaps.core.safety_limits,aaps,True,max_basal_u_per_hour=12 U/h; max_iob_units=25 U,keep,max_basal_u_per_hour=12 U/h; max_iob_units=25 U,Limits are not currently binding; re‑evaluate after DIA reduction.
real_deepseek_v4pro_50,run_050,aaps.core.sensitivity,aaps,True,autosens_enabled=false; dynamic_sensitivity_enabled=true; autosens_raises_target=false; autosens_lowers_target=false; dynamic_isf_adjustment_factor_percent=70 %,keep,autosens_enabled=false; dynamic_sensitivity_enabled=true; autosens_raises_target=false; autosens_lowers_target=false; dynamic_isf_adjustment_factor_percent=70 %,Dynamic ISF is compensating correctly; change the profile ISF rather than the automation factor.
real_deepseek_v4pro_50,run_050,aaps.core.carb_absorption,aaps,True,min_5m_carbimpact=8 mg/dL/5 min; meal_max_absorption_hours=7 h,verify,min_5m_carbimpact=8 mg/dL/5 min; meal_max_absorption_hours=7 h,"The 7‑hour horizon may prolong UAM IOB; after meal logging begins, assess whether a reduction to 6 hours shortens IOB tails without compromising postprandial coverage."
